id_comercio|id_bandera|id_sucursal|id_producto|productos_ean|id_dun_14|productos_descripcion|productos_marca|precio_unitario_bulto_por_unidad_venta_con_iva|precio_unitario_bulto_por_unidad_venta_sin_iva|unidad_venta|precio_bulto_con_iva|precio_bulto_sin_iva|productos_precio_unitario_con_iva_promo1|productos_precio_unitario_sin_iva_promo1|productos_leyenda_promo1|productos_precio_unitario_con_iva_promo2|productos_precio_unitario_sin_iva_promo2|productos_leyenda_promo2
70|1|1|7790900015909|1|07790900015909|ABSORBE OLORES P/HELAD.AIRE PUR|IBERIA|6150.00|5082.64|1|6150.00|5082.64|0.00|0.00| |0.00|0.00| 
70|1|1|7790060023684|1|07790060023684|ACEITE DE GIRASOL COCINERO 1.5 LT|MOLINOS RIO DL.PLATA|5600.00|4628.10|1|5600.00|4628.10|0.00|0.00| |0.00|0.00| 
70|1|2|7790060023684|1|07790060023684|ACEITE DE GIRASOL COCINERO 1.5 LT|MOLINOS RIO DL.PLATA|5600.00|4628.10|1|5600.00|4628.10|0.00|0.00| |0.00|0.00| 
70|1|3|7790060023684|1|07790060023684|ACEITE DE GIRASOL COCINERO 1.5 LT|MOLINOS RIO DL.PLATA|5600.00|4628.10|1|5600.00|4628.10|0.00|0.00| |0.00|0.00| 
70|1|4|7790060023684|1|07790060023684|ACEITE DE GIRASOL COCINERO 1.5 LT|MOLINOS RIO DL.PLATA|5600.00|4628.10|1|5600.00|4628.10|0.00|0.00| |0.00|0.00| 
70|1|1|7790070012050|1|07790070012050|ACEITE DE GIRASOL COCINERO 900 CC|MOLINOS RIO DL.PLATA|3540.00|2925.62|1|3540.00|2925.62|0.00|0.00| |0.00|0.00| 
70|1|2|7790070012050|1|07790070012050|ACEITE DE GIRASOL COCINERO 900 CC|MOLINOS RIO DL.PLATA|3540.00|2925.62|1|3540.00|2925.62|0.00|0.00| |0.00|0.00| 
70|1|3|7790070012050|1|07790070012050|ACEITE DE GIRASOL COCINERO 900 CC|MOLINOS RIO DL.PLATA|3540.00|2925.62|1|3540.00|2925.62|0.00|0.00| |0.00|0.00| 
70|1|4|7790070012050|1|07790070012050|ACEITE DE GIRASOL COCINERO 900 CC|MOLINOS RIO DL.PLATA|3540.00|2925.62|1|3540.00|2925.62|0.00|0.00| |0.00|0.00| 
70|1|1|7790272001029|1|07790272001029|ACEITE DE GIRASOL NATURA 1.5 LT|A.G.D.|5650.00|4669.42|1|5650.00|4669.42|0.00|0.00| |0.00|0.00| 
70|1|2|7790272001029|1|07790272001029|ACEITE DE GIRASOL NATURA 1.5 LT|A.G.D.|5650.00|4669.42|1|5650.00|4669.42|0.00|0.00| |0.00|0.00| 
70|1|3|7790272001029|1|07790272001029|ACEITE DE GIRASOL NATURA 1.5 LT|A.G.D.|5650.00|4669.42|1|5650.00|4669.42|0.00|0.00| |0.00|0.00| 
70|1|4|7790272001029|1|07790272001029|ACEITE DE GIRASOL NATURA 1.5 LT|A.G.D.|5650.00|4669.42|1|5650.00|4669.42|0.00|0.00| |0.00|0.00| 
70|1|1|7790272001036|1|07790272001036|ACEITE DE GIRASOL NATURA 3 LT.|A.G.D.|11890.00|9826.45|1|11890.00|9826.45|0.00|0.00| |0.00|0.00| 
70|1|3|7790272001036|1|07790272001036|ACEITE DE GIRASOL NATURA 3 LT.|A.G.D.|11890.00|9826.45|1|11890.00|9826.45|0.00|0.00| |0.00|0.00| 
70|1|4|7790272001036|1|07790272001036|ACEITE DE GIRASOL NATURA 3 LT.|A.G.D.|11890.00|9826.45|1|11890.00|9826.45|0.00|0.00| |0.00|0.00| 
70|1|1|7790272004112|1|07790272004112|ACEITE DE GIRASOL NATURA 5 LTS.|A.G.D.|18450.00|15247.93|1|18450.00|15247.93|0.00|0.00| |0.00|0.00| 
70|1|2|7790272004112|1|07790272004112|ACEITE DE GIRASOL NATURA 5 LTS.|A.G.D.|18450.00|15247.93|1|18450.00|15247.93|0.00|0.00| |0.00|0.00| 
70|1|3|7790272004112|1|07790272004112|ACEITE DE GIRASOL NATURA 5 LTS.|A.G.D.|18450.00|15247.93|1|18450.00|15247.93|0.00|0.00| |0.00|0.00| 
70|1|4|7790272004112|1|07790272004112|ACEITE DE GIRASOL NATURA 5 LTS.|A.G.D.|18450.00|15247.93|1|18450.00|15247.93|0.00|0.00| |0.00|0.00| 
70|1|1|7790272001005|1|07790272001005|ACEITE DE GIRASOL NATURA 900 C.C.|A.G.D.|3550.00|2933.88|1|3550.00|2933.88|0.00|0.00| |0.00|0.00| 
70|1|2|7790272001005|1|07790272001005|ACEITE DE GIRASOL NATURA 900 C.C.|A.G.D.|3550.00|2933.88|1|3550.00|2933.88|0.00|0.00| |0.00|0.00| 
70|1|3|7790272001005|1|07790272001005|ACEITE DE GIRASOL NATURA 900 C.C.|A.G.D.|3550.00|2933.88|1|3550.00|2933.88|0.00|0.00| |0.00|0.00| 
70|1|4|7790272001005|1|07790272001005|ACEITE DE GIRASOL NATURA 900 C.C.|A.G.D.|3550.00|2933.88|1|3550.00|2933.88|0.00|0.00| |0.00|0.00| 
70|1|1|7791615001768|1|07791615001768|ACEITE DE GIRASOL PRIMER PRECIO 1.5|BUNGE|4900.00|4049.59|1|4900.00|4049.59|0.00|0.00| |0.00|0.00| 
70|1|2|7791615001768|1|07791615001768|ACEITE DE GIRASOL PRIMER PRECIO 1.5|BUNGE|4900.00|4049.59|1|4900.00|4049.59|0.00|0.00| |0.00|0.00| 
70|1|3|7791615001768|1|07791615001768|ACEITE DE GIRASOL PRIMER PRECIO 1.5|BUNGE|4900.00|4049.59|1|4900.00|4049.59|0.00|0.00| |0.00|0.00| 
70|1|4|7791615001768|1|07791615001768|ACEITE DE GIRASOL PRIMER PRECIO 1.5|BUNGE|4900.00|4049.59|1|4900.00|4049.59|0.00|0.00| |0.00|0.00| 
70|1|1|7791615001751|1|07791615001751|ACEITE DE GIRASOL PRIMER PRECIO 900|BUNGE|2950.00|2438.02|1|2950.00|2438.02|0.00|0.00| |0.00|0.00| 
70|1|2|7791615001751|1|07791615001751|ACEITE DE GIRASOL PRIMER PRECIO 900|BUNGE|2950.00|2438.02|1|2950.00|2438.02|0.00|0.00| |0.00|0.00| 
70|1|3|7791615001751|1|07791615001751|ACEITE DE GIRASOL PRIMER PRECIO 900|BUNGE|2950.00|2438.02|1|2950.00|2438.02|0.00|0.00| |0.00|0.00| 
70|1|4|7791615001751|1|07791615001751|ACEITE DE GIRASOL PRIMER PRECIO 900|BUNGE|2950.00|2438.02|1|2950.00|2438.02|0.00|0.00| |0.00|0.00| 
70|1|2|7790070226440|1|07790070226440|ACEITE DE OLIVA COCINERO 250CC.PET|MOLINOS RIO DL.PLATA|4650.00|3842.98|1|4650.00|3842.98|0.00|0.00| |0.00|0.00| 
70|1|2|7790070225580|1|07790070225580|ACEITE DE OLIVA COCINERO E.VIRGEN25|MOLINOS RIO DL.PLATA|5630.00|4652.89|1|5630.00|4652.89|0.00|0.00| |0.00|0.00| 
70|1|3|7790070225580|1|07790070225580|ACEITE DE OLIVA COCINERO E.VIRGEN25|MOLINOS RIO DL.PLATA|5630.00|4652.89|1|5630.00|4652.89|0.00|0.00| |0.00|0.00| 
70|1|4|7790070225580|1|07790070225580|ACEITE DE OLIVA COCINERO E.VIRGEN25|MOLINOS RIO DL.PLATA|5630.00|4652.89|1|5630.00|4652.89|0.00|0.00| |0.00|0.00| 
70|1|1|7790070218216|1|07790070218216|ACEITE DE OLIVA COCINERO E.VIRGEN50|MOLINOS RIO DL.PLATA|10230.00|8454.55|1|10230.00|8454.55|0.00|0.00| |0.00|0.00| 
70|1|2|7790070218216|1|07790070218216|ACEITE DE OLIVA COCINERO E.VIRGEN50|MOLINOS RIO DL.PLATA|10230.00|8454.55|1|10230.00|8454.55|0.00|0.00| |0.00|0.00| 
70|1|1|7798090730299|1|07798090730299|ACEITE DE OLIVA LAUR 250ML EXTRA VI|LAUR|6300.00|5206.61|1|6300.00|5206.61|0.00|0.00| |0.00|0.00| 
70|1|2|7798090730299|1|07798090730299|ACEITE DE OLIVA LAUR 250ML EXTRA VI|LAUR|6300.00|5206.61|1|6300.00|5206.61|0.00|0.00| |0.00|0.00| 
70|1|3|7798090730299|1|07798090730299|ACEITE DE OLIVA LAUR 250ML EXTRA VI|LAUR|6300.00|5206.61|1|6300.00|5206.61|0.00|0.00| |0.00|0.00| 
70|1|3|7798089050490|1|07798089050490|ACEITE DE OLIVA P.PRECIO E.V.250CC|SOL FRUT S.A.|7412.88|6126.35|1|7412.88|6126.35|0.00|0.00| |0.00|0.00| 
70|1|4|7798089050490|1|07798089050490|ACEITE DE OLIVA P.PRECIO E.V.250CC|SOL FRUT S.A.|7412.88|6126.35|1|7412.88|6126.35|0.00|0.00| |0.00|0.00| 
70|1|4|7790010959780|1|07790010959780|ACEITE JHONSONS P/NIÑOS 100ML|CARLOS DECHANZI PERF|4299.74|3553.50|1|4299.74|3553.50|0.00|0.00| |0.00|0.00| 
70|1|1|0000000051509|0|00000000051509|ACEITUNA VERDE VANOLI DESC. 7,5K|VANOLI|53100.00|43884.30|1|53100.00|43884.30|0.00|0.00| |0.00|0.00| 
70|1|2|0000000051509|0|00000000051509|ACEITUNA VERDE VANOLI DESC. 7,5K|VANOLI|53100.00|43884.30|1|53100.00|43884.30|0.00|0.00| |0.00|0.00| 
70|1|4|7790127000306|1|07790127000306|ACEITUNAS NEGRAS VANOLI 180G DP|VANOLI|2200.00|1818.18|1|2200.00|1818.18|0.00|0.00| |0.00|0.00| 
70|1|1|7792070001065|1|07792070001065|ACEITUNAS NUCETE DP. DESC. 80 GR.|AGRO ACEITUNERA|1250.00|1033.06|1|1250.00|1033.06|0.00|0.00| |0.00|0.00| 
70|1|2|7792070001065|1|07792070001065|ACEITUNAS NUCETE DP. DESC. 80 GR.|AGRO ACEITUNERA|1250.00|1033.06|1|1250.00|1033.06|0.00|0.00| |0.00|0.00| 
70|1|3|7792070001065|1|07792070001065|ACEITUNAS NUCETE DP. DESC. 80 GR.|AGRO ACEITUNERA|1250.00|1033.06|1|1250.00|1033.06|0.00|0.00| |0.00|0.00| 
70|1|1|7792070001027|1|07792070001027|ACEITUNAS NUCETE DP. NEGRAS 100 GR.|AGRO ACEITUNERA|1220.00|1008.26|1|1220.00|1008.26|0.00|0.00| |0.00|0.00| 
70|1|3|7792070001027|1|07792070001027|ACEITUNAS NUCETE DP. NEGRAS 100 GR.|AGRO ACEITUNERA|1220.00|1008.26|1|1220.00|1008.26|0.00|0.00| |0.00|0.00| 
70|1|1|7792070011149|1|07792070011149|ACEITUNAS NUCETE DP. NEGRAS 180 GR.|AGRO ACEITUNERA|2090.00|1727.27|1|2090.00|1727.27|0.00|0.00| |0.00|0.00| 
70|1|1|7792070001072|1|07792070001072|ACEITUNAS NUCETE DP. RELLENAS 100G.|AGRO ACEITUNERA|1440.00|1190.08|1|1440.00|1190.08|0.00|0.00| |0.00|0.00| 
70|1|2|7792070001072|1|07792070001072|ACEITUNAS NUCETE DP. RELLENAS 100G.|AGRO ACEITUNERA|1440.00|1190.08|1|1440.00|1190.08|0.00|0.00| |0.00|0.00| 
70|1|3|7792070001072|1|07792070001072|ACEITUNAS NUCETE DP. RELLENAS 100G.|AGRO ACEITUNERA|1440.00|1190.08|1|1440.00|1190.08|0.00|0.00| |0.00|0.00| 
70|1|1|7792070001126|1|07792070001126|ACEITUNAS NUCETE DP. RELLENAS 180G.|AGRO ACEITUNERA|2310.00|1909.09|1|2310.00|1909.09|0.00|0.00| |0.00|0.00| 
70|1|2|7792070001126|1|07792070001126|ACEITUNAS NUCETE DP. RELLENAS 180G.|AGRO ACEITUNERA|2310.00|1909.09|1|2310.00|1909.09|0.00|0.00| |0.00|0.00| 
70|1|3|7792070001126|1|07792070001126|ACEITUNAS NUCETE DP. RELLENAS 180G.|AGRO ACEITUNERA|2310.00|1909.09|1|2310.00|1909.09|0.00|0.00| |0.00|0.00| 
70|1|4|7792070002369|1|07792070002369|ACEITUNAS NUCETE DP. RELLENAS 500G.|AGRO ACEITUNERA|5590.00|4619.83|1|5590.00|4619.83|0.00|0.00| |0.00|0.00| 
70|1|1|7792070001119|1|07792070001119|ACEITUNAS NUCETE DP. VERDES 180 GR.|AGRO ACEITUNERA|1770.00|1462.81|1|1770.00|1462.81|0.00|0.00| |0.00|0.00| 
70|1|2|7792070001119|1|07792070001119|ACEITUNAS NUCETE DP. VERDES 180 GR.|AGRO ACEITUNERA|1770.00|1462.81|1|1770.00|1462.81|0.00|0.00| |0.00|0.00| 
70|1|3|7792070001119|1|07792070001119|ACEITUNAS NUCETE DP. VERDES 180 GR.|AGRO ACEITUNERA|1770.00|1462.81|1|1770.00|1462.81|0.00|0.00| |0.00|0.00| 
70|1|3|7792070001089|1|07792070001089|ACEITUNAS NUCETE DP. VERDES 200 GR.|AGRO ACEITUNERA|1910.00|1578.51|1|1910.00|1578.51|0.00|0.00| |0.00|0.00| 
70|1|4|7792070001089|1|07792070001089|ACEITUNAS NUCETE DP. VERDES 200 GR.|AGRO ACEITUNERA|1910.00|1578.51|1|1910.00|1578.51|0.00|0.00| |0.00|0.00| 
70|1|1|7792070001133|1|07792070001133|ACEITUNAS NUCETE DP. VERDES 500 GR.|AGRO ACEITUNERA|4200.00|3471.07|1|4200.00|3471.07|0.00|0.00| |0.00|0.00| 
70|1|4|7792070001133|1|07792070001133|ACEITUNAS NUCETE DP. VERDES 500 GR.|AGRO ACEITUNERA|4200.00|3471.07|1|4200.00|3471.07|0.00|0.00| |0.00|0.00| 
70|1|3|7792070004523|1|07792070004523|ACEITUNAS NUCETE FR. VERDES 200 GR |AGRO ACEITUNERA|3230.00|2669.42|1|3230.00|2669.42|0.00|0.00| |0.00|0.00| 
70|1|4|7792070000556|1|07792070000556|ACEITUNAS NUCETE FR.V. 160GR. DESC |AGRO ACEITUNERA|3540.00|2925.62|1|3540.00|2925.62|0.00|0.00| |0.00|0.00| 
70|1|3|7792070004608|1|07792070004608|ACEITUNAS NUCETE FR.V. 180G.DES.LI |AGRO ACEITUNERA|3720.00|3074.38|1|3720.00|3074.38|0.00|0.00| |0.00|0.00| 
70|1|3|7792070000075|1|07792070000075|ACEITUNAS NUCETE FR.V. PR.220GR.|AGRO ACEITUNERA|3850.00|3181.82|1|3850.00|3181.82|0.00|0.00| |0.00|0.00| 
70|1|1|7792070008323|1|07792070008323|ACEITUNAS PRIMER PRECIO 100GRS.SACH|PP.VANOLI|830.00|685.95|1|830.00|685.95|0.00|0.00| |0.00|0.00| 
70|1|1|7792070052982|1|07792070052982|ACEITUNAS PRIMER PRECIO 180GRS.D.PA|PP.VANOLI|1800.00|1487.60|1|1800.00|1487.60|0.00|0.00| |0.00|0.00| 
70|1|4|7792070052982|1|07792070052982|ACEITUNAS PRIMER PRECIO 180GRS.D.PA|PP.VANOLI|1800.00|1487.60|1|1800.00|1487.60|0.00|0.00| |0.00|0.00| 
70|1|1|7790127000337|1|07790127000337|ACEITUNAS RELLENAS VANOLI 180G DP|VANOLI|2320.00|1917.36|1|2320.00|1917.36|0.00|0.00| |0.00|0.00| 
70|1|2|7790127000337|1|07790127000337|ACEITUNAS RELLENAS VANOLI 180G DP|VANOLI|2320.00|1917.36|1|2320.00|1917.36|0.00|0.00| |0.00|0.00| 
70|1|3|7790127000337|1|07790127000337|ACEITUNAS RELLENAS VANOLI 180G DP|VANOLI|2320.00|1917.36|1|2320.00|1917.36|0.00|0.00| |0.00|0.00| 
70|1|1|7790127000320|1|07790127000320|ACEITUNAS VANOLI DESC. 140G|VANOLI|2000.00|1652.89|1|2000.00|1652.89|0.00|0.00| |0.00|0.00| 
70|1|3|7790127000320|1|07790127000320|ACEITUNAS VANOLI DESC. 140G|VANOLI|2000.00|1652.89|1|2000.00|1652.89|0.00|0.00| |0.00|0.00| 
70|1|4|7790127000320|1|07790127000320|ACEITUNAS VANOLI DESC. 140G|VANOLI|2000.00|1652.89|1|2000.00|1652.89|0.00|0.00| |0.00|0.00| 
70|1|1|7790127000030|1|07790127000030|ACEITUNAS VERDES LA SIERRITA 170 GR|VANOLI|800.00|661.16|1|800.00|661.16|0.00|0.00| |0.00|0.00| 
70|1|2|7790127000030|1|07790127000030|ACEITUNAS VERDES LA SIERRITA 170 GR|VANOLI|800.00|661.16|1|800.00|661.16|0.00|0.00| |0.00|0.00| 
70|1|3|7790127000030|1|07790127000030|ACEITUNAS VERDES LA SIERRITA 170 GR|VANOLI|800.00|661.16|1|800.00|661.16|0.00|0.00| |0.00|0.00| 
70|1|4|7790127000030|1|07790127000030|ACEITUNAS VERDES LA SIERRITA 170 GR|VANOLI|800.00|661.16|1|800.00|661.16|0.00|0.00| |0.00|0.00| 
70|1|1|7790127000047|1|07790127000047|ACEITUNAS VERDES LA SIERRITA 340G. |VANOLI|1740.00|1438.02|1|1740.00|1438.02|0.00|0.00| |0.00|0.00| 
70|1|2|7790127000047|1|07790127000047|ACEITUNAS VERDES LA SIERRITA 340G. |VANOLI|1740.00|1438.02|1|1740.00|1438.02|0.00|0.00| |0.00|0.00| 
70|1|3|7790127000047|1|07790127000047|ACEITUNAS VERDES LA SIERRITA 340G. |VANOLI|1740.00|1438.02|1|1740.00|1438.02|0.00|0.00| |0.00|0.00| 
70|1|4|7790127000047|1|07790127000047|ACEITUNAS VERDES LA SIERRITA 340G. |VANOLI|1740.00|1438.02|1|1740.00|1438.02|0.00|0.00| |0.00|0.00| 
70|1|1|7790127733723|1|07790127733723|ACEITUNAS VERDES VANOLI 160G ROD.FR|VANOLI|3070.00|2537.19|1|3070.00|2537.19|0.00|0.00| |0.00|0.00| 
70|1|3|7790127733723|1|07790127733723|ACEITUNAS VERDES VANOLI 160G ROD.FR|VANOLI|3070.00|2537.19|1|3070.00|2537.19|0.00|0.00| |0.00|0.00| 
70|1|4|7790127733723|1|07790127733723|ACEITUNAS VERDES VANOLI 160G ROD.FR|VANOLI|3070.00|2537.19|1|3070.00|2537.19|0.00|0.00| |0.00|0.00| 
70|1|1|7790127000269|1|07790127000269|ACEITUNAS VERDES VANOLI 180G DP|VANOLI|1660.00|1371.90|1|1660.00|1371.90|0.00|0.00| |0.00|0.00| 
70|1|3|7790127000269|1|07790127000269|ACEITUNAS VERDES VANOLI 180G DP|VANOLI|1660.00|1371.90|1|1660.00|1371.90|0.00|0.00| |0.00|0.00| 
70|1|4|7790127000269|1|07790127000269|ACEITUNAS VERDES VANOLI 180G DP|VANOLI|1660.00|1371.90|1|1660.00|1371.90|0.00|0.00| |0.00|0.00| 
70|1|2|7790499002106|1|07790499002106|ACELGA LA BANDA 800G.|INTERNACIONAL PRO.SA|2480.00|2049.59|1|2480.00|2049.59|0.00|0.00| |0.00|0.00| 
70|1|4|7792640001815|1|07792640001815|ACONDICIONADOR CAPILATIS 350ML C/KE|CAPILATIS S.A.|7518.10|6213.31|1|7518.10|6213.31|0.00|0.00| |0.00|0.00| 
70|1|2|7792640003314|1|07792640003314|ACONDICIONADOR CAPILATIS 350ML ORTI|CAPILATIS S.A.|10274.05|8490.95|1|10274.05|8490.95|0.00|0.00| |0.00|0.00| 
70|1|4|7792640007114|1|07792640007114|ACONDICIONADOR CAPILATIS 420ML ANTI|CAPILATIS S.A.|7518.10|6213.31|1|7518.10|6213.31|0.00|0.00| |0.00|0.00| 
70|1|4|7792640007213|1|07792640007213|ACONDICIONADOR CAPILATIS 420ML DERM|CAPILATIS S.A.|7518.10|6213.31|1|7518.10|6213.31|0.00|0.00| |0.00|0.00| 
70|1|4|7792640001167|1|07792640001167|ACONDICIONADOR CAPILATIS 420ML PURO|CAPILATIS S.A.|7518.10|6213.31|1|7518.10|6213.31|0.00|0.00| |0.00|0.00| 
70|1|2|7792640004533|1|07792640004533|ACONDICIONADOR CAPILATIS ENGROSADOR|CAPILATIS S.A.|7518.10|6213.31|1|7518.10|6213.31|0.00|0.00| |0.00|0.00| 
70|1|1|7891150017375|1|07891150017375|ACONDICIONADOR DOVE 200ML OLEO NUT|UNILEVER PERFUMERIA|4122.55|3407.07|1|4122.55|3407.07|0.00|0.00| |0.00|0.00| 
70|1|2|7891150017375|1|07891150017375|ACONDICIONADOR DOVE 200ML OLEO NUT|UNILEVER PERFUMERIA|4122.55|3407.07|1|4122.55|3407.07|0.00|0.00| |0.00|0.00| 
70|1|3|7891150017375|1|07891150017375|ACONDICIONADOR DOVE 200ML OLEO NUT|UNILEVER PERFUMERIA|4122.55|3407.07|1|4122.55|3407.07|0.00|0.00| |0.00|0.00| 
70|1|4|7891150017375|1|07891150017375|ACONDICIONADOR DOVE 200ML OLEO NUT|UNILEVER PERFUMERIA|4122.55|3407.07|1|4122.55|3407.07|0.00|0.00| |0.00|0.00| 
70|1|2|7891150008816|1|07891150008816|ACONDICIONADOR DOVE 200ML RECONSTRU|UNILEVER PERFUMERIA|4122.55|3407.07|1|4122.55|3407.07|0.00|0.00| |0.00|0.00| 
70|1|3|7891150008816|1|07891150008816|ACONDICIONADOR DOVE 200ML RECONSTRU|UNILEVER PERFUMERIA|4122.55|3407.07|1|4122.55|3407.07|0.00|0.00| |0.00|0.00| 
70|1|4|7891150008816|1|07891150008816|ACONDICIONADOR DOVE 200ML RECONSTRU|UNILEVER PERFUMERIA|4122.55|3407.07|1|4122.55|3407.07|0.00|0.00| |0.00|0.00| 
70|1|1|7791293004983|1|07791293004983|ACONDICIONADOR DOVE 400ML HIDRATACI|UNILEVER PERFUMERIA|7175.15|5929.88|1|7175.15|5929.88|0.00|0.00| |0.00|0.00| 
70|1|3|7791293004983|1|07791293004983|ACONDICIONADOR DOVE 400ML HIDRATACI|UNILEVER PERFUMERIA|7175.15|5929.88|1|7175.15|5929.88|0.00|0.00| |0.00|0.00| 
70|1|4|7791293004983|1|07791293004983|ACONDICIONADOR DOVE 400ML HIDRATACI|UNILEVER PERFUMERIA|7175.15|5929.88|1|7175.15|5929.88|0.00|0.00| |0.00|0.00| 
70|1|1|7891150017337|1|07891150017337|ACONDICIONADOR DOVE 400ML OLEO NUT|UNILEVER PERFUMERIA|7175.15|5929.88|1|7175.15|5929.88|0.00|0.00| |0.00|0.00| 
70|1|2|7891150017337|1|07891150017337|ACONDICIONADOR DOVE 400ML OLEO NUT|UNILEVER PERFUMERIA|7175.15|5929.88|1|7175.15|5929.88|0.00|0.00| |0.00|0.00| 
70|1|3|7891150017337|1|07891150017337|ACONDICIONADOR DOVE 400ML OLEO NUT|UNILEVER PERFUMERIA|7175.15|5929.88|1|7175.15|5929.88|0.00|0.00| |0.00|0.00| 
70|1|4|7891150017337|1|07891150017337|ACONDICIONADOR DOVE 400ML OLEO NUT|UNILEVER PERFUMERIA|7175.15|5929.88|1|7175.15|5929.88|0.00|0.00| |0.00|0.00| 
70|1|1|7791293004976|1|07791293004976|ACONDICIONADOR DOVE 400ML RECONSTR|UNILEVER PERFUMERIA|7175.15|5929.88|1|7175.15|5929.88|0.00|0.00| |0.00|0.00| 
70|1|2|7791293004976|1|07791293004976|ACONDICIONADOR DOVE 400ML RECONSTR|UNILEVER PERFUMERIA|7175.15|5929.88|1|7175.15|5929.88|0.00|0.00| |0.00|0.00| 
70|1|3|7791293004976|1|07791293004976|ACONDICIONADOR DOVE 400ML RECONSTR|UNILEVER PERFUMERIA|7175.15|5929.88|1|7175.15|5929.88|0.00|0.00| |0.00|0.00| 
70|1|4|7791293004976|1|07791293004976|ACONDICIONADOR DOVE 400ML RECONSTR|UNILEVER PERFUMERIA|7175.15|5929.88|1|7175.15|5929.88|0.00|0.00| |0.00|0.00| 
70|1|1|7791293029887|1|07791293029887|ACONDICIONADOR DOVE 750ML OLEO NUTR|UNILEVER PERFUMERIA|11184.25|9243.18|1|11184.25|9243.18|0.00|0.00| |0.00|0.00| 
70|1|2|7791293029887|1|07791293029887|ACONDICIONADOR DOVE 750ML OLEO NUTR|UNILEVER PERFUMERIA|11184.25|9243.18|1|11184.25|9243.18|0.00|0.00| |0.00|0.00| 
70|1|3|7791293029887|1|07791293029887|ACONDICIONADOR DOVE 750ML OLEO NUTR|UNILEVER PERFUMERIA|11184.25|9243.18|1|11184.25|9243.18|0.00|0.00| |0.00|0.00| 
70|1|4|7791293029887|1|07791293029887|ACONDICIONADOR DOVE 750ML OLEO NUTR|UNILEVER PERFUMERIA|11184.25|9243.18|1|11184.25|9243.18|0.00|0.00| |0.00|0.00| 
70|1|4|7790520986382|1|07790520986382|ACONDICIONADOR ECHO CLASICO 450 CC|SCJ HOGAR|5100.00|4214.88|1|5100.00|4214.88|0.00|0.00| |0.00|0.00| 
70|1|1|7790613071117|1|07790613071117|ACONDICIONADOR P/PISOS SUIZA 400CC|VILLARD Y LOUIS|3070.00|2537.19|1|3070.00|2537.19|0.00|0.00| |0.00|0.00| 
70|1|3|7790613071117|1|07790613071117|ACONDICIONADOR P/PISOS SUIZA 400CC|VILLARD Y LOUIS|3070.00|2537.19|1|3070.00|2537.19|0.00|0.00| |0.00|0.00| 
70|1|4|7790740502454|1|07790740502454|ACONDICIONADOR PLUSBELLE 1L. HIDRAT|DREAMCO PERFUMERIA|3760.00|3107.44|1|3760.00|3107.44|0.00|0.00| |0.00|0.00| 
70|1|3|7791293030661|1|07791293030661|ACONDICIONADOR SEDAL 190ML CERAMIDA|UNILEVER PERFUMERIA|2827.95|2337.15|1|2827.95|2337.15|0.00|0.00| |0.00|0.00| 
70|1|4|7791293030661|1|07791293030661|ACONDICIONADOR SEDAL 190ML CERAMIDA|UNILEVER PERFUMERIA|2827.95|2337.15|1|2827.95|2337.15|0.00|0.00| |0.00|0.00| 
70|1|1|7791293030654|1|07791293030654|ACONDICIONADOR SEDAL 190ML CREMA BA|UNILEVER PERFUMERIA|2827.95|2337.15|1|2827.95|2337.15|0.00|0.00| |0.00|0.00| 
70|1|4|7791293030654|1|07791293030654|ACONDICIONADOR SEDAL 190ML CREMA BA|UNILEVER PERFUMERIA|2827.95|2337.15|1|2827.95|2337.15|0.00|0.00| |0.00|0.00| 
70|1|1|7791293030708|1|07791293030708|ACONDICIONADOR SEDAL 190ML LISO PER|UNILEVER PERFUMERIA|2827.95|2337.15|1|2827.95|2337.15|0.00|0.00| |0.00|0.00| 
70|1|3|7791293030708|1|07791293030708|ACONDICIONADOR SEDAL 190ML LISO PER|UNILEVER PERFUMERIA|2827.95|2337.15|1|2827.95|2337.15|0.00|0.00| |0.00|0.00| 
70|1|4|7791293030708|1|07791293030708|ACONDICIONADOR SEDAL 190ML LISO PER|UNILEVER PERFUMERIA|2827.95|2337.15|1|2827.95|2337.15|0.00|0.00| |0.00|0.00| 
70|1|3|7791293030746|1|07791293030746|ACONDICIONADOR SEDAL 190ML REST.INS|UNILEVER PERFUMERIA|2827.95|2337.15|1|2827.95|2337.15|0.00|0.00| |0.00|0.00| 
70|1|4|7791293030746|1|07791293030746|ACONDICIONADOR SEDAL 190ML REST.INS|UNILEVER PERFUMERIA|2827.95|2337.15|1|2827.95|2337.15|0.00|0.00| |0.00|0.00| 
70|1|2|7791293030753|1|07791293030753|ACONDICIONADOR SEDAL 190ML RIZOS DE|UNILEVER PERFUMERIA|2827.95|2337.15|1|2827.95|2337.15|0.00|0.00| |0.00|0.00| 
70|1|3|7791293030753|1|07791293030753|ACONDICIONADOR SEDAL 190ML RIZOS DE|UNILEVER PERFUMERIA|2827.95|2337.15|1|2827.95|2337.15|0.00|0.00| |0.00|0.00| 
70|1|4|7791293030753|1|07791293030753|ACONDICIONADOR SEDAL 190ML RIZOS DE|UNILEVER PERFUMERIA|2827.95|2337.15|1|2827.95|2337.15|0.00|0.00| |0.00|0.00| 
70|1|1|7791293010717|1|07791293010717|ACONDICIONADOR SEDAL 300ML DP CERAM|UNILEVER PERFUMERIA|2957.65|2444.34|1|2957.65|2444.34|0.00|0.00| |0.00|0.00| 
70|1|4|7791293021812|1|07791293021812|ACONDICIONADOR SEDAL 300ML DP CREMA|UNILEVER PERFUMERIA|2957.65|2444.34|1|2957.65|2444.34|0.00|0.00| |0.00|0.00| 
70|1|1|7791293031798|1|07791293031798|ACONDICIONADOR SEDAL 300ML DP REST.|UNILEVER PERFUMERIA|2957.65|2444.34|1|2957.65|2444.34|0.00|0.00| |0.00|0.00| 
70|1|4|7791293031798|1|07791293031798|ACONDICIONADOR SEDAL 300ML DP REST.|UNILEVER PERFUMERIA|2957.65|2444.34|1|2957.65|2444.34|0.00|0.00| |0.00|0.00| 
70|1|1|7791293030937|1|07791293030937|ACONDICIONADOR SEDAL 340ML CERAMIDA|UNILEVER PERFUMERIA|4323.00|3572.73|1|4323.00|3572.73|0.00|0.00| |0.00|0.00| 
70|1|2|7791293030937|1|07791293030937|ACONDICIONADOR SEDAL 340ML CERAMIDA|UNILEVER PERFUMERIA|4323.00|3572.73|1|4323.00|3572.73|0.00|0.00| |0.00|0.00| 
70|1|3|7791293030937|1|07791293030937|ACONDICIONADOR SEDAL 340ML CERAMIDA|UNILEVER PERFUMERIA|4323.00|3572.73|1|4323.00|3572.73|0.00|0.00| |0.00|0.00| 
70|1|4|7791293030937|1|07791293030937|ACONDICIONADOR SEDAL 340ML CERAMIDA|UNILEVER PERFUMERIA|4323.00|3572.73|1|4323.00|3572.73|0.00|0.00| |0.00|0.00| 
70|1|1|7791293030913|1|07791293030913|ACONDICIONADOR SEDAL 340ML CREMA BA|UNILEVER PERFUMERIA|4323.00|3572.73|1|4323.00|3572.73|0.00|0.00| |0.00|0.00| 
70|1|2|7791293030913|1|07791293030913|ACONDICIONADOR SEDAL 340ML CREMA BA|UNILEVER PERFUMERIA|4323.00|3572.73|1|4323.00|3572.73|0.00|0.00| |0.00|0.00| 
70|1|3|7791293030913|1|07791293030913|ACONDICIONADOR SEDAL 340ML CREMA BA|UNILEVER PERFUMERIA|4323.00|3572.73|1|4323.00|3572.73|0.00|0.00| |0.00|0.00| 
70|1|4|7791293030913|1|07791293030913|ACONDICIONADOR SEDAL 340ML CREMA BA|UNILEVER PERFUMERIA|4323.00|3572.73|1|4323.00|3572.73|0.00|0.00| |0.00|0.00| 
70|1|1|7791293030982|1|07791293030982|ACONDICIONADOR SEDAL 340ML LISO PER|UNILEVER PERFUMERIA|4323.00|3572.73|1|4323.00|3572.73|0.00|0.00| |0.00|0.00| 
70|1|2|7791293030982|1|07791293030982|ACONDICIONADOR SEDAL 340ML LISO PER|UNILEVER PERFUMERIA|4323.00|3572.73|1|4323.00|3572.73|0.00|0.00| |0.00|0.00| 
70|1|3|7791293030982|1|07791293030982|ACONDICIONADOR SEDAL 340ML LISO PER|UNILEVER PERFUMERIA|4323.00|3572.73|1|4323.00|3572.73|0.00|0.00| |0.00|0.00| 
70|1|4|7791293030982|1|07791293030982|ACONDICIONADOR SEDAL 340ML LISO PER|UNILEVER PERFUMERIA|4323.00|3572.73|1|4323.00|3572.73|0.00|0.00| |0.00|0.00| 
70|1|1|7791293031019|1|07791293031019|ACONDICIONADOR SEDAL 340ML REST.INS|UNILEVER PERFUMERIA|4323.00|3572.73|1|4323.00|3572.73|0.00|0.00| |0.00|0.00| 
70|1|2|7791293031019|1|07791293031019|ACONDICIONADOR SEDAL 340ML REST.INS|UNILEVER PERFUMERIA|4323.00|3572.73|1|4323.00|3572.73|0.00|0.00| |0.00|0.00| 
70|1|3|7791293031019|1|07791293031019|ACONDICIONADOR SEDAL 340ML REST.INS|UNILEVER PERFUMERIA|4323.00|3572.73|1|4323.00|3572.73|0.00|0.00| |0.00|0.00| 
70|1|4|7791293031019|1|07791293031019|ACONDICIONADOR SEDAL 340ML REST.INS|UNILEVER PERFUMERIA|4323.00|3572.73|1|4323.00|3572.73|0.00|0.00| |0.00|0.00| 
70|1|1|7791293031026|1|07791293031026|ACONDICIONADOR SEDAL 340ML RIZOS DE|UNILEVER PERFUMERIA|4323.00|3572.73|1|4323.00|3572.73|0.00|0.00| |0.00|0.00| 
70|1|2|7791293031026|1|07791293031026|ACONDICIONADOR SEDAL 340ML RIZOS DE|UNILEVER PERFUMERIA|4323.00|3572.73|1|4323.00|3572.73|0.00|0.00| |0.00|0.00| 
70|1|4|7791293031026|1|07791293031026|ACONDICIONADOR SEDAL 340ML RIZOS DE|UNILEVER PERFUMERIA|4323.00|3572.73|1|4323.00|3572.73|0.00|0.00| |0.00|0.00| 
70|1|1|7791293010731|1|07791293010731|ACONDICIONADOR SEDAL 650ML CERAMID|UNILEVER PERFUMERIA|6942.15|5737.31|1|6942.15|5737.31|0.00|0.00| |0.00|0.00| 
70|1|2|7791293010731|1|07791293010731|ACONDICIONADOR SEDAL 650ML CERAMID|UNILEVER PERFUMERIA|6942.15|5737.31|1|6942.15|5737.31|0.00|0.00| |0.00|0.00| 
70|1|3|7791293010731|1|07791293010731|ACONDICIONADOR SEDAL 650ML CERAMID|UNILEVER PERFUMERIA|6942.15|5737.31|1|6942.15|5737.31|0.00|0.00| |0.00|0.00| 
70|1|4|7791293010731|1|07791293010731|ACONDICIONADOR SEDAL 650ML CERAMID|UNILEVER PERFUMERIA|6942.15|5737.31|1|6942.15|5737.31|0.00|0.00| |0.00|0.00| 
70|1|2|7791293010595|1|07791293010595|ACONDICIONADOR SEDAL 650ML CREMA B|UNILEVER PERFUMERIA|6942.15|5737.31|1|6942.15|5737.31|0.00|0.00| |0.00|0.00| 
70|1|3|7791293010595|1|07791293010595|ACONDICIONADOR SEDAL 650ML CREMA B|UNILEVER PERFUMERIA|6942.15|5737.31|1|6942.15|5737.31|0.00|0.00| |0.00|0.00| 
70|1|4|7791293010595|1|07791293010595|ACONDICIONADOR SEDAL 650ML CREMA B|UNILEVER PERFUMERIA|6942.15|5737.31|1|6942.15|5737.31|0.00|0.00| |0.00|0.00| 
70|1|1|7791293031200|1|07791293031200|ACONDICIONADOR SEDAL 650ML LISO PER|UNILEVER PERFUMERIA|6942.15|5737.31|1|6942.15|5737.31|0.00|0.00| |0.00|0.00| 
70|1|2|7791293031200|1|07791293031200|ACONDICIONADOR SEDAL 650ML LISO PER|UNILEVER PERFUMERIA|6942.15|5737.31|1|6942.15|5737.31|0.00|0.00| |0.00|0.00| 
70|1|3|7791293031200|1|07791293031200|ACONDICIONADOR SEDAL 650ML LISO PER|UNILEVER PERFUMERIA|6942.15|5737.31|1|6942.15|5737.31|0.00|0.00| |0.00|0.00| 
70|1|4|7791293031200|1|07791293031200|ACONDICIONADOR SEDAL 650ML LISO PER|UNILEVER PERFUMERIA|6942.15|5737.31|1|6942.15|5737.31|0.00|0.00| |0.00|0.00| 
70|1|1|7791293031231|1|07791293031231|ACONDICIONADOR SEDAL 650ML REST.INS|UNILEVER PERFUMERIA|6942.15|5737.31|1|6942.15|5737.31|0.00|0.00| |0.00|0.00| 
70|1|2|7791293031231|1|07791293031231|ACONDICIONADOR SEDAL 650ML REST.INS|UNILEVER PERFUMERIA|6942.15|5737.31|1|6942.15|5737.31|0.00|0.00| |0.00|0.00| 
70|1|3|7791293031231|1|07791293031231|ACONDICIONADOR SEDAL 650ML REST.INS|UNILEVER PERFUMERIA|6942.15|5737.31|1|6942.15|5737.31|0.00|0.00| |0.00|0.00| 
70|1|4|7791293031231|1|07791293031231|ACONDICIONADOR SEDAL 650ML REST.INS|UNILEVER PERFUMERIA|6942.15|5737.31|1|6942.15|5737.31|0.00|0.00| |0.00|0.00| 
70|1|1|7791293010847|1|07791293010847|ACONDICIONADOR SEDAL 650ML RIZOS DE|UNILEVER PERFUMERIA|6942.15|5737.31|1|6942.15|5737.31|0.00|0.00| |0.00|0.00| 
70|1|2|7791293010847|1|07791293010847|ACONDICIONADOR SEDAL 650ML RIZOS DE|UNILEVER PERFUMERIA|6942.15|5737.31|1|6942.15|5737.31|0.00|0.00| |0.00|0.00| 
70|1|3|7791293010847|1|07791293010847|ACONDICIONADOR SEDAL 650ML RIZOS DE|UNILEVER PERFUMERIA|6942.15|5737.31|1|6942.15|5737.31|0.00|0.00| |0.00|0.00| 
70|1|4|7791293010847|1|07791293010847|ACONDICIONADOR SEDAL 650ML RIZOS DE|UNILEVER PERFUMERIA|6942.15|5737.31|1|6942.15|5737.31|0.00|0.00| |0.00|0.00| 
70|1|2|7791293973227|1|07791293973227|ACONDICIONADOR SUAVE 930 ML. COCO /|PR.VARIOS PERFUMERIA|1890.00|1561.98|1|1890.00|1561.98|0.00|0.00| |0.00|0.00| 
70|1|2|7791293008394|1|07791293008394|ACONDICIONADOR SUAVE 930 ML. MANZAN|PR.VARIOS PERFUMERIA|1890.00|1561.98|1|1890.00|1561.98|0.00|0.00| |0.00|0.00| 
70|1|4|7791600028015|1|07791600028015|ACQUA DI COLBERT COLONIA 100 CC|UNIVEN|15146.90|12518.10|1|15146.90|12518.10|0.00|0.00| |0.00|0.00| 
70|1|4|7791600028190|1|07791600028190|ACQUA DI COLBERT COLONIA 60 CC C/VA|UNIVEN|11953.75|9879.13|1|11953.75|9879.13|0.00|0.00| |0.00|0.00| 
70|1|1|7791600028589|1|07791600028589|ACQUA DI COLBERT DESODORANTE 150 CC|UNIVEN|4336.55|3583.93|1|4336.55|3583.93|0.00|0.00| |0.00|0.00| 
70|1|4|7791600028589|1|07791600028589|ACQUA DI COLBERT DESODORANTE 150 CC|UNIVEN|4336.55|3583.93|1|4336.55|3583.93|0.00|0.00| |0.00|0.00| 
70|1|4|7791600028657|1|07791600028657|ACQUA DI COLBERT DESODORANTE 250 CC|UNIVEN|4969.00|4106.61|1|4969.00|4106.61|0.00|0.00| |0.00|0.00| 
70|1|1|7794000957626|1|07794000957626|ADEREZO SAVORA ORIGINAL DP. 250G.|UNILEVER BEST FOODS|1390.00|1148.76|1|1390.00|1148.76|0.00|0.00| |0.00|0.00| 
70|1|2|7794000957626|1|07794000957626|ADEREZO SAVORA ORIGINAL DP. 250G.|UNILEVER BEST FOODS|1390.00|1148.76|1|1390.00|1148.76|0.00|0.00| |0.00|0.00| 
70|1|3|7794000957626|1|07794000957626|ADEREZO SAVORA ORIGINAL DP. 250G.|UNILEVER BEST FOODS|1390.00|1148.76|1|1390.00|1148.76|0.00|0.00| |0.00|0.00| 
70|1|4|7794000957626|1|07794000957626|ADEREZO SAVORA ORIGINAL DP. 250G.|UNILEVER BEST FOODS|1390.00|1148.76|1|1390.00|1148.76|0.00|0.00| |0.00|0.00| 
70|1|1|7794000957633|1|07794000957633|ADEREZO SAVORA ORIGINAL DP. 500G|UNILEVER BEST FOODS|2430.00|2008.26|1|2430.00|2008.26|0.00|0.00| |0.00|0.00| 
70|1|2|7794000957633|1|07794000957633|ADEREZO SAVORA ORIGINAL DP. 500G|UNILEVER BEST FOODS|2430.00|2008.26|1|2430.00|2008.26|0.00|0.00| |0.00|0.00| 
70|1|3|7794000957633|1|07794000957633|ADEREZO SAVORA ORIGINAL DP. 500G|UNILEVER BEST FOODS|2430.00|2008.26|1|2430.00|2008.26|0.00|0.00| |0.00|0.00| 
70|1|4|7794000957633|1|07794000957633|ADEREZO SAVORA ORIGINAL DP. 500G|UNILEVER BEST FOODS|2430.00|2008.26|1|2430.00|2008.26|0.00|0.00| |0.00|0.00| 
70|1|1|7794000957602|1|07794000957602|ADEREZO SAVORA ORIGINAL DP.60G|UNILEVER BEST FOODS|640.00|528.93|1|640.00|528.93|0.00|0.00| |0.00|0.00| 
70|1|3|7794000957602|1|07794000957602|ADEREZO SAVORA ORIGINAL DP.60G|UNILEVER BEST FOODS|640.00|528.93|1|640.00|528.93|0.00|0.00| |0.00|0.00| 
70|1|4|7794000957602|1|07794000957602|ADEREZO SAVORA ORIGINAL DP.60G|UNILEVER BEST FOODS|640.00|528.93|1|640.00|528.93|0.00|0.00| |0.00|0.00| 
70|1|2|7790163025165|1|07790163025165|AGUA ARDIENTE DE CAÑA CACHACA 1LTS.|PETERS HNOS.|5750.00|4752.07|1|5750.00|4752.07|0.00|0.00| |0.00|0.00| 
70|1|3|7790163025165|1|07790163025165|AGUA ARDIENTE DE CAÑA CACHACA 1LTS.|PETERS HNOS.|5750.00|4752.07|1|5750.00|4752.07|0.00|0.00| |0.00|0.00| 
70|1|2|7792799000905|1|07792799000905|AGUA DE MESA PUREZA VITAL 1.5 LT|PROV. VARIOS BEBIDAS|1300.00|1074.38|1|1300.00|1074.38|0.00|0.00| |0.00|0.00| 
70|1|2|7792799001032|1|07792799001032|AGUA DE MESA PUREZA VITAL 6,3L.|PEPSI-SEVEN UP|3940.00|3256.20|1|3940.00|3256.20|0.00|0.00| |0.00|0.00| 
70|1|2|7791813421603|1|07791813421603|AGUA GASIFICADA H2O CITRUS 1.5 LTS.|PEPSI-SEVEN UP|2500.00|2066.12|1|2500.00|2066.12|0.00|0.00| |0.00|0.00| 
70|1|2|7791813421917|1|07791813421917|AGUA GASIFICADA H2O LIMONETO 1.5L|PEPSI-SEVEN UP|2500.00|2066.12|1|2500.00|2066.12|0.00|0.00| |0.00|0.00| 
70|1|4|7792799000059|1|07792799000059|AGUA MINERAL ECO D.L.ANDES 1.5   |PEPSI-SEVEN UP|1598.00|1320.66|1|1598.00|1320.66|0.00|0.00| |0.00|0.00| 
70|1|1|7792799000011|1|07792799000011|AGUA MINERAL ECO D.L.ANDES 500   |PEPSI-SEVEN UP|1175.00|971.07|1|1175.00|971.07|0.00|0.00| |0.00|0.00| 
70|1|4|7792799000011|1|07792799000011|AGUA MINERAL ECO D.L.ANDES 500   |PEPSI-SEVEN UP|1175.00|971.07|1|1175.00|971.07|0.00|0.00| |0.00|0.00| 
70|1|1|7798065730033|1|07798065730033|AGUA MINERAL S.DE LOS PADRES 2 L|NUTRECO ALIMENTOS |930.00|768.60|1|930.00|768.60|0.00|0.00| |0.00|0.00| 
70|1|2|7798065730033|1|07798065730033|AGUA MINERAL S.DE LOS PADRES 2 L|NUTRECO ALIMENTOS |930.00|768.60|1|930.00|768.60|0.00|0.00| |0.00|0.00| 
70|1|3|7798065730033|1|07798065730033|AGUA MINERAL S.DE LOS PADRES 2 L|NUTRECO ALIMENTOS |930.00|768.60|1|930.00|768.60|0.00|0.00| |0.00|0.00| 
70|1|4|7798065730033|1|07798065730033|AGUA MINERAL S.DE LOS PADRES 2 L|NUTRECO ALIMENTOS |930.00|768.60|1|930.00|768.60|0.00|0.00| |0.00|0.00| 
70|1|1|7798065733454|1|07798065733454|AGUA MINERAL S.DE LOS PADRES 600CC|NUTRECO ALIMENTOS |510.00|421.49|1|510.00|421.49|0.00|0.00| |0.00|0.00| 
70|1|2|7798065733454|1|07798065733454|AGUA MINERAL S.DE LOS PADRES 600CC|NUTRECO ALIMENTOS |510.00|421.49|1|510.00|421.49|0.00|0.00| |0.00|0.00| 
70|1|3|7798065733454|1|07798065733454|AGUA MINERAL S.DE LOS PADRES 600CC|NUTRECO ALIMENTOS |510.00|421.49|1|510.00|421.49|0.00|0.00| |0.00|0.00| 
70|1|4|7798065733454|1|07798065733454|AGUA MINERAL S.DE LOS PADRES 600CC|NUTRECO ALIMENTOS |510.00|421.49|1|510.00|421.49|0.00|0.00| |0.00|0.00| 
70|1|1|7790895008498|1|07790895008498|AGUA SAB.AQUARIUS 1,500CC.LIMONADA|COCA COLA|2730.00|2256.20|1|2730.00|2256.20|0.00|0.00| |0.00|0.00| 
70|1|3|7790895008498|1|07790895008498|AGUA SAB.AQUARIUS 1,500CC.LIMONADA|COCA COLA|2730.00|2256.20|1|2730.00|2256.20|0.00|0.00| |0.00|0.00| 
70|1|4|7790895008498|1|07790895008498|AGUA SAB.AQUARIUS 1,500CC.LIMONADA|COCA COLA|2730.00|2256.20|1|2730.00|2256.20|0.00|0.00| |0.00|0.00| 
70|1|1|7790895640483|1|07790895640483|AGUA SAB.AQUARIUS 1,500CC.MANZANA|COCA COLA|2730.00|2256.20|1|2730.00|2256.20|0.00|0.00| |0.00|0.00| 
70|1|3|7790895640483|1|07790895640483|AGUA SAB.AQUARIUS 1,500CC.MANZANA|COCA COLA|2730.00|2256.20|1|2730.00|2256.20|0.00|0.00| |0.00|0.00| 
70|1|4|7790895640483|1|07790895640483|AGUA SAB.AQUARIUS 1,500CC.MANZANA|COCA COLA|2730.00|2256.20|1|2730.00|2256.20|0.00|0.00| |0.00|0.00| 
70|1|1|7790895641237|1|07790895641237|AGUA SAB.AQUARIUS 1,500CC.NARANJA|COCA COLA|2730.00|2256.20|1|2730.00|2256.20|0.00|0.00| |0.00|0.00| 
70|1|4|7790895641237|1|07790895641237|AGUA SAB.AQUARIUS 1,500CC.NARANJA|COCA COLA|2730.00|2256.20|1|2730.00|2256.20|0.00|0.00| |0.00|0.00| 
70|1|1|7790895640476|1|07790895640476|AGUA SAB.AQUARIUS 1,500CC.PERA|COCA COLA|2730.00|2256.20|1|2730.00|2256.20|0.00|0.00| |0.00|0.00| 
70|1|3|7790895640476|1|07790895640476|AGUA SAB.AQUARIUS 1,500CC.PERA|COCA COLA|2730.00|2256.20|1|2730.00|2256.20|0.00|0.00| |0.00|0.00| 
70|1|4|7790895640476|1|07790895640476|AGUA SAB.AQUARIUS 1,500CC.PERA|COCA COLA|2730.00|2256.20|1|2730.00|2256.20|0.00|0.00| |0.00|0.00| 
70|1|1|7790895640490|1|07790895640490|AGUA SAB.AQUARIUS 1,500CC.POMELO|COCA COLA|2730.00|2256.20|1|2730.00|2256.20|0.00|0.00| |0.00|0.00| 
70|1|3|7790895640490|1|07790895640490|AGUA SAB.AQUARIUS 1,500CC.POMELO|COCA COLA|2730.00|2256.20|1|2730.00|2256.20|0.00|0.00| |0.00|0.00| 
70|1|4|7790895640490|1|07790895640490|AGUA SAB.AQUARIUS 1,500CC.POMELO|COCA COLA|2730.00|2256.20|1|2730.00|2256.20|0.00|0.00| |0.00|0.00| 
70|1|1|7790895641220|1|07790895641220|AGUA SAB.AQUARIUS 1,500CC.UVA|COCA COLA|2730.00|2256.20|1|2730.00|2256.20|0.00|0.00| |0.00|0.00| 
70|1|3|7790895641220|1|07790895641220|AGUA SAB.AQUARIUS 1,500CC.UVA|COCA COLA|2730.00|2256.20|1|2730.00|2256.20|0.00|0.00| |0.00|0.00| 
70|1|4|7790895008481|1|07790895008481|AGUA SAB.AQUARIUS 500CC.LIMONADA|COCA COLA|1598.00|1320.66|1|1598.00|1320.66|0.00|0.00| |0.00|0.00| 
70|1|1|7790895640452|1|07790895640452|AGUA SAB.AQUARIUS 500CC.MANZANA|COCA COLA|1598.00|1320.66|1|1598.00|1320.66|0.00|0.00| |0.00|0.00| 
70|1|3|7790895640452|1|07790895640452|AGUA SAB.AQUARIUS 500CC.MANZANA|COCA COLA|1598.00|1320.66|1|1598.00|1320.66|0.00|0.00| |0.00|0.00| 
70|1|4|7790895640452|1|07790895640452|AGUA SAB.AQUARIUS 500CC.MANZANA|COCA COLA|1598.00|1320.66|1|1598.00|1320.66|0.00|0.00| |0.00|0.00| 
70|1|1|7790895641213|1|07790895641213|AGUA SAB.AQUARIUS 500CC.NARANJA|COCA COLA|1598.00|1320.66|1|1598.00|1320.66|0.00|0.00| |0.00|0.00| 
70|1|4|7790895641213|1|07790895641213|AGUA SAB.AQUARIUS 500CC.NARANJA|COCA COLA|1598.00|1320.66|1|1598.00|1320.66|0.00|0.00| |0.00|0.00| 
70|1|1|7790895640445|1|07790895640445|AGUA SAB.AQUARIUS 500CC.PERA|COCA COLA|1598.00|1320.66|1|1598.00|1320.66|0.00|0.00| |0.00|0.00| 
70|1|3|7790895640445|1|07790895640445|AGUA SAB.AQUARIUS 500CC.PERA|COCA COLA|1598.00|1320.66|1|1598.00|1320.66|0.00|0.00| |0.00|0.00| 
70|1|4|7790895640445|1|07790895640445|AGUA SAB.AQUARIUS 500CC.PERA|COCA COLA|1598.00|1320.66|1|1598.00|1320.66|0.00|0.00| |0.00|0.00| 
70|1|1|7790895640469|1|07790895640469|AGUA SAB.AQUARIUS 500CC.POMELO|COCA COLA|1598.00|1320.66|1|1598.00|1320.66|0.00|0.00| |0.00|0.00| 
70|1|3|7790895640469|1|07790895640469|AGUA SAB.AQUARIUS 500CC.POMELO|COCA COLA|1598.00|1320.66|1|1598.00|1320.66|0.00|0.00| |0.00|0.00| 
70|1|4|7790895640469|1|07790895640469|AGUA SAB.AQUARIUS 500CC.POMELO|COCA COLA|1598.00|1320.66|1|1598.00|1320.66|0.00|0.00| |0.00|0.00| 
70|1|1|7790895641206|1|07790895641206|AGUA SAB.AQUARIUS 500CC.UVA|COCA COLA|1598.00|1320.66|1|1598.00|1320.66|0.00|0.00| |0.00|0.00| 
70|1|4|7790895641206|1|07790895641206|AGUA SAB.AQUARIUS 500CC.UVA|COCA COLA|1598.00|1320.66|1|1598.00|1320.66|0.00|0.00| |0.00|0.00| 
70|1|3|7790639002430|1|07790639002430|AGUA SAB.CELLIER C/GAS 1,5L.NAR.DUR|PR.VARIOS|1050.00|867.77|1|1050.00|867.77|0.00|0.00| |0.00|0.00| 
70|1|3|7790639002447|1|07790639002447|AGUA SAB.CELLIER C/GAS 1,5L.POMELO|PR.VARIOS|1050.00|867.77|1|1050.00|867.77|0.00|0.00| |0.00|0.00| 
70|1|1|7790639002485|1|07790639002485|AGUA SAB.CELLIER S/GAS 1,5L.MANZANA|PRODEA|1250.00|1033.06|1|1250.00|1033.06|0.00|0.00| |0.00|0.00| 
70|1|3|7790639002485|1|07790639002485|AGUA SAB.CELLIER S/GAS 1,5L.MANZANA|PRODEA|1250.00|1033.06|1|1250.00|1033.06|0.00|0.00| |0.00|0.00| 
70|1|4|7790639002485|1|07790639002485|AGUA SAB.CELLIER S/GAS 1,5L.MANZANA|PRODEA|1250.00|1033.06|1|1250.00|1033.06|0.00|0.00| |0.00|0.00| 
70|1|1|7790639002478|1|07790639002478|AGUA SAB.CELLIER S/GAS 1,5L.NARANJA|PRODEA|1250.00|1033.06|1|1250.00|1033.06|0.00|0.00| |0.00|0.00| 
70|1|2|7790639002478|1|07790639002478|AGUA SAB.CELLIER S/GAS 1,5L.NARANJA|PRODEA|1250.00|1033.06|1|1250.00|1033.06|0.00|0.00| |0.00|0.00| 
70|1|3|7790639002478|1|07790639002478|AGUA SAB.CELLIER S/GAS 1,5L.NARANJA|PRODEA|1250.00|1033.06|1|1250.00|1033.06|0.00|0.00| |0.00|0.00| 
70|1|4|7790639002478|1|07790639002478|AGUA SAB.CELLIER S/GAS 1,5L.NARANJA|PRODEA|1250.00|1033.06|1|1250.00|1033.06|0.00|0.00| |0.00|0.00| 
70|1|2|7790639002461|1|07790639002461|AGUA SAB.CELLIER S/GAS 1,5L.POMELO|PRODEA|1250.00|1033.06|1|1250.00|1033.06|0.00|0.00| |0.00|0.00| 
70|1|3|7790639002461|1|07790639002461|AGUA SAB.CELLIER S/GAS 1,5L.POMELO|PRODEA|1250.00|1033.06|1|1250.00|1033.06|0.00|0.00| |0.00|0.00| 
70|1|4|6000001086212|1|06000001086212|AJI EN VINAGRE KG|PROD. FRACCIONADOS|12.97|10.72|1|12.97|10.72|0.00|0.00| |0.00|0.00| 
70|1|4|6000001081880|1|06000001081880|AJI KG.                 |VERDULERIA|2400.00|2171.95|1|2400.00|2171.95|0.00|0.00| |0.00|0.00| 
70|1|1|7791584000472|1|07791584000472|AJI MOLIDO CALIDAD P.PRECIO 25 GRS.|PRODUCTO P.PRECIO VT|500.00|413.22|1|500.00|413.22|0.00|0.00| |0.00|0.00| 
70|1|4|7791584000472|1|07791584000472|AJI MOLIDO CALIDAD P.PRECIO 25 GRS.|PRODUCTO P.PRECIO VT|500.00|413.22|1|500.00|413.22|0.00|0.00| |0.00|0.00| 
70|1|1|7791584000342|1|07791584000342|AJI MOLIDO LAR 25 GRS.|ESPECIAS LAR|490.00|404.96|1|490.00|404.96|0.00|0.00| |0.00|0.00| 
70|1|2|7791584000342|1|07791584000342|AJI MOLIDO LAR 25 GRS.|ESPECIAS LAR|490.00|404.96|1|490.00|404.96|0.00|0.00| |0.00|0.00| 
70|1|3|7791584000342|1|07791584000342|AJI MOLIDO LAR 25 GRS.|ESPECIAS LAR|490.00|404.96|1|490.00|404.96|0.00|0.00| |0.00|0.00| 
70|1|4|7791584000342|1|07791584000342|AJI MOLIDO LAR 25 GRS.|ESPECIAS LAR|490.00|404.96|1|490.00|404.96|0.00|0.00| |0.00|0.00| 
70|1|1|7792070000754|1|07792070000754|AJIES NUCETE FRASCO 110 GR. |AGRO ACEITUNERA|4560.00|3768.60|1|4560.00|3768.60|0.00|0.00| |0.00|0.00| 
70|1|4|7792070000754|1|07792070000754|AJIES NUCETE FRASCO 110 GR. |AGRO ACEITUNERA|4560.00|3768.60|1|4560.00|3768.60|0.00|0.00| |0.00|0.00| 
70|1|4|7790127000160|1|07790127000160|AJIES VANOLI 110G FRASCO|PR.VARIOS SUPERMERC.|124.75|103.10|1|124.75|103.10|0.00|0.00| |0.00|0.00| 
70|1|4|6000001077234|1|06000001077234|AJO CADA UNO            |VERDULERIA|650.00|588.24|1|650.00|588.24|0.00|0.00| |0.00|0.00| 
70|1|1|7791584000632|1|07791584000632|AJO GRANULADO CALIDAD P.PRECIO 25GR|PRODUCTO P.PRECIO VT|550.00|454.55|1|550.00|454.55|0.00|0.00| |0.00|0.00| 
70|1|4|7791584000632|1|07791584000632|AJO GRANULADO CALIDAD P.PRECIO 25GR|PRODUCTO P.PRECIO VT|550.00|454.55|1|550.00|454.55|0.00|0.00| |0.00|0.00| 
70|1|1|7794980939131|1|07794980939131|AJO TRITURADO YUSPE 50G.|YUSPE|1360.00|1123.97|1|1360.00|1123.97|0.00|0.00| |0.00|0.00| 
70|1|4|7794980939131|1|07794980939131|AJO TRITURADO YUSPE 50G.|YUSPE|1360.00|1123.97|1|1360.00|1123.97|0.00|0.00| |0.00|0.00| 
70|1|1|7791584000359|1|07791584000359|ALBAHACA LAR 25 GRS.|ESPECIAS LAR|430.00|355.37|1|430.00|355.37|0.00|0.00| |0.00|0.00| 
70|1|3|7791584000359|1|07791584000359|ALBAHACA LAR 25 GRS.|ESPECIAS LAR|430.00|355.37|1|430.00|355.37|0.00|0.00| |0.00|0.00| 
70|1|4|7791584000359|1|07791584000359|ALBAHACA LAR 25 GRS.|ESPECIAS LAR|430.00|355.37|1|430.00|355.37|0.00|0.00| |0.00|0.00| 
70|1|2|7792378000029|1|07792378000029|ALCOHOL DESNATURALIZADO MAS FUEGO 9|FRADEALCO S.A.|2700.00|2231.40|1|2700.00|2231.40|0.00|0.00| |0.00|0.00| 
70|1|1|7792378000562|1|07792378000562|ALCOHOL EN GEL MF 250CC|FRADEALCO S.A.|1775.00|1466.94|1|1775.00|1466.94|0.00|0.00| |0.00|0.00| 
70|1|1|7790139000936|1|07790139000936|ALCOHOL ETILICO P.PRECIO 500CC|FRADEALCO S.A.|2040.00|1685.95|1|2040.00|1685.95|0.00|0.00| |0.00|0.00| 
70|1|3|7790139000936|1|07790139000936|ALCOHOL ETILICO P.PRECIO 500CC|FRADEALCO S.A.|2040.00|1685.95|1|2040.00|1685.95|0.00|0.00| |0.00|0.00| 
70|1|4|7790139000936|1|07790139000936|ALCOHOL ETILICO P.PRECIO 500CC|FRADEALCO S.A.|2040.00|1685.95|1|2040.00|1685.95|0.00|0.00| |0.00|0.00| 
70|1|1|7792378001699|1|07792378001699|ALCOHOL PURO PUROCOL 1 LTS.|FRADEALCO S.A.|3080.00|2545.45|1|3080.00|2545.45|0.00|0.00| |0.00|0.00| 
70|1|3|7792378001699|1|07792378001699|ALCOHOL PURO PUROCOL 1 LTS.|FRADEALCO S.A.|3080.00|2545.45|1|3080.00|2545.45|0.00|0.00| |0.00|0.00| 
70|1|4|7792378001699|1|07792378001699|ALCOHOL PURO PUROCOL 1 LTS.|FRADEALCO S.A.|3080.00|2545.45|1|3080.00|2545.45|0.00|0.00| |0.00|0.00| 
70|1|4|7790040316508|1|07790040316508|ALFAJOR AGUILA MINI TORTA BCO. 69GR|CANDY MIX|1480.00|1223.14|1|1480.00|1223.14|0.00|0.00| |0.00|0.00| 
70|1|4|0000077945082|1|00000077945082|ALFAJOR AGUILA MINI TORTA BROWNIE71|CANDY MIX|1480.00|1223.14|1|1480.00|1223.14|0.00|0.00| |0.00|0.00| 
70|1|4|0000077945075|1|00000077945075|ALFAJOR AGUILA MINI TORTA COCO 70,5|CANDY MIX|1480.00|1223.14|1|1480.00|1223.14|0.00|0.00| |0.00|0.00| 
70|1|4|7790040991910|1|07790040991910|ALFAJOR BAGLEY B&N 3.0 BLANCO 73.5G|BAGLEY S.A.|1480.00|1223.14|1|1480.00|1223.14|0.00|0.00| |0.00|0.00| 
70|1|4|7790040375000|1|07790040375000|ALFAJOR BAGLEY B&N 3.0 NEGRO 73.5G|BAGLEY S.A.|1480.00|1223.14|1|1480.00|1223.14|0.00|0.00| |0.00|0.00| 
70|1|4|7790040996403|1|07790040996403|ALFAJOR BAGLEY BLANCO 50 GRS.|PR.VARIOS SUPERMERC.|596.00|492.56|1|596.00|492.56|0.00|0.00| |0.00|0.00| 
70|1|4|0000077960825|1|00000077960825|ALFAJOR BON O BON BLANCO 40 GRS.|CANDY MIX|890.00|735.54|1|890.00|735.54|0.00|0.00| |0.00|0.00| 
70|1|4|0000077960641|1|00000077960641|ALFAJOR BON O BON LECHE 40 GRS.|CANDY MIX|890.00|735.54|1|890.00|735.54|0.00|0.00| |0.00|0.00| 
70|1|4|0000077944191|1|00000077944191|ALFAJOR BON O BON TRIPLE 60 GRS.|CANDY MIX|1480.00|1223.14|1|1480.00|1223.14|0.00|0.00| |0.00|0.00| 
70|1|4|7790040659605|1|07790040659605|ALFAJOR COFLER BLOCK 60 GR.|CANDY MIX|1480.00|1223.14|1|1480.00|1223.14|0.00|0.00| |0.00|0.00| 
70|1|1|7791672002012|1|07791672002012|ALFAJOR FANTOCHE MINI CHOCO.150G.|FANTOCHE|2050.00|1694.21|1|2050.00|1694.21|0.00|0.00| |0.00|0.00| 
70|1|2|7791672002012|1|07791672002012|ALFAJOR FANTOCHE MINI CHOCO.150G.|FANTOCHE|2050.00|1694.21|1|2050.00|1694.21|0.00|0.00| |0.00|0.00| 
70|1|4|7791672002012|1|07791672002012|ALFAJOR FANTOCHE MINI CHOCO.150G.|FANTOCHE|2050.00|1694.21|1|2050.00|1694.21|0.00|0.00| |0.00|0.00| 
70|1|1|0000077991577|1|00000077991577|ALFAJOR FANTOCHE TRIPLE CHOCO. 85G.|FANTOCHE|900.00|743.80|1|900.00|743.80|0.00|0.00| |0.00|0.00| 
70|1|2|0000077991577|1|00000077991577|ALFAJOR FANTOCHE TRIPLE CHOCO. 85G.|FANTOCHE|900.00|743.80|1|900.00|743.80|0.00|0.00| |0.00|0.00| 
70|1|1|0000077991584|1|00000077991584|ALFAJOR FANTOCHE TRIPLE LECHE 85G|FANTOCHE|900.00|743.80|1|900.00|743.80|0.00|0.00| |0.00|0.00| 
70|1|2|0000077991584|1|00000077991584|ALFAJOR FANTOCHE TRIPLE LECHE 85G|FANTOCHE|900.00|743.80|1|900.00|743.80|0.00|0.00| |0.00|0.00| 
70|1|4|0000077991584|1|00000077991584|ALFAJOR FANTOCHE TRIPLE LECHE 85G|FANTOCHE|900.00|743.80|1|900.00|743.80|0.00|0.00| |0.00|0.00| 
70|1|3|0000077903778|1|00000077903778|ALFAJOR MILKA TRIPLE D.LECHE 70 G.|KRAFT FOODS ARGENTIN|1510.00|1247.93|1|1510.00|1247.93|0.00|0.00| |0.00|0.00| 
70|1|1|0000077903785|1|00000077903785|ALFAJOR MILKA TRIPLE MOUSSE 55G.|KRAFT FOODS ARGENTIN|1510.00|1247.93|1|1510.00|1247.93|0.00|0.00| |0.00|0.00| 
70|1|3|0000077903785|1|00000077903785|ALFAJOR MILKA TRIPLE MOUSSE 55G.|KRAFT FOODS ARGENTIN|1510.00|1247.93|1|1510.00|1247.93|0.00|0.00| |0.00|0.00| 
70|1|4|0000077903785|1|00000077903785|ALFAJOR MILKA TRIPLE MOUSSE 55G.|KRAFT FOODS ARGENTIN|1510.00|1247.93|1|1510.00|1247.93|0.00|0.00| |0.00|0.00| 
70|1|1|0000077915481|1|00000077915481|ALFAJOR PEPITOS TRIPLE 57GRS.|KRAFT FOODS ARGENTIN|1510.00|1247.93|1|1510.00|1247.93|0.00|0.00| |0.00|0.00| 
70|1|3|0000077915481|1|00000077915481|ALFAJOR PEPITOS TRIPLE 57GRS.|KRAFT FOODS ARGENTIN|1510.00|1247.93|1|1510.00|1247.93|0.00|0.00| |0.00|0.00| 
70|1|4|0000077915481|1|00000077915481|ALFAJOR PEPITOS TRIPLE 57GRS.|KRAFT FOODS ARGENTIN|1510.00|1247.93|1|1510.00|1247.93|0.00|0.00| |0.00|0.00| 
70|1|4|7790040331303|1|07790040331303|ALFAJOR TATIN BLANCO 33G.|CANDY MIX|440.00|363.64|1|440.00|363.64|0.00|0.00| |0.00|0.00| 
70|1|4|0000077944382|1|00000077944382|ALFAJOR TATIN BLANCO 60 GRS.|CANDY MIX|890.00|735.54|1|890.00|735.54|0.00|0.00| |0.00|0.00| 
70|1|4|7790040331204|1|07790040331204|ALFAJOR TATIN LECHE 33G.|CANDY MIX|440.00|363.64|1|440.00|363.64|0.00|0.00| |0.00|0.00| 
70|1|3|0000077939234|1|00000077939234|ALFAJOR TERRABUSI CLASICO 50G.|KRAFT FOODS ARGENTIN|950.00|785.12|1|950.00|785.12|0.00|0.00| |0.00|0.00| 
70|1|4|0000077939234|1|00000077939234|ALFAJOR TERRABUSI CLASICO 50G.|KRAFT FOODS ARGENTIN|950.00|785.12|1|950.00|785.12|0.00|0.00| |0.00|0.00| 
70|1|3|0000077903792|1|00000077903792|ALFAJOR TERRABUSI CLASICO PRE.70G.|KRAFT FOODS ARGENTIN|1510.00|1247.93|1|1510.00|1247.93|0.00|0.00| |0.00|0.00| 
70|1|4|0000077903792|1|00000077903792|ALFAJOR TERRABUSI CLASICO PRE.70G.|KRAFT FOODS ARGENTIN|1510.00|1247.93|1|1510.00|1247.93|0.00|0.00| |0.00|0.00| 
70|1|3|7622300202859|1|07622300202859|ALFAJOR TERRABUSI GLASEADO 38 GRS|KRAFT FOODS ARGENTIN|950.00|785.12|1|950.00|785.12|0.00|0.00| |0.00|0.00| 
70|1|1|0000077908308|1|00000077908308|ALFAJOR TITA 36 GR. |KRAFT FOODS ARGENTIN|720.00|595.04|1|720.00|595.04|0.00|0.00| |0.00|0.00| 
70|1|4|7790040953703|1|07790040953703|ALFAJOR TOFI TRIPLE BLANCO 73 GRS.|CANDY MIX|1480.00|1223.14|1|1480.00|1223.14|0.00|0.00| |0.00|0.00| 
70|1|3|7622300835620|1|07622300835620|ALFAJOR TORTA MILKA OREO TRIPLE 61|KRAFT FOODS ARGENTIN|1510.00|1247.93|1|1510.00|1247.93|0.00|0.00| |0.00|0.00| 
70|1|1|7790064000131|1|07790064000131|ALGODON ESTRELLA CLASICO 300G.|BUYANOR S.A.|3663.15|3027.40|1|3663.15|3027.40|0.00|0.00| |0.00|0.00| 
70|1|2|7790064000131|1|07790064000131|ALGODON ESTRELLA CLASICO 300G.|BUYANOR S.A.|3663.15|3027.40|1|3663.15|3027.40|0.00|0.00| |0.00|0.00| 
70|1|4|7790064000131|1|07790064000131|ALGODON ESTRELLA CLASICO 300G.|BUYANOR S.A.|3663.15|3027.40|1|3663.15|3027.40|0.00|0.00| |0.00|0.00| 
70|1|2|7790064000261|1|07790064000261|ALGODON ESTRELLA CLASICO 75G.|BUYANOR S.A.|841.25|695.25|1|841.25|695.25|0.00|0.00| |0.00|0.00| 
70|1|4|7790064000261|1|07790064000261|ALGODON ESTRELLA CLASICO 75G.|BUYANOR S.A.|841.25|695.25|1|841.25|695.25|0.00|0.00| |0.00|0.00| 
70|1|2|7790064001701|1|07790064001701|ALGODON ESTRELLA SUPER 100 G.    |BUYANOR S.A.|1264.95|1045.41|1|1264.95|1045.41|0.00|0.00| |0.00|0.00| 
70|1|4|7790064001701|1|07790064001701|ALGODON ESTRELLA SUPER 100 G.    |BUYANOR S.A.|1264.95|1045.41|1|1264.95|1045.41|0.00|0.00| |0.00|0.00| 
70|1|2|7790064001718|1|07790064001718|ALGODON ESTRELLA SUPER 200 G.    |BUYANOR S.A.|2222.55|1836.82|1|2222.55|1836.82|0.00|0.00| |0.00|0.00| 
70|1|4|7790064001718|1|07790064001718|ALGODON ESTRELLA SUPER 200 G.    |BUYANOR S.A.|2222.55|1836.82|1|2222.55|1836.82|0.00|0.00| |0.00|0.00| 
70|1|1|7798097690442|1|07798097690442|ALGODON PRIMER PRECIO 140 GRS.|LENTERDIT S.A.|1315.00|1086.78|1|1315.00|1086.78|0.00|0.00| |0.00|0.00| 
70|1|2|7798097690442|1|07798097690442|ALGODON PRIMER PRECIO 140 GRS.|LENTERDIT S.A.|1315.00|1086.78|1|1315.00|1086.78|0.00|0.00| |0.00|0.00| 
70|1|3|7798097690442|1|07798097690442|ALGODON PRIMER PRECIO 140 GRS.|LENTERDIT S.A.|1315.00|1086.78|1|1315.00|1086.78|0.00|0.00| |0.00|0.00| 
70|1|4|7798097690442|1|07798097690442|ALGODON PRIMER PRECIO 140 GRS.|LENTERDIT S.A.|1315.00|1086.78|1|1315.00|1086.78|0.00|0.00| |0.00|0.00| 
70|1|1|7798097690435|1|07798097690435|ALGODON PRIMER PRECIO 70 GRS.|LENTERDIT S.A.|665.00|549.59|1|665.00|549.59|0.00|0.00| |0.00|0.00| 
70|1|2|7798097690435|1|07798097690435|ALGODON PRIMER PRECIO 70 GRS.|LENTERDIT S.A.|665.00|549.59|1|665.00|549.59|0.00|0.00| |0.00|0.00| 
70|1|3|7798097690435|1|07798097690435|ALGODON PRIMER PRECIO 70 GRS.|LENTERDIT S.A.|665.00|549.59|1|665.00|549.59|0.00|0.00| |0.00|0.00| 
70|1|4|7798097690435|1|07798097690435|ALGODON PRIMER PRECIO 70 GRS.|LENTERDIT S.A.|665.00|549.59|1|665.00|549.59|0.00|0.00| |0.00|0.00| 
70|1|4|7798039870079|1|07798039870079|ALIMENTO A BASE DE QUESO REGGIO 120|FARGO|1310.00|1082.64|1|1310.00|1082.64|0.00|0.00| |0.00|0.00| 
70|1|4|7798039870062|1|07798039870062|ALIMENTO A BASE DE QUESO REGGIO 40G|FARGO|530.00|438.02|1|530.00|438.02|0.00|0.00| |0.00|0.00| 
70|1|4|7790580402808|1|07790580402808|ALIMENTO CHOCOLATE ARCOA 180 G   |ARCOR S.A.|1890.00|1561.98|1|1890.00|1561.98|0.00|0.00| |0.00|0.00| 
70|1|1|7790580402907|1|07790580402907|ALIMENTO CHOCOLATE ARCOA 360 G   |ARCOR S.A.|3750.00|3099.17|1|3750.00|3099.17|0.00|0.00| |0.00|0.00| 
70|1|3|7790580402907|1|07790580402907|ALIMENTO CHOCOLATE ARCOA 360 G   |ARCOR S.A.|3750.00|3099.17|1|3750.00|3099.17|0.00|0.00| |0.00|0.00| 
70|1|1|7794690000039|1|07794690000039|ALIMENTO CHOCOLATE QUILLA 200 GR|JOAQUIN CUTCHET S.A.|1610.00|1330.58|1|1610.00|1330.58|0.00|0.00| |0.00|0.00| 
70|1|2|7794690000039|1|07794690000039|ALIMENTO CHOCOLATE QUILLA 200 GR|JOAQUIN CUTCHET S.A.|1610.00|1330.58|1|1610.00|1330.58|0.00|0.00| |0.00|0.00| 
70|1|3|7794690000039|1|07794690000039|ALIMENTO CHOCOLATE QUILLA 200 GR|JOAQUIN CUTCHET S.A.|1610.00|1330.58|1|1610.00|1330.58|0.00|0.00| |0.00|0.00| 
70|1|4|7794690000039|1|07794690000039|ALIMENTO CHOCOLATE QUILLA 200 GR|JOAQUIN CUTCHET S.A.|1610.00|1330.58|1|1610.00|1330.58|0.00|0.00| |0.00|0.00| 
70|1|1|7794690000022|1|07794690000022|ALIMENTO CHOCOLATE QUILLA 450G   |JOAQUIN CUTCHET S.A.|3330.00|2752.07|1|3330.00|2752.07|0.00|0.00| |0.00|0.00| 
70|1|2|7794690000022|1|07794690000022|ALIMENTO CHOCOLATE QUILLA 450G   |JOAQUIN CUTCHET S.A.|3330.00|2752.07|1|3330.00|2752.07|0.00|0.00| |0.00|0.00| 
70|1|3|7794690000022|1|07794690000022|ALIMENTO CHOCOLATE QUILLA 450G   |JOAQUIN CUTCHET S.A.|3330.00|2752.07|1|3330.00|2752.07|0.00|0.00| |0.00|0.00| 
70|1|4|7794690000022|1|07794690000022|ALIMENTO CHOCOLATE QUILLA 450G   |JOAQUIN CUTCHET S.A.|3330.00|2752.07|1|3330.00|2752.07|0.00|0.00| |0.00|0.00| 
70|1|1|7794690000015|1|07794690000015|ALIMENTO CHOCOLATE QUILLA 900G   |JOAQUIN CUTCHET S.A.|6420.00|5305.79|1|6420.00|5305.79|0.00|0.00| |0.00|0.00| 
70|1|2|7794690000015|1|07794690000015|ALIMENTO CHOCOLATE QUILLA 900G   |JOAQUIN CUTCHET S.A.|6420.00|5305.79|1|6420.00|5305.79|0.00|0.00| |0.00|0.00| 
70|1|3|7794690000015|1|07794690000015|ALIMENTO CHOCOLATE QUILLA 900G   |JOAQUIN CUTCHET S.A.|6420.00|5305.79|1|6420.00|5305.79|0.00|0.00| |0.00|0.00| 
70|1|1|7794690000046|1|07794690000046|ALIMENTO CHOCOLATE VESPASIANO 5 KG.|JOAQUIN CUTCHET S.A.|28990.00|23958.68|1|28990.00|23958.68|0.00|0.00| |0.00|0.00| 
70|1|2|7794690000046|1|07794690000046|ALIMENTO CHOCOLATE VESPASIANO 5 KG.|JOAQUIN CUTCHET S.A.|28990.00|23958.68|1|28990.00|23958.68|0.00|0.00| |0.00|0.00| 
70|1|3|7794690000046|1|07794690000046|ALIMENTO CHOCOLATE VESPASIANO 5 KG.|JOAQUIN CUTCHET S.A.|28990.00|23958.68|1|28990.00|23958.68|0.00|0.00| |0.00|0.00| 
70|1|4|7794690000046|1|07794690000046|ALIMENTO CHOCOLATE VESPASIANO 5 KG.|JOAQUIN CUTCHET S.A.|28990.00|23958.68|1|28990.00|23958.68|0.00|0.00| |0.00|0.00| 
70|1|4|7791337943025|1|07791337943025|ALIMENTO DANONINO 185G. BEB.FRUTILL|DANONE ARGENTINA SA|3130.00|2586.78|1|3130.00|2586.78|0.00|0.00| |0.00|0.00| 
70|1|2|7794270003238|1|07794270003238|ALIMENTO P/GATOS BACAN PESCADO 500|SAGEMULLER|1190.00|983.47|1|1190.00|983.47|0.00|0.00| |0.00|0.00| 
70|1|4|7794270003238|1|07794270003238|ALIMENTO P/GATOS BACAN PESCADO 500|SAGEMULLER|1190.00|983.47|1|1190.00|983.47|0.00|0.00| |0.00|0.00| 
70|1|1|7790438100115|1|07790438100115|ALIMENTO P/GATOS COOPERACION 10K|VETERINARIA|26500.00|21900.83|1|26500.00|21900.83|0.00|0.00| |0.00|0.00| 
70|1|2|7790438100115|1|07790438100115|ALIMENTO P/GATOS COOPERACION 10K|VETERINARIA|26500.00|21900.83|1|26500.00|21900.83|0.00|0.00| |0.00|0.00| 
70|1|3|7790438100115|1|07790438100115|ALIMENTO P/GATOS COOPERACION 10K|VETERINARIA|26500.00|21900.83|1|26500.00|21900.83|0.00|0.00| |0.00|0.00| 
70|1|4|7790438100115|1|07790438100115|ALIMENTO P/GATOS COOPERACION 10K|VETERINARIA|26500.00|21900.83|1|26500.00|21900.83|0.00|0.00| |0.00|0.00| 
70|1|1|7794270003450|1|07794270003450|ALIMENTO P/GATOS FLECKY 500 GRS.|SAGEMULLER|1000.00|826.45|1|1000.00|826.45|0.00|0.00| |0.00|0.00| 
70|1|4|7794270003450|1|07794270003450|ALIMENTO P/GATOS FLECKY 500 GRS.|SAGEMULLER|1000.00|826.45|1|1000.00|826.45|0.00|0.00| |0.00|0.00| 
70|1|4|7790438100085|1|07790438100085|ALIMENTO P/PERROS COOPERACION 15KG.|VETERINARIA|19600.00|16198.35|1|19600.00|16198.35|0.00|0.00| |0.00|0.00| 
70|1|4|7790438004994|1|07790438004994|ALIMENTO P/PERROS PETTING ADULTO 15|VETERINARIA|32900.00|27190.08|1|32900.00|27190.08|0.00|0.00| |0.00|0.00| 
70|1|4|7790438004956|1|07790438004956|ALIMENTO P/PERROS PETTING CACH.15KG|VETERINARIA|38900.00|32148.76|1|38900.00|32148.76|0.00|0.00| |0.00|0.00| 
70|1|1|7797453971706|1|07797453971706|ALIMENTO PEDIGREE LATA CARNE 340G.|PEDIGREE|3110.55|2570.70|1|3110.55|2570.70|0.00|0.00| |0.00|0.00| 
70|1|1|7797453971713|1|07797453971713|ALIMENTO PEDIGREE LATA POLLO 340G|PEDIGREE|3110.00|2570.25|1|3110.00|2570.25|0.00|0.00| |0.00|0.00| 
70|1|3|7798073174690|1|07798073174690|ALIMENTO SABROSITOS CACHORROS 1,5KG|PR.VARIOS SUPERMERC.|1007.55|832.69|1|1007.55|832.69|0.00|0.00| |0.00|0.00| 
70|1|2|7798073174706|1|07798073174706|ALIMENTO SABROSITOS CACHORROS 3KG.|LIA|7830.00|6471.07|1|7830.00|6471.07|0.00|0.00| |0.00|0.00| 
70|1|4|7798073174706|1|07798073174706|ALIMENTO SABROSITOS CACHORROS 3KG.|LIA|7830.00|6471.07|1|7830.00|6471.07|0.00|0.00| |0.00|0.00| 
70|1|1|7798073173907|1|07798073173907|ALIMENTO SABROSITOS GATO MIX 1KG.|LIA|3280.00|2710.74|1|3280.00|2710.74|0.00|0.00| |0.00|0.00| 
70|1|2|7798073173907|1|07798073173907|ALIMENTO SABROSITOS GATO MIX 1KG.|LIA|3280.00|2710.74|1|3280.00|2710.74|0.00|0.00| |0.00|0.00| 
70|1|4|7798073173907|1|07798073173907|ALIMENTO SABROSITOS GATO MIX 1KG.|LIA|3280.00|2710.74|1|3280.00|2710.74|0.00|0.00| |0.00|0.00| 
70|1|1|7798073173891|1|07798073173891|ALIMENTO SABROSITOS GATO MIX 500G.|LIA|1700.00|1404.96|1|1700.00|1404.96|0.00|0.00| |0.00|0.00| 
70|1|2|7798073173891|1|07798073173891|ALIMENTO SABROSITOS GATO MIX 500G.|LIA|1700.00|1404.96|1|1700.00|1404.96|0.00|0.00| |0.00|0.00| 
70|1|1|7798073173631|1|07798073173631|ALIMENTO SABROSITOS GATO PESCADO 1K|LIA|3570.00|2950.41|1|3570.00|2950.41|0.00|0.00| |0.00|0.00| 
70|1|2|7798073173631|1|07798073173631|ALIMENTO SABROSITOS GATO PESCADO 1K|LIA|3570.00|2950.41|1|3570.00|2950.41|0.00|0.00| |0.00|0.00| 
70|1|3|7798073173631|1|07798073173631|ALIMENTO SABROSITOS GATO PESCADO 1K|LIA|3570.00|2950.41|1|3570.00|2950.41|0.00|0.00| |0.00|0.00| 
70|1|4|7798073173631|1|07798073173631|ALIMENTO SABROSITOS GATO PESCADO 1K|LIA|3570.00|2950.41|1|3570.00|2950.41|0.00|0.00| |0.00|0.00| 
70|1|1|7798073173617|1|07798073173617|ALIMENTO SABROSITOS GATO PESCADO 50|LIA|1930.00|1595.04|1|1930.00|1595.04|0.00|0.00| |0.00|0.00| 
70|1|2|7798073173617|1|07798073173617|ALIMENTO SABROSITOS GATO PESCADO 50|LIA|1930.00|1595.04|1|1930.00|1595.04|0.00|0.00| |0.00|0.00| 
70|1|4|7798073173617|1|07798073173617|ALIMENTO SABROSITOS GATO PESCADO 50|LIA|1930.00|1595.04|1|1930.00|1595.04|0.00|0.00| |0.00|0.00| 
70|1|1|7798073173785|1|07798073173785|ALIMENTO SABROSITOS MIX 1,5KG|LIA|3350.00|2768.60|1|3350.00|2768.60|0.00|0.00| |0.00|0.00| 
70|1|2|7798073173785|1|07798073173785|ALIMENTO SABROSITOS MIX 1,5KG|LIA|3350.00|2768.60|1|3350.00|2768.60|0.00|0.00| |0.00|0.00| 
70|1|3|7798073173785|1|07798073173785|ALIMENTO SABROSITOS MIX 1,5KG|LIA|3350.00|2768.60|1|3350.00|2768.60|0.00|0.00| |0.00|0.00| 
70|1|3|7798073170012|1|07798073170012|ALIMENTO SABROSITOS MIX 3KG.|PR.VARIOS SUPERMERC.|4768.40|3940.83|1|4768.40|3940.83|0.00|0.00| |0.00|0.00| 
70|1|4|7798073170012|1|07798073170012|ALIMENTO SABROSITOS MIX 3KG.|PR.VARIOS SUPERMERC.|4768.40|3940.83|1|4768.40|3940.83|0.00|0.00| |0.00|0.00| 
70|1|1|7798073170104|1|07798073170104|ALIMENTO SABROSITOS VARIEDAD 1,5K|LIA|3070.00|2537.19|1|3070.00|2537.19|0.00|0.00| |0.00|0.00| 
70|1|2|7798073170104|1|07798073170104|ALIMENTO SABROSITOS VARIEDAD 1,5K|LIA|3070.00|2537.19|1|3070.00|2537.19|0.00|0.00| |0.00|0.00| 
70|1|3|7798073170104|1|07798073170104|ALIMENTO SABROSITOS VARIEDAD 1,5K|LIA|3070.00|2537.19|1|3070.00|2537.19|0.00|0.00| |0.00|0.00| 
70|1|4|7798073170104|1|07798073170104|ALIMENTO SABROSITOS VARIEDAD 1,5K|LIA|3070.00|2537.19|1|3070.00|2537.19|0.00|0.00| |0.00|0.00| 
70|1|1|7790142000114|1|07790142000114|ALIMENTO TIERNITOS CARNE 1.5KG.|PEDIGREE|3900.00|3223.14|1|3900.00|3223.14|0.00|0.00| |0.00|0.00| 
70|1|1|7790142000077|1|07790142000077|ALIMENTO TIERNITOS CARNE/VEGET.1.5K|PEDIGREE|3900.00|3223.14|1|3900.00|3223.14|0.00|0.00| |0.00|0.00| 
70|1|1|7797453971119|1|07797453971119|ALIMENTO WHISKAS GATITOS CAR./LE500|PEDIGREE|3460.00|2859.50|1|3460.00|2859.50|0.00|0.00| |0.00|0.00| 
70|1|1|7797453971720|1|07797453971720|ALIMENTO WHISKAS LATA GATITOS 340G.|PEDIGREE|3520.00|2909.09|1|3520.00|2909.09|0.00|0.00| |0.00|0.00| 
70|1|1|7797453971751|1|07797453971751|ALIMENTO WHISKAS LATA POLLO 340G.|PEDIGREE|3520.00|2909.09|1|3520.00|2909.09|0.00|0.00| |0.00|0.00| 
70|1|1|7797453971171|1|07797453971171|ALIMENTO WHISKAS POLLO 500G.|PEDIGREE|3460.00|2859.50|1|3460.00|2859.50|0.00|0.00| |0.00|0.00| 
70|1|1|7797453000420|1|07797453000420|ALIMENTO WHISKAS POUCH CARNE 85G.|PEDIGREE|1140.00|942.15|1|1140.00|942.15|0.00|0.00| |0.00|0.00| 
70|1|1|7797453000437|1|07797453000437|ALIMENTO WHISKAS POUCH PAVO 85G|PEDIGREE|1140.00|942.15|1|1140.00|942.15|0.00|0.00| |0.00|0.00| 
70|1|1|7797453000550|1|07797453000550|ALIMENTO WHISKAS POUCH POLLO 85G.|PEDIGREE|1140.00|942.15|1|1140.00|942.15|0.00|0.00| |0.00|0.00| 
70|1|4|7790380037767|1|07790380037767|ALMENDRAS C/CHOCO.GEORGALOS 80G.|GEORGALOS FIESTAS|2300.00|1900.83|1|2300.00|1900.83|0.00|0.00| |0.00|0.00| 
70|1|4|7792730021310|1|07792730021310|ALMENDRAS C/CHOCOLATE PAULISTA 80G.|PAULISTA|54.90|45.37|1|54.90|45.37|0.00|0.00| |0.00|0.00| 
70|1|4|7793589035015|1|07793589035015|ALMIDON DE MAIZ DAUBY 250G.|DAUBY|9.02|7.45|1|9.02|7.45|0.00|0.00| |0.00|0.00| 
70|1|1|7798075280078|1|07798075280078|ALMIDON DE MAIZ GLUTAL 200 GRS.|GLUTAL S.A.|650.00|537.19|1|650.00|537.19|0.00|0.00| |0.00|0.00| 
70|1|2|7798075280078|1|07798075280078|ALMIDON DE MAIZ GLUTAL 200 GRS.|GLUTAL S.A.|650.00|537.19|1|650.00|537.19|0.00|0.00| |0.00|0.00| 
70|1|3|7798075280078|1|07798075280078|ALMIDON DE MAIZ GLUTAL 200 GRS.|GLUTAL S.A.|650.00|537.19|1|650.00|537.19|0.00|0.00| |0.00|0.00| 
70|1|4|7798075280078|1|07798075280078|ALMIDON DE MAIZ GLUTAL 200 GRS.|GLUTAL S.A.|650.00|537.19|1|650.00|537.19|0.00|0.00| |0.00|0.00| 
70|1|2|7798075280023|1|07798075280023|ALMIDON DE MAIZ GLUTAL 500 GRS.|GLUTAL S.A.|1440.00|1190.08|1|1440.00|1190.08|0.00|0.00| |0.00|0.00| 
70|1|3|7798075280023|1|07798075280023|ALMIDON DE MAIZ GLUTAL 500 GRS.|GLUTAL S.A.|1440.00|1190.08|1|1440.00|1190.08|0.00|0.00| |0.00|0.00| 
70|1|4|7798075280023|1|07798075280023|ALMIDON DE MAIZ GLUTAL 500 GRS.|GLUTAL S.A.|1440.00|1190.08|1|1440.00|1190.08|0.00|0.00| |0.00|0.00| 
70|1|4|7794000599178|1|07794000599178|ALMIDON DE MAIZ MAIZENA 215G.|PR.VARIOS SUPERMERC.|65.00|53.72|1|65.00|53.72|0.00|0.00| |0.00|0.00| 
70|1|4|7794000599185|1|07794000599185|ALMIDON DE MAIZ MAIZENA 520G.|PR.VARIOS SUPERMERC.|140.00|115.70|1|140.00|115.70|0.00|0.00| |0.00|0.00| 
70|1|1|7798169800144|1|07798169800144|ALMOHADITAS P.PRECIO RELL.CHOCO.180|LASFOR S.R.L.|1490.00|1231.40|1|1490.00|1231.40|0.00|0.00| |0.00|0.00| 
70|1|2|7798169800144|1|07798169800144|ALMOHADITAS P.PRECIO RELL.CHOCO.180|LASFOR S.R.L.|1490.00|1231.40|1|1490.00|1231.40|0.00|0.00| |0.00|0.00| 
70|1|3|7798169800144|1|07798169800144|ALMOHADITAS P.PRECIO RELL.CHOCO.180|LASFOR S.R.L.|1490.00|1231.40|1|1490.00|1231.40|0.00|0.00| |0.00|0.00| 
70|1|4|7798169800144|1|07798169800144|ALMOHADITAS P.PRECIO RELL.CHOCO.180|LASFOR S.R.L.|1490.00|1231.40|1|1490.00|1231.40|0.00|0.00| |0.00|0.00| 
70|1|1|7798169800120|1|07798169800120|ALMOHADITAS P.PRECIO RELL.FRUTI.180|LASFOR S.R.L.|1490.00|1231.40|1|1490.00|1231.40|0.00|0.00| |0.00|0.00| 
70|1|2|7798169800120|1|07798169800120|ALMOHADITAS P.PRECIO RELL.FRUTI.180|LASFOR S.R.L.|1490.00|1231.40|1|1490.00|1231.40|0.00|0.00| |0.00|0.00| 
70|1|3|7798169800120|1|07798169800120|ALMOHADITAS P.PRECIO RELL.FRUTI.180|LASFOR S.R.L.|1490.00|1231.40|1|1490.00|1231.40|0.00|0.00| |0.00|0.00| 
70|1|4|7798169800120|1|07798169800120|ALMOHADITAS P.PRECIO RELL.FRUTI.180|LASFOR S.R.L.|1490.00|1231.40|1|1490.00|1231.40|0.00|0.00| |0.00|0.00| 
70|1|1|7798169800137|1|07798169800137|ALMOHADITAS P.PRECIO RELL.LIMON 180|LASFOR S.R.L.|1490.00|1231.40|1|1490.00|1231.40|0.00|0.00| |0.00|0.00| 
70|1|2|7798169800137|1|07798169800137|ALMOHADITAS P.PRECIO RELL.LIMON 180|LASFOR S.R.L.|1490.00|1231.40|1|1490.00|1231.40|0.00|0.00| |0.00|0.00| 
70|1|3|7798169800137|1|07798169800137|ALMOHADITAS P.PRECIO RELL.LIMON 180|LASFOR S.R.L.|1490.00|1231.40|1|1490.00|1231.40|0.00|0.00| |0.00|0.00| 
70|1|4|7798169800137|1|07798169800137|ALMOHADITAS P.PRECIO RELL.LIMON 180|LASFOR S.R.L.|1490.00|1231.40|1|1490.00|1231.40|0.00|0.00| |0.00|0.00| 
70|1|4|7798029030193|1|07798029030193|ALPISTE ECOSAN 400 GRS|ECOSAN|1740.00|1574.66|1|1740.00|1574.66|0.00|0.00| |0.00|0.00| 
70|1|1|7795933000441|1|07795933000441|ANANA EN RODAJAS BAHIA 490 GR.|REGIONAL TRADE|5850.00|4834.71|1|5850.00|4834.71|0.00|0.00| |0.00|0.00| 
70|1|2|7795933000441|1|07795933000441|ANANA EN RODAJAS BAHIA 490 GR.|REGIONAL TRADE|5850.00|4834.71|1|5850.00|4834.71|0.00|0.00| |0.00|0.00| 
70|1|3|7795933000441|1|07795933000441|ANANA EN RODAJAS BAHIA 490 GR.|REGIONAL TRADE|5850.00|4834.71|1|5850.00|4834.71|0.00|0.00| |0.00|0.00| 
70|1|4|7795933000441|1|07795933000441|ANANA EN RODAJAS BAHIA 490 GR.|REGIONAL TRADE|5850.00|4834.71|1|5850.00|4834.71|0.00|0.00| |0.00|0.00| 
70|1|1|7791885004810|1|07791885004810|ANANA EN RODAJAS CUMANA 490G|BAVOSI S.A.|5050.00|4173.55|1|5050.00|4173.55|0.00|0.00| |0.00|0.00| 
70|1|2|7791885004810|1|07791885004810|ANANA EN RODAJAS CUMANA 490G|BAVOSI S.A.|5050.00|4173.55|1|5050.00|4173.55|0.00|0.00| |0.00|0.00| 
70|1|4|7791885004810|1|07791885004810|ANANA EN RODAJAS CUMANA 490G|BAVOSI S.A.|5050.00|4173.55|1|5050.00|4173.55|0.00|0.00| |0.00|0.00| 
70|1|2|7798054011105|1|07798054011105|ANANA FIZZ FIESTA S/ALCOHOL PET 1LT|SUDAMERI. DE BEBIDAS|1899.00|1569.42|1|1899.00|1569.42|0.00|0.00| |0.00|0.00| 
70|1|1|7792855000511|1|07792855000511|ANANA FIZZ LA QUINTANA 720ML|LIKYER S.A.|2650.00|2190.08|1|2650.00|2190.08|0.00|0.00| |0.00|0.00| 
70|1|4|7792855000511|1|07792855000511|ANANA FIZZ LA QUINTANA 720ML|LIKYER S.A.|2650.00|2190.08|1|2650.00|2190.08|0.00|0.00| |0.00|0.00| 
70|1|4|7791305500021|1|07791305500021|ANANA FIZZ TUNUYAN 710CC.       |GUISASOLA HNOS.|2690.00|2223.14|1|2690.00|2223.14|0.00|0.00| |0.00|0.00| 
70|1|1|7798169800922|1|07798169800922|ANILLOS DE CEREAL P.PRECIO 160G. FR|LASFOR S.R.L.|980.00|809.92|1|980.00|809.92|0.00|0.00| |0.00|0.00| 
70|1|3|7798169800922|1|07798169800922|ANILLOS DE CEREAL P.PRECIO 160G. FR|LASFOR S.R.L.|980.00|809.92|1|980.00|809.92|0.00|0.00| |0.00|0.00| 
70|1|4|7798169800922|1|07798169800922|ANILLOS DE CEREAL P.PRECIO 160G. FR|LASFOR S.R.L.|980.00|809.92|1|980.00|809.92|0.00|0.00| |0.00|0.00| 
70|1|2|7797599231214|1|07797599231214|ANILLOS DE CEREAL PRIMER PRECIO 300|GENERAL CEREALS|1480.00|1223.14|1|1480.00|1223.14|0.00|0.00| |0.00|0.00| 
70|1|3|7797599231214|1|07797599231214|ANILLOS DE CEREAL PRIMER PRECIO 300|GENERAL CEREALS|1480.00|1223.14|1|1480.00|1223.14|0.00|0.00| |0.00|0.00| 
70|1|4|7797599231214|1|07797599231214|ANILLOS DE CEREAL PRIMER PRECIO 300|GENERAL CEREALS|1480.00|1223.14|1|1480.00|1223.14|0.00|0.00| |0.00|0.00| 
70|1|2|7790950001969|1|07790950001969|APERITIVO AMARGO OBRERO 950CC|CEPAS ARGENTINA S.A.|4198.00|3469.42|1|4198.00|3469.42|0.00|0.00| |0.00|0.00| 
70|1|3|7790950001969|1|07790950001969|APERITIVO AMARGO OBRERO 950CC|CEPAS ARGENTINA S.A.|4198.00|3469.42|1|4198.00|3469.42|0.00|0.00| |0.00|0.00| 
70|1|4|7790950001969|1|07790950001969|APERITIVO AMARGO OBRERO 950CC|CEPAS ARGENTINA S.A.|4198.00|3469.42|1|4198.00|3469.42|0.00|0.00| |0.00|0.00| 
70|1|1|7891136057029|1|07891136057029|APERITIVO APEROL 750CC|CAMPARI|9950.00|8223.14|1|9950.00|8223.14|0.00|0.00| |0.00|0.00| 
70|1|2|7891136057029|1|07891136057029|APERITIVO APEROL 750CC|CAMPARI|9950.00|8223.14|1|9950.00|8223.14|0.00|0.00| |0.00|0.00| 
70|1|3|7891136057029|1|07891136057029|APERITIVO APEROL 750CC|CAMPARI|9950.00|8223.14|1|9950.00|8223.14|0.00|0.00| |0.00|0.00| 
70|1|4|7891136057029|1|07891136057029|APERITIVO APEROL 750CC|CAMPARI|9950.00|8223.14|1|9950.00|8223.14|0.00|0.00| |0.00|0.00| 
70|1|1|7891136052000|1|07891136052000|APERITIVO CAMPARI 750 C.C.|CAMPARI|10150.00|8388.43|1|10150.00|8388.43|0.00|0.00| |0.00|0.00| 
70|1|2|7891136052000|1|07891136052000|APERITIVO CAMPARI 750 C.C.|CAMPARI|10150.00|8388.43|1|10150.00|8388.43|0.00|0.00| |0.00|0.00| 
70|1|3|7891136052000|1|07891136052000|APERITIVO CAMPARI 750 C.C.|CAMPARI|10150.00|8388.43|1|10150.00|8388.43|0.00|0.00| |0.00|0.00| 
70|1|4|7891136052000|1|07891136052000|APERITIVO CAMPARI 750 C.C.|CAMPARI|10150.00|8388.43|1|10150.00|8388.43|0.00|0.00| |0.00|0.00| 
70|1|1|7790290008291|1|07790290008291|APERITIVO CARPANO BIANCO 950C|FRATELLI BRANCA|7200.00|5950.41|1|7200.00|5950.41|0.00|0.00| |0.00|0.00| 
70|1|2|7790290008291|1|07790290008291|APERITIVO CARPANO BIANCO 950C|FRATELLI BRANCA|7200.00|5950.41|1|7200.00|5950.41|0.00|0.00| |0.00|0.00| 
70|1|1|7790290008192|1|07790290008192|APERITIVO CARPANO ROSSO 950CC|FRATELLI BRANCA|7200.00|5950.41|1|7200.00|5950.41|0.00|0.00| |0.00|0.00| 
70|1|2|7790290008192|1|07790290008192|APERITIVO CARPANO ROSSO 950CC|FRATELLI BRANCA|7200.00|5950.41|1|7200.00|5950.41|0.00|0.00| |0.00|0.00| 
70|1|3|7790290008192|1|07790290008192|APERITIVO CARPANO ROSSO 950CC|FRATELLI BRANCA|7200.00|5950.41|1|7200.00|5950.41|0.00|0.00| |0.00|0.00| 
70|1|4|7790290008192|1|07790290008192|APERITIVO CARPANO ROSSO 950CC|FRATELLI BRANCA|7200.00|5950.41|1|7200.00|5950.41|0.00|0.00| |0.00|0.00| 
70|1|1|7790197030203|1|07790197030203|APERITIVO CAZALIS LEGER 950 C.C. |CAMPARI|4870.00|4024.79|1|4870.00|4024.79|0.00|0.00| |0.00|0.00| 
70|1|2|7790197030203|1|07790197030203|APERITIVO CAZALIS LEGER 950 C.C. |CAMPARI|4870.00|4024.79|1|4870.00|4024.79|0.00|0.00| |0.00|0.00| 
70|1|3|7790197030203|1|07790197030203|APERITIVO CAZALIS LEGER 950 C.C. |CAMPARI|4870.00|4024.79|1|4870.00|4024.79|0.00|0.00| |0.00|0.00| 
70|1|4|7790197030203|1|07790197030203|APERITIVO CAZALIS LEGER 950 C.C. |CAMPARI|4870.00|4024.79|1|4870.00|4024.79|0.00|0.00| |0.00|0.00| 
70|1|1|7790139002879|1|07790139002879|APERITIVO FERNET 1882 750 C.C.|CEPAS ARGENTINA S.A.|7750.00|6404.96|1|7750.00|6404.96|0.00|0.00| |0.00|0.00| 
70|1|2|7790139002879|1|07790139002879|APERITIVO FERNET 1882 750 C.C.|CEPAS ARGENTINA S.A.|7750.00|6404.96|1|7750.00|6404.96|0.00|0.00| |0.00|0.00| 
70|1|3|7790139002879|1|07790139002879|APERITIVO FERNET 1882 750 C.C.|CEPAS ARGENTINA S.A.|7750.00|6404.96|1|7750.00|6404.96|0.00|0.00| |0.00|0.00| 
70|1|4|7790139002879|1|07790139002879|APERITIVO FERNET 1882 750 C.C.|CEPAS ARGENTINA S.A.|7750.00|6404.96|1|7750.00|6404.96|0.00|0.00| |0.00|0.00| 
70|1|1|7790290001179|1|07790290001179|APERITIVO FERNET BRANCA 450 CC   |FRATELLI BRANCA|8950.00|7396.69|1|8950.00|7396.69|0.00|0.00| |0.00|0.00| 
70|1|2|7790290001179|1|07790290001179|APERITIVO FERNET BRANCA 450 CC   |FRATELLI BRANCA|8950.00|7396.69|1|8950.00|7396.69|0.00|0.00| |0.00|0.00| 
70|1|3|7790290001179|1|07790290001179|APERITIVO FERNET BRANCA 450 CC   |FRATELLI BRANCA|8950.00|7396.69|1|8950.00|7396.69|0.00|0.00| |0.00|0.00| 
70|1|4|7790290001179|1|07790290001179|APERITIVO FERNET BRANCA 450 CC   |FRATELLI BRANCA|8950.00|7396.69|1|8950.00|7396.69|0.00|0.00| |0.00|0.00| 
70|1|1|7790290001193|1|07790290001193|APERITIVO FERNET BRANCA 750 CC|FRATELLI BRANCA|14300.00|11818.18|1|14300.00|11818.18|0.00|0.00| |0.00|0.00| 
70|1|2|7790290001193|1|07790290001193|APERITIVO FERNET BRANCA 750 CC|FRATELLI BRANCA|14300.00|11818.18|1|14300.00|11818.18|0.00|0.00| |0.00|0.00| 
70|1|3|7790290001193|1|07790290001193|APERITIVO FERNET BRANCA 750 CC|FRATELLI BRANCA|14300.00|11818.18|1|14300.00|11818.18|0.00|0.00| |0.00|0.00| 
70|1|4|7790290001193|1|07790290001193|APERITIVO FERNET BRANCA 750 CC|FRATELLI BRANCA|14300.00|11818.18|1|14300.00|11818.18|0.00|0.00| |0.00|0.00| 
70|1|1|7790950000191|1|07790950000191|APERITIVO GANCIA 450 C.C.|CEPAS ARGENTINA S.A.|3598.00|2973.55|1|3598.00|2973.55|0.00|0.00| |0.00|0.00| 
70|1|2|7790950000191|1|07790950000191|APERITIVO GANCIA 450 C.C.|CEPAS ARGENTINA S.A.|3598.00|2973.55|1|3598.00|2973.55|0.00|0.00| |0.00|0.00| 
70|1|3|7790950000191|1|07790950000191|APERITIVO GANCIA 450 C.C.|CEPAS ARGENTINA S.A.|3598.00|2973.55|1|3598.00|2973.55|0.00|0.00| |0.00|0.00| 
70|1|4|7790950000191|1|07790950000191|APERITIVO GANCIA 450 C.C.|CEPAS ARGENTINA S.A.|3598.00|2973.55|1|3598.00|2973.55|0.00|0.00| |0.00|0.00| 
70|1|1|7790950000160|1|07790950000160|APERITIVO GANCIA 950 CC|CEPAS ARGENTINA S.A.|6450.00|5330.58|1|6450.00|5330.58|0.00|0.00| |0.00|0.00| 
70|1|2|7790950000160|1|07790950000160|APERITIVO GANCIA 950 CC|CEPAS ARGENTINA S.A.|6450.00|5330.58|1|6450.00|5330.58|0.00|0.00| |0.00|0.00| 
70|1|3|7790950000160|1|07790950000160|APERITIVO GANCIA 950 CC|CEPAS ARGENTINA S.A.|6450.00|5330.58|1|6450.00|5330.58|0.00|0.00| |0.00|0.00| 
70|1|4|7790950000160|1|07790950000160|APERITIVO GANCIA 950 CC|CEPAS ARGENTINA S.A.|6450.00|5330.58|1|6450.00|5330.58|0.00|0.00| |0.00|0.00| 
70|1|1|7792570000308|1|07792570000308|APERITIVO MARCELA AMERICANO 950CC|CEPAS ARGENTINA S.A.|4600.00|3801.65|1|4600.00|3801.65|0.00|0.00| |0.00|0.00| 
70|1|2|7792570000308|1|07792570000308|APERITIVO MARCELA AMERICANO 950CC|CEPAS ARGENTINA S.A.|4600.00|3801.65|1|4600.00|3801.65|0.00|0.00| |0.00|0.00| 
70|1|3|7792570000308|1|07792570000308|APERITIVO MARCELA AMERICANO 950CC|CEPAS ARGENTINA S.A.|4600.00|3801.65|1|4600.00|3801.65|0.00|0.00| |0.00|0.00| 
70|1|4|7792570000308|1|07792570000308|APERITIVO MARCELA AMERICANO 950CC|CEPAS ARGENTINA S.A.|4600.00|3801.65|1|4600.00|3801.65|0.00|0.00| |0.00|0.00| 
70|1|1|7790950000443|1|07790950000443|APERITIVO MARTINI BIANCO 1 LT|CEPAS ARGENTINA S.A.|7100.00|5867.77|1|7100.00|5867.77|0.00|0.00| |0.00|0.00| 
70|1|2|7790950000443|1|07790950000443|APERITIVO MARTINI BIANCO 1 LT|CEPAS ARGENTINA S.A.|7100.00|5867.77|1|7100.00|5867.77|0.00|0.00| |0.00|0.00| 
70|1|3|7790950000443|1|07790950000443|APERITIVO MARTINI BIANCO 1 LT|CEPAS ARGENTINA S.A.|7100.00|5867.77|1|7100.00|5867.77|0.00|0.00| |0.00|0.00| 
70|1|4|7790950000443|1|07790950000443|APERITIVO MARTINI BIANCO 1 LT|CEPAS ARGENTINA S.A.|7100.00|5867.77|1|7100.00|5867.77|0.00|0.00| |0.00|0.00| 
70|1|1|7798054012157|1|07798054012157|APERITIVO P.PRECIO CITRUS 1500CC|SUDAMERI. DE BEBIDAS|990.00|818.18|1|990.00|818.18|0.00|0.00| |0.00|0.00| 
70|1|4|7798054012157|1|07798054012157|APERITIVO P.PRECIO CITRUS 1500CC|SUDAMERI. DE BEBIDAS|990.00|818.18|1|990.00|818.18|0.00|0.00| |0.00|0.00| 
70|1|1|7798054012126|1|07798054012126|APERITIVO P.PRECIO CORDILLERANO 150|SUDAMERI. DE BEBIDAS|990.00|818.18|1|990.00|818.18|0.00|0.00| |0.00|0.00| 
70|1|4|7798054012126|1|07798054012126|APERITIVO P.PRECIO CORDILLERANO 150|SUDAMERI. DE BEBIDAS|990.00|818.18|1|990.00|818.18|0.00|0.00| |0.00|0.00| 
70|1|1|7798054012133|1|07798054012133|APERITIVO P.PRECIO LIMON 1500CC|SUDAMERI. DE BEBIDAS|990.00|818.18|1|990.00|818.18|0.00|0.00| |0.00|0.00| 
70|1|4|7798054012133|1|07798054012133|APERITIVO P.PRECIO LIMON 1500CC|SUDAMERI. DE BEBIDAS|990.00|818.18|1|990.00|818.18|0.00|0.00| |0.00|0.00| 
70|1|1|7798054012652|1|07798054012652|APERITIVO P.PRECIO MANZANA 1500CC|SUDAMERI. DE BEBIDAS|990.00|818.18|1|990.00|818.18|0.00|0.00| |0.00|0.00| 
70|1|4|7798054012652|1|07798054012652|APERITIVO P.PRECIO MANZANA 1500CC|SUDAMERI. DE BEBIDAS|990.00|818.18|1|990.00|818.18|0.00|0.00| |0.00|0.00| 
70|1|1|7798054012140|1|07798054012140|APERITIVO P.PRECIO POMELO 1500CC|SUDAMERI. DE BEBIDAS|990.00|818.18|1|990.00|818.18|0.00|0.00| |0.00|0.00| 
70|1|1|7798054012119|1|07798054012119|APERITIVO P.PRECIO SERRANO 1500CC|SUDAMERI. DE BEBIDAS|990.00|818.18|1|990.00|818.18|0.00|0.00| |0.00|0.00| 
70|1|1|7790950134117|1|07790950134117|APERITIVO PINERAL 750ML.|CEPAS ARGENTINA S.A.|9960.00|8231.40|1|9960.00|8231.40|0.00|0.00| |0.00|0.00| 
70|1|3|7790950134117|1|07790950134117|APERITIVO PINERAL 750ML.|CEPAS ARGENTINA S.A.|9960.00|8231.40|1|9960.00|8231.40|0.00|0.00| |0.00|0.00| 
70|1|1|7790290007195|1|07790290007195|APERITIVO PUNT E MES 750 CC.     |FRATELLI BRANCA|7950.00|6570.25|1|7950.00|6570.25|0.00|0.00| |0.00|0.00| 
70|1|2|7790290007195|1|07790290007195|APERITIVO PUNT E MES 750 CC.     |FRATELLI BRANCA|7950.00|6570.25|1|7950.00|6570.25|0.00|0.00| |0.00|0.00| 
70|1|3|7790290007195|1|07790290007195|APERITIVO PUNT E MES 750 CC.     |FRATELLI BRANCA|7950.00|6570.25|1|7950.00|6570.25|0.00|0.00| |0.00|0.00| 
70|1|4|7790290007195|1|07790290007195|APERITIVO PUNT E MES 750 CC.     |FRATELLI BRANCA|7950.00|6570.25|1|7950.00|6570.25|0.00|0.00| |0.00|0.00| 
70|1|1|7790950003048|1|07790950003048|APERITIVO TACCONI SERRANO 1.5 LTS.|CEPAS ARGENTINA S.A.|1170.00|966.94|1|1170.00|966.94|0.00|0.00| |0.00|0.00| 
70|1|2|7790950003048|1|07790950003048|APERITIVO TACCONI SERRANO 1.5 LTS.|CEPAS ARGENTINA S.A.|1170.00|966.94|1|1170.00|966.94|0.00|0.00| |0.00|0.00| 
70|1|3|7790950003048|1|07790950003048|APERITIVO TACCONI SERRANO 1.5 LTS.|CEPAS ARGENTINA S.A.|1170.00|966.94|1|1170.00|966.94|0.00|0.00| |0.00|0.00| 
70|1|4|7790950003048|1|07790950003048|APERITIVO TACCONI SERRANO 1.5 LTS.|CEPAS ARGENTINA S.A.|1170.00|966.94|1|1170.00|966.94|0.00|0.00| |0.00|0.00| 
70|1|1|7790950133332|1|07790950133332|APERITIVO TERMA 1,35L. CUYANO|CEPAS ARGENTINA S.A.|1775.00|1466.94|1|1775.00|1466.94|0.00|0.00| |0.00|0.00| 
70|1|2|7790950133332|1|07790950133332|APERITIVO TERMA 1,35L. CUYANO|CEPAS ARGENTINA S.A.|1775.00|1466.94|1|1775.00|1466.94|0.00|0.00| |0.00|0.00| 
70|1|3|7790950133332|1|07790950133332|APERITIVO TERMA 1,35L. CUYANO|CEPAS ARGENTINA S.A.|1775.00|1466.94|1|1775.00|1466.94|0.00|0.00| |0.00|0.00| 
70|1|4|7790950133332|1|07790950133332|APERITIVO TERMA 1,35L. CUYANO|CEPAS ARGENTINA S.A.|1775.00|1466.94|1|1775.00|1466.94|0.00|0.00| |0.00|0.00| 
70|1|1|7790950133349|1|07790950133349|APERITIVO TERMA 1,35L. CUYANO CERO|CEPAS ARGENTINA S.A.|1775.00|1466.94|1|1775.00|1466.94|0.00|0.00| |0.00|0.00| 
70|1|2|7790950133349|1|07790950133349|APERITIVO TERMA 1,35L. CUYANO CERO|CEPAS ARGENTINA S.A.|1775.00|1466.94|1|1775.00|1466.94|0.00|0.00| |0.00|0.00| 
70|1|3|7790950133349|1|07790950133349|APERITIVO TERMA 1,35L. CUYANO CERO|CEPAS ARGENTINA S.A.|1775.00|1466.94|1|1775.00|1466.94|0.00|0.00| |0.00|0.00| 
70|1|4|7790950133349|1|07790950133349|APERITIVO TERMA 1,35L. CUYANO CERO|CEPAS ARGENTINA S.A.|1775.00|1466.94|1|1775.00|1466.94|0.00|0.00| |0.00|0.00| 
70|1|1|7790950133271|1|07790950133271|APERITIVO TERMA 1,35L. LIMON|CEPAS ARGENTINA S.A.|1775.00|1466.94|1|1775.00|1466.94|0.00|0.00| |0.00|0.00| 
70|1|3|7790950133271|1|07790950133271|APERITIVO TERMA 1,35L. LIMON|CEPAS ARGENTINA S.A.|1775.00|1466.94|1|1775.00|1466.94|0.00|0.00| |0.00|0.00| 
70|1|4|7790950133271|1|07790950133271|APERITIVO TERMA 1,35L. LIMON|CEPAS ARGENTINA S.A.|1775.00|1466.94|1|1775.00|1466.94|0.00|0.00| |0.00|0.00| 
70|1|1|7790950133288|1|07790950133288|APERITIVO TERMA 1,35L. LIMON CERO|CEPAS ARGENTINA S.A.|1775.00|1466.94|1|1775.00|1466.94|0.00|0.00| |0.00|0.00| 
70|1|2|7790950133288|1|07790950133288|APERITIVO TERMA 1,35L. LIMON CERO|CEPAS ARGENTINA S.A.|1775.00|1466.94|1|1775.00|1466.94|0.00|0.00| |0.00|0.00| 
70|1|3|7790950133288|1|07790950133288|APERITIVO TERMA 1,35L. LIMON CERO|CEPAS ARGENTINA S.A.|1775.00|1466.94|1|1775.00|1466.94|0.00|0.00| |0.00|0.00| 
70|1|4|7790950133288|1|07790950133288|APERITIVO TERMA 1,35L. LIMON CERO|CEPAS ARGENTINA S.A.|1775.00|1466.94|1|1775.00|1466.94|0.00|0.00| |0.00|0.00| 
70|1|1|7790950133356|1|07790950133356|APERITIVO TERMA 1,35L. PATAGONICO|CEPAS ARGENTINA S.A.|1775.00|1466.94|1|1775.00|1466.94|0.00|0.00| |0.00|0.00| 
70|1|2|7790950133356|1|07790950133356|APERITIVO TERMA 1,35L. PATAGONICO|CEPAS ARGENTINA S.A.|1775.00|1466.94|1|1775.00|1466.94|0.00|0.00| |0.00|0.00| 
70|1|3|7790950133356|1|07790950133356|APERITIVO TERMA 1,35L. PATAGONICO|CEPAS ARGENTINA S.A.|1775.00|1466.94|1|1775.00|1466.94|0.00|0.00| |0.00|0.00| 
70|1|4|7790950133356|1|07790950133356|APERITIVO TERMA 1,35L. PATAGONICO|CEPAS ARGENTINA S.A.|1775.00|1466.94|1|1775.00|1466.94|0.00|0.00| |0.00|0.00| 
70|1|1|7790950133257|1|07790950133257|APERITIVO TERMA 1,35L. POMELO|CEPAS ARGENTINA S.A.|1775.00|1466.94|1|1775.00|1466.94|0.00|0.00| |0.00|0.00| 
70|1|2|7790950133257|1|07790950133257|APERITIVO TERMA 1,35L. POMELO|CEPAS ARGENTINA S.A.|1775.00|1466.94|1|1775.00|1466.94|0.00|0.00| |0.00|0.00| 
70|1|3|7790950133257|1|07790950133257|APERITIVO TERMA 1,35L. POMELO|CEPAS ARGENTINA S.A.|1775.00|1466.94|1|1775.00|1466.94|0.00|0.00| |0.00|0.00| 
70|1|4|7790950133257|1|07790950133257|APERITIVO TERMA 1,35L. POMELO|CEPAS ARGENTINA S.A.|1775.00|1466.94|1|1775.00|1466.94|0.00|0.00| |0.00|0.00| 
70|1|1|7790950133363|1|07790950133363|APERITIVO TERMA 1,35L. POMELO ROSAD|CEPAS ARGENTINA S.A.|1775.00|1466.94|1|1775.00|1466.94|0.00|0.00| |0.00|0.00| 
70|1|2|7790950133363|1|07790950133363|APERITIVO TERMA 1,35L. POMELO ROSAD|CEPAS ARGENTINA S.A.|1775.00|1466.94|1|1775.00|1466.94|0.00|0.00| |0.00|0.00| 
70|1|3|7790950133363|1|07790950133363|APERITIVO TERMA 1,35L. POMELO ROSAD|CEPAS ARGENTINA S.A.|1775.00|1466.94|1|1775.00|1466.94|0.00|0.00| |0.00|0.00| 
70|1|4|7790950133363|1|07790950133363|APERITIVO TERMA 1,35L. POMELO ROSAD|CEPAS ARGENTINA S.A.|1775.00|1466.94|1|1775.00|1466.94|0.00|0.00| |0.00|0.00| 
70|1|1|7790950133318|1|07790950133318|APERITIVO TERMA 1,35L. SERRANO|CEPAS ARGENTINA S.A.|1775.00|1466.94|1|1775.00|1466.94|0.00|0.00| |0.00|0.00| 
70|1|2|7790950133318|1|07790950133318|APERITIVO TERMA 1,35L. SERRANO|CEPAS ARGENTINA S.A.|1775.00|1466.94|1|1775.00|1466.94|0.00|0.00| |0.00|0.00| 
70|1|3|7790950133318|1|07790950133318|APERITIVO TERMA 1,35L. SERRANO|CEPAS ARGENTINA S.A.|1775.00|1466.94|1|1775.00|1466.94|0.00|0.00| |0.00|0.00| 
70|1|4|7790950133318|1|07790950133318|APERITIVO TERMA 1,35L. SERRANO|CEPAS ARGENTINA S.A.|1775.00|1466.94|1|1775.00|1466.94|0.00|0.00| |0.00|0.00| 
70|1|1|7790950133325|1|07790950133325|APERITIVO TERMA 1,35L. SERRANO CERO|CEPAS ARGENTINA S.A.|1775.00|1466.94|1|1775.00|1466.94|0.00|0.00| |0.00|0.00| 
70|1|2|7790950133325|1|07790950133325|APERITIVO TERMA 1,35L. SERRANO CERO|CEPAS ARGENTINA S.A.|1775.00|1466.94|1|1775.00|1466.94|0.00|0.00| |0.00|0.00| 
70|1|3|7790950133325|1|07790950133325|APERITIVO TERMA 1,35L. SERRANO CERO|CEPAS ARGENTINA S.A.|1775.00|1466.94|1|1775.00|1466.94|0.00|0.00| |0.00|0.00| 
70|1|4|7790950133325|1|07790950133325|APERITIVO TERMA 1,35L. SERRANO CERO|CEPAS ARGENTINA S.A.|1775.00|1466.94|1|1775.00|1466.94|0.00|0.00| |0.00|0.00| 
70|1|1|7790950003437|1|07790950003437|APERITIVO TRES TORRES BLANCO 1.5 LT|CEPAS ARGENTINA S.A.|1125.00|929.75|1|1125.00|929.75|0.00|0.00| |0.00|0.00| 
70|1|2|7790950003437|1|07790950003437|APERITIVO TRES TORRES BLANCO 1.5 LT|CEPAS ARGENTINA S.A.|1125.00|929.75|1|1125.00|929.75|0.00|0.00| |0.00|0.00| 
70|1|3|7790950003437|1|07790950003437|APERITIVO TRES TORRES BLANCO 1.5 LT|CEPAS ARGENTINA S.A.|1125.00|929.75|1|1125.00|929.75|0.00|0.00| |0.00|0.00| 
70|1|4|7790950003437|1|07790950003437|APERITIVO TRES TORRES BLANCO 1.5 LT|CEPAS ARGENTINA S.A.|1125.00|929.75|1|1125.00|929.75|0.00|0.00| |0.00|0.00| 
70|1|1|7790950003444|1|07790950003444|APERITIVO TRES TORRES LIMON 1.5 LTS|CEPAS ARGENTINA S.A.|1125.00|929.75|1|1125.00|929.75|0.00|0.00| |0.00|0.00| 
70|1|2|7790950003444|1|07790950003444|APERITIVO TRES TORRES LIMON 1.5 LTS|CEPAS ARGENTINA S.A.|1125.00|929.75|1|1125.00|929.75|0.00|0.00| |0.00|0.00| 
70|1|3|7790950003444|1|07790950003444|APERITIVO TRES TORRES LIMON 1.5 LTS|CEPAS ARGENTINA S.A.|1125.00|929.75|1|1125.00|929.75|0.00|0.00| |0.00|0.00| 
70|1|4|7790950003444|1|07790950003444|APERITIVO TRES TORRES LIMON 1.5 LTS|CEPAS ARGENTINA S.A.|1125.00|929.75|1|1125.00|929.75|0.00|0.00| |0.00|0.00| 
70|1|1|7790950003420|1|07790950003420|APERITIVO TRES TORRES SERRANO 1.5 L|CEPAS ARGENTINA S.A.|1125.00|929.75|1|1125.00|929.75|0.00|0.00| |0.00|0.00| 
70|1|2|7790950003420|1|07790950003420|APERITIVO TRES TORRES SERRANO 1.5 L|CEPAS ARGENTINA S.A.|1125.00|929.75|1|1125.00|929.75|0.00|0.00| |0.00|0.00| 
70|1|3|7790950003420|1|07790950003420|APERITIVO TRES TORRES SERRANO 1.5 L|CEPAS ARGENTINA S.A.|1125.00|929.75|1|1125.00|929.75|0.00|0.00| |0.00|0.00| 
70|1|4|7790950003420|1|07790950003420|APERITIVO TRES TORRES SERRANO 1.5 L|CEPAS ARGENTINA S.A.|1125.00|929.75|1|1125.00|929.75|0.00|0.00| |0.00|0.00| 
70|1|4|7791229001710|1|07791229001710|APOSITOS POSTPARTO COMODIN MED.10U|HISAN S.A.|1798.05|1485.99|1|1798.05|1485.99|0.00|0.00| |0.00|0.00| 
70|1|3|7792816281898|1|07792816281898|APRESTO DANUBIO 390CC|HECSPI|3000.00|2479.34|1|3000.00|2479.34|0.00|0.00| |0.00|0.00| 
70|1|4|7792816281898|1|07792816281898|APRESTO DANUBIO 390CC|HECSPI|3000.00|2479.34|1|3000.00|2479.34|0.00|0.00| |0.00|0.00| 
70|1|4|7791019175294|1|07791019175294|ARITOS AVENA Y MIEL P.PRECIO 180|PR.VARIOS SUPERMERC.|29.60|24.46|1|29.60|24.46|0.00|0.00| |0.00|0.00| 
70|1|1|7791078022744|1|07791078022744|ARITOS CON MIEL GRANIX 130 GRS.|CEAPE1|1570.00|1297.52|1|1570.00|1297.52|0.00|0.00| |0.00|0.00| 
70|1|2|7791078022744|1|07791078022744|ARITOS CON MIEL GRANIX 130 GRS.|CEAPE1|1570.00|1297.52|1|1570.00|1297.52|0.00|0.00| |0.00|0.00| 
70|1|4|7791078022744|1|07791078022744|ARITOS CON MIEL GRANIX 130 GRS.|CEAPE1|1570.00|1297.52|1|1570.00|1297.52|0.00|0.00| |0.00|0.00| 
70|1|1|7793706000049|1|07793706000049|ARITOS DE MAIZ JULICROC JAMON 65G.|JULICROC|840.00|694.21|1|840.00|694.21|0.00|0.00| |0.00|0.00| 
70|1|4|7793706000049|1|07793706000049|ARITOS DE MAIZ JULICROC JAMON 65G.|JULICROC|840.00|694.21|1|840.00|694.21|0.00|0.00| |0.00|0.00| 
70|1|1|7791078022737|1|07791078022737|ARITOS FRUTALES GRANIX 130 GRS.|CEAPE1|1550.00|1280.99|1|1550.00|1280.99|0.00|0.00| |0.00|0.00| 
70|1|4|7791078022737|1|07791078022737|ARITOS FRUTALES GRANIX 130 GRS.|CEAPE1|1550.00|1280.99|1|1550.00|1280.99|0.00|0.00| |0.00|0.00| 
70|1|4|0000000055466|0|00000000055466|ARITOS JULICROC PIZZA 1KG.|JULICROC|5300.00|4380.17|1|5300.00|4380.17|0.00|0.00| |0.00|0.00| 
70|1|4|7793706001091|1|07793706001091|ARITOS JULICROC PIZZA 65G.|JULICROC|752.75|622.11|1|752.75|622.11|0.00|0.00| |0.00|0.00| 
70|1|1|7790070936493|1|07790070936493|ARLISTAN INSTANTANEO 100G.|MOLINOS RIO DL.PLATA|3940.00|3256.20|1|3940.00|3256.20|0.00|0.00| |0.00|0.00| 
70|1|2|7790070936493|1|07790070936493|ARLISTAN INSTANTANEO 100G.|MOLINOS RIO DL.PLATA|3940.00|3256.20|1|3940.00|3256.20|0.00|0.00| |0.00|0.00| 
70|1|3|7790070936493|1|07790070936493|ARLISTAN INSTANTANEO 100G.|MOLINOS RIO DL.PLATA|3940.00|3256.20|1|3940.00|3256.20|0.00|0.00| |0.00|0.00| 
70|1|4|7790070936493|1|07790070936493|ARLISTAN INSTANTANEO 100G.|MOLINOS RIO DL.PLATA|3940.00|3256.20|1|3940.00|3256.20|0.00|0.00| |0.00|0.00| 
70|1|4|7790070936479|1|07790070936479|ARLISTAN INSTANTANEO 170G.|PR.VARIOS SUPERMERC.|350.25|289.46|1|350.25|289.46|0.00|0.00| |0.00|0.00| 
70|1|1|7790070936516|1|07790070936516|ARLISTAN INSTANTANEO 50G.|MOLINOS RIO DL.PLATA|2270.00|1876.03|1|2270.00|1876.03|0.00|0.00| |0.00|0.00| 
70|1|2|7790070936516|1|07790070936516|ARLISTAN INSTANTANEO 50G.|MOLINOS RIO DL.PLATA|2270.00|1876.03|1|2270.00|1876.03|0.00|0.00| |0.00|0.00| 
70|1|3|7790070936516|1|07790070936516|ARLISTAN INSTANTANEO 50G.|MOLINOS RIO DL.PLATA|2270.00|1876.03|1|2270.00|1876.03|0.00|0.00| |0.00|0.00| 
70|1|4|7790070936516|1|07790070936516|ARLISTAN INSTANTANEO 50G.|MOLINOS RIO DL.PLATA|2270.00|1876.03|1|2270.00|1876.03|0.00|0.00| |0.00|0.00| 
70|1|4|7790520019851|1|07790520019851|AROMATIZANTE GLADE GEL 70G. LAVANDA|PROV.VARIOS LIMPIEZA|3141.53|2596.31|1|3141.53|2596.31|0.00|0.00| |0.00|0.00| 
70|1|4|7790520019820|1|07790520019820|AROMATIZANTE GLADE GEL AUTO ACQUA 7|PROV.VARIOS LIMPIEZA|3141.53|2596.31|1|3141.53|2596.31|0.00|0.00| |0.00|0.00| 
70|1|4|7790520015723|1|07790520015723|AROMATIZANTE GLADE TOQUE REP.X1U.LI|SCJ AIRE|4350.00|3595.04|1|4350.00|3595.04|0.00|0.00| |0.00|0.00| 
70|1|4|7798084052604|1|07798084052604|AROMATIZANTE K78 C/ATOM. 75CC|K78 CHEMICAL|2775.00|2293.39|1|2775.00|2293.39|0.00|0.00| |0.00|0.00| 
70|1|4|7793253170622|1|07793253170622|AROMATIZANTE POETT NATURAL BLENDS F|CLOROX|6000.00|4958.68|1|6000.00|4958.68|0.00|0.00| |0.00|0.00| 
70|1|1|7794270000152|1|07794270000152|ARROZ BARBARA L.F.00000 1 KG.    |SAGEMULLER|1280.00|1057.85|1|1280.00|1057.85|0.00|0.00| |0.00|0.00| 
70|1|2|7794270000152|1|07794270000152|ARROZ BARBARA L.F.00000 1 KG.    |SAGEMULLER|1280.00|1057.85|1|1280.00|1057.85|0.00|0.00| |0.00|0.00| 
70|1|4|7794270000152|1|07794270000152|ARROZ BARBARA L.F.00000 1 KG.    |SAGEMULLER|1280.00|1057.85|1|1280.00|1057.85|0.00|0.00| |0.00|0.00| 
70|1|1|7794270000190|1|07794270000190|ARROZ BARBARA L.F.00000 500 GRS.|SAGEMULLER|640.00|528.93|1|640.00|528.93|0.00|0.00| |0.00|0.00| 
70|1|3|7794270000190|1|07794270000190|ARROZ BARBARA L.F.00000 500 GRS.|SAGEMULLER|640.00|528.93|1|640.00|528.93|0.00|0.00| |0.00|0.00| 
70|1|3|7791880000541|1|07791880000541|ARROZ GALLO INTEGRAL 1KG. EST      |MOLINOS RIO DL.PLATA|2100.00|1735.54|1|2100.00|1735.54|0.00|0.00| |0.00|0.00| 
70|1|4|7791880000541|1|07791880000541|ARROZ GALLO INTEGRAL 1KG. EST      |MOLINOS RIO DL.PLATA|2100.00|1735.54|1|2100.00|1735.54|0.00|0.00| |0.00|0.00| 
70|1|1|7791880000145|1|07791880000145|ARROZ GALLO LARGO FINO 1 KG.     |MOLINOS RIO DL.PLATA|1750.00|1446.28|1|1750.00|1446.28|0.00|0.00| |0.00|0.00| 
70|1|3|7791880000145|1|07791880000145|ARROZ GALLO LARGO FINO 1 KG.     |MOLINOS RIO DL.PLATA|1750.00|1446.28|1|1750.00|1446.28|0.00|0.00| |0.00|0.00| 
70|1|4|7791880000145|1|07791880000145|ARROZ GALLO LARGO FINO 1 KG.     |MOLINOS RIO DL.PLATA|1750.00|1446.28|1|1750.00|1446.28|0.00|0.00| |0.00|0.00| 
70|1|1|7790070411877|1|07790070411877|ARROZ GALLO LARGO FINO 500G.|MOLINOS RIO DL.PLATA|920.00|760.33|1|920.00|760.33|0.00|0.00| |0.00|0.00| 
70|1|3|7790070411877|1|07790070411877|ARROZ GALLO LARGO FINO 500G.|MOLINOS RIO DL.PLATA|920.00|760.33|1|920.00|760.33|0.00|0.00| |0.00|0.00| 
70|1|4|7790070411877|1|07790070411877|ARROZ GALLO LARGO FINO 500G.|MOLINOS RIO DL.PLATA|920.00|760.33|1|920.00|760.33|0.00|0.00| |0.00|0.00| 
70|1|1|7791880000428|1|07791880000428|ARROZ GALLO ORO 1 KG. PARBOIL ESTUC|MOLINOS RIO DL.PLATA|2470.00|2041.32|1|2470.00|2041.32|0.00|0.00| |0.00|0.00| 
70|1|3|7791880000428|1|07791880000428|ARROZ GALLO ORO 1 KG. PARBOIL ESTUC|MOLINOS RIO DL.PLATA|2470.00|2041.32|1|2470.00|2041.32|0.00|0.00| |0.00|0.00| 
70|1|4|7791880000428|1|07791880000428|ARROZ GALLO ORO 1 KG. PARBOIL ESTUC|MOLINOS RIO DL.PLATA|2470.00|2041.32|1|2470.00|2041.32|0.00|0.00| |0.00|0.00| 
70|1|1|7791880000442|1|07791880000442|ARROZ GALLO ORO 5 KG.|MOLINOS RIO DL.PLATA|8120.00|6710.74|1|8120.00|6710.74|0.00|0.00| |0.00|0.00| 
70|1|2|7791880000442|1|07791880000442|ARROZ GALLO ORO 5 KG.|MOLINOS RIO DL.PLATA|8120.00|6710.74|1|8120.00|6710.74|0.00|0.00| |0.00|0.00| 
70|1|3|7791880000442|1|07791880000442|ARROZ GALLO ORO 5 KG.|MOLINOS RIO DL.PLATA|8120.00|6710.74|1|8120.00|6710.74|0.00|0.00| |0.00|0.00| 
70|1|1|7791880000411|1|07791880000411|ARROZ GALLO ORO 500 GRS.|MOLINOS RIO DL.PLATA|1000.00|826.45|1|1000.00|826.45|0.00|0.00| |0.00|0.00| 
70|1|3|7791880000411|1|07791880000411|ARROZ GALLO ORO 500 GRS.|MOLINOS RIO DL.PLATA|1000.00|826.45|1|1000.00|826.45|0.00|0.00| |0.00|0.00| 
70|1|4|7791880000411|1|07791880000411|ARROZ GALLO ORO 500 GRS.|MOLINOS RIO DL.PLATA|1000.00|826.45|1|1000.00|826.45|0.00|0.00| |0.00|0.00| 
70|1|1|7791880000459|1|07791880000459|ARROZ GALLO ORO DOBLE 1 KG|MOLINOS RIO DL.PLATA|2780.00|2297.52|1|2780.00|2297.52|0.00|0.00| |0.00|0.00| 
70|1|1|7790070408310|1|07790070408310|ARROZ LUCCHETTI LARGO FINO 1 KG.|MOLINOS RIO DL.PLATA|1400.00|1157.02|1|1400.00|1157.02|0.00|0.00| |0.00|0.00| 
70|1|2|7790070408310|1|07790070408310|ARROZ LUCCHETTI LARGO FINO 1 KG.|MOLINOS RIO DL.PLATA|1400.00|1157.02|1|1400.00|1157.02|0.00|0.00| |0.00|0.00| 
70|1|3|7790070408310|1|07790070408310|ARROZ LUCCHETTI LARGO FINO 1 KG.|MOLINOS RIO DL.PLATA|1400.00|1157.02|1|1400.00|1157.02|0.00|0.00| |0.00|0.00| 
70|1|4|7790070408310|1|07790070408310|ARROZ LUCCHETTI LARGO FINO 1 KG.|MOLINOS RIO DL.PLATA|1400.00|1157.02|1|1400.00|1157.02|0.00|0.00| |0.00|0.00| 
70|1|1|7790070410610|1|07790070410610|ARROZ LUCCHETTI LARGO FINO 500G.|MOLINOS RIO DL.PLATA|760.00|628.10|1|760.00|628.10|0.00|0.00| |0.00|0.00| 
70|1|3|7790070410610|1|07790070410610|ARROZ LUCCHETTI LARGO FINO 500G.|MOLINOS RIO DL.PLATA|760.00|628.10|1|760.00|628.10|0.00|0.00| |0.00|0.00| 
70|1|4|7790070410610|1|07790070410610|ARROZ LUCCHETTI LARGO FINO 500G.|MOLINOS RIO DL.PLATA|760.00|628.10|1|760.00|628.10|0.00|0.00| |0.00|0.00| 
70|1|1|7790060043019|1|07790060043019|ARROZ LUCCHETTI PARBOIL 1KG. BOLSA|MOLINOS RIO DL.PLATA|1610.00|1330.58|1|1610.00|1330.58|0.00|0.00| |0.00|0.00| 
70|1|2|7790060043019|1|07790060043019|ARROZ LUCCHETTI PARBOIL 1KG. BOLSA|MOLINOS RIO DL.PLATA|1610.00|1330.58|1|1610.00|1330.58|0.00|0.00| |0.00|0.00| 
70|1|3|7790060043019|1|07790060043019|ARROZ LUCCHETTI PARBOIL 1KG. BOLSA|MOLINOS RIO DL.PLATA|1610.00|1330.58|1|1610.00|1330.58|0.00|0.00| |0.00|0.00| 
70|1|4|7790060043019|1|07790060043019|ARROZ LUCCHETTI PARBOIL 1KG. BOLSA|MOLINOS RIO DL.PLATA|1610.00|1330.58|1|1610.00|1330.58|0.00|0.00| |0.00|0.00| 
70|1|1|7790070411822|1|07790070411822|ARROZ LUCCHETTI PARBOLILED 500G.|MOLINOS RIO DL.PLATA|850.00|702.48|1|850.00|702.48|0.00|0.00| |0.00|0.00| 
70|1|3|7790070411822|1|07790070411822|ARROZ LUCCHETTI PARBOLILED 500G.|MOLINOS RIO DL.PLATA|850.00|702.48|1|850.00|702.48|0.00|0.00| |0.00|0.00| 
70|1|4|7791584000441|1|07791584000441|ARROZ P.PRECIO 0000 1 KG.|SEMILLAS Y CEREALES |990.00|818.18|1|990.00|818.18|0.00|0.00| |0.00|0.00| 
70|1|1|7791584000434|1|07791584000434|ARROZ P.PRECIO 00000 1 KG.|SEMILLAS Y CEREALES |950.00|785.12|1|950.00|785.12|0.00|0.00| |0.00|0.00| 
70|1|2|7791584000434|1|07791584000434|ARROZ P.PRECIO 00000 1 KG.|SEMILLAS Y CEREALES |950.00|785.12|1|950.00|785.12|0.00|0.00| |0.00|0.00| 
70|1|3|7791584000434|1|07791584000434|ARROZ P.PRECIO 00000 1 KG.|SEMILLAS Y CEREALES |950.00|785.12|1|950.00|785.12|0.00|0.00| |0.00|0.00| 
70|1|4|7791584000434|1|07791584000434|ARROZ P.PRECIO 00000 1 KG.|SEMILLAS Y CEREALES |950.00|785.12|1|950.00|785.12|0.00|0.00| |0.00|0.00| 
70|1|1|7798029030018|1|07798029030018|ARVEJAS PARTIDAS ECOSAN 400 GRS|ECOSAN|940.00|776.86|1|940.00|776.86|0.00|0.00| |0.00|0.00| 
70|1|2|7798029030018|1|07798029030018|ARVEJAS PARTIDAS ECOSAN 400 GRS|ECOSAN|940.00|776.86|1|940.00|776.86|0.00|0.00| |0.00|0.00| 
70|1|3|7798029030018|1|07798029030018|ARVEJAS PARTIDAS ECOSAN 400 GRS|ECOSAN|940.00|776.86|1|940.00|776.86|0.00|0.00| |0.00|0.00| 
70|1|1|7792665010670|1|07792665010670|ARVEJAS PARTIDAS MONARCA 400G.|MONARCA|605.00|500.00|1|605.00|500.00|0.00|0.00| |0.00|0.00| 
70|1|3|7792665010670|1|07792665010670|ARVEJAS PARTIDAS MONARCA 400G.|MONARCA|605.00|500.00|1|605.00|500.00|0.00|0.00| |0.00|0.00| 
70|1|4|7792665010670|1|07792665010670|ARVEJAS PARTIDAS MONARCA 400G.|MONARCA|605.00|500.00|1|605.00|500.00|0.00|0.00| |0.00|0.00| 
70|1|1|7792350005271|1|07792350005271|ARVEJAS PRIMER PRECIO SECAS REMO205|INALPA|540.00|446.28|1|540.00|446.28|0.00|0.00| |0.00|0.00| 
70|1|2|7792350005271|1|07792350005271|ARVEJAS PRIMER PRECIO SECAS REMO205|INALPA|540.00|446.28|1|540.00|446.28|0.00|0.00| |0.00|0.00| 
70|1|3|7792350005271|1|07792350005271|ARVEJAS PRIMER PRECIO SECAS REMO205|INALPA|540.00|446.28|1|540.00|446.28|0.00|0.00| |0.00|0.00| 
70|1|4|7792350005271|1|07792350005271|ARVEJAS PRIMER PRECIO SECAS REMO205|INALPA|540.00|446.28|1|540.00|446.28|0.00|0.00| |0.00|0.00| 
70|1|1|7795933000298|1|07795933000298|ATUN BAHIA AL NATURAL DESM.120 G.|REGIONAL TRADE|1370.00|1132.23|1|1370.00|1132.23|0.00|0.00| |0.00|0.00| 
70|1|2|7795933000298|1|07795933000298|ATUN BAHIA AL NATURAL DESM.120 G.|REGIONAL TRADE|1370.00|1132.23|1|1370.00|1132.23|0.00|0.00| |0.00|0.00| 
70|1|4|7795933000298|1|07795933000298|ATUN BAHIA AL NATURAL DESM.120 G.|REGIONAL TRADE|1370.00|1132.23|1|1370.00|1132.23|0.00|0.00| |0.00|0.00| 
70|1|1|7795933000281|1|07795933000281|ATUN BAHIA EN ACEITE DESM.120 G.|REGIONAL TRADE|1370.00|1132.23|1|1370.00|1132.23|0.00|0.00| |0.00|0.00| 
70|1|2|7795933000281|1|07795933000281|ATUN BAHIA EN ACEITE DESM.120 G.|REGIONAL TRADE|1370.00|1132.23|1|1370.00|1132.23|0.00|0.00| |0.00|0.00| 
70|1|1|7795933000496|1|07795933000496|ATUN BAHIA LOMITOS ACEITE 120G.|REGIONAL TRADE|2830.00|2338.84|1|2830.00|2338.84|0.00|0.00| |0.00|0.00| 
70|1|2|7795933000496|1|07795933000496|ATUN BAHIA LOMITOS ACEITE 120G.|REGIONAL TRADE|2830.00|2338.84|1|2830.00|2338.84|0.00|0.00| |0.00|0.00| 
70|1|3|7795933000496|1|07795933000496|ATUN BAHIA LOMITOS ACEITE 120G.|REGIONAL TRADE|2830.00|2338.84|1|2830.00|2338.84|0.00|0.00| |0.00|0.00| 
70|1|4|7795933000496|1|07795933000496|ATUN BAHIA LOMITOS ACEITE 120G.|REGIONAL TRADE|2830.00|2338.84|1|2830.00|2338.84|0.00|0.00| |0.00|0.00| 
70|1|1|7795933000502|1|07795933000502|ATUN BAHIA LOMITOS NATURAL 120G|REGIONAL TRADE|2890.00|2388.43|1|2890.00|2388.43|0.00|0.00| |0.00|0.00| 
70|1|2|7795933000502|1|07795933000502|ATUN BAHIA LOMITOS NATURAL 120G|REGIONAL TRADE|2890.00|2388.43|1|2890.00|2388.43|0.00|0.00| |0.00|0.00| 
70|1|3|7795933000502|1|07795933000502|ATUN BAHIA LOMITOS NATURAL 120G|REGIONAL TRADE|2890.00|2388.43|1|2890.00|2388.43|0.00|0.00| |0.00|0.00| 
70|1|1|7791102005910|1|07791102005910|ATUN COOPERATIVA TROZOS ACEITE 112G|COOP.OBRERA BAHIA BL|2600.00|2148.76|1|2600.00|2148.76|0.00|0.00| |0.00|0.00| 
70|1|2|7791102005910|1|07791102005910|ATUN COOPERATIVA TROZOS ACEITE 112G|COOP.OBRERA BAHIA BL|2600.00|2148.76|1|2600.00|2148.76|0.00|0.00| |0.00|0.00| 
70|1|4|7791102005910|1|07791102005910|ATUN COOPERATIVA TROZOS ACEITE 112G|COOP.OBRERA BAHIA BL|2600.00|2148.76|1|2600.00|2148.76|0.00|0.00| |0.00|0.00| 
70|1|1|7791102005903|1|07791102005903|ATUN COOPERATIVA TROZOS NATURAL 112|COOP.OBRERA BAHIA BL|2600.00|2148.76|1|2600.00|2148.76|0.00|0.00| |0.00|0.00| 
70|1|2|7791102005903|1|07791102005903|ATUN COOPERATIVA TROZOS NATURAL 112|COOP.OBRERA BAHIA BL|2600.00|2148.76|1|2600.00|2148.76|0.00|0.00| |0.00|0.00| 
70|1|3|7791102005903|1|07791102005903|ATUN COOPERATIVA TROZOS NATURAL 112|COOP.OBRERA BAHIA BL|2600.00|2148.76|1|2600.00|2148.76|0.00|0.00| |0.00|0.00| 
70|1|4|7791102005903|1|07791102005903|ATUN COOPERATIVA TROZOS NATURAL 112|COOP.OBRERA BAHIA BL|2600.00|2148.76|1|2600.00|2148.76|0.00|0.00| |0.00|0.00| 
70|1|1|7791885000393|1|07791885000393|ATUN CUMANA ACEITE DESMEN. 120G.|BAVOSI S.A.|1350.00|1115.70|1|1350.00|1115.70|0.00|0.00| |0.00|0.00| 
70|1|2|7791885000393|1|07791885000393|ATUN CUMANA ACEITE DESMEN. 120G.|BAVOSI S.A.|1350.00|1115.70|1|1350.00|1115.70|0.00|0.00| |0.00|0.00| 
70|1|3|7791885000393|1|07791885000393|ATUN CUMANA ACEITE DESMEN. 120G.|BAVOSI S.A.|1350.00|1115.70|1|1350.00|1115.70|0.00|0.00| |0.00|0.00| 
70|1|4|7791885000393|1|07791885000393|ATUN CUMANA ACEITE DESMEN. 120G.|BAVOSI S.A.|1350.00|1115.70|1|1350.00|1115.70|0.00|0.00| |0.00|0.00| 
70|1|1|7791885004094|1|07791885004094|ATUN CUMANA LOMITOS ACEITE Y AGUA 1|BAVOSI S.A.|2600.00|2148.76|1|2600.00|2148.76|0.00|0.00| |0.00|0.00| 
70|1|2|7791885004094|1|07791885004094|ATUN CUMANA LOMITOS ACEITE Y AGUA 1|BAVOSI S.A.|2600.00|2148.76|1|2600.00|2148.76|0.00|0.00| |0.00|0.00| 
70|1|3|7791885004094|1|07791885004094|ATUN CUMANA LOMITOS ACEITE Y AGUA 1|BAVOSI S.A.|2600.00|2148.76|1|2600.00|2148.76|0.00|0.00| |0.00|0.00| 
70|1|4|7791885004094|1|07791885004094|ATUN CUMANA LOMITOS ACEITE Y AGUA 1|BAVOSI S.A.|2600.00|2148.76|1|2600.00|2148.76|0.00|0.00| |0.00|0.00| 
70|1|1|7791885004087|1|07791885004087|ATUN CUMANA LOMITOS NATURAL 170G|BAVOSI S.A.|2600.00|2148.76|1|2600.00|2148.76|0.00|0.00| |0.00|0.00| 
70|1|2|7791885004087|1|07791885004087|ATUN CUMANA LOMITOS NATURAL 170G|BAVOSI S.A.|2600.00|2148.76|1|2600.00|2148.76|0.00|0.00| |0.00|0.00| 
70|1|3|7791885004087|1|07791885004087|ATUN CUMANA LOMITOS NATURAL 170G|BAVOSI S.A.|2600.00|2148.76|1|2600.00|2148.76|0.00|0.00| |0.00|0.00| 
70|1|4|7791885004087|1|07791885004087|ATUN CUMANA LOMITOS NATURAL 170G|BAVOSI S.A.|2600.00|2148.76|1|2600.00|2148.76|0.00|0.00| |0.00|0.00| 
70|1|1|7791885000386|1|07791885000386|ATUN CUMANA NATURAL DESMEN. 120G.|BAVOSI S.A.|1350.00|1115.70|1|1350.00|1115.70|0.00|0.00| |0.00|0.00| 
70|1|2|7791885000386|1|07791885000386|ATUN CUMANA NATURAL DESMEN. 120G.|BAVOSI S.A.|1350.00|1115.70|1|1350.00|1115.70|0.00|0.00| |0.00|0.00| 
70|1|3|7791885000386|1|07791885000386|ATUN CUMANA NATURAL DESMEN. 120G.|BAVOSI S.A.|1350.00|1115.70|1|1350.00|1115.70|0.00|0.00| |0.00|0.00| 
70|1|4|7791885000386|1|07791885000386|ATUN CUMANA NATURAL DESMEN. 120G.|BAVOSI S.A.|1350.00|1115.70|1|1350.00|1115.70|0.00|0.00| |0.00|0.00| 
70|1|4|7791102008201|1|07791102008201|ATUN ECOOP TROZOS SIN SAL 112G|COOP.OBRERA BAHIA BL|2600.00|2148.76|1|2600.00|2148.76|0.00|0.00| |0.00|0.00| 
70|1|4|7790520988997|1|07790520988997|AUTOBRILLO BLEM INCOLORO FLORAL 450|PROV.VARIOS LIMPIEZA|2271.91|1877.61|1|2271.91|1877.61|0.00|0.00| |0.00|0.00| 
70|1|1|7790613000230|1|07790613000230|AUTOBRILLO SUIZA 900CC INCOLORO |VILLARD Y LOUIS|7025.00|5805.79|1|7025.00|5805.79|0.00|0.00| |0.00|0.00| 
70|1|4|7790613000230|1|07790613000230|AUTOBRILLO SUIZA 900CC INCOLORO |VILLARD Y LOUIS|7025.00|5805.79|1|7025.00|5805.79|0.00|0.00| |0.00|0.00| 
70|1|4|7790613071087|1|07790613071087|AUTOBRILLO SUIZA DP.400CC INCOLORO|VILLARD Y LOUIS|3500.00|2892.56|1|3500.00|2892.56|0.00|0.00| |0.00|0.00| 
70|1|4|7790613071100|1|07790613071100|AUTOBRILLO SUIZA DP.400CC ROJO|VILLARD Y LOUIS|3500.00|2892.56|1|3500.00|2892.56|0.00|0.00| |0.00|0.00| 
70|1|4|7790613001626|1|07790613001626|AUTOBRILLO SUIZA DP.900CC INCOLORO|VILLARD Y LOUIS|5357.64|4427.80|1|5357.64|4427.80|0.00|0.00| |0.00|0.00| 
70|1|1|7798029030186|1|07798029030186|AVENA ARROLLADA ECOSAN 250 GRS|ECOSAN|1050.00|867.77|1|1050.00|867.77|0.00|0.00| |0.00|0.00| 
70|1|2|7798029030186|1|07798029030186|AVENA ARROLLADA ECOSAN 250 GRS|ECOSAN|1050.00|867.77|1|1050.00|867.77|0.00|0.00| |0.00|0.00| 
70|1|3|7798029030186|1|07798029030186|AVENA ARROLLADA ECOSAN 250 GRS|ECOSAN|1050.00|867.77|1|1050.00|867.77|0.00|0.00| |0.00|0.00| 
70|1|4|7798029030186|1|07798029030186|AVENA ARROLLADA ECOSAN 250 GRS|ECOSAN|1050.00|867.77|1|1050.00|867.77|0.00|0.00| |0.00|0.00| 
70|1|3|7794980904245|1|07794980904245|AZAFRAN MOLIDO YUSPE 2UNID.|YUSPE|5950.00|4917.36|1|5950.00|4917.36|0.00|0.00| |0.00|0.00| 
70|1|4|7794980904245|1|07794980904245|AZAFRAN MOLIDO YUSPE 2UNID.|YUSPE|5950.00|4917.36|1|5950.00|4917.36|0.00|0.00| |0.00|0.00| 
70|1|1|7791100000481|1|07791100000481|AZUCAR CHANGO 1 KG.              |AZUCAR VARIOS|1490.00|1231.40|1|1490.00|1231.40|0.00|0.00| |0.00|0.00| 
70|1|2|7791100000481|1|07791100000481|AZUCAR CHANGO 1 KG.              |AZUCAR VARIOS|1490.00|1231.40|1|1490.00|1231.40|0.00|0.00| |0.00|0.00| 
70|1|3|7791100000481|1|07791100000481|AZUCAR CHANGO 1 KG.              |AZUCAR VARIOS|1490.00|1231.40|1|1490.00|1231.40|0.00|0.00| |0.00|0.00| 
70|1|4|7791100000481|1|07791100000481|AZUCAR CHANGO 1 KG.              |AZUCAR VARIOS|1490.00|1231.40|1|1490.00|1231.40|0.00|0.00| |0.00|0.00| 
70|1|2|7792880000012|1|07792880000012|AZUCAR EN PANCITOS MENDEZ 500G   |AZUMENDEZ|2990.00|2471.07|1|2990.00|2471.07|0.00|0.00| |0.00|0.00| 
70|1|1|7791122000643|1|07791122000643|AZUCAR IMPALPABLE VELEZ 1 KG.|EPIFANIO JIMENEZ|2470.00|2041.32|1|2470.00|2041.32|0.00|0.00| |0.00|0.00| 
70|1|3|7791122000643|1|07791122000643|AZUCAR IMPALPABLE VELEZ 1 KG.|EPIFANIO JIMENEZ|2470.00|2041.32|1|2470.00|2041.32|0.00|0.00| |0.00|0.00| 
70|1|1|7795631000019|1|07795631000019|AZUCAR MYRIAM 1 KG.|AZUCAR VARIOS|1350.00|1115.70|1|1350.00|1115.70|0.00|0.00| |0.00|0.00| 
70|1|2|7795631000019|1|07795631000019|AZUCAR MYRIAM 1 KG.|AZUCAR VARIOS|1350.00|1115.70|1|1350.00|1115.70|0.00|0.00| |0.00|0.00| 
70|1|3|7795631000019|1|07795631000019|AZUCAR MYRIAM 1 KG.|AZUCAR VARIOS|1350.00|1115.70|1|1350.00|1115.70|0.00|0.00| |0.00|0.00| 
70|1|4|7795631000019|1|07795631000019|AZUCAR MYRIAM 1 KG.|AZUCAR VARIOS|1350.00|1115.70|1|1350.00|1115.70|0.00|0.00| |0.00|0.00| 
70|1|2|7795631000132|1|07795631000132|AZUCAR MYRIAM 2 KG|AZUCAR VARIOS|2250.00|1859.50|1|2250.00|1859.50|0.00|0.00| |0.00|0.00| 
70|1|3|7795631000132|1|07795631000132|AZUCAR MYRIAM 2 KG|AZUCAR VARIOS|2250.00|1859.50|1|2250.00|1859.50|0.00|0.00| |0.00|0.00| 
70|1|2|7791100046069|1|07791100046069|AZUCAR ORGANICO CHANGO 1KG.|AZUCAR VARIOS|4720.00|3900.83|1|4720.00|3900.83|0.00|0.00| |0.00|0.00| 
70|1|4|7791100046069|1|07791100046069|AZUCAR ORGANICO CHANGO 1KG.|AZUCAR VARIOS|4720.00|3900.83|1|4720.00|3900.83|0.00|0.00| |0.00|0.00| 
70|1|1|7798141971565|1|07798141971565|AZUCAR PRIMER PRECIO 1KG.|AZUCAR VARIOS|1150.00|950.41|1|1150.00|950.41|0.00|0.00| |0.00|0.00| 
70|1|2|7798141971565|1|07798141971565|AZUCAR PRIMER PRECIO 1KG.|AZUCAR VARIOS|1150.00|950.41|1|1150.00|950.41|0.00|0.00| |0.00|0.00| 
70|1|3|7798141971565|1|07798141971565|AZUCAR PRIMER PRECIO 1KG.|AZUCAR VARIOS|1150.00|950.41|1|1150.00|950.41|0.00|0.00| |0.00|0.00| 
70|1|4|7798141971565|1|07798141971565|AZUCAR PRIMER PRECIO 1KG.|AZUCAR VARIOS|1150.00|950.41|1|1150.00|950.41|0.00|0.00| |0.00|0.00| 
70|1|1|7791078022720|1|07791078022720|BALONCITOS GRANIX CHOCOLATADOS 150G|CEAPE1|2680.00|2214.88|1|2680.00|2214.88|0.00|0.00| |0.00|0.00| 
70|1|4|7791078022720|1|07791078022720|BALONCITOS GRANIX CHOCOLATADOS 150G|CEAPE1|2680.00|2214.88|1|2680.00|2214.88|0.00|0.00| |0.00|0.00| 
70|1|4|6000001055386|1|06000001055386|BANANA ECUADOR KG.        |VERDULERIA|3300.00|2986.43|1|3300.00|2986.43|0.00|0.00| |0.00|0.00| 
70|1|4|7794728001595|1|07794728001595|BANDAS DEPIMIEL P/DEPILACION X 100 |DEPIMIEL|8046.05|6649.63|1|8046.05|6649.63|0.00|0.00| |0.00|0.00| 
70|1|4|7790407031471|1|07790407031471|BAÑO REPOSTERIA AGUILA BLANCO 150|ARCOR S.A.|3520.00|2909.09|1|3520.00|2909.09|0.00|0.00| |0.00|0.00| 
70|1|4|7790407031648|1|07790407031648|BAÑO REPOSTERIA AGUILA LECHE 150|ARCOR S.A.|3520.00|2909.09|1|3520.00|2909.09|0.00|0.00| |0.00|0.00| 
70|1|4|0000077916501|1|00000077916501|BARRA CEREAL ARCOR MIX 23 GRS.|CANDY MIX|890.00|735.54|1|890.00|735.54|0.00|0.00| |0.00|0.00| 
70|1|4|0000077935274|1|00000077935274|BARRA CEREAL ARCOR MIX FRUT.YOGH.26|CANDY MIX|890.00|735.54|1|890.00|735.54|0.00|0.00| |0.00|0.00| 
70|1|4|0000077915818|1|00000077915818|BARRA CEREAL ARCOR MIX LIGHT MANZ23|CANDY MIX|890.00|735.54|1|890.00|735.54|0.00|0.00| |0.00|0.00| 
70|1|4|0000077995407|1|00000077995407|BARRA CEREAL ARCOR MIX LIGHT YOGHUR|CANDY MIX|890.00|735.54|1|890.00|735.54|0.00|0.00| |0.00|0.00| 
70|1|2|7792170001040|1|07792170001040|BARRA DE CEREAL QUAKER 156G. MOUSSE|ALCO S.A.|3740.00|3090.91|1|3740.00|3090.91|0.00|0.00| |0.00|0.00| 
70|1|2|7792170000456|1|07792170000456|BARRA DE CEREAL QUAKER 26G. CHIPS |ALCO S.A.|616.95|509.88|1|616.95|509.88|0.00|0.00| |0.00|0.00| 
70|1|2|7792170000470|1|07792170000470|BARRA DE CEREAL QUAKER 26G. MOUSSE |ALCO S.A.|616.95|509.88|1|616.95|509.88|0.00|0.00| |0.00|0.00| 
70|1|2|7792170110063|1|07792170110063|BARRA DE CEREAL QUAKER 30G.FRUTILLA|ALCO S.A.|616.95|509.88|1|616.95|509.88|0.00|0.00| |0.00|0.00| 
70|1|1|7798228640070|1|07798228640070|BARRITAS DE ARROZ CROWIE 3U. CHOCOL|CROWIE|1080.00|892.56|1|1080.00|892.56|0.00|0.00| |0.00|0.00| 
70|1|4|6000001117510|1|06000001117510|BATATA COLORADA KG.     |VERDULERIA|1900.00|1719.46|1|1900.00|1719.46|0.00|0.00| |0.00|0.00| 
70|1|1|6001495062508|1|06001495062508|BEBIDA AMARULA 750 C.C.|CEPAS ARGENTINA S.A.|31150.00|25743.80|1|31150.00|25743.80|0.00|0.00| |0.00|0.00| 
70|1|2|6001495062508|1|06001495062508|BEBIDA AMARULA 750 C.C.|CEPAS ARGENTINA S.A.|31150.00|25743.80|1|31150.00|25743.80|0.00|0.00| |0.00|0.00| 
70|1|3|6001495062508|1|06001495062508|BEBIDA AMARULA 750 C.C.|CEPAS ARGENTINA S.A.|31150.00|25743.80|1|31150.00|25743.80|0.00|0.00| |0.00|0.00| 
70|1|4|6001495062508|1|06001495062508|BEBIDA AMARULA 750 C.C.|CEPAS ARGENTINA S.A.|31150.00|25743.80|1|31150.00|25743.80|0.00|0.00| |0.00|0.00| 
70|1|1|7790950134896|1|07790950134896|BEBIDA DR. LEMON 1L.C/VODKA POMELO |CEPAS ARGENTINA S.A.|3300.00|2727.27|1|3300.00|2727.27|0.00|0.00| |0.00|0.00| 
70|1|2|7790950134896|1|07790950134896|BEBIDA DR. LEMON 1L.C/VODKA POMELO |CEPAS ARGENTINA S.A.|3300.00|2727.27|1|3300.00|2727.27|0.00|0.00| |0.00|0.00| 
70|1|1|7790950131918|1|07790950131918|BEBIDA DR. LEMON 1L.CON VODKA|CEPAS ARGENTINA S.A.|3300.00|2727.27|1|3300.00|2727.27|0.00|0.00| |0.00|0.00| 
70|1|2|7790950131918|1|07790950131918|BEBIDA DR. LEMON 1L.CON VODKA|CEPAS ARGENTINA S.A.|3300.00|2727.27|1|3300.00|2727.27|0.00|0.00| |0.00|0.00| 
70|1|3|7790950131918|1|07790950131918|BEBIDA DR. LEMON 1L.CON VODKA|CEPAS ARGENTINA S.A.|3300.00|2727.27|1|3300.00|2727.27|0.00|0.00| |0.00|0.00| 
70|1|4|7790950131918|1|07790950131918|BEBIDA DR. LEMON 1L.CON VODKA|CEPAS ARGENTINA S.A.|3300.00|2727.27|1|3300.00|2727.27|0.00|0.00| |0.00|0.00| 
70|1|1|7790950202816|1|07790950202816|BEBIDA DR. LEMON 473ML.CON LIMON|CEPAS ARGENTINA S.A.|1850.00|1528.93|1|1850.00|1528.93|0.00|0.00| |0.00|0.00| 
70|1|2|7790950202816|1|07790950202816|BEBIDA DR. LEMON 473ML.CON LIMON|CEPAS ARGENTINA S.A.|1850.00|1528.93|1|1850.00|1528.93|0.00|0.00| |0.00|0.00| 
70|1|3|7790950202816|1|07790950202816|BEBIDA DR. LEMON 473ML.CON LIMON|CEPAS ARGENTINA S.A.|1850.00|1528.93|1|1850.00|1528.93|0.00|0.00| |0.00|0.00| 
70|1|4|7790950202816|1|07790950202816|BEBIDA DR. LEMON 473ML.CON LIMON|CEPAS ARGENTINA S.A.|1850.00|1528.93|1|1850.00|1528.93|0.00|0.00| |0.00|0.00| 
70|1|1|7792170110704|1|07792170110704|BEBIDA GATORADE 1,250CC COOL BLUE|PEPSI-SEVEN UP|3150.00|2603.31|1|3150.00|2603.31|0.00|0.00| |0.00|0.00| 
70|1|2|7792170110704|1|07792170110704|BEBIDA GATORADE 1,250CC COOL BLUE|PEPSI-SEVEN UP|3150.00|2603.31|1|3150.00|2603.31|0.00|0.00| |0.00|0.00| 
70|1|3|7792170110704|1|07792170110704|BEBIDA GATORADE 1,250CC COOL BLUE|PEPSI-SEVEN UP|3150.00|2603.31|1|3150.00|2603.31|0.00|0.00| |0.00|0.00| 
70|1|1|7792170110568|1|07792170110568|BEBIDA GATORADE 1,250CC FR.TROP|PEPSI-SEVEN UP|3150.00|2603.31|1|3150.00|2603.31|0.00|0.00| |0.00|0.00| 
70|1|3|7792170110568|1|07792170110568|BEBIDA GATORADE 1,250CC FR.TROP|PEPSI-SEVEN UP|3150.00|2603.31|1|3150.00|2603.31|0.00|0.00| |0.00|0.00| 
70|1|4|7792170110568|1|07792170110568|BEBIDA GATORADE 1,250CC FR.TROP|PEPSI-SEVEN UP|3150.00|2603.31|1|3150.00|2603.31|0.00|0.00| |0.00|0.00| 
70|1|1|7792170110575|1|07792170110575|BEBIDA GATORADE 1,250CC MANZANA|PEPSI-SEVEN UP|3150.00|2603.31|1|3150.00|2603.31|0.00|0.00| |0.00|0.00| 
70|1|2|7792170110575|1|07792170110575|BEBIDA GATORADE 1,250CC MANZANA|PEPSI-SEVEN UP|3150.00|2603.31|1|3150.00|2603.31|0.00|0.00| |0.00|0.00| 
70|1|3|7792170110575|1|07792170110575|BEBIDA GATORADE 1,250CC MANZANA|PEPSI-SEVEN UP|3150.00|2603.31|1|3150.00|2603.31|0.00|0.00| |0.00|0.00| 
70|1|1|7792170110551|1|07792170110551|BEBIDA GATORADE 1,250CC NARANJA|PEPSI-SEVEN UP|3150.00|2603.31|1|3150.00|2603.31|0.00|0.00| |0.00|0.00| 
70|1|2|7792170110551|1|07792170110551|BEBIDA GATORADE 1,250CC NARANJA|PEPSI-SEVEN UP|3150.00|2603.31|1|3150.00|2603.31|0.00|0.00| |0.00|0.00| 
70|1|3|7792170110551|1|07792170110551|BEBIDA GATORADE 1,250CC NARANJA|PEPSI-SEVEN UP|3150.00|2603.31|1|3150.00|2603.31|0.00|0.00| |0.00|0.00| 
70|1|1|7792170042067|1|07792170042067|BEBIDA GATORADE 500CC COOL BLUE|PEPSI-SEVEN UP|1575.00|1301.65|1|1575.00|1301.65|0.00|0.00| |0.00|0.00| 
70|1|2|7792170042067|1|07792170042067|BEBIDA GATORADE 500CC COOL BLUE|PEPSI-SEVEN UP|1575.00|1301.65|1|1575.00|1301.65|0.00|0.00| |0.00|0.00| 
70|1|3|7792170042067|1|07792170042067|BEBIDA GATORADE 500CC COOL BLUE|PEPSI-SEVEN UP|1575.00|1301.65|1|1575.00|1301.65|0.00|0.00| |0.00|0.00| 
70|1|1|7792170042005|1|07792170042005|BEBIDA GATORADE 500CC MANZANA|PEPSI-SEVEN UP|1575.00|1301.65|1|1575.00|1301.65|0.00|0.00| |0.00|0.00| 
70|1|2|7792170042005|1|07792170042005|BEBIDA GATORADE 500CC MANZANA|PEPSI-SEVEN UP|1575.00|1301.65|1|1575.00|1301.65|0.00|0.00| |0.00|0.00| 
70|1|4|7792170042005|1|07792170042005|BEBIDA GATORADE 500CC MANZANA|PEPSI-SEVEN UP|1575.00|1301.65|1|1575.00|1301.65|0.00|0.00| |0.00|0.00| 
70|1|1|7792170042012|1|07792170042012|BEBIDA GATORADE 500CC NARANJA|PEPSI-SEVEN UP|1575.00|1301.65|1|1575.00|1301.65|0.00|0.00| |0.00|0.00| 
70|1|2|7792170042012|1|07792170042012|BEBIDA GATORADE 500CC NARANJA|PEPSI-SEVEN UP|1575.00|1301.65|1|1575.00|1301.65|0.00|0.00| |0.00|0.00| 
70|1|1|7790895641183|1|07790895641183|BEBIDA POWERADE 500CC.FR.TROP.|COCA COLA|2000.00|1652.89|1|2000.00|1652.89|0.00|0.00| |0.00|0.00| 
70|1|3|7790895641183|1|07790895641183|BEBIDA POWERADE 500CC.FR.TROP.|COCA COLA|2000.00|1652.89|1|2000.00|1652.89|0.00|0.00| |0.00|0.00| 
70|1|4|7790895641183|1|07790895641183|BEBIDA POWERADE 500CC.FR.TROP.|COCA COLA|2000.00|1652.89|1|2000.00|1652.89|0.00|0.00| |0.00|0.00| 
70|1|1|7790895640018|1|07790895640018|BEBIDA POWERADE 500CC.MANZANA|COCA COLA|2000.00|1652.89|1|2000.00|1652.89|0.00|0.00| |0.00|0.00| 
70|1|3|7790895640018|1|07790895640018|BEBIDA POWERADE 500CC.MANZANA|COCA COLA|2000.00|1652.89|1|2000.00|1652.89|0.00|0.00| |0.00|0.00| 
70|1|4|7790895640018|1|07790895640018|BEBIDA POWERADE 500CC.MANZANA|COCA COLA|2000.00|1652.89|1|2000.00|1652.89|0.00|0.00| |0.00|0.00| 
70|1|1|7790895640025|1|07790895640025|BEBIDA POWERADE 500CC.MOUNTAIN BLAS|COCA COLA|2000.00|1652.89|1|2000.00|1652.89|0.00|0.00| |0.00|0.00| 
70|1|3|7790895640025|1|07790895640025|BEBIDA POWERADE 500CC.MOUNTAIN BLAS|COCA COLA|2000.00|1652.89|1|2000.00|1652.89|0.00|0.00| |0.00|0.00| 
70|1|4|7790895640025|1|07790895640025|BEBIDA POWERADE 500CC.MOUNTAIN BLAS|COCA COLA|2000.00|1652.89|1|2000.00|1652.89|0.00|0.00| |0.00|0.00| 
70|1|3|7790895006104|1|07790895006104|BEBIDA POWERADE 995ML FRUTAS TROPIC|COCA COLA|3300.00|2727.27|1|3300.00|2727.27|0.00|0.00| |0.00|0.00| 
70|1|1|7790895006036|1|07790895006036|BEBIDA POWERADE 995ML MANZANA|COCA COLA|3300.00|2727.27|1|3300.00|2727.27|0.00|0.00| |0.00|0.00| 
70|1|4|7790895006036|1|07790895006036|BEBIDA POWERADE 995ML MANZANA|COCA COLA|3300.00|2727.27|1|3300.00|2727.27|0.00|0.00| |0.00|0.00| 
70|1|1|7790895006029|1|07790895006029|BEBIDA POWERADE 995ML MOUNTAIN BLAS|COCA COLA|3300.00|2727.27|1|3300.00|2727.27|0.00|0.00| |0.00|0.00| 
70|1|3|7790895006029|1|07790895006029|BEBIDA POWERADE 995ML MOUNTAIN BLAS|COCA COLA|3300.00|2727.27|1|3300.00|2727.27|0.00|0.00| |0.00|0.00| 
70|1|4|7790895006029|1|07790895006029|BEBIDA POWERADE 995ML MOUNTAIN BLAS|COCA COLA|3300.00|2727.27|1|3300.00|2727.27|0.00|0.00| |0.00|0.00| 
70|1|4|7790127000986|1|07790127000986|BERENJENA EN ESCABECHE VANOLI 270G.|PR.VARIOS SUPERMERC.|5358.30|4428.35|1|5358.30|4428.35|0.00|0.00| |0.00|0.00| 
70|1|4|6000001055768|1|06000001055768|BERENJENA NEGRA KG.     |VERDULERIA|2400.00|2171.95|1|2400.00|2171.95|0.00|0.00| |0.00|0.00| 
70|1|2|7790150430330|1|07790150430330|BICARBONATO ALICANTE 50G.|LA VIRGINIA|580.00|479.34|1|580.00|479.34|0.00|0.00| |0.00|0.00| 
70|1|3|7790150430330|1|07790150430330|BICARBONATO ALICANTE 50G.|LA VIRGINIA|580.00|479.34|1|580.00|479.34|0.00|0.00| |0.00|0.00| 
70|1|4|7790150430330|1|07790150430330|BICARBONATO ALICANTE 50G.|LA VIRGINIA|580.00|479.34|1|580.00|479.34|0.00|0.00| |0.00|0.00| 
70|1|2|7794980911250|1|07794980911250|BICARBONATO DE SODIO YUSPE 50G.|YUSPE|460.00|380.17|1|460.00|380.17|0.00|0.00| |0.00|0.00| 
70|1|4|7794980911250|1|07794980911250|BICARBONATO DE SODIO YUSPE 50G.|YUSPE|460.00|380.17|1|460.00|380.17|0.00|0.00| |0.00|0.00| 
70|1|4|7791122000346|1|07791122000346|BICARBONATO VELEZ 50 GRS.|EPIFANIO JIMENEZ|460.00|380.17|1|460.00|380.17|0.00|0.00| |0.00|0.00| 
70|1|1|7798026610114|1|07798026610114|BIDON DE AGUA AGUA NUESTRA 20 LTS.|AGUA NUESTRA|5240.00|4330.58|1|5240.00|4330.58|0.00|0.00| |0.00|0.00| 
70|1|4|7798026610114|1|07798026610114|BIDON DE AGUA AGUA NUESTRA 20 LTS.|AGUA NUESTRA|5240.00|4330.58|1|5240.00|4330.58|0.00|0.00| |0.00|0.00| 
70|1|1|7792200000128|1|07792200000128|BIZCOCHOS 9 DE ORO AGRID.200 G   |MOLINO CAÑUELAS|890.00|735.54|1|890.00|735.54|0.00|0.00| |0.00|0.00| 
70|1|2|7792200000128|1|07792200000128|BIZCOCHOS 9 DE ORO AGRID.200 G   |MOLINO CAÑUELAS|890.00|735.54|1|890.00|735.54|0.00|0.00| |0.00|0.00| 
70|1|3|7792200000128|1|07792200000128|BIZCOCHOS 9 DE ORO AGRID.200 G   |MOLINO CAÑUELAS|890.00|735.54|1|890.00|735.54|0.00|0.00| |0.00|0.00| 
70|1|4|7792200000128|1|07792200000128|BIZCOCHOS 9 DE ORO AGRID.200 G   |MOLINO CAÑUELAS|890.00|735.54|1|890.00|735.54|0.00|0.00| |0.00|0.00| 
70|1|1|7792200000319|1|07792200000319|BIZCOCHOS 9 DE ORO AZUCAR.210G   |MOLINO CAÑUELAS|890.00|735.54|1|890.00|735.54|0.00|0.00| |0.00|0.00| 
70|1|2|7792200000319|1|07792200000319|BIZCOCHOS 9 DE ORO AZUCAR.210G   |MOLINO CAÑUELAS|890.00|735.54|1|890.00|735.54|0.00|0.00| |0.00|0.00| 
70|1|3|7792200000319|1|07792200000319|BIZCOCHOS 9 DE ORO AZUCAR.210G   |MOLINO CAÑUELAS|890.00|735.54|1|890.00|735.54|0.00|0.00| |0.00|0.00| 
70|1|4|7792200000319|1|07792200000319|BIZCOCHOS 9 DE ORO AZUCAR.210G   |MOLINO CAÑUELAS|890.00|735.54|1|890.00|735.54|0.00|0.00| |0.00|0.00| 
70|1|1|7792200000159|1|07792200000159|BIZCOCHOS 9 DE ORO CLASICO 200G.|MOLINO CAÑUELAS|890.00|735.54|1|890.00|735.54|0.00|0.00| |0.00|0.00| 
70|1|2|7792200000159|1|07792200000159|BIZCOCHOS 9 DE ORO CLASICO 200G.|MOLINO CAÑUELAS|890.00|735.54|1|890.00|735.54|0.00|0.00| |0.00|0.00| 
70|1|3|7792200000159|1|07792200000159|BIZCOCHOS 9 DE ORO CLASICO 200G.|MOLINO CAÑUELAS|890.00|735.54|1|890.00|735.54|0.00|0.00| |0.00|0.00| 
70|1|4|7792200000159|1|07792200000159|BIZCOCHOS 9 DE ORO CLASICO 200G.|MOLINO CAÑUELAS|890.00|735.54|1|890.00|735.54|0.00|0.00| |0.00|0.00| 
70|1|1|7792200000777|1|07792200000777|BIZCOCHOS 9 DE ORO LIGHT 170 GRS.|MOLINO CAÑUELAS|890.00|735.54|1|890.00|735.54|0.00|0.00| |0.00|0.00| 
70|1|3|7792200000777|1|07792200000777|BIZCOCHOS 9 DE ORO LIGHT 170 GRS.|MOLINO CAÑUELAS|890.00|735.54|1|890.00|735.54|0.00|0.00| |0.00|0.00| 
70|1|4|7792200000777|1|07792200000777|BIZCOCHOS 9 DE ORO LIGHT 170 GRS.|MOLINO CAÑUELAS|890.00|735.54|1|890.00|735.54|0.00|0.00| |0.00|0.00| 
70|1|4|0000000120827|0|00000000120827|BIZCOCHOS CONGELADO KG.|PANIF. SAN JOSE|5536.75|4575.83|1|5536.75|4575.83|0.00|0.00| |0.00|0.00| 
70|1|4|7790070411358|1|07790070411358|BIZCOCHOS DE ARROZ GALLO DULCES 100|CHOCOARROZ|1620.00|1338.84|1|1620.00|1338.84|0.00|0.00| |0.00|0.00| 
70|1|2|7790070411365|1|07790070411365|BIZCOCHOS DE ARROZ GALLO SALADOS 10|CHOCOARROZ|1620.00|1338.84|1|1620.00|1338.84|0.00|0.00| |0.00|0.00| 
70|1|1|7790070412454|1|07790070412454|BIZCOCHOS DE ARROZ GALLO T.NEGRA 10|CHOCOARROZ|1620.00|1338.84|1|1620.00|1338.84|0.00|0.00| |0.00|0.00| 
70|1|4|0000000074682|0|00000000074682|BIZCOCHOS DULCES DON PEDRO 300G.|PANIF.LA MAGA NOGOYA|1830.00|1512.40|1|1830.00|1512.40|0.00|0.00| |0.00|0.00| 
70|1|1|7795735000335|1|07795735000335|BIZCOCHOS DULCES DON SATUR 200 GR.|DON SATUR|810.00|669.42|1|810.00|669.42|0.00|0.00| |0.00|0.00| 
70|1|2|7795735000335|1|07795735000335|BIZCOCHOS DULCES DON SATUR 200 GR.|DON SATUR|810.00|669.42|1|810.00|669.42|0.00|0.00| |0.00|0.00| 
70|1|3|7795735000335|1|07795735000335|BIZCOCHOS DULCES DON SATUR 200 GR.|DON SATUR|810.00|669.42|1|810.00|669.42|0.00|0.00| |0.00|0.00| 
70|1|1|7790045823872|1|07790045823872|BIZCOCHOS GRANIX TRADICIONAL 180 |CEAPE1|1350.00|1115.70|1|1350.00|1115.70|0.00|0.00| |0.00|0.00| 
70|1|1|7795735000342|1|07795735000342|BIZCOCHOS NEGROS DON SATUR 200 GR.|DON SATUR|810.00|669.42|1|810.00|669.42|0.00|0.00| |0.00|0.00| 
70|1|2|7795735000342|1|07795735000342|BIZCOCHOS NEGROS DON SATUR 200 GR.|DON SATUR|810.00|669.42|1|810.00|669.42|0.00|0.00| |0.00|0.00| 
70|1|3|7795735000342|1|07795735000342|BIZCOCHOS NEGROS DON SATUR 200 GR.|DON SATUR|810.00|669.42|1|810.00|669.42|0.00|0.00| |0.00|0.00| 
70|1|1|7795735000328|1|07795735000328|BIZCOCHOS SALADOS DON SATUR 200 GR.|DON SATUR|810.00|669.42|1|810.00|669.42|0.00|0.00| |0.00|0.00| 
70|1|2|7795735000328|1|07795735000328|BIZCOCHOS SALADOS DON SATUR 200 GR.|DON SATUR|810.00|669.42|1|810.00|669.42|0.00|0.00| |0.00|0.00| 
70|1|3|7795735000328|1|07795735000328|BIZCOCHOS SALADOS DON SATUR 200 GR.|DON SATUR|810.00|669.42|1|810.00|669.42|0.00|0.00| |0.00|0.00| 
70|1|1|7794270035451|1|07794270035451|BIZCOCHUELO BARBARA CHOCOLATE 450GR|SAGEMULLER|1800.00|1487.60|1|1800.00|1487.60|0.00|0.00| |0.00|0.00| 
70|1|2|7794270035451|1|07794270035451|BIZCOCHUELO BARBARA CHOCOLATE 450GR|SAGEMULLER|1800.00|1487.60|1|1800.00|1487.60|0.00|0.00| |0.00|0.00| 
70|1|3|7794270035451|1|07794270035451|BIZCOCHUELO BARBARA CHOCOLATE 450GR|SAGEMULLER|1800.00|1487.60|1|1800.00|1487.60|0.00|0.00| |0.00|0.00| 
70|1|4|7794270035451|1|07794270035451|BIZCOCHUELO BARBARA CHOCOLATE 450GR|SAGEMULLER|1800.00|1487.60|1|1800.00|1487.60|0.00|0.00| |0.00|0.00| 
70|1|1|7794270000534|1|07794270000534|BIZCOCHUELO BARBARA LIMON 450G.|SAGEMULLER|1380.00|1140.50|1|1380.00|1140.50|0.00|0.00| |0.00|0.00| 
70|1|2|7794270000534|1|07794270000534|BIZCOCHUELO BARBARA LIMON 450G.|SAGEMULLER|1380.00|1140.50|1|1380.00|1140.50|0.00|0.00| |0.00|0.00| 
70|1|3|7794270000534|1|07794270000534|BIZCOCHUELO BARBARA LIMON 450G.|SAGEMULLER|1380.00|1140.50|1|1380.00|1140.50|0.00|0.00| |0.00|0.00| 
70|1|4|7794270000534|1|07794270000534|BIZCOCHUELO BARBARA LIMON 450G.|SAGEMULLER|1380.00|1140.50|1|1380.00|1140.50|0.00|0.00| |0.00|0.00| 
70|1|2|7794270035444|1|07794270035444|BIZCOCHUELO BARBARA NARANJA 450GRS|SAGEMULLER|1380.00|1140.50|1|1380.00|1140.50|0.00|0.00| |0.00|0.00| 
70|1|3|7794270035444|1|07794270035444|BIZCOCHUELO BARBARA NARANJA 450GRS|SAGEMULLER|1380.00|1140.50|1|1380.00|1140.50|0.00|0.00| |0.00|0.00| 
70|1|4|7794270035444|1|07794270035444|BIZCOCHUELO BARBARA NARANJA 450GRS|SAGEMULLER|1380.00|1140.50|1|1380.00|1140.50|0.00|0.00| |0.00|0.00| 
70|1|1|7794270035475|1|07794270035475|BIZCOCHUELO BARBARA VAINILLA 450GRS|SAGEMULLER|1380.00|1140.50|1|1380.00|1140.50|0.00|0.00| |0.00|0.00| 
70|1|2|7794270035475|1|07794270035475|BIZCOCHUELO BARBARA VAINILLA 450GRS|SAGEMULLER|1380.00|1140.50|1|1380.00|1140.50|0.00|0.00| |0.00|0.00| 
70|1|3|7794270035475|1|07794270035475|BIZCOCHUELO BARBARA VAINILLA 450GRS|SAGEMULLER|1380.00|1140.50|1|1380.00|1140.50|0.00|0.00| |0.00|0.00| 
70|1|4|7794270035475|1|07794270035475|BIZCOCHUELO BARBARA VAINILLA 450GRS|SAGEMULLER|1380.00|1140.50|1|1380.00|1140.50|0.00|0.00| |0.00|0.00| 
70|1|1|7790070014801|1|07790070014801|BIZCOCHUELO EXQUISITA BROWNIES 425G|MOLINOS RIO DL.PLATA|3760.00|3107.44|1|3760.00|3107.44|0.00|0.00| |0.00|0.00| 
70|1|2|7790070014801|1|07790070014801|BIZCOCHUELO EXQUISITA BROWNIES 425G|MOLINOS RIO DL.PLATA|3760.00|3107.44|1|3760.00|3107.44|0.00|0.00| |0.00|0.00| 
70|1|3|7790070014801|1|07790070014801|BIZCOCHUELO EXQUISITA BROWNIES 425G|MOLINOS RIO DL.PLATA|3760.00|3107.44|1|3760.00|3107.44|0.00|0.00| |0.00|0.00| 
70|1|1|7790060070589|1|07790060070589|BIZCOCHUELO EXQUISITA CHOC.540   |MOLINOS RIO DL.PLATA|3250.00|2685.95|1|3250.00|2685.95|0.00|0.00| |0.00|0.00| 
70|1|2|7790060070589|1|07790060070589|BIZCOCHUELO EXQUISITA CHOC.540   |MOLINOS RIO DL.PLATA|3250.00|2685.95|1|3250.00|2685.95|0.00|0.00| |0.00|0.00| 
70|1|3|7790060070589|1|07790060070589|BIZCOCHUELO EXQUISITA CHOC.540   |MOLINOS RIO DL.PLATA|3250.00|2685.95|1|3250.00|2685.95|0.00|0.00| |0.00|0.00| 
70|1|4|7790060070589|1|07790060070589|BIZCOCHUELO EXQUISITA CHOC.540   |MOLINOS RIO DL.PLATA|3250.00|2685.95|1|3250.00|2685.95|0.00|0.00| |0.00|0.00| 
70|1|1|7790060070626|1|07790060070626|BIZCOCHUELO EXQUISITA COCO 540   |MOLINOS RIO DL.PLATA|2680.00|2214.88|1|2680.00|2214.88|0.00|0.00| |0.00|0.00| 
70|1|2|7790060070626|1|07790060070626|BIZCOCHUELO EXQUISITA COCO 540   |MOLINOS RIO DL.PLATA|2680.00|2214.88|1|2680.00|2214.88|0.00|0.00| |0.00|0.00| 
70|1|3|7790060070626|1|07790060070626|BIZCOCHUELO EXQUISITA COCO 540   |MOLINOS RIO DL.PLATA|2680.00|2214.88|1|2680.00|2214.88|0.00|0.00| |0.00|0.00| 
70|1|4|7790060070626|1|07790060070626|BIZCOCHUELO EXQUISITA COCO 540   |MOLINOS RIO DL.PLATA|2680.00|2214.88|1|2680.00|2214.88|0.00|0.00| |0.00|0.00| 
70|1|1|7790060072996|1|07790060072996|BIZCOCHUELO EXQUISITA LIM.540G   |MOLINOS RIO DL.PLATA|2740.00|2264.46|1|2740.00|2264.46|0.00|0.00| |0.00|0.00| 
70|1|2|7790060072996|1|07790060072996|BIZCOCHUELO EXQUISITA LIM.540G   |MOLINOS RIO DL.PLATA|2740.00|2264.46|1|2740.00|2264.46|0.00|0.00| |0.00|0.00| 
70|1|3|7790060072996|1|07790060072996|BIZCOCHUELO EXQUISITA LIM.540G   |MOLINOS RIO DL.PLATA|2740.00|2264.46|1|2740.00|2264.46|0.00|0.00| |0.00|0.00| 
70|1|4|7790060072996|1|07790060072996|BIZCOCHUELO EXQUISITA LIM.540G   |MOLINOS RIO DL.PLATA|2740.00|2264.46|1|2740.00|2264.46|0.00|0.00| |0.00|0.00| 
70|1|1|7790060070565|1|07790060070565|BIZCOCHUELO EXQUISITA NAR.540G   |MOLINOS RIO DL.PLATA|2680.00|2214.88|1|2680.00|2214.88|0.00|0.00| |0.00|0.00| 
70|1|2|7790060070565|1|07790060070565|BIZCOCHUELO EXQUISITA NAR.540G   |MOLINOS RIO DL.PLATA|2680.00|2214.88|1|2680.00|2214.88|0.00|0.00| |0.00|0.00| 
70|1|3|7790060070565|1|07790060070565|BIZCOCHUELO EXQUISITA NAR.540G   |MOLINOS RIO DL.PLATA|2680.00|2214.88|1|2680.00|2214.88|0.00|0.00| |0.00|0.00| 
70|1|4|7790060070565|1|07790060070565|BIZCOCHUELO EXQUISITA NAR.540G   |MOLINOS RIO DL.PLATA|2680.00|2214.88|1|2680.00|2214.88|0.00|0.00| |0.00|0.00| 
70|1|1|7790060070541|1|07790060070541|BIZCOCHUELO EXQUISITA VAIN.540   |MOLINOS RIO DL.PLATA|2680.00|2214.88|1|2680.00|2214.88|0.00|0.00| |0.00|0.00| 
70|1|2|7790060070541|1|07790060070541|BIZCOCHUELO EXQUISITA VAIN.540   |MOLINOS RIO DL.PLATA|2680.00|2214.88|1|2680.00|2214.88|0.00|0.00| |0.00|0.00| 
70|1|3|7790060070541|1|07790060070541|BIZCOCHUELO EXQUISITA VAIN.540   |MOLINOS RIO DL.PLATA|2680.00|2214.88|1|2680.00|2214.88|0.00|0.00| |0.00|0.00| 
70|1|4|7790060070541|1|07790060070541|BIZCOCHUELO EXQUISITA VAIN.540   |MOLINOS RIO DL.PLATA|2680.00|2214.88|1|2680.00|2214.88|0.00|0.00| |0.00|0.00| 
70|1|3|7790580626600|1|07790580626600|BIZCOCHUELO GODET CHOCOLATE 480GRS|ARCOR S.A.|3560.00|2942.15|1|3560.00|2942.15|0.00|0.00| |0.00|0.00| 
70|1|4|7790580626600|1|07790580626600|BIZCOCHUELO GODET CHOCOLATE 480GRS|ARCOR S.A.|3560.00|2942.15|1|3560.00|2942.15|0.00|0.00| |0.00|0.00| 
70|1|4|7790580236519|1|07790580236519|BIZCOCHUELO GODET MARMOLADO 500GRS|ARCOR S.A.|3390.00|2801.65|1|3390.00|2801.65|0.00|0.00| |0.00|0.00| 
70|1|4|7790580626419|1|07790580626419|BIZCOCHUELO GODET VAINILLA 480GRS|ARCOR S.A.|3000.00|2479.34|1|3000.00|2479.34|0.00|0.00| |0.00|0.00| 
70|1|4|7791473001351|1|07791473001351|BIZCOCHUELO PRIMER PRECIO CHOCO.450|BON MASE S.A.|4650.00|3842.98|1|4650.00|3842.98|0.00|0.00| |0.00|0.00| 
70|1|4|7791473001375|1|07791473001375|BIZCOCHUELO PRIMER PRECIO CHOCO.750|BON MASE S.A.|5025.00|4152.89|1|5025.00|4152.89|0.00|0.00| |0.00|0.00| 
70|1|4|7791473001382|1|07791473001382|BIZCOCHUELO PRIMER PRECIO VAINI.750|BON MASE S.A.|5025.00|4152.89|1|5025.00|4152.89|0.00|0.00| |0.00|0.00| 
70|1|1|0000077928894|1|00000077928894|BOCADITO SAPITO CHOCOLATOSO 10,5G.|LIA|330.00|272.73|1|330.00|272.73|0.00|0.00| |0.00|0.00| 
70|1|1|0000077928870|1|00000077928870|BOCADITO SAPITO DULCE DE LECHE 10G.|LIA|330.00|272.73|1|330.00|272.73|0.00|0.00| |0.00|0.00| 
70|1|2|0000077928870|1|00000077928870|BOCADITO SAPITO DULCE DE LECHE 10G.|LIA|330.00|272.73|1|330.00|272.73|0.00|0.00| |0.00|0.00| 
70|1|1|0000077917393|1|00000077917393|BOCADITO SAPITO FRUTILLA 10G.|LIA|330.00|272.73|1|330.00|272.73|0.00|0.00| |0.00|0.00| 
70|1|2|0000077917393|1|00000077917393|BOCADITO SAPITO FRUTILLA 10G.|LIA|330.00|272.73|1|330.00|272.73|0.00|0.00| |0.00|0.00| 
70|1|1|0000077912718|1|00000077912718|BOCADITO SAPITO MANI 10G.|LIA|330.00|272.73|1|330.00|272.73|0.00|0.00| |0.00|0.00| 
70|1|2|0000077912718|1|00000077912718|BOCADITO SAPITO MANI 10G.|LIA|330.00|272.73|1|330.00|272.73|0.00|0.00| |0.00|0.00| 
70|1|3|0000077912718|1|00000077912718|BOCADITO SAPITO MANI 10G.|LIA|330.00|272.73|1|330.00|272.73|0.00|0.00| |0.00|0.00| 
70|1|1|7791078022713|1|07791078022713|BOCADITOS GRANIX AVELLANA 180GRS|CEAPE1|2570.00|2123.97|1|2570.00|2123.97|0.00|0.00| |0.00|0.00| 
70|1|3|7791078022713|1|07791078022713|BOCADITOS GRANIX AVELLANA 180GRS|CEAPE1|2570.00|2123.97|1|2570.00|2123.97|0.00|0.00| |0.00|0.00| 
70|1|4|7791078022713|1|07791078022713|BOCADITOS GRANIX AVELLANA 180GRS|CEAPE1|2570.00|2123.97|1|2570.00|2123.97|0.00|0.00| |0.00|0.00| 
70|1|1|7791078022690|1|07791078022690|BOCADITOS GRANIX AVENA 180GRS|CEAPE1|1950.00|1611.57|1|1950.00|1611.57|0.00|0.00| |0.00|0.00| 
70|1|2|7791078022690|1|07791078022690|BOCADITOS GRANIX AVENA 180GRS|CEAPE1|1950.00|1611.57|1|1950.00|1611.57|0.00|0.00| |0.00|0.00| 
70|1|3|7791078022690|1|07791078022690|BOCADITOS GRANIX AVENA 180GRS|CEAPE1|1950.00|1611.57|1|1950.00|1611.57|0.00|0.00| |0.00|0.00| 
70|1|4|7791078022690|1|07791078022690|BOCADITOS GRANIX AVENA 180GRS|CEAPE1|1950.00|1611.57|1|1950.00|1611.57|0.00|0.00| |0.00|0.00| 
70|1|4|7791078022751|1|07791078022751|BOCADITOS GRANIX DOS SALVADOS 180GR|CEAPE1|1950.00|1611.57|1|1950.00|1611.57|0.00|0.00| |0.00|0.00| 
70|1|1|7791078022706|1|07791078022706|BOCADITOS GRANIX FRUTILLA 180GRS.|CEAPE1|2570.00|2123.97|1|2570.00|2123.97|0.00|0.00| |0.00|0.00| 
70|1|2|7791078022706|1|07791078022706|BOCADITOS GRANIX FRUTILLA 180GRS.|CEAPE1|2570.00|2123.97|1|2570.00|2123.97|0.00|0.00| |0.00|0.00| 
70|1|3|7791078022706|1|07791078022706|BOCADITOS GRANIX FRUTILLA 180GRS.|CEAPE1|2570.00|2123.97|1|2570.00|2123.97|0.00|0.00| |0.00|0.00| 
70|1|4|7791078022706|1|07791078022706|BOCADITOS GRANIX FRUTILLA 180GRS.|CEAPE1|2570.00|2123.97|1|2570.00|2123.97|0.00|0.00| |0.00|0.00| 
70|1|1|7790045002123|1|07790045002123|BOCADITOS GRANIX MANI Y MIEL 180GRS|CEAPE1|2570.00|2123.97|1|2570.00|2123.97|0.00|0.00| |0.00|0.00| 
70|1|3|7790045002123|1|07790045002123|BOCADITOS GRANIX MANI Y MIEL 180GRS|CEAPE1|2570.00|2123.97|1|2570.00|2123.97|0.00|0.00| |0.00|0.00| 
70|1|4|7790045002123|1|07790045002123|BOCADITOS GRANIX MANI Y MIEL 180GRS|CEAPE1|2570.00|2123.97|1|2570.00|2123.97|0.00|0.00| |0.00|0.00| 
70|1|1|7797599231207|1|07797599231207|BOLITAS CHOCOLATE PRIMER PRECIO 300|GENERAL CEREALS|1640.00|1355.37|1|1640.00|1355.37|0.00|0.00| |0.00|0.00| 
70|1|3|7797599231207|1|07797599231207|BOLITAS CHOCOLATE PRIMER PRECIO 300|GENERAL CEREALS|1640.00|1355.37|1|1640.00|1355.37|0.00|0.00| |0.00|0.00| 
70|1|4|7797599231207|1|07797599231207|BOLITAS CHOCOLATE PRIMER PRECIO 300|GENERAL CEREALS|1640.00|1355.37|1|1640.00|1355.37|0.00|0.00| |0.00|0.00| 
70|1|4|0000000057033|0|00000000057033|BOLITAS CROCANTES JULI CROC 1KG.|JULICROC|4950.00|4090.91|1|4950.00|4090.91|0.00|0.00| |0.00|0.00| 
70|1|2|7793706000346|1|07793706000346|BOLITAS CROCANTES JULI CROC 220G.|JULICROC|2230.00|1842.98|1|2230.00|1842.98|0.00|0.00| |0.00|0.00| 
70|1|4|7793706000346|1|07793706000346|BOLITAS CROCANTES JULI CROC 220G.|JULICROC|2230.00|1842.98|1|2230.00|1842.98|0.00|0.00| |0.00|0.00| 
70|1|1|7793706000339|1|07793706000339|BOLITAS CROCANTES JULICROC 80G.|JULICROC|860.00|710.74|1|860.00|710.74|0.00|0.00| |0.00|0.00| 
70|1|4|7793706000339|1|07793706000339|BOLITAS CROCANTES JULICROC 80G.|JULICROC|860.00|710.74|1|860.00|710.74|0.00|0.00| |0.00|0.00| 
70|1|1|7798169800915|1|07798169800915|BOLITAS DE CHOCOLATE P.PRECIO 160G.|LASFOR S.R.L.|980.00|809.92|1|980.00|809.92|0.00|0.00| |0.00|0.00| 
70|1|3|7798169800915|1|07798169800915|BOLITAS DE CHOCOLATE P.PRECIO 160G.|LASFOR S.R.L.|980.00|809.92|1|980.00|809.92|0.00|0.00| |0.00|0.00| 
70|1|4|7798169800915|1|07798169800915|BOLITAS DE CHOCOLATE P.PRECIO 160G.|LASFOR S.R.L.|980.00|809.92|1|980.00|809.92|0.00|0.00| |0.00|0.00| 
70|1|4|0000000095336|0|00000000095336|BOLSAS CONSORCIO 1,20M.X1,40M.1U.|MERKOFILM POLIETILE.|250.00|206.61|1|250.00|206.61|0.00|0.00| |0.00|0.00| 
70|1|4|7791102007419|1|07791102007419|BOLSAS CONSORCIO COOP. V 60X100X100|ASOCIACION ALBORADA|150.00|123.97|1|150.00|123.97|0.00|0.00| |0.00|0.00| 
70|1|4|7798183730168|1|07798183730168|BOLSAS RESIDUOS P.PRECIO 45X60 30U.|MULTICAPA SRL|3990.00|3297.52|1|3990.00|3297.52|0.00|0.00| |0.00|0.00| 
70|1|4|7798183730182|1|07798183730182|BOLSAS RESIDUOS P.PRECIO 50X70 30U.|MULTICAPA SRL|196.00|161.98|1|196.00|161.98|0.00|0.00| |0.00|0.00| 
70|1|4|7798183730205|1|07798183730205|BOLSAS RESIDUOS P.PRECIO 60X100 10U|MULTICAPA SRL|186.00|153.72|1|186.00|153.72|0.00|0.00| |0.00|0.00| 
70|1|4|7790580300104|1|07790580300104|BOMBONES BON O BON 30 U.BLANCO|ARCOR S.A.|16120.00|13322.31|1|16120.00|13322.31|0.00|0.00| |0.00|0.00| 
70|1|4|7790580300005|1|07790580300005|BOMBONES BON O BON 30 U.LECHE|ARCOR S.A.|16120.00|13322.31|1|16120.00|13322.31|0.00|0.00| |0.00|0.00| 
70|1|1|7794612157100|1|07794612157100|BOMBONES DANCING 425 GRS.|LIA|8130.00|6719.01|1|8130.00|6719.01|0.00|0.00| |0.00|0.00| 
70|1|4|7861002900117|1|07861002900117|BOMBONES FERRERO ROCHER 8 UND.|FERRERO ROCHER|13650.00|11280.99|1|13650.00|11280.99|0.00|0.00| |0.00|0.00| 
70|1|1|7790580106935|1|07790580106935|BOMBONES MOGUL FRUTA 500G.|ARCOR S.A.|7990.00|6603.31|1|7990.00|6603.31|0.00|0.00| |0.00|0.00| 
70|1|4|7790580106935|1|07790580106935|BOMBONES MOGUL FRUTA 500G.|ARCOR S.A.|7990.00|6603.31|1|7990.00|6603.31|0.00|0.00| |0.00|0.00| 
70|1|4|0000077953537|1|00000077953537|BON O BON  AGUILA 15G.|CANDY MIX|540.00|446.28|1|540.00|446.28|0.00|0.00| |0.00|0.00| 
70|1|1|0000077930019|1|00000077930019|BON O BON BLANCO 15 GRS.|CANDY MIX|540.00|446.28|1|540.00|446.28|0.00|0.00| |0.00|0.00| 
70|1|4|0000077930019|1|00000077930019|BON O BON BLANCO 15 GRS.|CANDY MIX|540.00|446.28|1|540.00|446.28|0.00|0.00| |0.00|0.00| 
70|1|1|0000077930002|1|00000077930002|BON O BON LECHE 15 GRS.|CANDY MIX|540.00|446.28|1|540.00|446.28|0.00|0.00| |0.00|0.00| 
70|1|4|0000077930002|1|00000077930002|BON O BON LECHE 15 GRS.|CANDY MIX|540.00|446.28|1|540.00|446.28|0.00|0.00| |0.00|0.00| 
70|1|4|6000001058110|1|06000001058110|BONDIOLA FRESCA CERDO KG.|CARNE CERDO|10620.00|9610.86|1|10620.00|9610.86|0.00|0.00| |0.00|0.00| 
70|1|2|6000001067334|1|06000001067334|BONDIOLA LAR KG.                 |FIAMBRES LAR.|25950.00|21446.28|1|25950.00|21446.28|0.00|0.00| |0.00|0.00| 
70|1|3|6000001067334|1|06000001067334|BONDIOLA LAR KG.                 |FIAMBRES LAR.|25950.00|21446.28|1|25950.00|21446.28|0.00|0.00| |0.00|0.00| 
70|1|4|6000001067334|1|06000001067334|BONDIOLA LAR KG.                 |FIAMBRES LAR.|25950.00|21446.28|1|25950.00|21446.28|0.00|0.00| |0.00|0.00| 
70|1|4|7790613071254|1|07790613071254|BRILLO RESISTENTE CLINSY INCOL.900|PROV.VARIOS LIMPIEZA|625.61|517.03|1|625.61|517.03|0.00|0.00| |0.00|0.00| 
70|1|1|7791976098179|1|07791976098179|BROCHES MADERA GRAN YIYE 12 UNID.|TOSORATTI HNOS.|898.00|742.15|1|898.00|742.15|0.00|0.00| |0.00|0.00| 
70|1|3|7791976098179|1|07791976098179|BROCHES MADERA GRAN YIYE 12 UNID.|TOSORATTI HNOS.|898.00|742.15|1|898.00|742.15|0.00|0.00| |0.00|0.00| 
70|1|4|7791976098179|1|07791976098179|BROCHES MADERA GRAN YIYE 12 UNID.|TOSORATTI HNOS.|898.00|742.15|1|898.00|742.15|0.00|0.00| |0.00|0.00| 
70|1|2|7791976098162|1|07791976098162|BROCHES PLASTICOS GRAN YIYE 12 UNID|TOSORATTI HNOS.|875.00|723.14|1|875.00|723.14|0.00|0.00| |0.00|0.00| 
70|1|4|7791976098162|1|07791976098162|BROCHES PLASTICOS GRAN YIYE 12 UNID|TOSORATTI HNOS.|875.00|723.14|1|875.00|723.14|0.00|0.00| |0.00|0.00| 
70|1|1|7791976000189|1|07791976000189|BROCHES PLASTICOS ROES X 12 U.   |TOSORATTI HNOS.|2315.00|1913.22|1|2315.00|1913.22|0.00|0.00| |0.00|0.00| 
70|1|1|7791600572471|1|07791600572471|BROSS LONDON BLUE DESOD.150ML|UNIVEN|4336.55|3583.93|1|4336.55|3583.93|0.00|0.00| |0.00|0.00| 
70|1|2|7791600572471|1|07791600572471|BROSS LONDON BLUE DESOD.150ML|UNIVEN|4336.55|3583.93|1|4336.55|3583.93|0.00|0.00| |0.00|0.00| 
70|1|4|7791600572471|1|07791600572471|BROSS LONDON BLUE DESOD.150ML|UNIVEN|4336.55|3583.93|1|4336.55|3583.93|0.00|0.00| |0.00|0.00| 
70|1|4|7791600572143|1|07791600572143|BROSS LONDON BLUE EDT 100ML.|UNIVEN|21041.90|17390.00|1|21041.90|17390.00|0.00|0.00| |0.00|0.00| 
70|1|4|7791600572037|1|07791600572037|BROSS LONDON CLASIC EDT 100ML.|UNIVEN|21041.90|17390.00|1|21041.90|17390.00|0.00|0.00| |0.00|0.00| 
70|1|1|7791600572365|1|07791600572365|BROSS LONDON CLASICC DESOD.150ML.|UNIVEN|4336.55|3583.93|1|4336.55|3583.93|0.00|0.00| |0.00|0.00| 
70|1|2|7791600572365|1|07791600572365|BROSS LONDON CLASICC DESOD.150ML.|UNIVEN|4336.55|3583.93|1|4336.55|3583.93|0.00|0.00| |0.00|0.00| 
70|1|4|7791600572365|1|07791600572365|BROSS LONDON CLASICC DESOD.150ML.|UNIVEN|4336.55|3583.93|1|4336.55|3583.93|0.00|0.00| |0.00|0.00| 
70|1|1|7791600572587|1|07791600572587|BROSS LONDON WARRIOR DESOD.150ML.|UNIVEN|4336.65|3584.01|1|4336.65|3584.01|0.00|0.00| |0.00|0.00| 
70|1|2|7791600572587|1|07791600572587|BROSS LONDON WARRIOR DESOD.150ML.|UNIVEN|4336.65|3584.01|1|4336.65|3584.01|0.00|0.00| |0.00|0.00| 
70|1|4|7791600572587|1|07791600572587|BROSS LONDON WARRIOR DESOD.150ML.|UNIVEN|4336.65|3584.01|1|4336.65|3584.01|0.00|0.00| |0.00|0.00| 
70|1|4|7791600572259|1|07791600572259|BROSS LONDON WARRIOR EDT 100ML.|UNIVEN|21041.90|17390.00|1|21041.90|17390.00|0.00|0.00| |0.00|0.00| 
70|1|4|7791885005442|1|07791885005442|CABALLA CUMANA ACEITE 380G|BAVOSI S.A.|2874.50|2375.62|1|2874.50|2375.62|0.00|0.00| |0.00|0.00| 
70|1|1|6000003019300|1|06000003019300|CABO MADERA C/ROSCA 1,80MTS|BROOMY|2120.00|1752.07|1|2120.00|1752.07|0.00|0.00| |0.00|0.00| 
70|1|2|6000003019300|1|06000003019300|CABO MADERA C/ROSCA 1,80MTS|BROOMY|2120.00|1752.07|1|2120.00|1752.07|0.00|0.00| |0.00|0.00| 
70|1|3|6000003019300|1|06000003019300|CABO MADERA C/ROSCA 1,80MTS|BROOMY|2120.00|1752.07|1|2120.00|1752.07|0.00|0.00| |0.00|0.00| 
70|1|4|6000003019300|1|06000003019300|CABO MADERA C/ROSCA 1,80MTS|BROOMY|2120.00|1752.07|1|2120.00|1752.07|0.00|0.00| |0.00|0.00| 
70|1|2|7792459001969|1|07792459001969|CABO MADERA CON ROSCA 1,20MTS|BROOMY|1466.74|1212.18|1|1466.74|1212.18|0.00|0.00| |0.00|0.00| 
70|1|4|7792459001969|1|07792459001969|CABO MADERA CON ROSCA 1,20MTS|BROOMY|1466.74|1212.18|1|1466.74|1212.18|0.00|0.00| |0.00|0.00| 
70|1|1|7613035379213|1|07613035379213|CAFE DESCAFEINADO NESCAFE 100G.|NESTLE ARGENTINA S.A|16290.00|13462.81|1|16290.00|13462.81|0.00|0.00| |0.00|0.00| 
70|1|4|7613035379213|1|07613035379213|CAFE DESCAFEINADO NESCAFE 100G.|NESTLE ARGENTINA S.A|16290.00|13462.81|1|16290.00|13462.81|0.00|0.00| |0.00|0.00| 
70|1|1|7613035067837|1|07613035067837|CAFE INSTANT.DOLCA SUAVE 170G. |NESTLE ARGENTINA S.A|8290.00|6851.24|1|8290.00|6851.24|0.00|0.00| |0.00|0.00| 
70|1|2|7613035067837|1|07613035067837|CAFE INSTANT.DOLCA SUAVE 170G. |NESTLE ARGENTINA S.A|8290.00|6851.24|1|8290.00|6851.24|0.00|0.00| |0.00|0.00| 
70|1|3|7613035067837|1|07613035067837|CAFE INSTANT.DOLCA SUAVE 170G. |NESTLE ARGENTINA S.A|8290.00|6851.24|1|8290.00|6851.24|0.00|0.00| |0.00|0.00| 
70|1|4|7613035067837|1|07613035067837|CAFE INSTANT.DOLCA SUAVE 170G. |NESTLE ARGENTINA S.A|8290.00|6851.24|1|8290.00|6851.24|0.00|0.00| |0.00|0.00| 
70|1|1|7613035068414|1|07613035068414|CAFE INSTANT.DOLCA SUAVE 50G |NESTLE ARGENTINA S.A|3890.00|3214.88|1|3890.00|3214.88|0.00|0.00| |0.00|0.00| 
70|1|3|7613035068414|1|07613035068414|CAFE INSTANT.DOLCA SUAVE 50G |NESTLE ARGENTINA S.A|3890.00|3214.88|1|3890.00|3214.88|0.00|0.00| |0.00|0.00| 
70|1|4|7613035068414|1|07613035068414|CAFE INSTANT.DOLCA SUAVE 50G |NESTLE ARGENTINA S.A|3890.00|3214.88|1|3890.00|3214.88|0.00|0.00| |0.00|0.00| 
70|1|3|7790150090466|1|07790150090466|CAFE INSTANT.KALMA 100 G. D        |LA VIRGINIA|6470.00|5347.11|1|6470.00|5347.11|0.00|0.00| |0.00|0.00| 
70|1|4|7790150090466|1|07790150090466|CAFE INSTANT.KALMA 100 G. D        |LA VIRGINIA|6470.00|5347.11|1|6470.00|5347.11|0.00|0.00| |0.00|0.00| 
70|1|1|7790150090497|1|07790150090497|CAFE INSTANT.KALMA 170 G.DE        |LA VIRGINIA|10830.00|8950.41|1|10830.00|8950.41|0.00|0.00| |0.00|0.00| 
70|1|2|7790150090497|1|07790150090497|CAFE INSTANT.KALMA 170 G.DE        |LA VIRGINIA|10830.00|8950.41|1|10830.00|8950.41|0.00|0.00| |0.00|0.00| 
70|1|3|7790150090497|1|07790150090497|CAFE INSTANT.KALMA 170 G.DE        |LA VIRGINIA|10830.00|8950.41|1|10830.00|8950.41|0.00|0.00| |0.00|0.00| 
70|1|4|7790150090497|1|07790150090497|CAFE INSTANT.KALMA 170 G.DE        |LA VIRGINIA|10830.00|8950.41|1|10830.00|8950.41|0.00|0.00| |0.00|0.00| 
70|1|1|7891000108819|1|07891000108819|CAFE INSTANT.NESCAFE CLAS.170G|NESTLE ARGENTINA S.A|13460.00|11123.97|1|13460.00|11123.97|0.00|0.00| |0.00|0.00| 
70|1|2|7891000108819|1|07891000108819|CAFE INSTANT.NESCAFE CLAS.170G|NESTLE ARGENTINA S.A|13460.00|11123.97|1|13460.00|11123.97|0.00|0.00| |0.00|0.00| 
70|1|4|7891000108819|1|07891000108819|CAFE INSTANT.NESCAFE CLAS.170G|NESTLE ARGENTINA S.A|13460.00|11123.97|1|13460.00|11123.97|0.00|0.00| |0.00|0.00| 
70|1|2|7790170903203|1|07790170903203|CAFE LA MORENITA SAQ.TORRADO 20U.|LA VIRGINIA|3930.00|3247.93|1|3930.00|3247.93|0.00|0.00| |0.00|0.00| 
70|1|3|7790170903203|1|07790170903203|CAFE LA MORENITA SAQ.TORRADO 20U.|LA VIRGINIA|3930.00|3247.93|1|3930.00|3247.93|0.00|0.00| |0.00|0.00| 
70|1|4|7790170903203|1|07790170903203|CAFE LA MORENITA SAQ.TORRADO 20U.|LA VIRGINIA|3930.00|3247.93|1|3930.00|3247.93|0.00|0.00| |0.00|0.00| 
70|1|3|7790170009028|1|07790170009028|CAFE LA MORENITA TORRADO INT.125G.|LA VIRGINIA|2880.00|2380.17|1|2880.00|2380.17|0.00|0.00| |0.00|0.00| 
70|1|4|7790170009028|1|07790170009028|CAFE LA MORENITA TORRADO INT.125G.|LA VIRGINIA|2880.00|2380.17|1|2880.00|2380.17|0.00|0.00| |0.00|0.00| 
70|1|4|7790170901902|1|07790170901902|CAFE LA MORENITA TORRADO INT.500G.|LA VIRGINIA|10610.00|8768.60|1|10610.00|8768.60|0.00|0.00| |0.00|0.00| 
70|1|1|7790150115039|1|07790150115039|CAFE LA VIRGINIA 20 SAQUITOS X 5G.|LA VIRGINIA|4250.00|3512.40|1|4250.00|3512.40|0.00|0.00| |0.00|0.00| 
70|1|2|7790150115039|1|07790150115039|CAFE LA VIRGINIA 20 SAQUITOS X 5G.|LA VIRGINIA|4250.00|3512.40|1|4250.00|3512.40|0.00|0.00| |0.00|0.00| 
70|1|3|7790150115039|1|07790150115039|CAFE LA VIRGINIA 20 SAQUITOS X 5G.|LA VIRGINIA|4250.00|3512.40|1|4250.00|3512.40|0.00|0.00| |0.00|0.00| 
70|1|4|7790150115039|1|07790150115039|CAFE LA VIRGINIA 20 SAQUITOS X 5G.|LA VIRGINIA|4250.00|3512.40|1|4250.00|3512.40|0.00|0.00| |0.00|0.00| 
70|1|1|7790150100356|1|07790150100356|CAFE LA VIRGINIA CLASICO 170G.|LA VIRGINIA|7930.00|6553.72|1|7930.00|6553.72|0.00|0.00| |0.00|0.00| 
70|1|2|7790150100356|1|07790150100356|CAFE LA VIRGINIA CLASICO 170G.|LA VIRGINIA|7930.00|6553.72|1|7930.00|6553.72|0.00|0.00| |0.00|0.00| 
70|1|3|7790150100356|1|07790150100356|CAFE LA VIRGINIA CLASICO 170G.|LA VIRGINIA|7930.00|6553.72|1|7930.00|6553.72|0.00|0.00| |0.00|0.00| 
70|1|4|7790150100356|1|07790150100356|CAFE LA VIRGINIA CLASICO 170G.|LA VIRGINIA|7930.00|6553.72|1|7930.00|6553.72|0.00|0.00| |0.00|0.00| 
70|1|1|7790150100752|1|07790150100752|CAFE LA VIRGINIA CLASICO 36 SOBRES|LA VIRGINIA|4770.00|3942.15|1|4770.00|3942.15|0.00|0.00| |0.00|0.00| 
70|1|3|7790150100752|1|07790150100752|CAFE LA VIRGINIA CLASICO 36 SOBRES|LA VIRGINIA|4770.00|3942.15|1|4770.00|3942.15|0.00|0.00| |0.00|0.00| 
70|1|4|7790150100752|1|07790150100752|CAFE LA VIRGINIA CLASICO 36 SOBRES|LA VIRGINIA|4770.00|3942.15|1|4770.00|3942.15|0.00|0.00| |0.00|0.00| 
70|1|1|7790150091425|1|07790150091425|CAFE LA VIRGINIA CLASICO 50G.|LA VIRGINIA|2820.00|2330.58|1|2820.00|2330.58|0.00|0.00| |0.00|0.00| 
70|1|2|7790150091425|1|07790150091425|CAFE LA VIRGINIA CLASICO 50G.|LA VIRGINIA|2820.00|2330.58|1|2820.00|2330.58|0.00|0.00| |0.00|0.00| 
70|1|3|7790150091425|1|07790150091425|CAFE LA VIRGINIA CLASICO 50G.|LA VIRGINIA|2820.00|2330.58|1|2820.00|2330.58|0.00|0.00| |0.00|0.00| 
70|1|4|7790150091425|1|07790150091425|CAFE LA VIRGINIA CLASICO 50G.|LA VIRGINIA|2820.00|2330.58|1|2820.00|2330.58|0.00|0.00| |0.00|0.00| 
70|1|1|7790150088463|1|07790150088463|CAFE LA VIRGINIA SEL.GRANULADO 100G|LA VIRGINIA|7100.00|5867.77|1|7100.00|5867.77|0.00|0.00| |0.00|0.00| 
70|1|3|7790150088463|1|07790150088463|CAFE LA VIRGINIA SEL.GRANULADO 100G|LA VIRGINIA|7100.00|5867.77|1|7100.00|5867.77|0.00|0.00| |0.00|0.00| 
70|1|1|7790150150351|1|07790150150351|CAFE LA VIRGINIA SEL.GRANULADO 170G|LA VIRGINIA|11680.00|9652.89|1|11680.00|9652.89|0.00|0.00| |0.00|0.00| 
70|1|3|7790150150351|1|07790150150351|CAFE LA VIRGINIA SEL.GRANULADO 170G|LA VIRGINIA|11680.00|9652.89|1|11680.00|9652.89|0.00|0.00| |0.00|0.00| 
70|1|4|7790150150351|1|07790150150351|CAFE LA VIRGINIA SEL.GRANULADO 170G|LA VIRGINIA|11680.00|9652.89|1|11680.00|9652.89|0.00|0.00| |0.00|0.00| 
70|1|1|7790150102039|1|07790150102039|CAFE LA VIRGINIA SUAVE 100G.|LA VIRGINIA|5050.00|4173.55|1|5050.00|4173.55|0.00|0.00| |0.00|0.00| 
70|1|3|7790150102039|1|07790150102039|CAFE LA VIRGINIA SUAVE 100G.|LA VIRGINIA|5050.00|4173.55|1|5050.00|4173.55|0.00|0.00| |0.00|0.00| 
70|1|4|7790150102039|1|07790150102039|CAFE LA VIRGINIA SUAVE 100G.|LA VIRGINIA|5050.00|4173.55|1|5050.00|4173.55|0.00|0.00| |0.00|0.00| 
70|1|1|7790150101353|1|07790150101353|CAFE LA VIRGINIA SUAVE 170G.|LA VIRGINIA|7930.00|6553.72|1|7930.00|6553.72|0.00|0.00| |0.00|0.00| 
70|1|2|7790150101353|1|07790150101353|CAFE LA VIRGINIA SUAVE 170G.|LA VIRGINIA|7930.00|6553.72|1|7930.00|6553.72|0.00|0.00| |0.00|0.00| 
70|1|3|7790150101353|1|07790150101353|CAFE LA VIRGINIA SUAVE 170G.|LA VIRGINIA|7930.00|6553.72|1|7930.00|6553.72|0.00|0.00| |0.00|0.00| 
70|1|4|7790150101353|1|07790150101353|CAFE LA VIRGINIA SUAVE 170G.|LA VIRGINIA|7930.00|6553.72|1|7930.00|6553.72|0.00|0.00| |0.00|0.00| 
70|1|3|7790150010426|1|07790150010426|CAFE LA VIRGINIA SUAVE 50G.|LA VIRGINIA|2820.00|2330.58|1|2820.00|2330.58|0.00|0.00| |0.00|0.00| 
70|1|4|6000001056512|1|06000001056512|CALABACITAS KG.      |VERDULERIA|870.00|787.33|1|870.00|787.33|0.00|0.00| |0.00|0.00| 
70|1|1|7794000597518|1|07794000597518|CALDOS KNORR 12U VERDURA|UNILEVER BEST FOODS|2330.00|1925.62|1|2330.00|1925.62|0.00|0.00| |0.00|0.00| 
70|1|2|7794000597518|1|07794000597518|CALDOS KNORR 12U VERDURA|UNILEVER BEST FOODS|2330.00|1925.62|1|2330.00|1925.62|0.00|0.00| |0.00|0.00| 
70|1|3|7794000597518|1|07794000597518|CALDOS KNORR 12U VERDURA|UNILEVER BEST FOODS|2330.00|1925.62|1|2330.00|1925.62|0.00|0.00| |0.00|0.00| 
70|1|4|7794000597518|1|07794000597518|CALDOS KNORR 12U VERDURA|UNILEVER BEST FOODS|2330.00|1925.62|1|2330.00|1925.62|0.00|0.00| |0.00|0.00| 
70|1|2|7794000597648|1|07794000597648|CALDOS KNORR 6U GALLINA|UNILEVER BEST FOODS|1270.00|1049.59|1|1270.00|1049.59|0.00|0.00| |0.00|0.00| 
70|1|3|7794000597648|1|07794000597648|CALDOS KNORR 6U GALLINA|UNILEVER BEST FOODS|1270.00|1049.59|1|1270.00|1049.59|0.00|0.00| |0.00|0.00| 
70|1|4|7794000597648|1|07794000597648|CALDOS KNORR 6U GALLINA|UNILEVER BEST FOODS|1270.00|1049.59|1|1270.00|1049.59|0.00|0.00| |0.00|0.00| 
70|1|1|7794000597600|1|07794000597600|CALDOS KNORR 6U VERDURA|UNILEVER BEST FOODS|1270.00|1049.59|1|1270.00|1049.59|0.00|0.00| |0.00|0.00| 
70|1|2|7794000597600|1|07794000597600|CALDOS KNORR 6U VERDURA|UNILEVER BEST FOODS|1270.00|1049.59|1|1270.00|1049.59|0.00|0.00| |0.00|0.00| 
70|1|3|7794000597600|1|07794000597600|CALDOS KNORR 6U VERDURA|UNILEVER BEST FOODS|1270.00|1049.59|1|1270.00|1049.59|0.00|0.00| |0.00|0.00| 
70|1|4|7794000597600|1|07794000597600|CALDOS KNORR 6U VERDURA|UNILEVER BEST FOODS|1270.00|1049.59|1|1270.00|1049.59|0.00|0.00| |0.00|0.00| 
70|1|1|7792410132244|1|07792410132244|CAÑA DE DURAZNO PADILLA 700CC|DELLEPIANE|3750.00|3099.17|1|3750.00|3099.17|0.00|0.00| |0.00|0.00| 
70|1|2|7792410132244|1|07792410132244|CAÑA DE DURAZNO PADILLA 700CC|DELLEPIANE|3750.00|3099.17|1|3750.00|3099.17|0.00|0.00| |0.00|0.00| 
70|1|3|7792410132244|1|07792410132244|CAÑA DE DURAZNO PADILLA 700CC|DELLEPIANE|3750.00|3099.17|1|3750.00|3099.17|0.00|0.00| |0.00|0.00| 
70|1|1|7790121000203|1|07790121000203|CAÑA PALANCA 24° 950 CC|LICORES ARGENTINOS|2850.00|2355.37|1|2850.00|2355.37|0.00|0.00| |0.00|0.00| 
70|1|2|7790121000203|1|07790121000203|CAÑA PALANCA 24° 950 CC|LICORES ARGENTINOS|2850.00|2355.37|1|2850.00|2355.37|0.00|0.00| |0.00|0.00| 
70|1|3|7790121000203|1|07790121000203|CAÑA PALANCA 24° 950 CC|LICORES ARGENTINOS|2850.00|2355.37|1|2850.00|2355.37|0.00|0.00| |0.00|0.00| 
70|1|4|7790121000203|1|07790121000203|CAÑA PALANCA 24° 950 CC|LICORES ARGENTINOS|2850.00|2355.37|1|2850.00|2355.37|0.00|0.00| |0.00|0.00| 
70|1|4|7790150435335|1|07790150435335|CANELA MOLIDA ALICANTE 25G|LA VIRGINIA|1330.00|1099.17|1|1330.00|1099.17|0.00|0.00| |0.00|0.00| 
70|1|1|7794980915241|1|07794980915241|CANELA MOLIDA YUSPE 25G.|YUSPE|880.00|727.27|1|880.00|727.27|0.00|0.00| |0.00|0.00| 
70|1|3|7794980915241|1|07794980915241|CANELA MOLIDA YUSPE 25G.|YUSPE|880.00|727.27|1|880.00|727.27|0.00|0.00| |0.00|0.00| 
70|1|4|7794980915241|1|07794980915241|CANELA MOLIDA YUSPE 25G.|YUSPE|880.00|727.27|1|880.00|727.27|0.00|0.00| |0.00|0.00| 
70|1|4|7791600881252|1|07791600881252|CANNON MUSK COLONIA 250CC|UNIVEN|7408.30|6122.56|1|7408.30|6122.56|0.00|0.00| |0.00|0.00| 
70|1|4|7791600880439|1|07791600880439|CANNON MUSK DESODORANTE 250 CC|UNIVEN|4878.65|4031.94|1|4878.65|4031.94|0.00|0.00| |0.00|0.00| 
70|1|1|7792390001035|1|07792390001035|CAPELETINI GIACOMO CARNE 500G|LA VIRGINIA|4700.00|3884.30|1|4700.00|3884.30|0.00|0.00| |0.00|0.00| 
70|1|2|7792390001035|1|07792390001035|CAPELETINI GIACOMO CARNE 500G|LA VIRGINIA|4700.00|3884.30|1|4700.00|3884.30|0.00|0.00| |0.00|0.00| 
70|1|3|7792390001035|1|07792390001035|CAPELETINI GIACOMO CARNE 500G|LA VIRGINIA|4700.00|3884.30|1|4700.00|3884.30|0.00|0.00| |0.00|0.00| 
70|1|1|7792390001080|1|07792390001080|CAPELETINI GIACOMO J.Y QUESO 500 |LA VIRGINIA|4700.00|3884.30|1|4700.00|3884.30|0.00|0.00| |0.00|0.00| 
70|1|2|7792390001080|1|07792390001080|CAPELETINI GIACOMO J.Y QUESO 500 |LA VIRGINIA|4700.00|3884.30|1|4700.00|3884.30|0.00|0.00| |0.00|0.00| 
70|1|3|7792390001080|1|07792390001080|CAPELETINI GIACOMO J.Y QUESO 500 |LA VIRGINIA|4700.00|3884.30|1|4700.00|3884.30|0.00|0.00| |0.00|0.00| 
70|1|4|7792390001080|1|07792390001080|CAPELETINI GIACOMO J.Y QUESO 500 |LA VIRGINIA|4700.00|3884.30|1|4700.00|3884.30|0.00|0.00| |0.00|0.00| 
70|1|1|7792390620144|1|07792390620144|CAPELETINI GIACOMO VERDURA 250G.|LA VIRGINIA|2700.00|2231.40|1|2700.00|2231.40|0.00|0.00| |0.00|0.00| 
70|1|2|7792390620144|1|07792390620144|CAPELETINI GIACOMO VERDURA 250G.|LA VIRGINIA|2700.00|2231.40|1|2700.00|2231.40|0.00|0.00| |0.00|0.00| 
70|1|1|7792390001059|1|07792390001059|CAPELETINI GIACOMO VERDURA 500G|LA VIRGINIA|4700.00|3884.30|1|4700.00|3884.30|0.00|0.00| |0.00|0.00| 
70|1|2|7792390001059|1|07792390001059|CAPELETINI GIACOMO VERDURA 500G|LA VIRGINIA|4700.00|3884.30|1|4700.00|3884.30|0.00|0.00| |0.00|0.00| 
70|1|3|7792390001059|1|07792390001059|CAPELETINI GIACOMO VERDURA 500G|LA VIRGINIA|4700.00|3884.30|1|4700.00|3884.30|0.00|0.00| |0.00|0.00| 
70|1|4|7792390001059|1|07792390001059|CAPELETINI GIACOMO VERDURA 500G|LA VIRGINIA|4700.00|3884.30|1|4700.00|3884.30|0.00|0.00| |0.00|0.00| 
70|1|1|7790070320117|1|07790070320117|CAPELETINI LUCCHETTINIS CARNE 500G.|MOLINOS RIO DL.PLATA|3750.00|3099.17|1|3750.00|3099.17|0.00|0.00| |0.00|0.00| 
70|1|4|7790070320117|1|07790070320117|CAPELETINI LUCCHETTINIS CARNE 500G.|MOLINOS RIO DL.PLATA|3750.00|3099.17|1|3750.00|3099.17|0.00|0.00| |0.00|0.00| 
70|1|1|7790070317469|1|07790070317469|CAPELETINI LUCCHETTINIS ESP.YQUESO |MOLINOS RIO DL.PLATA|3750.00|3099.17|1|3750.00|3099.17|0.00|0.00| |0.00|0.00| 
70|1|3|7790070317469|1|07790070317469|CAPELETINI LUCCHETTINIS ESP.YQUESO |MOLINOS RIO DL.PLATA|3750.00|3099.17|1|3750.00|3099.17|0.00|0.00| |0.00|0.00| 
70|1|1|7790070320100|1|07790070320100|CAPELETINI LUCCHETTINIS MULTICOLOR |MOLINOS RIO DL.PLATA|3750.00|3099.17|1|3750.00|3099.17|0.00|0.00| |0.00|0.00| 
70|1|2|7790070320100|1|07790070320100|CAPELETINI LUCCHETTINIS MULTICOLOR |MOLINOS RIO DL.PLATA|3750.00|3099.17|1|3750.00|3099.17|0.00|0.00| |0.00|0.00| 
70|1|4|7790070320100|1|07790070320100|CAPELETINI LUCCHETTINIS MULTICOLOR |MOLINOS RIO DL.PLATA|3750.00|3099.17|1|3750.00|3099.17|0.00|0.00| |0.00|0.00| 
70|1|1|7790150295137|1|07790150295137|CAPPUCCINO LA VIRGINIA 10 SOBRES|LA VIRGINIA|4570.00|3776.86|1|4570.00|3776.86|0.00|0.00| |0.00|0.00| 
70|1|3|7790150295137|1|07790150295137|CAPPUCCINO LA VIRGINIA 10 SOBRES|LA VIRGINIA|4570.00|3776.86|1|4570.00|3776.86|0.00|0.00| |0.00|0.00| 
70|1|4|7790150295137|1|07790150295137|CAPPUCCINO LA VIRGINIA 10 SOBRES|LA VIRGINIA|4570.00|3776.86|1|4570.00|3776.86|0.00|0.00| |0.00|0.00| 
70|1|1|7790150696828|1|07790150696828|CAPPUCCINO LA VIRGINIA 210G.|LA VIRGINIA|7280.00|6016.53|1|7280.00|6016.53|0.00|0.00| |0.00|0.00| 
70|1|4|7790150696828|1|07790150696828|CAPPUCCINO LA VIRGINIA 210G.|LA VIRGINIA|7280.00|6016.53|1|7280.00|6016.53|0.00|0.00| |0.00|0.00| 
70|1|3|7790150161203|1|07790150161203|CAPPUCCINO LA VIRGINIA D.LECHE 155G|LA VIRGINIA|4300.00|3553.72|1|4300.00|3553.72|0.00|0.00| |0.00|0.00| 
70|1|1|7790150695913|1|07790150695913|CAPPUCCINO LA VIRGINIA DP. 275G.|LA VIRGINIA|7170.00|5925.62|1|7170.00|5925.62|0.00|0.00| |0.00|0.00| 
70|1|3|7790150160275|1|07790150160275|CAPPUCCINO LA VIRGINIA ESPUMA DP155|LA VIRGINIA|4300.00|3553.72|1|4300.00|3553.72|0.00|0.00| |0.00|0.00| 
70|1|3|7790150160374|1|07790150160374|CAPPUCCINO LA VIRGINIA MOUSSE DP155|LA VIRGINIA|4300.00|3553.72|1|4300.00|3553.72|0.00|0.00| |0.00|0.00| 
70|1|4|7790150160374|1|07790150160374|CAPPUCCINO LA VIRGINIA MOUSSE DP155|LA VIRGINIA|4300.00|3553.72|1|4300.00|3553.72|0.00|0.00| |0.00|0.00| 
70|1|3|7790150695555|1|07790150695555|CAPPUCCINO LIGHT LA VIRGINIA 100 GR|LA VIRGINIA|3580.00|2958.68|1|3580.00|2958.68|0.00|0.00| |0.00|0.00| 
70|1|1|7790580107369|1|07790580107369|CARAMELOS ARCOR BUT.TOF.AGUILA 822G|ARCOR S.A.|11950.00|9876.03|1|11950.00|9876.03|0.00|0.00| |0.00|0.00| 
70|1|2|7790580107369|1|07790580107369|CARAMELOS ARCOR BUT.TOF.AGUILA 822G|ARCOR S.A.|11950.00|9876.03|1|11950.00|9876.03|0.00|0.00| |0.00|0.00| 
70|1|3|7790580107369|1|07790580107369|CARAMELOS ARCOR BUT.TOF.AGUILA 822G|ARCOR S.A.|11950.00|9876.03|1|11950.00|9876.03|0.00|0.00| |0.00|0.00| 
70|1|1|7790580240714|1|07790580240714|CARAMELOS ARCOR BUT.TOF.REL.D.LE810|ARCOR S.A.|11950.00|9876.03|1|11950.00|9876.03|0.00|0.00| |0.00|0.00| 
70|1|3|7790580240714|1|07790580240714|CARAMELOS ARCOR BUT.TOF.REL.D.LE810|ARCOR S.A.|11950.00|9876.03|1|11950.00|9876.03|0.00|0.00| |0.00|0.00| 
70|1|4|7790580110208|1|07790580110208|CARAMELOS ARCOR CREMINO SURTIDOS 94|ARCOR S.A.|13840.00|11438.02|1|13840.00|11438.02|0.00|0.00| |0.00|0.00| 
70|1|3|7790580106737|1|07790580106737|CARAMELOS ARCOR FRUTALES 880G.|ARCOR S.A.|7970.00|6586.78|1|7970.00|6586.78|0.00|0.00| |0.00|0.00| 
70|1|4|7790580106737|1|07790580106737|CARAMELOS ARCOR FRUTALES 880G.|ARCOR S.A.|7970.00|6586.78|1|7970.00|6586.78|0.00|0.00| |0.00|0.00| 
70|1|1|7790580470906|1|07790580470906|CARAMELOS ARCOR GAJITOS 485 GRS.|ARCOR S.A.|5120.00|4231.40|1|5120.00|4231.40|0.00|0.00| |0.00|0.00| 
70|1|2|7790580470906|1|07790580470906|CARAMELOS ARCOR GAJITOS 485 GRS.|ARCOR S.A.|5120.00|4231.40|1|5120.00|4231.40|0.00|0.00| |0.00|0.00| 
70|1|3|7790580470906|1|07790580470906|CARAMELOS ARCOR GAJITOS 485 GRS.|ARCOR S.A.|5120.00|4231.40|1|5120.00|4231.40|0.00|0.00| |0.00|0.00| 
70|1|1|7790580178208|1|07790580178208|CARAMELOS ARCOR MASTIC.FRUTA 800G|ARCOR S.A.|8360.00|6909.09|1|8360.00|6909.09|0.00|0.00| |0.00|0.00| 
70|1|4|7790580178208|1|07790580178208|CARAMELOS ARCOR MASTIC.FRUTA 800G|ARCOR S.A.|8360.00|6909.09|1|8360.00|6909.09|0.00|0.00| |0.00|0.00| 
70|1|1|7790580214104|1|07790580214104|CARAMELOS ARCOR RODAJAS 930G.|ARCOR S.A.|14360.00|11867.77|1|14360.00|11867.77|0.00|0.00| |0.00|0.00| 
70|1|2|7790580214104|1|07790580214104|CARAMELOS ARCOR RODAJAS 930G.|ARCOR S.A.|14360.00|11867.77|1|14360.00|11867.77|0.00|0.00| |0.00|0.00| 
70|1|3|7790580214104|1|07790580214104|CARAMELOS ARCOR RODAJAS 930G.|ARCOR S.A.|14360.00|11867.77|1|14360.00|11867.77|0.00|0.00| |0.00|0.00| 
70|1|4|7790580214104|1|07790580214104|CARAMELOS ARCOR RODAJAS 930G.|ARCOR S.A.|14360.00|11867.77|1|14360.00|11867.77|0.00|0.00| |0.00|0.00| 
70|1|1|7790580296506|1|07790580296506|CARAMELOS ARCOR RODAJAS CRAZY 465G|ARCOR S.A.|7350.00|6074.38|1|7350.00|6074.38|0.00|0.00| |0.00|0.00| 
70|1|3|7790580296506|1|07790580296506|CARAMELOS ARCOR RODAJAS CRAZY 465G|ARCOR S.A.|7350.00|6074.38|1|7350.00|6074.38|0.00|0.00| |0.00|0.00| 
70|1|2|7790580344207|1|07790580344207|CARAMELOS ARCOR VIENA 470 GRS.|ARCOR S.A.|4810.00|3975.21|1|4810.00|3975.21|0.00|0.00| |0.00|0.00| 
70|1|3|7790580344207|1|07790580344207|CARAMELOS ARCOR VIENA 470 GRS.|ARCOR S.A.|4810.00|3975.21|1|4810.00|3975.21|0.00|0.00| |0.00|0.00| 
70|1|4|7790580344207|1|07790580344207|CARAMELOS ARCOR VIENA 470 GRS.|ARCOR S.A.|4810.00|3975.21|1|4810.00|3975.21|0.00|0.00| |0.00|0.00| 
70|1|1|7793360386404|1|07793360386404|CARAMELOS BC SURTIDOS 420G|ARCOR S.A.|15560.00|12859.50|1|15560.00|12859.50|0.00|0.00| |0.00|0.00| 
70|1|2|7793360386404|1|07793360386404|CARAMELOS BC SURTIDOS 420G|ARCOR S.A.|15560.00|12859.50|1|15560.00|12859.50|0.00|0.00| |0.00|0.00| 
70|1|3|7793360386404|1|07793360386404|CARAMELOS BC SURTIDOS 420G|ARCOR S.A.|15560.00|12859.50|1|15560.00|12859.50|0.00|0.00| |0.00|0.00| 
70|1|4|7793360386404|1|07793360386404|CARAMELOS BC SURTIDOS 420G|ARCOR S.A.|15560.00|12859.50|1|15560.00|12859.50|0.00|0.00| |0.00|0.00| 
70|1|1|7792860008298|1|07792860008298|CARAMELOS LHERITIER BABY DOLL 500G.|LHERITIER|4530.00|3743.80|1|4530.00|3743.80|0.00|0.00| |0.00|0.00| 
70|1|2|7792860008298|1|07792860008298|CARAMELOS LHERITIER BABY DOLL 500G.|LHERITIER|4530.00|3743.80|1|4530.00|3743.80|0.00|0.00| |0.00|0.00| 
70|1|4|0000077944405|1|00000077944405|CARAMELOS MENT.PLUS ACIDOS CHERRY 2|CANDY MIX|840.00|694.21|1|840.00|694.21|0.00|0.00| |0.00|0.00| 
70|1|4|0000077920539|1|00000077920539|CARAMELOS MENT.PLUS CHERRY 26,4GRS.|CANDY MIX|610.00|504.13|1|610.00|504.13|0.00|0.00| |0.00|0.00| 
70|1|4|0000077920676|1|00000077920676|CARAMELOS MENT.PLUS MENTA 29,4GRS|CANDY MIX|610.00|504.13|1|610.00|504.13|0.00|0.00| |0.00|0.00| 
70|1|4|0000077920515|1|00000077920515|CARAMELOS MENT.PLUS MENTOL 29.4GRS|CANDY MIX|610.00|504.13|1|610.00|504.13|0.00|0.00| |0.00|0.00| 
70|1|4|0000077920577|1|00000077920577|CARAMELOS MENT.PLUS MIEL 29,4G.|CANDY MIX|610.00|504.13|1|610.00|504.13|0.00|0.00| |0.00|0.00| 
70|1|4|0000077946805|1|00000077946805|CARAMELOS MENT.PLUS S/AZ.CHERRY27.3|CANDY MIX|840.00|694.21|1|840.00|694.21|0.00|0.00| |0.00|0.00| 
70|1|4|0000077944733|1|00000077944733|CARAMELOS MENT.PLUS S/AZ.DURAZNO30.|CANDY MIX|840.00|694.21|1|840.00|694.21|0.00|0.00| |0.00|0.00| 
70|1|4|0000077946829|1|00000077946829|CARAMELOS MENT.PLUS S/AZ.MENT.27.3|CANDY MIX|840.00|694.21|1|840.00|694.21|0.00|0.00| |0.00|0.00| 
70|1|1|7790580309602|1|07790580309602|CARAMELOS MOGUL 1KG. ANILLOS |ARCOR S.A.|12370.00|10223.14|1|12370.00|10223.14|0.00|0.00| |0.00|0.00| 
70|1|3|7790580309602|1|07790580309602|CARAMELOS MOGUL 1KG. ANILLOS |ARCOR S.A.|12370.00|10223.14|1|12370.00|10223.14|0.00|0.00| |0.00|0.00| 
70|1|4|7790580309602|1|07790580309602|CARAMELOS MOGUL 1KG. ANILLOS |ARCOR S.A.|12370.00|10223.14|1|12370.00|10223.14|0.00|0.00| |0.00|0.00| 
70|1|1|7790580311315|1|07790580311315|CARAMELOS MOGUL 1KG. CONITOS FRUTAL|ARCOR S.A.|12370.00|10223.14|1|12370.00|10223.14|0.00|0.00| |0.00|0.00| 
70|1|4|7790580311315|1|07790580311315|CARAMELOS MOGUL 1KG. CONITOS FRUTAL|ARCOR S.A.|12370.00|10223.14|1|12370.00|10223.14|0.00|0.00| |0.00|0.00| 
70|1|1|7790580309206|1|07790580309206|CARAMELOS MOGUL 1KG. EUCALIPTUS|ARCOR S.A.|12370.00|10223.14|1|12370.00|10223.14|0.00|0.00| |0.00|0.00| 
70|1|4|7790580309206|1|07790580309206|CARAMELOS MOGUL 1KG. EUCALIPTUS|ARCOR S.A.|12370.00|10223.14|1|12370.00|10223.14|0.00|0.00| |0.00|0.00| 
70|1|3|7790580308100|1|07790580308100|CARAMELOS MOGUL 1KG. JELLY BUTT.|ARCOR S.A.|12370.00|10223.14|1|12370.00|10223.14|0.00|0.00| |0.00|0.00| 
70|1|4|7790580616717|1|07790580616717|CARAMELOS MOGUL 30G. COCODRILOS|PR.VARIOS SUPERMERC.|520.00|429.75|1|520.00|429.75|0.00|0.00| |0.00|0.00| 
70|1|4|7790580200114|1|07790580200114|CARAMELOS MOGUL 30G. TIBURONCITOS|CANDY MIX|620.00|512.40|1|620.00|512.40|0.00|0.00| |0.00|0.00| 
70|1|3|7790580230111|1|07790580230111|CARAMELOS MOGUL 30G. VIBORITAS|CANDY MIX|770.00|636.36|1|770.00|636.36|0.00|0.00| |0.00|0.00| 
70|1|4|7790580230111|1|07790580230111|CARAMELOS MOGUL 30G. VIBORITAS|CANDY MIX|770.00|636.36|1|770.00|636.36|0.00|0.00| |0.00|0.00| 
70|1|2|7790580116965|1|07790580116965|CARAMELOS MOGUL 35G. ACIDO EXTREME|CANDY MIX|570.00|471.07|1|570.00|471.07|0.00|0.00| |0.00|0.00| 
70|1|4|7790580116965|1|07790580116965|CARAMELOS MOGUL 35G. ACIDO EXTREME|CANDY MIX|570.00|471.07|1|570.00|471.07|0.00|0.00| |0.00|0.00| 
70|1|1|7790580263102|1|07790580263102|CARAMELOS MOGUL 500G. DIENTES |ARCOR S.A.|7550.00|6239.67|1|7550.00|6239.67|0.00|0.00| |0.00|0.00| 
70|1|4|7790580263102|1|07790580263102|CARAMELOS MOGUL 500G. DIENTES |ARCOR S.A.|7550.00|6239.67|1|7550.00|6239.67|0.00|0.00| |0.00|0.00| 
70|1|1|7790580262402|1|07790580262402|CARAMELOS MOGUL 500G. MORAS |ARCOR S.A.|7550.00|6239.67|1|7550.00|6239.67|0.00|0.00| |0.00|0.00| 
70|1|4|7790580262402|1|07790580262402|CARAMELOS MOGUL 500G. MORAS |ARCOR S.A.|7550.00|6239.67|1|7550.00|6239.67|0.00|0.00| |0.00|0.00| 
70|1|1|7790580107475|1|07790580107475|CARAMELOS MOGUL 500G.FRUT/CREMA|ARCOR S.A.|7550.00|6239.67|1|7550.00|6239.67|0.00|0.00| |0.00|0.00| 
70|1|4|7790580107475|1|07790580107475|CARAMELOS MOGUL 500G.FRUT/CREMA|ARCOR S.A.|7550.00|6239.67|1|7550.00|6239.67|0.00|0.00| |0.00|0.00| 
70|1|1|7792860003033|1|07792860003033|CARAMELOS PICO DULCE 150 GRS.|LHERITIER|2110.00|1743.80|1|2110.00|1743.80|0.00|0.00| |0.00|0.00| 
70|1|1|7792860007574|1|07792860007574|CARAMELOS PICO DULCE FRUTA 450G|LHERITIER|6250.00|5165.29|1|6250.00|5165.29|0.00|0.00| |0.00|0.00| 
70|1|4|7792860007574|1|07792860007574|CARAMELOS PICO DULCE FRUTA 450G|LHERITIER|6250.00|5165.29|1|6250.00|5165.29|0.00|0.00| |0.00|0.00| 
70|1|1|7792860007963|1|07792860007963|CARAMELOS PICO DULCE MASTICAB.150G|LHERITIER|1610.00|1330.58|1|1610.00|1330.58|0.00|0.00| |0.00|0.00| 
70|1|2|7791118002224|1|07791118002224|CEBADA INST. EL POCILLO 170G.   |BESSONE|3050.00|2520.66|1|3050.00|2520.66|0.00|0.00| |0.00|0.00| 
70|1|3|7791118002224|1|07791118002224|CEBADA INST. EL POCILLO 170G.   |BESSONE|3050.00|2520.66|1|3050.00|2520.66|0.00|0.00| |0.00|0.00| 
70|1|4|7791118002224|1|07791118002224|CEBADA INST. EL POCILLO 170G.   |BESSONE|3050.00|2520.66|1|3050.00|2520.66|0.00|0.00| |0.00|0.00| 
70|1|2|7791118002248|1|07791118002248|CEBADA INST. EL POCILLO 500G.|BESSONE|7070.00|5842.98|1|7070.00|5842.98|0.00|0.00| |0.00|0.00| 
70|1|3|7791118002248|1|07791118002248|CEBADA INST. EL POCILLO 500G.|BESSONE|7070.00|5842.98|1|7070.00|5842.98|0.00|0.00| |0.00|0.00| 
70|1|4|7791118002248|1|07791118002248|CEBADA INST. EL POCILLO 500G.|BESSONE|7070.00|5842.98|1|7070.00|5842.98|0.00|0.00| |0.00|0.00| 
70|1|3|7791118000794|1|07791118000794|CEBADA INST. EL POCILLO C/LECHE 100|BESSONE|2000.00|1652.89|1|2000.00|1652.89|0.00|0.00| |0.00|0.00| 
70|1|4|7791118000794|1|07791118000794|CEBADA INST. EL POCILLO C/LECHE 100|BESSONE|2000.00|1652.89|1|2000.00|1652.89|0.00|0.00| |0.00|0.00| 
70|1|1|7791118000077|1|07791118000077|CEBADA INST. EL POCILLO DP.100G.|BESSONE|1840.00|1520.66|1|1840.00|1520.66|0.00|0.00| |0.00|0.00| 
70|1|2|7791118000077|1|07791118000077|CEBADA INST. EL POCILLO DP.100G.|BESSONE|1840.00|1520.66|1|1840.00|1520.66|0.00|0.00| |0.00|0.00| 
70|1|3|7791118000077|1|07791118000077|CEBADA INST. EL POCILLO DP.100G.|BESSONE|1840.00|1520.66|1|1840.00|1520.66|0.00|0.00| |0.00|0.00| 
70|1|4|7791118000077|1|07791118000077|CEBADA INST. EL POCILLO DP.100G.|BESSONE|1840.00|1520.66|1|1840.00|1520.66|0.00|0.00| |0.00|0.00| 
70|1|2|7791118004334|1|07791118004334|CEBADA INST. PRIMER PRECIO 170G.|BESSONE|3170.00|2619.83|1|3170.00|2619.83|0.00|0.00| |0.00|0.00| 
70|1|3|7791118004334|1|07791118004334|CEBADA INST. PRIMER PRECIO 170G.|BESSONE|3170.00|2619.83|1|3170.00|2619.83|0.00|0.00| |0.00|0.00| 
70|1|4|7791118004334|1|07791118004334|CEBADA INST. PRIMER PRECIO 170G.|BESSONE|3170.00|2619.83|1|3170.00|2619.83|0.00|0.00| |0.00|0.00| 
70|1|1|7791584000649|1|07791584000649|CEBOLLA DESHI. CALIDAD P.PRECIO 25G|PRODUCTO P.PRECIO VT|450.00|371.90|1|450.00|371.90|0.00|0.00| |0.00|0.00| 
70|1|4|7791584000649|1|07791584000649|CEBOLLA DESHI. CALIDAD P.PRECIO 25G|PRODUCTO P.PRECIO VT|450.00|371.90|1|450.00|371.90|0.00|0.00| |0.00|0.00| 
70|1|4|6000001035890|1|06000001035890|CEBOLLAS BLANCA KG.|VERDULERIA|2400.00|2171.95|1|2400.00|2171.95|0.00|0.00| |0.00|0.00| 
70|1|4|6000001057502|1|06000001057502|CEBOLLAS KG.        |VERDULERIA|1250.00|1131.22|1|1250.00|1131.22|0.00|0.00| |0.00|0.00| 
70|1|4|6000001033742|1|06000001033742|CEBOLLAS MORADA KG.|VERDULERIA|2400.00|2171.95|1|2400.00|2171.95|0.00|0.00| |0.00|0.00| 
70|1|4|6000000412180|1|06000000412180|CEBOLLAS VERDEO         |VERDULERIA|723.78|655.00|1|723.78|655.00|0.00|0.00| |0.00|0.00| 
70|1|2|7790127746181|1|07790127746181|CEBOLLITAS VANOLI DP. 150G. |PR.VARIOS SUPERMERC.|99.50|82.23|1|99.50|82.23|0.00|0.00| |0.00|0.00| 
70|1|4|7790127746181|1|07790127746181|CEBOLLITAS VANOLI DP. 150G. |PR.VARIOS SUPERMERC.|99.50|82.23|1|99.50|82.23|0.00|0.00| |0.00|0.00| 
70|1|3|7793416003187|1|07793416003187|CEPILLO CALZADO CERDA NEGRA SALZANO|FRANCISCO SALZANO|2950.00|2438.02|1|2950.00|2438.02|0.00|0.00| |0.00|0.00| 
70|1|3|7797900010323|1|07797900010323|CEPILLO DE MANO PLANCHITA LA PORTEÑ|DIST.GM SRL|1890.00|1561.98|1|1890.00|1561.98|0.00|0.00| |0.00|0.00| 
70|1|4|7702010631207|1|07702010631207|CEPILLO DENTAL COLGATE 2X1 T.ACCION|COLGATE-PALMOLIVE|4364.70|3607.19|1|4364.70|3607.19|0.00|0.00| |0.00|0.00| 
70|1|1|7891024184608|1|07891024184608|CEPILLO DENTAL COLGATE CLASSIC|COLGATE-PALMOLIVE|1883.90|1556.94|1|1883.90|1556.94|0.00|0.00| |0.00|0.00| 
70|1|2|6910021007206|1|06910021007206|CEPILLO DENTAL COLGATE PREMIER ULTR|COLGATE-PALMOLIVE|695.00|574.38|1|695.00|574.38|0.00|0.00| |0.00|0.00| 
70|1|4|6910021007206|1|06910021007206|CEPILLO DENTAL COLGATE PREMIER ULTR|COLGATE-PALMOLIVE|695.00|574.38|1|695.00|574.38|0.00|0.00| |0.00|0.00| 
70|1|3|7798113112507|1|07798113112507|CEPILLO DENTAL RANDOM 2X1 L-150|RANDOMCORP S.A.|2101.25|1736.57|1|2101.25|1736.57|0.00|0.00| |0.00|0.00| 
70|1|4|7798113112507|1|07798113112507|CEPILLO DENTAL RANDOM 2X1 L-150|RANDOMCORP S.A.|2101.25|1736.57|1|2101.25|1736.57|0.00|0.00| |0.00|0.00| 
70|1|1|7798113112712|1|07798113112712|CEPILLO DENTAL RANDOM 2X1 L-171|RANDOMCORP S.A.|4457.30|3683.72|1|4457.30|3683.72|0.00|0.00| |0.00|0.00| 
70|1|3|7798113112712|1|07798113112712|CEPILLO DENTAL RANDOM 2X1 L-171|RANDOMCORP S.A.|4457.30|3683.72|1|4457.30|3683.72|0.00|0.00| |0.00|0.00| 
70|1|4|7798113110657|1|07798113110657|CEPILLO DENTAL RANDOM L-065|RANDOMCORP S.A.|2202.10|1819.92|1|2202.10|1819.92|0.00|0.00| |0.00|0.00| 
70|1|1|7798113110763|1|07798113110763|CEPILLO DENTAL RANDOM L-076|RANDOMCORP S.A.|1526.10|1261.24|1|1526.10|1261.24|0.00|0.00| |0.00|0.00| 
70|1|3|7798113110763|1|07798113110763|CEPILLO DENTAL RANDOM L-076|RANDOMCORP S.A.|1526.10|1261.24|1|1526.10|1261.24|0.00|0.00| |0.00|0.00| 
70|1|1|7798113110770|1|07798113110770|CEPILLO DENTAL RANDOM L-076M|RANDOMCORP S.A.|1526.10|1261.24|1|1526.10|1261.24|0.00|0.00| |0.00|0.00| 
70|1|3|7798113110770|1|07798113110770|CEPILLO DENTAL RANDOM L-076M|RANDOMCORP S.A.|1526.10|1261.24|1|1526.10|1261.24|0.00|0.00| |0.00|0.00| 
70|1|1|7798113111357|1|07798113111357|CEPILLO DENTAL RANDOM L-134 FIRMES|RANDOMCORP S.A.|1033.35|854.01|1|1033.35|854.01|0.00|0.00| |0.00|0.00| 
70|1|3|7798113111357|1|07798113111357|CEPILLO DENTAL RANDOM L-134 FIRMES|RANDOMCORP S.A.|1033.35|854.01|1|1033.35|854.01|0.00|0.00| |0.00|0.00| 
70|1|4|7798113111357|1|07798113111357|CEPILLO DENTAL RANDOM L-134 FIRMES|RANDOMCORP S.A.|1033.35|854.01|1|1033.35|854.01|0.00|0.00| |0.00|0.00| 
70|1|1|7798113111340|1|07798113111340|CEPILLO DENTAL RANDOM L-134 SUAVES|RANDOMCORP S.A.|1033.35|854.01|1|1033.35|854.01|0.00|0.00| |0.00|0.00| 
70|1|3|7798113111340|1|07798113111340|CEPILLO DENTAL RANDOM L-134 SUAVES|RANDOMCORP S.A.|1033.35|854.01|1|1033.35|854.01|0.00|0.00| |0.00|0.00| 
70|1|4|7798113111340|1|07798113111340|CEPILLO DENTAL RANDOM L-134 SUAVES|RANDOMCORP S.A.|1033.35|854.01|1|1033.35|854.01|0.00|0.00| |0.00|0.00| 
70|1|1|7798113111661|1|07798113111661|CEPILLO DENTAL RANDOM L-156F|RANDOMCORP S.A.|1478.25|1221.69|1|1478.25|1221.69|0.00|0.00| |0.00|0.00| 
70|1|3|7798113111661|1|07798113111661|CEPILLO DENTAL RANDOM L-156F|RANDOMCORP S.A.|1478.25|1221.69|1|1478.25|1221.69|0.00|0.00| |0.00|0.00| 
70|1|1|7798113111562|1|07798113111562|CEPILLO DENTAL RANDOM L-156M|RANDOMCORP S.A.|1478.25|1221.69|1|1478.25|1221.69|0.00|0.00| |0.00|0.00| 
70|1|3|7798113111562|1|07798113111562|CEPILLO DENTAL RANDOM L-156M|RANDOMCORP S.A.|1478.25|1221.69|1|1478.25|1221.69|0.00|0.00| |0.00|0.00| 
70|1|1|7798113111821|1|07798113111821|CEPILLO DENTAL RANDOM L-182|RANDOMCORP S.A.|2967.10|2452.15|1|2967.10|2452.15|0.00|0.00| |0.00|0.00| 
70|1|3|7798113111821|1|07798113111821|CEPILLO DENTAL RANDOM L-182|RANDOMCORP S.A.|2967.10|2452.15|1|2967.10|2452.15|0.00|0.00| |0.00|0.00| 
70|1|2|7798113112064|1|07798113112064|CEPILLO DENTAL RANDOM L-206|PR.VARIOS PERFUMERIA|1140.00|942.15|1|1140.00|942.15|0.00|0.00| |0.00|0.00| 
70|1|1|7798113113122|1|07798113113122|CEPILLO DENTAL RANDOM L312|RANDOMCORP S.A.|2202.10|1819.92|1|2202.10|1819.92|0.00|0.00| |0.00|0.00| 
70|1|3|7798113113122|1|07798113113122|CEPILLO DENTAL RANDOM L312|RANDOMCORP S.A.|2202.10|1819.92|1|2202.10|1819.92|0.00|0.00| |0.00|0.00| 
70|1|3|7793416000292|1|07793416000292|CEPILLO LAVA OMNIBUS 29 CM. SALZANO|FRANCISCO SALZANO|5300.00|4380.17|1|5300.00|4380.17|0.00|0.00| |0.00|0.00| 
70|1|4|7794728001120|1|07794728001120|CERA DEPIL.DEPIMIEL POTE NATU. 200G|DEPIMIEL|4194.90|3466.86|1|4194.90|3466.86|0.00|0.00| |0.00|0.00| 
70|1|1|7790613071032|1|07790613071032|CERA SUIZA LIQUIDA 425CC NATURAL|VILLARD Y LOUIS|5120.00|4231.40|1|5120.00|4231.40|0.00|0.00| |0.00|0.00| 
70|1|2|7790613071032|1|07790613071032|CERA SUIZA LIQUIDA 425CC NATURAL|VILLARD Y LOUIS|5120.00|4231.40|1|5120.00|4231.40|0.00|0.00| |0.00|0.00| 
70|1|3|7790613071032|1|07790613071032|CERA SUIZA LIQUIDA 425CC NATURAL|VILLARD Y LOUIS|5120.00|4231.40|1|5120.00|4231.40|0.00|0.00| |0.00|0.00| 
70|1|1|7790613001091|1|07790613001091|CERA SUIZA LIQUIDA 425CC R.OSCURO|VILLARD Y LOUIS|5120.00|4231.40|1|5120.00|4231.40|0.00|0.00| |0.00|0.00| 
70|1|2|7790613001091|1|07790613001091|CERA SUIZA LIQUIDA 425CC R.OSCURO|VILLARD Y LOUIS|5120.00|4231.40|1|5120.00|4231.40|0.00|0.00| |0.00|0.00| 
70|1|3|7790613001091|1|07790613001091|CERA SUIZA LIQUIDA 425CC R.OSCURO|VILLARD Y LOUIS|5120.00|4231.40|1|5120.00|4231.40|0.00|0.00| |0.00|0.00| 
70|1|4|7790613001091|1|07790613001091|CERA SUIZA LIQUIDA 425CC R.OSCURO|VILLARD Y LOUIS|5120.00|4231.40|1|5120.00|4231.40|0.00|0.00| |0.00|0.00| 
70|1|2|7790613001442|1|07790613001442|CERA SUIZA LIQUIDA 425CC ROBLE CLAR|VILLARD Y LOUIS|5120.00|4231.40|1|5120.00|4231.40|0.00|0.00| |0.00|0.00| 
70|1|3|7790613001442|1|07790613001442|CERA SUIZA LIQUIDA 425CC ROBLE CLAR|VILLARD Y LOUIS|5120.00|4231.40|1|5120.00|4231.40|0.00|0.00| |0.00|0.00| 
70|1|2|7790613071025|1|07790613071025|CERA SUIZA LIQUIDA 850CC R.OSCURO|VILLARD Y LOUIS|8375.00|6921.49|1|8375.00|6921.49|0.00|0.00| |0.00|0.00| 
70|1|3|7790613071025|1|07790613071025|CERA SUIZA LIQUIDA 850CC R.OSCURO|VILLARD Y LOUIS|8375.00|6921.49|1|8375.00|6921.49|0.00|0.00| |0.00|0.00| 
70|1|4|7790613071025|1|07790613071025|CERA SUIZA LIQUIDA 850CC R.OSCURO|VILLARD Y LOUIS|8375.00|6921.49|1|8375.00|6921.49|0.00|0.00| |0.00|0.00| 
70|1|2|7790613070844|1|07790613070844|CERA SUIZA PASTA 450CC NATURAL|VILLARD Y LOUIS|9230.00|7628.10|1|9230.00|7628.10|0.00|0.00| |0.00|0.00| 
70|1|3|7790613070844|1|07790613070844|CERA SUIZA PASTA 450CC NATURAL|VILLARD Y LOUIS|9230.00|7628.10|1|9230.00|7628.10|0.00|0.00| |0.00|0.00| 
70|1|4|7790613070844|1|07790613070844|CERA SUIZA PASTA 450CC NATURAL|VILLARD Y LOUIS|9230.00|7628.10|1|9230.00|7628.10|0.00|0.00| |0.00|0.00| 
70|1|2|7790613070851|1|07790613070851|CERA SUIZA PASTA 450CC ROBLE CLARO|VILLARD Y LOUIS|9230.00|7628.10|1|9230.00|7628.10|0.00|0.00| |0.00|0.00| 
70|1|3|7790613070851|1|07790613070851|CERA SUIZA PASTA 450CC ROBLE CLARO|VILLARD Y LOUIS|9230.00|7628.10|1|9230.00|7628.10|0.00|0.00| |0.00|0.00| 
70|1|4|7790613070851|1|07790613070851|CERA SUIZA PASTA 450CC ROBLE CLARO|VILLARD Y LOUIS|9230.00|7628.10|1|9230.00|7628.10|0.00|0.00| |0.00|0.00| 
70|1|3|7798169800151|1|07798169800151|CEREAL BRAN P.PRECIO 200G.|LASFOR S.R.L.|1070.00|884.30|1|1070.00|884.30|0.00|0.00| |0.00|0.00| 
70|1|4|7798169800151|1|07798169800151|CEREAL BRAN P.PRECIO 200G.|LASFOR S.R.L.|1070.00|884.30|1|1070.00|884.30|0.00|0.00| |0.00|0.00| 
70|1|4|7790045001614|1|07790045001614|CEREAL GRANIX CHOCOFLAKERS 240   |CEAPE1|1980.00|1636.36|1|1980.00|1636.36|0.00|0.00| |0.00|0.00| 
70|1|4|7790045001621|1|07790045001621|CEREAL GRANIX CHOCOFORTYS 200G   |PR.VARIOS SUPERMERC.|2289.40|1892.07|1|2289.40|1892.07|0.00|0.00| |0.00|0.00| 
70|1|3|7790045000778|1|07790045000778|CEREAL GRANIX FIBRA C/PASAS 400G.|CEAPE1|3590.00|2966.94|1|3590.00|2966.94|0.00|0.00| |0.00|0.00| 
70|1|4|7790045000778|1|07790045000778|CEREAL GRANIX FIBRA C/PASAS 400G.|CEAPE1|3590.00|2966.94|1|3590.00|2966.94|0.00|0.00| |0.00|0.00| 
70|1|4|7790045823094|1|07790045823094|CEREAL GRANIX FIBRAS 250 GRS.|CEAPE1|2240.00|1851.24|1|2240.00|1851.24|0.00|0.00| |0.00|0.00| 
70|1|4|7790045002130|1|07790045002130|CEREAL GRANIX FREE 130 GRS.|CEAPE1|2310.00|1909.09|1|2310.00|1909.09|0.00|0.00| |0.00|0.00| 
70|1|1|7790045001607|1|07790045001607|CEREAL GRANIX SKARCHITOS 240 G   |CEAPE1|1730.00|1429.75|1|1730.00|1429.75|0.00|0.00| |0.00|0.00| 
70|1|3|7790045001607|1|07790045001607|CEREAL GRANIX SKARCHITOS 240 G   |CEAPE1|1730.00|1429.75|1|1730.00|1429.75|0.00|0.00| |0.00|0.00| 
70|1|4|7790045001607|1|07790045001607|CEREAL GRANIX SKARCHITOS 240 G   |CEAPE1|1730.00|1429.75|1|1730.00|1429.75|0.00|0.00| |0.00|0.00| 
70|1|1|7790045823315|1|07790045823315|CEREAL GRANIX SKARCHITOS MIEL 240GR|CEAPE1|1920.00|1586.78|1|1920.00|1586.78|0.00|0.00| |0.00|0.00| 
70|1|1|7797599000049|1|07797599000049|CEREAL GRANOLA PRIMER PRECIO 350GRS|GENERAL CEREALS|2370.00|1958.68|1|2370.00|1958.68|0.00|0.00| |0.00|0.00| 
70|1|3|7797599000049|1|07797599000049|CEREAL GRANOLA PRIMER PRECIO 350GRS|GENERAL CEREALS|2370.00|1958.68|1|2370.00|1958.68|0.00|0.00| |0.00|0.00| 
70|1|4|7797599000049|1|07797599000049|CEREAL GRANOLA PRIMER PRECIO 350GRS|GENERAL CEREALS|2370.00|1958.68|1|2370.00|1958.68|0.00|0.00| |0.00|0.00| 
70|1|1|7793046028017|1|07793046028017|CEREZAS DULCOR 250 GR.|DULCOR|9460.00|7818.18|1|9460.00|7818.18|0.00|0.00| |0.00|0.00| 
70|1|4|7790086001024|1|07790086001024|CEREZAS MARASCHINO CARLETI 150G|CARLETI|531.17|438.98|1|531.17|438.98|0.00|0.00| |0.00|0.00| 
70|1|2|7790086006128|1|07790086006128|CEREZAS MARASCHINO CARLETI 1K|CARLETI|23618.00|19519.01|1|23618.00|19519.01|0.00|0.00| |0.00|0.00| 
70|1|4|7790086006128|1|07790086006128|CEREZAS MARASCHINO CARLETI 1K|CARLETI|23618.00|19519.01|1|23618.00|19519.01|0.00|0.00| |0.00|0.00| 
70|1|1|7792798007738|1|07792798007738|CERVEZA 1890 1L.|QUILMES BOTELLAS|2790.00|2305.79|1|2790.00|2305.79|0.00|0.00| |0.00|0.00| 
70|1|2|7792798007738|1|07792798007738|CERVEZA 1890 1L.|QUILMES BOTELLAS|2790.00|2305.79|1|2790.00|2305.79|0.00|0.00| |0.00|0.00| 
70|1|3|7792798007738|1|07792798007738|CERVEZA 1890 1L.|QUILMES BOTELLAS|2790.00|2305.79|1|2790.00|2305.79|0.00|0.00| |0.00|0.00| 
70|1|4|7792798007738|1|07792798007738|CERVEZA 1890 1L.|QUILMES BOTELLAS|2790.00|2305.79|1|2790.00|2305.79|0.00|0.00| |0.00|0.00| 
70|1|1|7792798005888|1|07792798005888|CERVEZA BRAHMA 473ML|QUILMES LATAS|1960.00|1619.83|1|1960.00|1619.83|0.00|0.00| |0.00|0.00| 
70|1|3|7792798005888|1|07792798005888|CERVEZA BRAHMA 473ML|QUILMES LATAS|1960.00|1619.83|1|1960.00|1619.83|0.00|0.00| |0.00|0.00| 
70|1|4|7792798005888|1|07792798005888|CERVEZA BRAHMA 473ML|QUILMES LATAS|1960.00|1619.83|1|1960.00|1619.83|0.00|0.00| |0.00|0.00| 
70|1|1|7793147001056|1|07793147001056|CERVEZA BUDWEISER 1L.|QUILMES BOTELLAS|3200.00|2644.63|1|3200.00|2644.63|0.00|0.00| |0.00|0.00| 
70|1|2|7793147001056|1|07793147001056|CERVEZA BUDWEISER 1L.|QUILMES BOTELLAS|3200.00|2644.63|1|3200.00|2644.63|0.00|0.00| |0.00|0.00| 
70|1|3|7793147001056|1|07793147001056|CERVEZA BUDWEISER 1L.|QUILMES BOTELLAS|3200.00|2644.63|1|3200.00|2644.63|0.00|0.00| |0.00|0.00| 
70|1|4|7793147001056|1|07793147001056|CERVEZA BUDWEISER 1L.|QUILMES BOTELLAS|3200.00|2644.63|1|3200.00|2644.63|0.00|0.00| |0.00|0.00| 
70|1|1|7501064106859|1|07501064106859|CERVEZA CORONA 710 CC|QUILMES BOTELLAS|4790.00|3958.68|1|4790.00|3958.68|0.00|0.00| |0.00|0.00| 
70|1|2|7501064106859|1|07501064106859|CERVEZA CORONA 710 CC|QUILMES BOTELLAS|4790.00|3958.68|1|4790.00|3958.68|0.00|0.00| |0.00|0.00| 
70|1|3|7501064106859|1|07501064106859|CERVEZA CORONA 710 CC|QUILMES BOTELLAS|4790.00|3958.68|1|4790.00|3958.68|0.00|0.00| |0.00|0.00| 
70|1|4|7501064106859|1|07501064106859|CERVEZA CORONA 710 CC|QUILMES BOTELLAS|4790.00|3958.68|1|4790.00|3958.68|0.00|0.00| |0.00|0.00| 
70|1|1|7793147000899|1|07793147000899|CERVEZA HEINEKEN 1 LT.           |CCU BOTELLAS|5445.00|4500.00|1|5445.00|4500.00|0.00|0.00| |0.00|0.00| 
70|1|2|7793147000899|1|07793147000899|CERVEZA HEINEKEN 1 LT.           |CCU BOTELLAS|5445.00|4500.00|1|5445.00|4500.00|0.00|0.00| |0.00|0.00| 
70|1|3|7793147000899|1|07793147000899|CERVEZA HEINEKEN 1 LT.           |CCU BOTELLAS|5445.00|4500.00|1|5445.00|4500.00|0.00|0.00| |0.00|0.00| 
70|1|4|7793147000899|1|07793147000899|CERVEZA HEINEKEN 1 LT.           |CCU BOTELLAS|5445.00|4500.00|1|5445.00|4500.00|0.00|0.00| |0.00|0.00| 
70|1|1|7795697431345|1|07795697431345|CERVEZA MILLER 1L.|CCU BOTELLAS|3998.00|3304.13|1|3998.00|3304.13|0.00|0.00| |0.00|0.00| 
70|1|3|7795697431345|1|07795697431345|CERVEZA MILLER 1L.|CCU BOTELLAS|3998.00|3304.13|1|3998.00|3304.13|0.00|0.00| |0.00|0.00| 
70|1|4|7795697431345|1|07795697431345|CERVEZA MILLER 1L.|CCU BOTELLAS|3998.00|3304.13|1|3998.00|3304.13|0.00|0.00| |0.00|0.00| 
70|1|1|7792798007424|1|07792798007424|CERVEZA QUILMES BAJO CERO 1L.|QUILMES BOTELLAS|2798.00|2312.40|1|2798.00|2312.40|0.00|0.00| |0.00|0.00| 
70|1|3|7792798007424|1|07792798007424|CERVEZA QUILMES BAJO CERO 1L.|QUILMES BOTELLAS|2798.00|2312.40|1|2798.00|2312.40|0.00|0.00| |0.00|0.00| 
70|1|4|7792798007424|1|07792798007424|CERVEZA QUILMES BAJO CERO 1L.|QUILMES BOTELLAS|2798.00|2312.40|1|2798.00|2312.40|0.00|0.00| |0.00|0.00| 
70|1|1|7792798012923|1|07792798012923|CERVEZA QUILMES CLASICA 473ML|QUILMES LATAS|1900.00|1570.25|1|1900.00|1570.25|0.00|0.00| |0.00|0.00| 
70|1|2|7792798012923|1|07792798012923|CERVEZA QUILMES CLASICA 473ML|QUILMES LATAS|1900.00|1570.25|1|1900.00|1570.25|0.00|0.00| |0.00|0.00| 
70|1|4|7792798012923|1|07792798012923|CERVEZA QUILMES CLASICA 473ML|QUILMES LATAS|1900.00|1570.25|1|1900.00|1570.25|0.00|0.00| |0.00|0.00| 
70|1|1|7792798007400|1|07792798007400|CERVEZA QUILMES STOUT 1L.|QUILMES BOTELLAS|3090.00|2553.72|1|3090.00|2553.72|0.00|0.00| |0.00|0.00| 
70|1|2|7792798007400|1|07792798007400|CERVEZA QUILMES STOUT 1L.|QUILMES BOTELLAS|3090.00|2553.72|1|3090.00|2553.72|0.00|0.00| |0.00|0.00| 
70|1|3|7792798007400|1|07792798007400|CERVEZA QUILMES STOUT 1L.|QUILMES BOTELLAS|3090.00|2553.72|1|3090.00|2553.72|0.00|0.00| |0.00|0.00| 
70|1|4|7792798007400|1|07792798007400|CERVEZA QUILMES STOUT 1L.|QUILMES BOTELLAS|3090.00|2553.72|1|3090.00|2553.72|0.00|0.00| |0.00|0.00| 
70|1|1|7793147001049|1|07793147001049|CERVEZA SANTA FE 1L.|CCU BOTELLAS|3050.00|2520.66|1|3050.00|2520.66|0.00|0.00| |0.00|0.00| 
70|1|2|7793147001049|1|07793147001049|CERVEZA SANTA FE 1L.|CCU BOTELLAS|3050.00|2520.66|1|3050.00|2520.66|0.00|0.00| |0.00|0.00| 
70|1|3|7793147001049|1|07793147001049|CERVEZA SANTA FE 1L.|CCU BOTELLAS|3050.00|2520.66|1|3050.00|2520.66|0.00|0.00| |0.00|0.00| 
70|1|4|7793147001049|1|07793147001049|CERVEZA SANTA FE 1L.|CCU BOTELLAS|3050.00|2520.66|1|3050.00|2520.66|0.00|0.00| |0.00|0.00| 
70|1|4|7793147001025|1|07793147001025|CERVEZA SCHNEIDER 1L.|CCU BOTELLAS|3050.00|2520.66|1|3050.00|2520.66|0.00|0.00| |0.00|0.00| 
70|1|1|7792798006199|1|07792798006199|CERVEZA STELLA ARTOIS 975 C.C.|QUILMES BOTELLAS|3900.00|3223.14|1|3900.00|3223.14|0.00|0.00| |0.00|0.00| 
70|1|2|7792798006199|1|07792798006199|CERVEZA STELLA ARTOIS 975 C.C.|QUILMES BOTELLAS|3900.00|3223.14|1|3900.00|3223.14|0.00|0.00| |0.00|0.00| 
70|1|3|7792798006199|1|07792798006199|CERVEZA STELLA ARTOIS 975 C.C.|QUILMES BOTELLAS|3900.00|3223.14|1|3900.00|3223.14|0.00|0.00| |0.00|0.00| 
70|1|4|7792798006199|1|07792798006199|CERVEZA STELLA ARTOIS 975 C.C.|QUILMES BOTELLAS|3900.00|3223.14|1|3900.00|3223.14|0.00|0.00| |0.00|0.00| 
70|1|1|7790975000152|1|07790975000152|CHAMPAGNE BARON B  EXTRA BRUT 750|BODEGA CHANDON|37750.00|31198.35|1|37750.00|31198.35|0.00|0.00| |0.00|0.00| 
70|1|2|7790975000152|1|07790975000152|CHAMPAGNE BARON B  EXTRA BRUT 750|BODEGA CHANDON|37750.00|31198.35|1|37750.00|31198.35|0.00|0.00| |0.00|0.00| 
70|1|1|7790975000190|1|07790975000190|CHAMPAGNE CHANDON DEMI SEC 750   |BODEGA CHANDON|19150.00|15826.45|1|19150.00|15826.45|0.00|0.00| |0.00|0.00| 
70|1|3|7790975000190|1|07790975000190|CHAMPAGNE CHANDON DEMI SEC 750   |BODEGA CHANDON|19150.00|15826.45|1|19150.00|15826.45|0.00|0.00| |0.00|0.00| 
70|1|4|7790975000190|1|07790975000190|CHAMPAGNE CHANDON DEMI SEC 750   |BODEGA CHANDON|19150.00|15826.45|1|19150.00|15826.45|0.00|0.00| |0.00|0.00| 
70|1|2|7790975000183|1|07790975000183|CHAMPAGNE CHANDON EXTRA BRUT 750 C.|BODEGA CHANDON|19150.00|15826.45|1|19150.00|15826.45|0.00|0.00| |0.00|0.00| 
70|1|3|7790975000183|1|07790975000183|CHAMPAGNE CHANDON EXTRA BRUT 750 C.|BODEGA CHANDON|19150.00|15826.45|1|19150.00|15826.45|0.00|0.00| |0.00|0.00| 
70|1|4|7790975000183|1|07790975000183|CHAMPAGNE CHANDON EXTRA BRUT 750 C.|BODEGA CHANDON|19150.00|15826.45|1|19150.00|15826.45|0.00|0.00| |0.00|0.00| 
70|1|1|7804345003145|1|07804345003145|CHAMPAGNE FRESITA 750 CC         |REGIONAL TRADE|10520.00|8694.21|1|10520.00|8694.21|0.00|0.00| |0.00|0.00| 
70|1|2|7804345003145|1|07804345003145|CHAMPAGNE FRESITA 750 CC         |REGIONAL TRADE|10520.00|8694.21|1|10520.00|8694.21|0.00|0.00| |0.00|0.00| 
70|1|3|7804345003145|1|07804345003145|CHAMPAGNE FRESITA 750 CC         |REGIONAL TRADE|10520.00|8694.21|1|10520.00|8694.21|0.00|0.00| |0.00|0.00| 
70|1|4|7804345003145|1|07804345003145|CHAMPAGNE FRESITA 750 CC         |REGIONAL TRADE|10520.00|8694.21|1|10520.00|8694.21|0.00|0.00| |0.00|0.00| 
70|1|1|7790336047109|1|07790336047109|CHAMPAGNE LOPEZ EXTRA BRUT 750CC|BODEGA LOPEZ|8590.00|7099.17|1|8590.00|7099.17|0.00|0.00| |0.00|0.00| 
70|1|4|7790336040124|1|07790336040124|CHAMPAGNE MONTCHENOT EXTRA BRUT 750|BODEGA CHANDON|12150.00|10041.32|1|12150.00|10041.32|0.00|0.00| |0.00|0.00| 
70|1|1|7791560040102|1|07791560040102|CHAMPAGNE MUMM DEMI SEC 750 CC|PERNOD RICARD ARG.|11140.00|9206.61|1|11140.00|9206.61|0.00|0.00| |0.00|0.00| 
70|1|2|7791560040058|1|07791560040058|CHAMPAGNE MUMM EXTRA BRUT 750 CC|PERNOD RICARD ARG.|11140.00|9206.61|1|11140.00|9206.61|0.00|0.00| |0.00|0.00| 
70|1|4|7791560040058|1|07791560040058|CHAMPAGNE MUMM EXTRA BRUT 750 CC|PERNOD RICARD ARG.|11140.00|9206.61|1|11140.00|9206.61|0.00|0.00| |0.00|0.00| 
70|1|1|7791560132838|1|07791560132838|CHAMPAGNE MUMM SWEET 750CC|PERNOD RICARD ARG.|11140.00|9206.61|1|11140.00|9206.61|0.00|0.00| |0.00|0.00| 
70|1|2|7791560132838|1|07791560132838|CHAMPAGNE MUMM SWEET 750CC|PERNOD RICARD ARG.|11140.00|9206.61|1|11140.00|9206.61|0.00|0.00| |0.00|0.00| 
70|1|4|6000003760202|1|06000003760202|CHAMPINON 200 GRS.|VERDULERIA|6300.00|5701.36|1|6300.00|5701.36|0.00|0.00| |0.00|0.00| 
70|1|4|7795933204023|1|07795933204023|CHAMPIÑONES BAHIA ENTEROS NAT. 425G|REGIONAL TRADE|3130.00|2586.78|1|3130.00|2586.78|0.00|0.00| |0.00|0.00| 
70|1|1|7795933204016|1|07795933204016|CHAMPIÑONES BAHIA ENTEROS NATU 460G|REGIONAL TRADE|6120.00|5057.85|1|6120.00|5057.85|0.00|0.00| |0.00|0.00| 
70|1|2|7795933204016|1|07795933204016|CHAMPIÑONES BAHIA ENTEROS NATU 460G|REGIONAL TRADE|6120.00|5057.85|1|6120.00|5057.85|0.00|0.00| |0.00|0.00| 
70|1|3|7795933204016|1|07795933204016|CHAMPIÑONES BAHIA ENTEROS NATU 460G|REGIONAL TRADE|6120.00|5057.85|1|6120.00|5057.85|0.00|0.00| |0.00|0.00| 
70|1|4|7795933204016|1|07795933204016|CHAMPIÑONES BAHIA ENTEROS NATU 460G|REGIONAL TRADE|6120.00|5057.85|1|6120.00|5057.85|0.00|0.00| |0.00|0.00| 
70|1|1|7795933204030|1|07795933204030|CHAMPIÑONES BAHIA TROZOS 850 GR.|REGIONAL TRADE|5590.00|4619.83|1|5590.00|4619.83|0.00|0.00| |0.00|0.00| 
70|1|3|7795933204030|1|07795933204030|CHAMPIÑONES BAHIA TROZOS 850 GR.|REGIONAL TRADE|5590.00|4619.83|1|5590.00|4619.83|0.00|0.00| |0.00|0.00| 
70|1|4|7795933204030|1|07795933204030|CHAMPIÑONES BAHIA TROZOS 850 GR.|REGIONAL TRADE|5590.00|4619.83|1|5590.00|4619.83|0.00|0.00| |0.00|0.00| 
70|1|1|7795933204047|1|07795933204047|CHAMPIÑONES BAHIA TROZOS NAT.230G.|REGIONAL TRADE|2770.00|2289.26|1|2770.00|2289.26|0.00|0.00| |0.00|0.00| 
70|1|2|7795933204047|1|07795933204047|CHAMPIÑONES BAHIA TROZOS NAT.230G.|REGIONAL TRADE|2770.00|2289.26|1|2770.00|2289.26|0.00|0.00| |0.00|0.00| 
70|1|4|7791885004025|1|07791885004025|CHAMPIÑONES CUMANA ENTEROS 230G.|BAVOSI S.A.|2970.00|2454.55|1|2970.00|2454.55|0.00|0.00| |0.00|0.00| 
70|1|1|7791885005138|1|07791885005138|CHAMPIÑONES CUMANA LAMINADOS 156G.|BAVOSI S.A.|1850.00|1528.93|1|1850.00|1528.93|0.00|0.00| |0.00|0.00| 
70|1|3|7791885005138|1|07791885005138|CHAMPIÑONES CUMANA LAMINADOS 156G.|BAVOSI S.A.|1850.00|1528.93|1|1850.00|1528.93|0.00|0.00| |0.00|0.00| 
70|1|4|7791885005138|1|07791885005138|CHAMPIÑONES CUMANA LAMINADOS 156G.|BAVOSI S.A.|1850.00|1528.93|1|1850.00|1528.93|0.00|0.00| |0.00|0.00| 
70|1|1|7791885004032|1|07791885004032|CHAMPIÑONES CUMANA LAMINADOS 230G.|BAVOSI S.A.|2470.00|2041.32|1|2470.00|2041.32|0.00|0.00| |0.00|0.00| 
70|1|4|7791885004032|1|07791885004032|CHAMPIÑONES CUMANA LAMINADOS 230G.|BAVOSI S.A.|2470.00|2041.32|1|2470.00|2041.32|0.00|0.00| |0.00|0.00| 
70|1|1|7622300819316|1|07622300819316|CHANTILLY ROYAL SOBRE 50G.|KRAFT FOODS ARGENTIN|1690.00|1396.69|1|1690.00|1396.69|0.00|0.00| |0.00|0.00| 
70|1|4|7622300819316|1|07622300819316|CHANTILLY ROYAL SOBRE 50G.|KRAFT FOODS ARGENTIN|1690.00|1396.69|1|1690.00|1396.69|0.00|0.00| |0.00|0.00| 
70|1|4|6000001057670|1|06000001057670|CHAUCHAS KG.            |VERDULERIA|4600.00|4162.90|1|4600.00|4162.90|0.00|0.00| |0.00|0.00| 
70|1|2|7791600071011|1|07791600071011|CHESTER ICE COLONIA 100 CC|UNIVEN|11626.25|9608.47|1|11626.25|9608.47|0.00|0.00| |0.00|0.00| 
70|1|3|7791600071011|1|07791600071011|CHESTER ICE COLONIA 100 CC|UNIVEN|11626.25|9608.47|1|11626.25|9608.47|0.00|0.00| |0.00|0.00| 
70|1|4|7791600071011|1|07791600071011|CHESTER ICE COLONIA 100 CC|UNIVEN|11626.25|9608.47|1|11626.25|9608.47|0.00|0.00| |0.00|0.00| 
70|1|2|7791600718022|1|07791600718022|CHESTER ICE COLONIA 170 CC|UNIVEN|9395.85|7765.17|1|9395.85|7765.17|0.00|0.00| |0.00|0.00| 
70|1|4|7791600718022|1|07791600718022|CHESTER ICE COLONIA 170 CC|UNIVEN|9395.85|7765.17|1|9395.85|7765.17|0.00|0.00| |0.00|0.00| 
70|1|2|7791600714543|1|07791600714543|CHESTER ICE COLONIA 60 CC C/VAP|UNIVEN|10240.00|8462.81|1|10240.00|8462.81|0.00|0.00| |0.00|0.00| 
70|1|4|7791600714543|1|07791600714543|CHESTER ICE COLONIA 60 CC C/VAP|UNIVEN|10240.00|8462.81|1|10240.00|8462.81|0.00|0.00| |0.00|0.00| 
70|1|2|7791600060145|1|07791600060145|CHESTER ICE COLONIA 60ML|UNIVEN|8515.00|7037.19|1|8515.00|7037.19|0.00|0.00| |0.00|0.00| 
70|1|4|7791600060145|1|07791600060145|CHESTER ICE COLONIA 60ML|UNIVEN|8515.00|7037.19|1|8515.00|7037.19|0.00|0.00| |0.00|0.00| 
70|1|2|7791600071417|1|07791600071417|CHESTER ICE DESODORANTE 150 CC|UNIVEN|4246.25|3509.30|1|4246.25|3509.30|0.00|0.00| |0.00|0.00| 
70|1|3|7791600071417|1|07791600071417|CHESTER ICE DESODORANTE 150 CC|UNIVEN|4246.25|3509.30|1|4246.25|3509.30|0.00|0.00| |0.00|0.00| 
70|1|4|7791600071417|1|07791600071417|CHESTER ICE DESODORANTE 150 CC|UNIVEN|4246.25|3509.30|1|4246.25|3509.30|0.00|0.00| |0.00|0.00| 
70|1|2|7791600071196|1|07791600071196|CHESTER ICE LOCION P/DESP.AF.100 CC|UNIVEN|8515.00|7037.19|1|8515.00|7037.19|0.00|0.00| |0.00|0.00| 
70|1|4|7791600071196|1|07791600071196|CHESTER ICE LOCION P/DESP.AF.100 CC|UNIVEN|8515.00|7037.19|1|8515.00|7037.19|0.00|0.00| |0.00|0.00| 
70|1|4|0000077939753|1|00000077939753|CHICLE TOPLINE 7 ATOMIC STRONG 14.7|CANDY MIX|850.00|702.48|1|850.00|702.48|0.00|0.00| |0.00|0.00| 
70|1|4|0000077932693|1|00000077932693|CHICLE TOPLINE 7 BLOWING MANDAR.14G|CANDY MIX|850.00|702.48|1|850.00|702.48|0.00|0.00| |0.00|0.00| 
70|1|4|0000077948588|1|00000077948588|CHICLE TOPLINE 7 SANDIA 14G.|CANDY MIX|850.00|702.48|1|850.00|702.48|0.00|0.00| |0.00|0.00| 
70|1|4|0000077951113|1|00000077951113|CHICLE TOPLINE 7 STRAWBERRY 14G.|CANDY MIX|850.00|702.48|1|850.00|702.48|0.00|0.00| |0.00|0.00| 
70|1|4|0000077931764|1|00000077931764|CHICLE TOPLINE 7 X-PLOSIVE MINT 14G|CANDY MIX|850.00|702.48|1|850.00|702.48|0.00|0.00| |0.00|0.00| 
70|1|1|0000077901651|1|00000077901651|CHICLES BELDENT 10G. FRUTILLA |CADBURY|690.00|570.25|1|690.00|570.25|0.00|0.00| |0.00|0.00| 
70|1|4|7790580587109|1|07790580587109|CHICLES FLICS MENTA 176.4 GRS.|CANDY MIX|6026.25|4980.37|1|6026.25|4980.37|0.00|0.00| |0.00|0.00| 
70|1|4|0000077916419|1|00000077916419|CHICLES TOPLINE S/AZ.DEFENSE TABLET|CANDY MIX|670.00|553.72|1|670.00|553.72|0.00|0.00| |0.00|0.00| 
70|1|4|0000077959539|1|00000077959539|CHICLES TOPLINE S/AZ.FRUTA TABLETAS|CANDY MIX|670.00|553.72|1|670.00|553.72|0.00|0.00| |0.00|0.00| 
70|1|4|0000077959508|1|00000077959508|CHICLES TOPLINE S/AZ.MENTA TABLETAS|CANDY MIX|670.00|553.72|1|670.00|553.72|0.00|0.00| |0.00|0.00| 
70|1|4|7790580385514|1|07790580385514|CHICLES TOPLINE S/AZ.SANDIA CONF.|PR.VARIOS SUPERMERC.|780.00|644.63|1|780.00|644.63|0.00|0.00| |0.00|0.00| 
70|1|4|0000077919489|1|00000077919489|CHICLES TOPLINE S/AZ.SANDIA TABLETA|CANDY MIX|670.00|553.72|1|670.00|553.72|0.00|0.00| |0.00|0.00| 
70|1|4|0000077921246|1|00000077921246|CHICLES TOPLINE S/AZ.STRONG TABLETA|CANDY MIX|670.00|553.72|1|670.00|553.72|0.00|0.00| |0.00|0.00| 
70|1|1|7791584000588|1|07791584000588|CHIMICHURRI CALIDAD P.PRECIO 25 GRS|PRODUCTO P.PRECIO VT|530.00|438.02|1|530.00|438.02|0.00|0.00| |0.00|0.00| 
70|1|1|7791584000366|1|07791584000366|CHIMICHURRI LAR 25 GRS.|ESPECIAS LAR|560.00|462.81|1|560.00|462.81|0.00|0.00| |0.00|0.00| 
70|1|2|7791584000366|1|07791584000366|CHIMICHURRI LAR 25 GRS.|ESPECIAS LAR|560.00|462.81|1|560.00|462.81|0.00|0.00| |0.00|0.00| 
70|1|3|7791584000366|1|07791584000366|CHIMICHURRI LAR 25 GRS.|ESPECIAS LAR|560.00|462.81|1|560.00|462.81|0.00|0.00| |0.00|0.00| 
70|1|4|7791584000366|1|07791584000366|CHIMICHURRI LAR 25 GRS.|ESPECIAS LAR|560.00|462.81|1|560.00|462.81|0.00|0.00| |0.00|0.00| 
70|1|4|7790127781953|1|07790127781953|CHIMICHURRI PRIMER PRECIO 285G.|PP.VANOLI|2200.00|1818.18|1|2200.00|1818.18|0.00|0.00| |0.00|0.00| 
70|1|4|7798116163018|1|07798116163018|CHIMICHURRI TAHITI 270G.|TAHITI |1795.00|1483.47|1|1795.00|1483.47|0.00|0.00| |0.00|0.00| 
70|1|4|7798116163025|1|07798116163025|CHIMICHURRI TAHITI TIPO CASERO 275G|TAHITI |1795.00|1483.47|1|1795.00|1483.47|0.00|0.00| |0.00|0.00| 
70|1|1|7790127001471|1|07790127001471|CHIMICHURRI VANOLI AHUMADO 190 C.C|VANOLI|1480.00|1223.14|1|1480.00|1223.14|0.00|0.00| |0.00|0.00| 
70|1|4|7790127001471|1|07790127001471|CHIMICHURRI VANOLI AHUMADO 190 C.C|VANOLI|1480.00|1223.14|1|1480.00|1223.14|0.00|0.00| |0.00|0.00| 
70|1|1|7790127000764|1|07790127000764|CHIMICHURRI VANOLI BOT. 190 CC.|VANOLI|1950.00|1611.57|1|1950.00|1611.57|0.00|0.00| |0.00|0.00| 
70|1|4|7790127000764|1|07790127000764|CHIMICHURRI VANOLI BOT. 190 CC.|VANOLI|1950.00|1611.57|1|1950.00|1611.57|0.00|0.00| |0.00|0.00| 
70|1|4|7790127001044|1|07790127001044|CHIMICHURRI VANOLI PICANTE 190 C.C.|VANOLI|1480.00|1223.14|1|1480.00|1223.14|0.00|0.00| |0.00|0.00| 
70|1|4|7795024000282|1|07795024000282|CHOCLITOS FLOR DE JARDIN 380G|COOP. JARDIN AMERICA|15700.00|12975.21|1|15700.00|12975.21|0.00|0.00| |0.00|0.00| 
70|1|4|7790580980801|1|07790580980801|CHOCLO ARCOR CREM.AMAR. 300 GRS.|ARCOR S.A.|1760.00|1454.55|1|1760.00|1454.55|0.00|0.00| |0.00|0.00| 
70|1|3|7790580980009|1|07790580980009|CHOCLO ARCOR ENTERO AMARILLO 205G.|ARCOR S.A.|1770.00|1462.81|1|1770.00|1462.81|0.00|0.00| |0.00|0.00| 
70|1|4|7790580980009|1|07790580980009|CHOCLO ARCOR ENTERO AMARILLO 205G.|ARCOR S.A.|1770.00|1462.81|1|1770.00|1462.81|0.00|0.00| |0.00|0.00| 
70|1|1|7795933000403|1|07795933000403|CHOCLO BAHIA AMARILLO ENTERO 200GR|REGIONAL TRADE|1330.00|1099.17|1|1330.00|1099.17|0.00|0.00| |0.00|0.00| 
70|1|3|7795933000403|1|07795933000403|CHOCLO BAHIA AMARILLO ENTERO 200GR|REGIONAL TRADE|1330.00|1099.17|1|1330.00|1099.17|0.00|0.00| |0.00|0.00| 
70|1|4|7793360000980|1|07793360000980|CHOCLO LA CAMPAGNOLA CREMOSO AM.300|LA CAMPAGNOLA|1970.00|1628.10|1|1970.00|1628.10|0.00|0.00| |0.00|0.00| 
70|1|1|7793360984808|1|07793360984808|CHOCLO LA CAMPAGNOLA ENTERO AMA.195|LA CAMPAGNOLA|2180.00|1801.65|1|2180.00|1801.65|0.00|0.00| |0.00|0.00| 
70|1|3|7793360984808|1|07793360984808|CHOCLO LA CAMPAGNOLA ENTERO AMA.195|LA CAMPAGNOLA|2180.00|1801.65|1|2180.00|1801.65|0.00|0.00| |0.00|0.00| 
70|1|4|7793360984808|1|07793360984808|CHOCLO LA CAMPAGNOLA ENTERO AMA.195|LA CAMPAGNOLA|2180.00|1801.65|1|2180.00|1801.65|0.00|0.00| |0.00|0.00| 
70|1|2|7792350006247|1|07792350006247|CHOCLO PRIMER PRECIO CREMOSO AMA.30|INALPA|690.00|570.25|1|690.00|570.25|0.00|0.00| |0.00|0.00| 
70|1|3|7792350006247|1|07792350006247|CHOCLO PRIMER PRECIO CREMOSO AMA.30|INALPA|690.00|570.25|1|690.00|570.25|0.00|0.00| |0.00|0.00| 
70|1|4|7792350006247|1|07792350006247|CHOCLO PRIMER PRECIO CREMOSO AMA.30|INALPA|690.00|570.25|1|690.00|570.25|0.00|0.00| |0.00|0.00| 
70|1|2|7792350005288|1|07792350005288|CHOCLO PRIMER PRECIO CREMOSO BCO300|INALPA|800.00|661.16|1|800.00|661.16|0.00|0.00| |0.00|0.00| 
70|1|3|7792350005288|1|07792350005288|CHOCLO PRIMER PRECIO CREMOSO BCO300|INALPA|800.00|661.16|1|800.00|661.16|0.00|0.00| |0.00|0.00| 
70|1|4|7792350005288|1|07792350005288|CHOCLO PRIMER PRECIO CREMOSO BCO300|INALPA|800.00|661.16|1|800.00|661.16|0.00|0.00| |0.00|0.00| 
70|1|1|7792350005295|1|07792350005295|CHOCLO PRIMER PRECIO ENTERO AMA.205|INALPA|1340.00|1107.44|1|1340.00|1107.44|0.00|0.00| |0.00|0.00| 
70|1|2|7792350005295|1|07792350005295|CHOCLO PRIMER PRECIO ENTERO AMA.205|INALPA|1340.00|1107.44|1|1340.00|1107.44|0.00|0.00| |0.00|0.00| 
70|1|3|7792350005295|1|07792350005295|CHOCLO PRIMER PRECIO ENTERO AMA.205|INALPA|1340.00|1107.44|1|1340.00|1107.44|0.00|0.00| |0.00|0.00| 
70|1|4|7792350005295|1|07792350005295|CHOCLO PRIMER PRECIO ENTERO AMA.205|INALPA|1340.00|1107.44|1|1340.00|1107.44|0.00|0.00| |0.00|0.00| 
70|1|4|6000000060404|1|06000000060404|CHOCLO X 1 UNIDAD|VERDULERIA|2000.00|1809.95|1|2000.00|1809.95|0.00|0.00| |0.00|0.00| 
70|1|4|7790070413802|1|07790070413802|CHOCOBAR DE ARROZ GALLO 20G. BLANCO|PR.VARIOS SUPERMERC.|401.85|332.11|1|401.85|332.11|0.00|0.00| |0.00|0.00| 
70|1|4|7790070413178|1|07790070413178|CHOCOBAR DE ARROZ GALLO 20G. LECHE|PR.VARIOS SUPERMERC.|401.85|332.11|1|401.85|332.11|0.00|0.00| |0.00|0.00| 
70|1|3|7790407031075|1|07790407031075|CHOCOLATE AGUILA 100G. BLANCO   |ARCOR S.A.|5360.00|4429.75|1|5360.00|4429.75|0.00|0.00| |0.00|0.00| 
70|1|4|7790407031075|1|07790407031075|CHOCOLATE AGUILA 100G. BLANCO   |ARCOR S.A.|5360.00|4429.75|1|5360.00|4429.75|0.00|0.00| |0.00|0.00| 
70|1|4|7790407031013|1|07790407031013|CHOCOLATE AGUILA 100G. FAMILIAR |ARCOR S.A.|5360.00|4429.75|1|5360.00|4429.75|0.00|0.00| |0.00|0.00| 
70|1|4|7790580109882|1|07790580109882|CHOCOLATE AGUILA 150G. EXTRA FINO 6|ARCOR S.A.|9420.00|7785.12|1|9420.00|7785.12|0.00|0.00| |0.00|0.00| 
70|1|4|7790407031273|1|07790407031273|CHOCOLATE AGUILA 150G. FAMILIAR |ARCOR S.A.|6800.00|5619.83|1|6800.00|5619.83|0.00|0.00| |0.00|0.00| 
70|1|4|7790580258702|1|07790580258702|CHOCOLATE ARCOR 100G. BCO C/MANI |PR.VARIOS SUPERMERC.|523.60|432.73|1|523.60|432.73|0.00|0.00| |0.00|0.00| 
70|1|4|7790580258511|1|07790580258511|CHOCOLATE ARCOR 100G. LECHE C/MANI |PR.VARIOS SUPERMERC.|523.60|432.73|1|523.60|432.73|0.00|0.00| |0.00|0.00| 
70|1|4|7790580607418|1|07790580607418|CHOCOLATE ARCOR 25G. BLANCO |CANDY MIX|1140.00|942.15|1|1140.00|942.15|0.00|0.00| |0.00|0.00| 
70|1|4|7790580607210|1|07790580607210|CHOCOLATE ARCOR 25G. LECHE |CANDY MIX|1140.00|942.15|1|1140.00|942.15|0.00|0.00| |0.00|0.00| 
70|1|4|7790580105945|1|07790580105945|CHOCOLATE COFLER 100G. CHOCOLINAS|ARCOR S.A.|3177.25|2625.83|1|3177.25|2625.83|0.00|0.00| |0.00|0.00| 
70|1|4|7790580666200|1|07790580666200|CHOCOLATE COFLER 100G. LECHE     |ARCOR S.A.|3177.25|2625.83|1|3177.25|2625.83|0.00|0.00| |0.00|0.00| 
70|1|4|7790580363017|1|07790580363017|CHOCOLATE COFLER 100G. LECHE/ALMEN|PR.VARIOS SUPERMERC.|3177.25|2625.83|1|3177.25|2625.83|0.00|0.00| |0.00|0.00| 
70|1|4|7790580103750|1|07790580103750|CHOCOLATE COFLER 42G. BCO.RELL.C/D.|PR.VARIOS SUPERMERC.|73.45|60.70|1|73.45|60.70|0.00|0.00| |0.00|0.00| 
70|1|4|7790580255619|1|07790580255619|CHOCOLATE COFLER 42G.RELLENO C/DDL |PR.VARIOS SUPERMERC.|73.45|60.70|1|73.45|60.70|0.00|0.00| |0.00|0.00| 
70|1|4|7790580033507|1|07790580033507|CHOCOLATE COFLER 55G. ALMENDRAS |ARCOR S.A.|3080.00|2545.45|1|3080.00|2545.45|0.00|0.00| |0.00|0.00| 
70|1|4|7790580242015|1|07790580242015|CHOCOLATE COFLER 55G. C/ROCKLETS |ARCOR S.A.|3080.00|2545.45|1|3080.00|2545.45|0.00|0.00| |0.00|0.00| 
70|1|4|7790580103538|1|07790580103538|CHOCOLATE COFLER 55G. CHOCOLINAS |ARCOR S.A.|3080.00|2545.45|1|3080.00|2545.45|0.00|0.00| |0.00|0.00| 
70|1|3|7790580665609|1|07790580665609|CHOCOLATE COFLER 55G. LECHE |ARCOR S.A.|3080.00|2545.45|1|3080.00|2545.45|0.00|0.00| |0.00|0.00| 
70|1|4|7790580665609|1|07790580665609|CHOCOLATE COFLER 55G. LECHE |ARCOR S.A.|3080.00|2545.45|1|3080.00|2545.45|0.00|0.00| |0.00|0.00| 
70|1|3|7790580106560|1|07790580106560|CHOCOLATE COFLER 55G. TRES PLACER|ARCOR S.A.|3080.00|2545.45|1|3080.00|2545.45|0.00|0.00| |0.00|0.00| 
70|1|4|7790580106560|1|07790580106560|CHOCOLATE COFLER 55G. TRES PLACER|ARCOR S.A.|3080.00|2545.45|1|3080.00|2545.45|0.00|0.00| |0.00|0.00| 
70|1|4|7790580332716|1|07790580332716|CHOCOLATE COFLER AIR.100G. ALMEND. |ARCOR S.A.|5900.00|4876.03|1|5900.00|4876.03|0.00|0.00| |0.00|0.00| 
70|1|4|7790407049025|1|07790407049025|CHOCOLATE COFLER AIR.100G. BLANC.|ARCOR S.A.|5900.00|4876.03|1|5900.00|4876.03|0.00|0.00| |0.00|0.00| 
70|1|4|7790407049001|1|07790407049001|CHOCOLATE COFLER AIR.100G. LECHE |ARCOR S.A.|5900.00|4876.03|1|5900.00|4876.03|0.00|0.00| |0.00|0.00| 
70|1|4|0000077949035|1|00000077949035|CHOCOLATE COFLER AIR.30G. BLANCO|ARCOR S.A.|1780.00|1471.07|1|1780.00|1471.07|0.00|0.00| |0.00|0.00| 
70|1|4|0000077949080|1|00000077949080|CHOCOLATE COFLER AIR.30G. LECHE |ARCOR S.A.|1780.00|1471.07|1|1780.00|1471.07|0.00|0.00| |0.00|0.00| 
70|1|4|7790580332617|1|07790580332617|CHOCOLATE COFLER AIR.55G. ALMENDRA|ARCOR S.A.|3430.00|2834.71|1|3430.00|2834.71|0.00|0.00| |0.00|0.00| 
70|1|4|7790407490605|1|07790407490605|CHOCOLATE COFLER AIR.55G. BCO.LE |ARCOR S.A.|3430.00|2834.71|1|3430.00|2834.71|0.00|0.00| |0.00|0.00| 
70|1|4|7790407490407|1|07790407490407|CHOCOLATE COFLER AIR.55G. BLANCO |ARCOR S.A.|3430.00|2834.71|1|3430.00|2834.71|0.00|0.00| |0.00|0.00| 
70|1|4|7790407490704|1|07790407490704|CHOCOLATE COFLER AIR.55G. LECHE |ARCOR S.A.|3430.00|2834.71|1|3430.00|2834.71|0.00|0.00| |0.00|0.00| 
70|1|4|0000077949059|1|00000077949059|CHOCOLATE COFLER AIR.BCO./LECHE 27G|ARCOR S.A.|1780.00|1471.07|1|1780.00|1471.07|0.00|0.00| |0.00|0.00| 
70|1|3|0000077950031|1|00000077950031|CHOCOLATE COFLER BLOCK 110G. LECHE |ARCOR S.A.|4110.00|3396.69|1|4110.00|3396.69|0.00|0.00| |0.00|0.00| 
70|1|4|0000077950031|1|00000077950031|CHOCOLATE COFLER BLOCK 110G. LECHE |ARCOR S.A.|4110.00|3396.69|1|4110.00|3396.69|0.00|0.00| |0.00|0.00| 
70|1|4|7790580255510|1|07790580255510|CHOCOLATE COFLER BLOCK 170G C/MANI |ARCOR S.A.|7440.00|6148.76|1|7440.00|6148.76|0.00|0.00| |0.00|0.00| 
70|1|4|7790580103743|1|07790580103743|CHOCOLATE COFLER BLOCK 300G C/MANI |ARCOR S.A.|11990.00|9909.09|1|11990.00|9909.09|0.00|0.00| |0.00|0.00| 
70|1|4|0000077953124|1|00000077953124|CHOCOLATE COFLER BLOCK 38G. C/MANI |ARCOR S.A.|1650.00|1363.64|1|1650.00|1363.64|0.00|0.00| |0.00|0.00| 
70|1|1|7794612065719|1|07794612065719|CHOCOLATE HAMLET ALMENDRA/MANI 45G |LIA|940.00|776.86|1|940.00|776.86|0.00|0.00| |0.00|0.00| 
70|1|4|7794612065719|1|07794612065719|CHOCOLATE HAMLET ALMENDRA/MANI 45G |LIA|940.00|776.86|1|940.00|776.86|0.00|0.00| |0.00|0.00| 
70|1|4|7794612107716|1|07794612107716|CHOCOLATE HAMLET BANANITA 43G.|LIA|940.00|776.86|1|940.00|776.86|0.00|0.00| |0.00|0.00| 
70|1|3|7794612065818|1|07794612065818|CHOCOLATE HAMLET BICOLOR 42G|LIA|940.00|776.86|1|940.00|776.86|0.00|0.00| |0.00|0.00| 
70|1|4|7794612065818|1|07794612065818|CHOCOLATE HAMLET BICOLOR 42G|LIA|940.00|776.86|1|940.00|776.86|0.00|0.00| |0.00|0.00| 
70|1|4|7794612066211|1|07794612066211|CHOCOLATE HAMLET CHOCOLATOSO 43G.|LIA|940.00|776.86|1|940.00|776.86|0.00|0.00| |0.00|0.00| 
70|1|3|7794612066419|1|07794612066419|CHOCOLATE HAMLET FRUTILLA 43G.|LIA|940.00|776.86|1|940.00|776.86|0.00|0.00| |0.00|0.00| 
70|1|4|7794612066419|1|07794612066419|CHOCOLATE HAMLET FRUTILLA 43G.|LIA|940.00|776.86|1|940.00|776.86|0.00|0.00| |0.00|0.00| 
70|1|2|7794612065917|1|07794612065917|CHOCOLATE HAMLET LECHE /COOK. 45G.|LIA|940.00|776.86|1|940.00|776.86|0.00|0.00| |0.00|0.00| 
70|1|3|7794612065917|1|07794612065917|CHOCOLATE HAMLET LECHE /COOK. 45G.|LIA|940.00|776.86|1|940.00|776.86|0.00|0.00| |0.00|0.00| 
70|1|4|7794612065917|1|07794612065917|CHOCOLATE HAMLET LECHE /COOK. 45G.|LIA|940.00|776.86|1|940.00|776.86|0.00|0.00| |0.00|0.00| 
70|1|4|3045140118502|1|03045140118502|CHOCOLATE MILKA 100G. AVELLANAS |PR.VARIOS SUPERMERC.|824.10|681.07|1|824.10|681.07|0.00|0.00| |0.00|0.00| 
70|1|4|7622300846602|1|07622300846602|CHOCOLATE MILKA 135G. D.LECHE BCO. |PR.VARIOS SUPERMERC.|3380.30|2793.64|1|3380.30|2793.64|0.00|0.00| |0.00|0.00| 
70|1|4|7790114015191|1|07790114015191|CHOCOLATE MILKA LEGER 100G. ALMEND|PR.VARIOS SUPERMERC.|1410.60|1165.79|1|1410.60|1165.79|0.00|0.00| |0.00|0.00| 
70|1|4|7790114015306|1|07790114015306|CHOCOLATE MILKA LEGER 100G. COMBINA|PR.VARIOS SUPERMERC.|1410.60|1165.79|1|1410.60|1165.79|0.00|0.00| |0.00|0.00| 
70|1|4|7790114015177|1|07790114015177|CHOCOLATE MILKA LEGER 100G. LECHE |PR.VARIOS SUPERMERC.|1410.60|1165.79|1|1410.60|1165.79|0.00|0.00| |0.00|0.00| 
70|1|4|7790580116583|1|07790580116583|CHOCOLATE MINI ROCKLETS CONF.150G. |PR.VARIOS SUPERMERC.|4328.25|3577.07|1|4328.25|3577.07|0.00|0.00| |0.00|0.00| 
70|1|4|7790580322113|1|07790580322113|CHOCOLATE P/TAZA GODET 100 GR|PR.VARIOS SUPERMERC.|1973.40|1630.91|1|1973.40|1630.91|0.00|0.00| |0.00|0.00| 
70|1|4|7790580107635|1|07790580107635|CHOCOLATE ROCKLETS CONFITADO 150G. |CANDY MIX|5200.00|4297.52|1|5200.00|4297.52|0.00|0.00| |0.00|0.00| 
70|1|4|7790580421007|1|07790580421007|CHOCOLATE ROCKLETS CONFITADO 20GRS|CANDY MIX|840.00|694.21|1|840.00|694.21|0.00|0.00| |0.00|0.00| 
70|1|4|7790580327415|1|07790580327415|CHOCOLATE ROCKLETS CONFITADO 40GRS|CANDY MIX|1370.00|1132.23|1|1370.00|1132.23|0.00|0.00| |0.00|0.00| 
70|1|4|7790580492014|1|07790580492014|CHOCOLATE ROCKLETS MINI 10GRS|PR.VARIOS SUPERMERC.|358.25|296.07|1|358.25|296.07|0.00|0.00| |0.00|0.00| 
70|1|4|7622300424084|1|07622300424084|CHOCOLATE SHOT 170 GR.|KRAFT FOODS ARGENTIN|6950.00|5743.80|1|6950.00|5743.80|0.00|0.00| |0.00|0.00| 
70|1|4|7791249451656|1|07791249451656|CHOCOLATE SHOT 90G.|KRAFT FOODS ARGENTIN|3900.00|3223.14|1|3900.00|3223.14|0.00|0.00| |0.00|0.00| 
70|1|4|7790114089048|1|07790114089048|CHOCOLATE SUCHARD TAZA 105G|PR.VARIOS SUPERMERC.|303.70|250.99|1|303.70|250.99|0.00|0.00| |0.00|0.00| 
70|1|4|0000077974648|1|00000077974648|CHOCOLATE TOFI RELLENO BLANCO 27 GR|CANDY MIX|1750.00|1446.28|1|1750.00|1446.28|0.00|0.00| |0.00|0.00| 
70|1|4|7790580746711|1|07790580746711|CHOCOLATE TOFI RELLENO BLANCO 55GRS|CANDY MIX|3280.00|2710.74|1|3280.00|2710.74|0.00|0.00| |0.00|0.00| 
70|1|4|0000077974631|1|00000077974631|CHOCOLATE TOFI RELLENO LECHE 28GRS|CANDY MIX|1750.00|1446.28|1|1750.00|1446.28|0.00|0.00| |0.00|0.00| 
70|1|4|7790580746612|1|07790580746612|CHOCOLATE TOFI RELLENO LECHE 55GRS|CANDY MIX|3280.00|2710.74|1|3280.00|2710.74|0.00|0.00| |0.00|0.00| 
70|1|1|0000077958570|1|00000077958570|CHOCOLATIN ARCOR BLANCO 8 GRS.|CANDY MIX|460.00|380.17|1|460.00|380.17|0.00|0.00| |0.00|0.00| 
70|1|1|0000077958563|1|00000077958563|CHOCOLATIN ARCOR LECHE 8 GRS.|CANDY MIX|460.00|380.17|1|460.00|380.17|0.00|0.00| |0.00|0.00| 
70|1|4|0000077958563|1|00000077958563|CHOCOLATIN ARCOR LECHE 8 GRS.|CANDY MIX|460.00|380.17|1|460.00|380.17|0.00|0.00| |0.00|0.00| 
70|1|1|7790150830789|1|07790150830789|CHOCOLINO PLUS 180G.|LA VIRGINIA|1900.00|1570.25|1|1900.00|1570.25|0.00|0.00| |0.00|0.00| 
70|1|2|7790150830789|1|07790150830789|CHOCOLINO PLUS 180G.|LA VIRGINIA|1900.00|1570.25|1|1900.00|1570.25|0.00|0.00| |0.00|0.00| 
70|1|4|7790150830789|1|07790150830789|CHOCOLINO PLUS 180G.|LA VIRGINIA|1900.00|1570.25|1|1900.00|1570.25|0.00|0.00| |0.00|0.00| 
70|1|1|7790150830819|1|07790150830819|CHOCOLINO PLUS 360G.|LA VIRGINIA|3780.00|3123.97|1|3780.00|3123.97|0.00|0.00| |0.00|0.00| 
70|1|2|7790150830819|1|07790150830819|CHOCOLINO PLUS 360G.|LA VIRGINIA|3780.00|3123.97|1|3780.00|3123.97|0.00|0.00| |0.00|0.00| 
70|1|3|7790150830819|1|07790150830819|CHOCOLINO PLUS 360G.|LA VIRGINIA|3780.00|3123.97|1|3780.00|3123.97|0.00|0.00| |0.00|0.00| 
70|1|4|7790150830819|1|07790150830819|CHOCOLINO PLUS 360G.|LA VIRGINIA|3780.00|3123.97|1|3780.00|3123.97|0.00|0.00| |0.00|0.00| 
70|1|1|7790150830833|1|07790150830833|CHOCOLINO PLUS 800G.|LA VIRGINIA|8400.00|6942.15|1|8400.00|6942.15|0.00|0.00| |0.00|0.00| 
70|1|2|7790150830833|1|07790150830833|CHOCOLINO PLUS 800G.|LA VIRGINIA|8400.00|6942.15|1|8400.00|6942.15|0.00|0.00| |0.00|0.00| 
70|1|3|7790150830833|1|07790150830833|CHOCOLINO PLUS 800G.|LA VIRGINIA|8400.00|6942.15|1|8400.00|6942.15|0.00|0.00| |0.00|0.00| 
70|1|4|7790150830833|1|07790150830833|CHOCOLINO PLUS 800G.|LA VIRGINIA|8400.00|6942.15|1|8400.00|6942.15|0.00|0.00| |0.00|0.00| 
70|1|4|7790407031532|1|07790407031532|CHOCOLITOS AGUILA S.AMARGO 150G.   |PR.VARIOS SUPERMERC.|5780.00|4776.86|1|5780.00|4776.86|0.00|0.00| |0.00|0.00| 
70|1|4|6000001072734|1|06000001072734|CHORIZO FRESCO KG.               |CARNE VACUNA|13350.00|11033.06|1|13350.00|11033.06|0.00|0.00| |0.00|0.00| 
70|1|3|7795024001067|1|07795024001067|CHUCRUT FLOR DE JARDIN 330G.|COOP. JARDIN AMERICA|5990.00|4950.41|1|5990.00|4950.41|0.00|0.00| |0.00|0.00| 
70|1|1|7790127001020|1|07790127001020|CHUCRUT VANOLI 600GRS.|VANOLI|9870.00|8157.02|1|9870.00|8157.02|0.00|0.00| |0.00|0.00| 
70|1|4|7790127001020|1|07790127001020|CHUCRUT VANOLI 600GRS.|VANOLI|9870.00|8157.02|1|9870.00|8157.02|0.00|0.00| |0.00|0.00| 
70|1|1|7792860016217|1|07792860016217|CHUPETIN BABY DOLL 4U. |LHERITIER|690.00|570.25|1|690.00|570.25|0.00|0.00| |0.00|0.00| 
70|1|3|7792860016217|1|07792860016217|CHUPETIN BABY DOLL 4U. |LHERITIER|690.00|570.25|1|690.00|570.25|0.00|0.00| |0.00|0.00| 
70|1|4|7792860016217|1|07792860016217|CHUPETIN BABY DOLL 4U. |LHERITIER|690.00|570.25|1|690.00|570.25|0.00|0.00| |0.00|0.00| 
70|1|1|7792860008175|1|07792860008175|CHUPETIN LHERITER FUTBOL RIVER 24U|LHERITIER|4120.00|3404.96|1|4120.00|3404.96|0.00|0.00| |0.00|0.00| 
70|1|3|7792860008175|1|07792860008175|CHUPETIN LHERITER FUTBOL RIVER 24U|LHERITIER|4120.00|3404.96|1|4120.00|3404.96|0.00|0.00| |0.00|0.00| 
70|1|1|7792860008168|1|07792860008168|CHUPETIN LHERITIER FUTBOL BOCA 24U|LHERITIER|4120.00|3404.96|1|4120.00|3404.96|0.00|0.00| |0.00|0.00| 
70|1|3|7792860008168|1|07792860008168|CHUPETIN LHERITIER FUTBOL BOCA 24U|LHERITIER|4120.00|3404.96|1|4120.00|3404.96|0.00|0.00| |0.00|0.00| 
70|1|4|7792860004542|1|07792860004542|CHUPETIN LHERITIER PICO DULCE 5 UN.|LHERITIER|1156.50|955.79|1|1156.50|955.79|0.00|0.00| |0.00|0.00| 
70|1|1|7792860007949|1|07792860007949|CHUPETIN LHERITIER PITO PITO FR.24U|LHERITIER|4800.00|3966.94|1|4800.00|3966.94|0.00|0.00| |0.00|0.00| 
70|1|4|7790580252908|1|07790580252908|CHUPETIN MR.POPS FRUTA 10 UN|CANDY MIX|1960.00|1619.83|1|1960.00|1619.83|0.00|0.00| |0.00|0.00| 
70|1|4|7791600078560|1|07791600078560|CIEL COLONIA 250CC|UNIVEN|9395.85|7765.17|1|9395.85|7765.17|0.00|0.00| |0.00|0.00| 
70|1|4|7791600030124|1|07791600030124|CIEL COLONIA 50ML C/VAPORIZADOR |UNIVEN|13673.15|11300.12|1|13673.15|11300.12|0.00|0.00| |0.00|0.00| 
70|1|4|7791600078171|1|07791600078171|CIEL COLONIA 80 CC C /VAP.|UNIVEN|15474.40|12788.76|1|15474.40|12788.76|0.00|0.00| |0.00|0.00| 
70|1|4|7791600024239|1|07791600024239|CIEL CRYSTAL DESODORANTE 123CC|UNIVEN|3975.20|3285.29|1|3975.20|3285.29|0.00|0.00| |0.00|0.00| 
70|1|1|7791600024345|1|07791600024345|CIEL CRYSTAL DESODORANTE 186CC|UNIVEN|4697.95|3882.60|1|4697.95|3882.60|0.00|0.00| |0.00|0.00| 
70|1|4|7791600024345|1|07791600024345|CIEL CRYSTAL DESODORANTE 186CC|UNIVEN|4697.95|3882.60|1|4697.95|3882.60|0.00|0.00| |0.00|0.00| 
70|1|4|7791600024451|1|07791600024451|CIEL CRYSTAL EDT 250CC|UNIVEN|9395.85|7765.17|1|9395.85|7765.17|0.00|0.00| |0.00|0.00| 
70|1|4|7791600024017|1|07791600024017|CIEL CRYSTAL EDT 50CC C/VAP.|UNIVEN|16567.65|13692.27|1|16567.65|13692.27|0.00|0.00| |0.00|0.00| 
70|1|4|7791600024123|1|07791600024123|CIEL CRYSTAL EDT 80CC C/VAP.|UNIVEN|19187.65|15857.56|1|19187.65|15857.56|0.00|0.00| |0.00|0.00| 
70|1|2|7791600078249|1|07791600078249|CIEL DESODORANTE 123 CC|UNIVEN|3975.20|3285.29|1|3975.20|3285.29|0.00|0.00| |0.00|0.00| 
70|1|4|7791600078249|1|07791600078249|CIEL DESODORANTE 123 CC|UNIVEN|3975.20|3285.29|1|3975.20|3285.29|0.00|0.00| |0.00|0.00| 
70|1|4|7791600078317|1|07791600078317|CIEL DESODORANTE 186 CC|UNIVEN|4697.95|3882.60|1|4697.95|3882.60|0.00|0.00| |0.00|0.00| 
70|1|4|7791600745028|1|07791600745028|CIEL NUIT 1 EDT C/VAP 50CC|PR.VARIOS PERFUMERIA|6181.60|5108.76|1|6181.60|5108.76|0.00|0.00| |0.00|0.00| 
70|1|4|7791600745240|1|07791600745240|CIEL NUIT 3 EDT C/VAP. 50CC|PR.VARIOS PERFUMERIA|6181.60|5108.76|1|6181.60|5108.76|0.00|0.00| |0.00|0.00| 
70|1|4|7791600052874|1|07791600052874|CIEL NUIT COLONIA 250 C.C.|UNIVEN|9395.85|7765.17|1|9395.85|7765.17|0.00|0.00| |0.00|0.00| 
70|1|4|7791600052324|1|07791600052324|CIEL NUIT COLONIA 50 C.C. VAP.|UNIVEN|13673.15|11300.12|1|13673.15|11300.12|0.00|0.00| |0.00|0.00| 
70|1|4|7791600052430|1|07791600052430|CIEL NUIT COLONIA 80 C.C. VAP|UNIVEN|15474.40|12788.76|1|15474.40|12788.76|0.00|0.00| |0.00|0.00| 
70|1|4|7791600052546|1|07791600052546|CIEL NUIT DESODORANTE 123 C.C.|UNIVEN|3975.20|3285.29|1|3975.20|3285.29|0.00|0.00| |0.00|0.00| 
70|1|1|7791600052652|1|07791600052652|CIEL NUIT DESODORANTE 186 C.C.|UNIVEN|4697.95|3882.60|1|4697.95|3882.60|0.00|0.00| |0.00|0.00| 
70|1|4|7791600052652|1|07791600052652|CIEL NUIT DESODORANTE 186 C.C.|UNIVEN|4697.95|3882.60|1|4697.95|3882.60|0.00|0.00| |0.00|0.00| 
70|1|4|7791600844127|1|07791600844127|CIEL PARADISE 50CC EDP C/VAP|PR.VARIOS PERFUMERIA|10711.20|8852.23|1|10711.20|8852.23|0.00|0.00| |0.00|0.00| 
70|1|4|7791600093310|1|07791600093310|CIEL ROSE DESODORANTE 123 CC|UNIVEN|3649.30|3015.95|1|3649.30|3015.95|0.00|0.00| |0.00|0.00| 
70|1|4|7791600093174|1|07791600093174|CIEL ROSE EAU TOILETTE 50 CC C/VAP|UNIVEN|13673.15|11300.12|1|13673.15|11300.12|0.00|0.00| |0.00|0.00| 
70|1|4|7793940192005|1|07793940192005|CINDOR LECHE CHOCOLATADA 1 LTS. |DANONE ARGENTINA SA|7240.00|5983.47|1|7240.00|5983.47|0.00|0.00| |0.00|0.00| 
70|1|4|6000001067198|1|06000001067198|CIRUELA KG.               |VERDULERIA|6500.00|5882.35|1|6500.00|5882.35|0.00|0.00| |0.00|0.00| 
70|1|4|7798054011365|1|07798054011365|CLERICO FIESTA S/ALCOHOL 1 LTS.|PROV. VARIOS BEBIDAS|1899.00|1569.42|1|1899.00|1569.42|0.00|0.00| |0.00|0.00| 
70|1|1|7792855002249|1|07792855002249|CLERICO FIZZ LA QUINTANA 720ML|LIKYER S.A.|2650.00|2190.08|1|2650.00|2190.08|0.00|0.00| |0.00|0.00| 
70|1|3|7792855002249|1|07792855002249|CLERICO FIZZ LA QUINTANA 720ML|LIKYER S.A.|2650.00|2190.08|1|2650.00|2190.08|0.00|0.00| |0.00|0.00| 
70|1|4|7792855002249|1|07792855002249|CLERICO FIZZ LA QUINTANA 720ML|LIKYER S.A.|2650.00|2190.08|1|2650.00|2190.08|0.00|0.00| |0.00|0.00| 
70|1|4|7790119000871|1|07790119000871|CLERICO FIZZ REAL 720 CC|SAENZ BRIONES|1590.00|1314.05|1|1590.00|1314.05|0.00|0.00| |0.00|0.00| 
70|1|4|7798054011204|1|07798054011204|CLERICO SANTA CLAUS S/ALCOHOL 1 LTS|PROV. VARIOS BEBIDAS|1899.00|1569.42|1|1899.00|1569.42|0.00|0.00| |0.00|0.00| 
70|1|4|7795933001028|1|07795933001028|COCKTEL BAHIA BLUE HAWAIAN 285CC|PR.VARIOS SUPERMERC.|104.05|85.99|1|104.05|85.99|0.00|0.00| |0.00|0.00| 
70|1|4|7795933001004|1|07795933001004|COCKTEL BAHIA DAIKIRI FRUTILLA 285C|PR.VARIOS SUPERMERC.|104.05|85.99|1|104.05|85.99|0.00|0.00| |0.00|0.00| 
70|1|4|7795933001011|1|07795933001011|COCKTEL BAHIA DAIKIRI MARACUYA 285C|PR.VARIOS SUPERMERC.|104.05|85.99|1|104.05|85.99|0.00|0.00| |0.00|0.00| 
70|1|4|7795933001035|1|07795933001035|COCKTEL BAHIA SUN ON THE BEACH 285C|PR.VARIOS SUPERMERC.|104.05|85.99|1|104.05|85.99|0.00|0.00| |0.00|0.00| 
70|1|4|7793589045021|1|07793589045021|COCO RALLADO DAUBY 100G.|DAUBY|29.64|24.50|1|29.64|24.50|0.00|0.00| |0.00|0.00| 
70|1|4|7791122000445|1|07791122000445|COCO RALLADO VELEZ 25 GRS.|EPIFANIO JIMENEZ|640.00|528.93|1|640.00|528.93|0.00|0.00| |0.00|0.00| 
70|1|2|7794980917269|1|07794980917269|COCO RALLADO YUSPE 25G.|YUSPE|840.00|694.21|1|840.00|694.21|0.00|0.00| |0.00|0.00| 
70|1|4|7794980917269|1|07794980917269|COCO RALLADO YUSPE 25G.|YUSPE|840.00|694.21|1|840.00|694.21|0.00|0.00| |0.00|0.00| 
70|1|1|7794980917252|1|07794980917252|COCO RALLADO YUSPE 50G.|YUSPE|1550.00|1280.99|1|1550.00|1280.99|0.00|0.00| |0.00|0.00| 
70|1|4|7794980917252|1|07794980917252|COCO RALLADO YUSPE 50G.|YUSPE|1550.00|1280.99|1|1550.00|1280.99|0.00|0.00| |0.00|0.00| 
70|1|4|7501059240605|1|07501059240605|COFFEE-MATE NESTLE LITE 170G.|NESTLE ARGENTINA S.A|5620.00|4644.63|1|5620.00|4644.63|0.00|0.00| |0.00|0.00| 
70|1|4|7501059235045|1|07501059235045|COFFEE-MATE ORIGINAL 170G.|NESTLE ARGENTINA S.A|5620.00|4644.63|1|5620.00|4644.63|0.00|0.00| |0.00|0.00| 
70|1|4|7791600806156|1|07791600806156|COLBERT COLONIA 60 CC C/VAP|UNIVEN|9825.00|8119.83|1|9825.00|8119.83|0.00|0.00| |0.00|0.00| 
70|1|1|7791600080242|1|07791600080242|COLBERT DESODORANTE 150 CC|UNIVEN|4237.25|3501.86|1|4237.25|3501.86|0.00|0.00| |0.00|0.00| 
70|1|2|7791600080242|1|07791600080242|COLBERT DESODORANTE 150 CC|UNIVEN|4237.25|3501.86|1|4237.25|3501.86|0.00|0.00| |0.00|0.00| 
70|1|3|7791600080242|1|07791600080242|COLBERT DESODORANTE 150 CC|UNIVEN|4237.25|3501.86|1|4237.25|3501.86|0.00|0.00| |0.00|0.00| 
70|1|4|7791600080242|1|07791600080242|COLBERT DESODORANTE 150 CC|UNIVEN|4237.25|3501.86|1|4237.25|3501.86|0.00|0.00| |0.00|0.00| 
70|1|2|7791600080495|1|07791600080495|COLBERT DESODORANTE 250 CC|UNIVEN|4969.00|4106.61|1|4969.00|4106.61|0.00|0.00| |0.00|0.00| 
70|1|4|7791600080495|1|07791600080495|COLBERT DESODORANTE 250 CC|UNIVEN|4969.00|4106.61|1|4969.00|4106.61|0.00|0.00| |0.00|0.00| 
70|1|4|7791600174323|1|07791600174323|COLBERT NOIR COLONIA 60ML C/VAPORIZ|UNIVEN|11135.00|9202.48|1|11135.00|9202.48|0.00|0.00| |0.00|0.00| 
70|1|2|7791600730048|1|07791600730048|COLBERT NOIR COLONIA 90 CC|UNIVEN|13509.40|11164.79|1|13509.40|11164.79|0.00|0.00| |0.00|0.00| 
70|1|4|7791600730048|1|07791600730048|COLBERT NOIR COLONIA 90 CC|UNIVEN|13509.40|11164.79|1|13509.40|11164.79|0.00|0.00| |0.00|0.00| 
70|1|1|7791600073596|1|07791600073596|COLBERT NOIR DESODORANTE 150 CC|UNIVEN|4237.25|3501.86|1|4237.25|3501.86|0.00|0.00| |0.00|0.00| 
70|1|2|7791600073596|1|07791600073596|COLBERT NOIR DESODORANTE 150 CC|UNIVEN|4237.25|3501.86|1|4237.25|3501.86|0.00|0.00| |0.00|0.00| 
70|1|4|7791600073596|1|07791600073596|COLBERT NOIR DESODORANTE 150 CC|UNIVEN|4237.25|3501.86|1|4237.25|3501.86|0.00|0.00| |0.00|0.00| 
70|1|1|7791600073664|1|07791600073664|COLBERT NOIR DESODORANTE 250 CC|UNIVEN|4969.00|4106.61|1|4969.00|4106.61|0.00|0.00| |0.00|0.00| 
70|1|2|7791600073664|1|07791600073664|COLBERT NOIR DESODORANTE 250 CC|UNIVEN|4969.00|4106.61|1|4969.00|4106.61|0.00|0.00| |0.00|0.00| 
70|1|4|7791600073664|1|07791600073664|COLBERT NOIR DESODORANTE 250 CC|UNIVEN|4969.00|4106.61|1|4969.00|4106.61|0.00|0.00| |0.00|0.00| 
70|1|4|7791600571429|1|07791600571429|COLBERT PINO COLONIA 60ML C/VAPORIZ|UNIVEN|9415.65|7781.53|1|9415.65|7781.53|0.00|0.00| |0.00|0.00| 
70|1|1|7791600085216|1|07791600085216|COLBERT PINO DESODORANTE 150 CC|UNIVEN|4237.25|3501.86|1|4237.25|3501.86|0.00|0.00| |0.00|0.00| 
70|1|2|7791600085216|1|07791600085216|COLBERT PINO DESODORANTE 150 CC|UNIVEN|4237.25|3501.86|1|4237.25|3501.86|0.00|0.00| |0.00|0.00| 
70|1|3|7791600085216|1|07791600085216|COLBERT PINO DESODORANTE 150 CC|UNIVEN|4237.25|3501.86|1|4237.25|3501.86|0.00|0.00| |0.00|0.00| 
70|1|4|7791600085216|1|07791600085216|COLBERT PINO DESODORANTE 150 CC|UNIVEN|4237.25|3501.86|1|4237.25|3501.86|0.00|0.00| |0.00|0.00| 
70|1|4|7791600742256|1|07791600742256|COLBERT SPACE COLONIA 60CC VAP.|UNIVEN|12281.25|10149.79|1|12281.25|10149.79|0.00|0.00| |0.00|0.00| 
70|1|4|7791600742584|1|07791600742584|COLBERT SPACE DESODORANTE 250CC|UNIVEN|4969.00|4106.61|1|4969.00|4106.61|0.00|0.00| |0.00|0.00| 
70|1|4|7791600098148|1|07791600098148|COLBERT US COLONIA 60 CC|UNIVEN|11135.00|9202.48|1|11135.00|9202.48|0.00|0.00| |0.00|0.00| 
70|1|2|7791600098612|1|07791600098612|COLBERT US DESODORANTE 150 CC|UNIVEN|4336.55|3583.93|1|4336.55|3583.93|0.00|0.00| |0.00|0.00| 
70|1|4|7791600098612|1|07791600098612|COLBERT US DESODORANTE 150 CC|UNIVEN|4336.55|3583.93|1|4336.55|3583.93|0.00|0.00| |0.00|0.00| 
70|1|1|7791600098780|1|07791600098780|COLBERT US DESODORANTE 250 CC|UNIVEN|4855.20|4012.56|1|4855.20|4012.56|0.00|0.00| |0.00|0.00| 
70|1|4|7791600098780|1|07791600098780|COLBERT US DESODORANTE 250 CC|UNIVEN|4855.20|4012.56|1|4855.20|4012.56|0.00|0.00| |0.00|0.00| 
70|1|1|7791293020280|1|07791293020280|COLONIA DES.AXE APOLLO 97G|UNILEVER PERFUMERIA|3569.80|2950.25|1|3569.80|2950.25|0.00|0.00| |0.00|0.00| 
70|1|2|7791293020280|1|07791293020280|COLONIA DES.AXE APOLLO 97G|UNILEVER PERFUMERIA|3569.80|2950.25|1|3569.80|2950.25|0.00|0.00| |0.00|0.00| 
70|1|3|7791293020280|1|07791293020280|COLONIA DES.AXE APOLLO 97G|UNILEVER PERFUMERIA|3569.80|2950.25|1|3569.80|2950.25|0.00|0.00| |0.00|0.00| 
70|1|4|7791293020280|1|07791293020280|COLONIA DES.AXE APOLLO 97G|UNILEVER PERFUMERIA|3569.80|2950.25|1|3569.80|2950.25|0.00|0.00| |0.00|0.00| 
70|1|1|7791293028781|1|07791293028781|COLONIA DES.AXE BLACK 97G|UNILEVER PERFUMERIA|3569.80|2950.25|1|3569.80|2950.25|0.00|0.00| |0.00|0.00| 
70|1|2|7791293028781|1|07791293028781|COLONIA DES.AXE BLACK 97G|UNILEVER PERFUMERIA|3569.80|2950.25|1|3569.80|2950.25|0.00|0.00| |0.00|0.00| 
70|1|3|7791293028781|1|07791293028781|COLONIA DES.AXE BLACK 97G|UNILEVER PERFUMERIA|3569.80|2950.25|1|3569.80|2950.25|0.00|0.00| |0.00|0.00| 
70|1|4|7791293028781|1|07791293028781|COLONIA DES.AXE BLACK 97G|UNILEVER PERFUMERIA|3569.80|2950.25|1|3569.80|2950.25|0.00|0.00| |0.00|0.00| 
70|1|1|7791293995755|1|07791293995755|COLONIA DES.AXE DARK TEMPTATION 97G|UNILEVER PERFUMERIA|3569.80|2950.25|1|3569.80|2950.25|0.00|0.00| |0.00|0.00| 
70|1|2|7791293995755|1|07791293995755|COLONIA DES.AXE DARK TEMPTATION 97G|UNILEVER PERFUMERIA|3569.80|2950.25|1|3569.80|2950.25|0.00|0.00| |0.00|0.00| 
70|1|3|7791293995755|1|07791293995755|COLONIA DES.AXE DARK TEMPTATION 97G|UNILEVER PERFUMERIA|3569.80|2950.25|1|3569.80|2950.25|0.00|0.00| |0.00|0.00| 
70|1|4|7791293995755|1|07791293995755|COLONIA DES.AXE DARK TEMPTATION 97G|UNILEVER PERFUMERIA|3569.80|2950.25|1|3569.80|2950.25|0.00|0.00| |0.00|0.00| 
70|1|2|7791293022437|1|07791293022437|COLONIA DES.AXE MARINE 97G|UNILEVER PERFUMERIA|3569.80|2950.25|1|3569.80|2950.25|0.00|0.00| |0.00|0.00| 
70|1|3|7791293022437|1|07791293022437|COLONIA DES.AXE MARINE 97G|UNILEVER PERFUMERIA|3569.80|2950.25|1|3569.80|2950.25|0.00|0.00| |0.00|0.00| 
70|1|4|7791293022437|1|07791293022437|COLONIA DES.AXE MARINE 97G|UNILEVER PERFUMERIA|3569.80|2950.25|1|3569.80|2950.25|0.00|0.00| |0.00|0.00| 
70|1|2|7791293022130|1|07791293022130|COLONIA DES.AXE MUSK 97G|UNILEVER PERFUMERIA|3569.80|2950.25|1|3569.80|2950.25|0.00|0.00| |0.00|0.00| 
70|1|3|7791293022130|1|07791293022130|COLONIA DES.AXE MUSK 97G|UNILEVER PERFUMERIA|3569.80|2950.25|1|3569.80|2950.25|0.00|0.00| |0.00|0.00| 
70|1|4|7791293022130|1|07791293022130|COLONIA DES.AXE MUSK 97G|UNILEVER PERFUMERIA|3569.80|2950.25|1|3569.80|2950.25|0.00|0.00| |0.00|0.00| 
70|1|2|7791600521240|1|07791600521240|COLONIA GINO BOGANI 60 C.C.|UNIVEN|26970.60|22289.75|1|26970.60|22289.75|0.00|0.00| |0.00|0.00| 
70|1|4|7791600521240|1|07791600521240|COLONIA GINO BOGANI 60 C.C.|UNIVEN|26970.60|22289.75|1|26970.60|22289.75|0.00|0.00| |0.00|0.00| 
70|1|4|7791600041830|1|07791600041830|COLONIA PAULA CAHEN DANVERS AMOR 60|UNIVEN|25352.40|20952.40|1|25352.40|20952.40|0.00|0.00| |0.00|0.00| 
70|1|4|7792640000153|1|07792640000153|COLORACION CAPILATIS 7|CAPILATIS S.A.|8543.80|7060.99|1|8543.80|7060.99|0.00|0.00| |0.00|0.00| 
70|1|2|7792640000160|1|07792640000160|COLORACION CAPILATIS 7.1|CAPILATIS S.A.|8543.80|7060.99|1|8543.80|7060.99|0.00|0.00| |0.00|0.00| 
70|1|2|7792640000177|1|07792640000177|COLORACION CAPILATIS 7.3|CAPILATIS S.A.|8543.80|7060.99|1|8543.80|7060.99|0.00|0.00| |0.00|0.00| 
70|1|2|7792640000184|1|07792640000184|COLORACION CAPILATIS 7.32|CAPILATIS S.A.|8543.80|7060.99|1|8543.80|7060.99|0.00|0.00| |0.00|0.00| 
70|1|2|7792640000337|1|07792640000337|COLORACION CAPILATIS 9|CAPILATIS S.A.|8543.80|7060.99|1|8543.80|7060.99|0.00|0.00| |0.00|0.00| 
70|1|2|0309977326046|1|00309977326046|COLORACION COLORSILK 04|REVLON|5212.40|4307.77|1|5212.40|4307.77|0.00|0.00| |0.00|0.00| 
70|1|4|0309978695103|1|00309978695103|COLORACION COLORSILK 10|REVLON|5212.40|4307.77|1|5212.40|4307.77|0.00|0.00| |0.00|0.00| 
70|1|4|0309978695202|1|00309978695202|COLORACION COLORSILK 20|REVLON|5212.40|4307.77|1|5212.40|4307.77|0.00|0.00| |0.00|0.00| 
70|1|4|0309978456377|1|00309978456377|COLORACION COLORSILK 37|REVLON|5212.40|4307.77|1|5212.40|4307.77|0.00|0.00| |0.00|0.00| 
70|1|4|0309978695479|1|00309978695479|COLORACION COLORSILK 47|REVLON|5212.40|4307.77|1|5212.40|4307.77|0.00|0.00| |0.00|0.00| 
70|1|2|0309978695509|1|00309978695509|COLORACION COLORSILK 50|REVLON|5212.40|4307.77|1|5212.40|4307.77|0.00|0.00| |0.00|0.00| 
70|1|2|0309978695516|1|00309978695516|COLORACION COLORSILK 51|REVLON|5212.40|4307.77|1|5212.40|4307.77|0.00|0.00| |0.00|0.00| 
70|1|4|0309976623610|1|00309976623610|COLORACION COLORSILK 61|REVLON|5212.40|4307.77|1|5212.40|4307.77|0.00|0.00| |0.00|0.00| 
70|1|4|0309978695707|1|00309978695707|COLORACION COLORSILK 70|REVLON|5212.40|4307.77|1|5212.40|4307.77|0.00|0.00| |0.00|0.00| 
70|1|4|7790033949300|1|07790033949300|COLORACION NUTRISSE 30|LOREAL|12580.70|10397.27|1|12580.70|10397.27|0.00|0.00| |0.00|0.00| 
70|1|4|7791122000285|1|07791122000285|COMINO MOLIDO VELEZ 25 GRS.|EPIFANIO JIMENEZ|640.00|528.93|1|640.00|528.93|0.00|0.00| |0.00|0.00| 
70|1|2|7794980906461|1|07794980906461|COMINO MOLIDO YUSPE 25G.|YUSPE|790.00|652.89|1|790.00|652.89|0.00|0.00| |0.00|0.00| 
70|1|4|7794980906461|1|07794980906461|COMINO MOLIDO YUSPE 25G.|YUSPE|790.00|652.89|1|790.00|652.89|0.00|0.00| |0.00|0.00| 
70|1|3|7794980938240|1|07794980938240|CONDIMENTO PARA ARROZ YUSPE 25G.|YUSPE|610.00|504.13|1|610.00|504.13|0.00|0.00| |0.00|0.00| 
70|1|4|7794980938240|1|07794980938240|CONDIMENTO PARA ARROZ YUSPE 25G.|YUSPE|610.00|504.13|1|610.00|504.13|0.00|0.00| |0.00|0.00| 
70|1|3|7795194005001|1|07795194005001|CONDIMENTO PARA EMPANADAS ITAL 25G.|AVARO HNOS.|490.00|404.96|1|490.00|404.96|0.00|0.00| |0.00|0.00| 
70|1|4|7795194005001|1|07795194005001|CONDIMENTO PARA EMPANADAS ITAL 25G.|AVARO HNOS.|490.00|404.96|1|490.00|404.96|0.00|0.00| |0.00|0.00| 
70|1|1|7798092610018|1|07798092610018|CONDIMENTO PARRISAL 400 GRS.|PARRISAL|2100.00|1735.54|1|2100.00|1735.54|0.00|0.00| |0.00|0.00| 
70|1|2|7798092610018|1|07798092610018|CONDIMENTO PARRISAL 400 GRS.|PARRISAL|2100.00|1735.54|1|2100.00|1735.54|0.00|0.00| |0.00|0.00| 
70|1|4|7798092610018|1|07798092610018|CONDIMENTO PARRISAL 400 GRS.|PARRISAL|2100.00|1735.54|1|2100.00|1735.54|0.00|0.00| |0.00|0.00| 
70|1|1|7798092610025|1|07798092610025|CONDIMENTO PARRISAL 800 GRS.|PARRISAL|3550.00|2933.88|1|3550.00|2933.88|0.00|0.00| |0.00|0.00| 
70|1|2|7798092610025|1|07798092610025|CONDIMENTO PARRISAL 800 GRS.|PARRISAL|3550.00|2933.88|1|3550.00|2933.88|0.00|0.00| |0.00|0.00| 
70|1|3|7798092610025|1|07798092610025|CONDIMENTO PARRISAL 800 GRS.|PARRISAL|3550.00|2933.88|1|3550.00|2933.88|0.00|0.00| |0.00|0.00| 
70|1|4|7798092610025|1|07798092610025|CONDIMENTO PARRISAL 800 GRS.|PARRISAL|3550.00|2933.88|1|3550.00|2933.88|0.00|0.00| |0.00|0.00| 
70|1|1|7791584000533|1|07791584000533|CONDIMENTO PIZZA CALIDAD P.PRECIO25|PRODUCTO P.PRECIO VT|480.00|396.69|1|480.00|396.69|0.00|0.00| |0.00|0.00| 
70|1|4|7791584000533|1|07791584000533|CONDIMENTO PIZZA CALIDAD P.PRECIO25|PRODUCTO P.PRECIO VT|480.00|396.69|1|480.00|396.69|0.00|0.00| |0.00|0.00| 
70|1|1|7791584000540|1|07791584000540|CONDIMENTO PIZZA CALIDAD P.PRECIO50|PRODUCTO P.PRECIO VT|930.00|768.60|1|930.00|768.60|0.00|0.00| |0.00|0.00| 
70|1|1|7791584000397|1|07791584000397|CONDIMENTO PIZZA LAR 25 GRS.|ESPECIAS LAR|495.00|409.09|1|495.00|409.09|0.00|0.00| |0.00|0.00| 
70|1|2|7791584000397|1|07791584000397|CONDIMENTO PIZZA LAR 25 GRS.|ESPECIAS LAR|495.00|409.09|1|495.00|409.09|0.00|0.00| |0.00|0.00| 
70|1|3|7791584000397|1|07791584000397|CONDIMENTO PIZZA LAR 25 GRS.|ESPECIAS LAR|495.00|409.09|1|495.00|409.09|0.00|0.00| |0.00|0.00| 
70|1|4|7791584000397|1|07791584000397|CONDIMENTO PIZZA LAR 25 GRS.|ESPECIAS LAR|495.00|409.09|1|495.00|409.09|0.00|0.00| |0.00|0.00| 
70|1|4|7790580427009|1|07790580427009|CONEJO BON O BON BCO. 110 GR.|ARCOR S.A.|11650.00|9628.10|1|11650.00|9628.10|0.00|0.00| |0.00|0.00| 
70|1|4|7790580042585|1|07790580042585|CONEJO BON O BON LECHE 110 GR.|ARCOR S.A.|9750.00|8057.85|1|9750.00|8057.85|0.00|0.00| |0.00|0.00| 
70|1|4|7798036732004|1|07798036732004|CONFITES DE MANI CANNETTINE 80G.|CANNETTINE|18.10|14.96|1|18.10|14.96|0.00|0.00| |0.00|0.00| 
70|1|3|7792730021426|1|07792730021426|CONFITES DE MANI PAULISTA 80G.|PAULISTA FIESTAS|630.00|520.66|1|630.00|520.66|0.00|0.00| |0.00|0.00| 
70|1|4|7792730021426|1|07792730021426|CONFITES DE MANI PAULISTA 80G.|PAULISTA FIESTAS|630.00|520.66|1|630.00|520.66|0.00|0.00| |0.00|0.00| 
70|1|4|7790670045335|1|07790670045335|CONG.HAMBURGUESAS PATY 12U.X80G.|ANTARTIDA PATY|24600.00|20330.58|1|24600.00|20330.58|0.00|0.00| |0.00|0.00| 
70|1|4|7790670045267|1|07790670045267|CONG.HAMBURGUESAS PATY EXPRES 4U|ANTARTIDA PATY|5370.00|4438.02|1|5370.00|4438.02|0.00|0.00| |0.00|0.00| 
70|1|4|7790670001577|1|07790670001577|CONG.HAMBURGUESAS PATY FL.FINAS X2U|ANTARTIDA PATY|2600.00|2148.76|1|2600.00|2148.76|0.00|0.00| |0.00|0.00| 
70|1|4|7790670050957|1|07790670050957|CONG.MILANESAS PATY 2X100G.|ANTARTIDA PATY|4520.00|3735.54|1|4520.00|3735.54|0.00|0.00| |0.00|0.00| 
70|1|4|7797906001424|1|07797906001424|CONG.PAPAS MCCAIN NOISSE.JYQUESO 50|ANTARTIDA MC RETAIL|5200.00|4297.52|1|5200.00|4297.52|0.00|0.00| |0.00|0.00| 
70|1|4|7797906000700|1|07797906000700|CONG.PAPAS MCCAIN TRADICIONAL 400G.|ANTARTIDA MC RETAIL|3725.00|3078.51|1|3725.00|3078.51|0.00|0.00| |0.00|0.00| 
70|1|4|7790670045465|1|07790670045465|CONG.PATYNESA FLOW X2|ANTARTIDA PATY|4700.00|3884.30|1|4700.00|3884.30|0.00|0.00| |0.00|0.00| 
70|1|1|7790045001584|1|07790045001584|COPOS DE MAIZ GRANIX 160 G.      |CEAPE1|1220.00|1008.26|1|1220.00|1008.26|0.00|0.00| |0.00|0.00| 
70|1|2|7790045001584|1|07790045001584|COPOS DE MAIZ GRANIX 160 G.      |CEAPE1|1220.00|1008.26|1|1220.00|1008.26|0.00|0.00| |0.00|0.00| 
70|1|3|7790045001584|1|07790045001584|COPOS DE MAIZ GRANIX 160 G.      |CEAPE1|1220.00|1008.26|1|1220.00|1008.26|0.00|0.00| |0.00|0.00| 
70|1|1|7790045001591|1|07790045001591|COPOS DE MAIZ GRANIX 400 G.      |CEAPE1|2430.00|2008.26|1|2430.00|2008.26|0.00|0.00| |0.00|0.00| 
70|1|3|7790045001591|1|07790045001591|COPOS DE MAIZ GRANIX 400 G.      |CEAPE1|2430.00|2008.26|1|2430.00|2008.26|0.00|0.00| |0.00|0.00| 
70|1|3|7791019171005|1|07791019171005|COPOS DE MAIZ PRIMER PRECIO 150GRS|GENERAL CEREALS|830.00|685.95|1|830.00|685.95|0.00|0.00| |0.00|0.00| 
70|1|4|7791019171005|1|07791019171005|COPOS DE MAIZ PRIMER PRECIO 150GRS|GENERAL CEREALS|830.00|685.95|1|830.00|685.95|0.00|0.00| |0.00|0.00| 
70|1|1|7791019002354|1|07791019002354|COPOS DE MAIZ PRIMER PRECIO 400G.|GENERAL CEREALS|1890.00|1561.98|1|1890.00|1561.98|0.00|0.00| |0.00|0.00| 
70|1|2|7791019002354|1|07791019002354|COPOS DE MAIZ PRIMER PRECIO 400G.|GENERAL CEREALS|1890.00|1561.98|1|1890.00|1561.98|0.00|0.00| |0.00|0.00| 
70|1|4|7791019002354|1|07791019002354|COPOS DE MAIZ PRIMER PRECIO 400G.|GENERAL CEREALS|1890.00|1561.98|1|1890.00|1561.98|0.00|0.00| |0.00|0.00| 
70|1|4|7790127000559|1|07790127000559|CORAZON DE ALCAUCIL VANOLI 220G.|PR.VARIOS SUPERMERC.|467.10|386.03|1|467.10|386.03|0.00|0.00| |0.00|0.00| 
70|1|4|6000001093692|1|06000001093692|CORTE CARNE MOLIDA ESPECIAL KG.|CARNE VACUNA|22000.00|19909.50|1|22000.00|19909.50|0.00|0.00| |0.00|0.00| 
70|1|4|6000001020186|1|06000001020186|CORTE CARNE MOLIDA KG.     |CARNE VACUNA|16800.00|15203.62|1|16800.00|15203.62|0.00|0.00| |0.00|0.00| 
70|1|4|6000001014178|1|06000001014178|CORTE COSTELETA ANGOSTA KG.      |CARNE VACUNA|17750.00|16063.35|1|17750.00|16063.35|0.00|0.00| |0.00|0.00| 
70|1|4|6000001024764|1|06000001024764|CORTE COSTELETA DE CERDO KG.     |CARNE CERDO|7520.00|6805.43|1|7520.00|6805.43|0.00|0.00| |0.00|0.00| 
70|1|4|6000001014000|1|06000001014000|CORTE COSTELETA REDONDA KG.      |CARNE VACUNA|18800.00|17013.57|1|18800.00|17013.57|0.00|0.00| |0.00|0.00| 
70|1|4|6000001024382|1|06000001024382|CORTE COSTILLAS DE CERDO KG.     |CARNE CERDO|8750.00|7918.55|1|8750.00|7918.55|0.00|0.00| |0.00|0.00| 
70|1|4|6000001013638|1|06000001013638|CORTE COSTILLAS KG.              |CARNE VACUNA|20900.00|18914.03|1|20900.00|18914.03|0.00|0.00| |0.00|0.00| 
70|1|4|6000001019432|1|06000001019432|CORTE FALDA KG.                  |CARNE VACUNA|14250.00|12895.93|1|14250.00|12895.93|0.00|0.00| |0.00|0.00| 
70|1|4|6000001012648|1|06000001012648|CORTE MATAMBRE KG.               |CARNE VACUNA|22900.00|20723.98|1|22900.00|20723.98|0.00|0.00| |0.00|0.00| 
70|1|4|6000000175894|1|06000000175894|CORTE MEDIA RES KG.|CARNE VACUNA|13000.00|11764.71|1|13000.00|11764.71|0.00|0.00| |0.00|0.00| 
70|1|4|6000001015472|1|06000001015472|CORTE PULPA ESPECIAL NALGA KG.   |CARNE VACUNA|24500.00|22171.95|1|24500.00|22171.95|0.00|0.00| |0.00|0.00| 
70|1|4|6000001012402|1|06000001012402|CORTE TAPA DE ASADO KG.          |CARNE VACUNA|22990.00|20805.43|1|22990.00|20805.43|0.00|0.00| |0.00|0.00| 
70|1|4|6000001052798|1|06000001052798|COSTILLA NOVILLO KG.|CARNE VACUNA|18000.00|16289.59|1|18000.00|16289.59|0.00|0.00| |0.00|0.00| 
70|1|4|7791600070069|1|07791600070069|CRANDALL COLONIA 95 CC|UNIVEN|16047.50|13262.40|1|16047.50|13262.40|0.00|0.00| |0.00|0.00| 
70|1|4|7796045602479|1|07796045602479|CREMA ANTI-ARRUGAS TRIPLE ACIDO FRU|SISCOM|6698.85|5536.24|1|6698.85|5536.24|0.00|0.00| |0.00|0.00| 
70|1|4|7796045750071|1|07796045750071|CREMA BLANQUEADORA 60G TORTULAN|SISCOM|10019.30|8280.41|1|10019.30|8280.41|0.00|0.00| |0.00|0.00| 
70|1|4|7791274004421|1|07791274004421|CREMA CORPORAL ALGABO 200ML. ALOE V|ALGABO PERFUMERIA|3155.70|2608.02|1|3155.70|2608.02|0.00|0.00| |0.00|0.00| 
70|1|3|7791520006186|1|07791520006186|CREMA CORPORAL VERITAS 200CC HUMECT|LA FARMACO ARGENTINA|4735.15|3913.35|1|4735.15|3913.35|0.00|0.00| |0.00|0.00| 
70|1|4|7791520006186|1|07791520006186|CREMA CORPORAL VERITAS 200CC HUMECT|LA FARMACO ARGENTINA|4735.15|3913.35|1|4735.15|3913.35|0.00|0.00| |0.00|0.00| 
70|1|3|7791520006179|1|07791520006179|CREMA CORPORAL VERITAS 200CC NUTRIC|LA FARMACO ARGENTINA|4735.15|3913.35|1|4735.15|3913.35|0.00|0.00| |0.00|0.00| 
70|1|3|7791520006155|1|07791520006155|CREMA CORPORAL VERITAS 400CC HUMECT|LA FARMACO ARGENTINA|7935.25|6558.06|1|7935.25|6558.06|0.00|0.00| |0.00|0.00| 
70|1|4|7791520006155|1|07791520006155|CREMA CORPORAL VERITAS 400CC HUMECT|LA FARMACO ARGENTINA|7935.25|6558.06|1|7935.25|6558.06|0.00|0.00| |0.00|0.00| 
70|1|3|7790371000299|1|07790371000299|CREMA DE AFEITAR DE PREAL 200G. C/A|DCC S.A.|8419.75|6958.47|1|8419.75|6958.47|0.00|0.00| |0.00|0.00| 
70|1|4|7790371000299|1|07790371000299|CREMA DE AFEITAR DE PREAL 200G. C/A|DCC S.A.|8419.75|6958.47|1|8419.75|6958.47|0.00|0.00| |0.00|0.00| 
70|1|4|7796045730103|1|07796045730103|CREMA DE LIMPIEZA C/ACEITE DE PALTA|SISCOM|6422.50|5307.85|1|6422.50|5307.85|0.00|0.00| |0.00|0.00| 
70|1|2|7798024629163|1|07798024629163|CREMA DE ORDE/E GALAPAGOS 240GRS|GALAPAGOS|7334.15|6061.28|1|7334.15|6061.28|0.00|0.00| |0.00|0.00| 
70|1|4|7798024629163|1|07798024629163|CREMA DE ORDE/E GALAPAGOS 240GRS|GALAPAGOS|7334.15|6061.28|1|7334.15|6061.28|0.00|0.00| |0.00|0.00| 
70|1|2|7798024620870|1|07798024620870|CREMA DE ORDE/E GALAPAGOS A.VERA180|GALAPAGOS|5318.70|4395.62|1|5318.70|4395.62|0.00|0.00| |0.00|0.00| 
70|1|1|7793100111891|1|07793100111891|CREMA DENTAL COLGATE 90G BLANCO MIC|COLGATE-PALMOLIVE|2841.30|2348.18|1|2841.30|2348.18|0.00|0.00| |0.00|0.00| 
70|1|3|7793100111891|1|07793100111891|CREMA DENTAL COLGATE 90G BLANCO MIC|COLGATE-PALMOLIVE|2841.30|2348.18|1|2841.30|2348.18|0.00|0.00| |0.00|0.00| 
70|1|4|7793100111891|1|07793100111891|CREMA DENTAL COLGATE 90G BLANCO MIC|COLGATE-PALMOLIVE|2841.30|2348.18|1|2841.30|2348.18|0.00|0.00| |0.00|0.00| 
70|1|1|7891024124628|1|07891024124628|CREMA DENTAL COLGATE S.PRO RW 110G|COLGATE-PALMOLIVE|6839.80|5652.73|1|6839.80|5652.73|0.00|0.00| |0.00|0.00| 
70|1|3|7891024124628|1|07891024124628|CREMA DENTAL COLGATE S.PRO RW 110G|COLGATE-PALMOLIVE|6839.80|5652.73|1|6839.80|5652.73|0.00|0.00| |0.00|0.00| 
70|1|2|7509546056098|1|07509546056098|CREMA DENTAL COLGATE TR.AC.EW.90G|COLGATE-PALMOLIVE|3470.15|2867.89|1|3470.15|2867.89|0.00|0.00| |0.00|0.00| 
70|1|4|7509546056098|1|07509546056098|CREMA DENTAL COLGATE TR.AC.EW.90G|COLGATE-PALMOLIVE|3470.15|2867.89|1|3470.15|2867.89|0.00|0.00| |0.00|0.00| 
70|1|1|7793100120282|1|07793100120282|CREMA DENTAL KOLYNOS 180G|COLGATE-PALMOLIVE|4452.25|3679.55|1|4452.25|3679.55|0.00|0.00| |0.00|0.00| 
70|1|2|7793100120282|1|07793100120282|CREMA DENTAL KOLYNOS 180G|COLGATE-PALMOLIVE|4452.25|3679.55|1|4452.25|3679.55|0.00|0.00| |0.00|0.00| 
70|1|4|7793100120282|1|07793100120282|CREMA DENTAL KOLYNOS 180G|COLGATE-PALMOLIVE|4452.25|3679.55|1|4452.25|3679.55|0.00|0.00| |0.00|0.00| 
70|1|1|7793100120275|1|07793100120275|CREMA DENTAL KOLYNOS 90G|COLGATE-PALMOLIVE|2160.60|1785.62|1|2160.60|1785.62|0.00|0.00| |0.00|0.00| 
70|1|2|7793100120275|1|07793100120275|CREMA DENTAL KOLYNOS 90G|COLGATE-PALMOLIVE|2160.60|1785.62|1|2160.60|1785.62|0.00|0.00| |0.00|0.00| 
70|1|3|7793100120275|1|07793100120275|CREMA DENTAL KOLYNOS 90G|COLGATE-PALMOLIVE|2160.60|1785.62|1|2160.60|1785.62|0.00|0.00| |0.00|0.00| 
70|1|4|7793100120275|1|07793100120275|CREMA DENTAL KOLYNOS 90G|COLGATE-PALMOLIVE|2160.60|1785.62|1|2160.60|1785.62|0.00|0.00| |0.00|0.00| 
70|1|4|7796045409030|1|07796045409030|CREMA DEPILATORIA CORP. 100G ALMEND|SISCOM|6845.50|5657.44|1|6845.50|5657.44|0.00|0.00| |0.00|0.00| 
70|1|4|7796045409016|1|07796045409016|CREMA DEPILATORIA CORPORAL 100G ALO|SISCOM|6845.50|5657.44|1|6845.50|5657.44|0.00|0.00| |0.00|0.00| 
70|1|1|6000000501730|1|06000000501730|CREMA GALAPAGOS 180 GRS.        |GALAPAGOS|3440.90|2843.72|1|3440.90|2843.72|0.00|0.00| |0.00|0.00| 
70|1|1|7798024622065|1|07798024622065|CREMA GALAPAGOS 450 CC.          |GALAPAGOS|5679.10|4693.47|1|5679.10|4693.47|0.00|0.00| |0.00|0.00| 
70|1|4|7798024622065|1|07798024622065|CREMA GALAPAGOS 450 CC.          |GALAPAGOS|5679.10|4693.47|1|5679.10|4693.47|0.00|0.00| |0.00|0.00| 
70|1|2|7798024622652|1|07798024622652|CREMA GALAPAGOS ANTIARRUGAS 450CC|GALAPAGOS|5679.10|4693.47|1|5679.10|4693.47|0.00|0.00| |0.00|0.00| 
70|1|4|7796045602448|1|07796045602448|CREMA HIDRATANTE NUTRITIVA TORTULAN|SISCOM|6422.50|5307.85|1|6422.50|5307.85|0.00|0.00| |0.00|0.00| 
70|1|3|7798001560175|1|07798001560175|CREMA LECHE CREMIGAL 190 GRS.|CREMIGAL|1830.00|1512.40|1|1830.00|1512.40|0.00|0.00| |0.00|0.00| 
70|1|4|7798001560175|1|07798001560175|CREMA LECHE CREMIGAL 190 GRS.|CREMIGAL|1830.00|1512.40|1|1830.00|1512.40|0.00|0.00| |0.00|0.00| 
70|1|1|7790787030118|1|07790787030118|CREMA LECHE ILOLAY 200 CC.       |WILLINER|2540.00|2099.17|1|2540.00|2099.17|0.00|0.00| |0.00|0.00| 
70|1|2|7790787030118|1|07790787030118|CREMA LECHE ILOLAY 200 CC.       |WILLINER|2540.00|2099.17|1|2540.00|2099.17|0.00|0.00| |0.00|0.00| 
70|1|4|7790787030118|1|07790787030118|CREMA LECHE ILOLAY 200 CC.       |WILLINER|2540.00|2099.17|1|2540.00|2099.17|0.00|0.00| |0.00|0.00| 
70|1|2|7790787030125|1|07790787030125|CREMA LECHE ILOLAY 350 CC.       |WILLINER|4230.00|3495.87|1|4230.00|3495.87|0.00|0.00| |0.00|0.00| 
70|1|4|7794820015155|1|07794820015155|CREMA LECHE MILKAUT DOBLE 200GR|MILKAUT|3080.00|2545.45|1|3080.00|2545.45|0.00|0.00| |0.00|0.00| 
70|1|4|7796045000695|1|07796045000695|CREMA NUTRITIVA NOCHE VIT.AYE TORTU|SISCOM|6422.50|5307.85|1|6422.50|5307.85|0.00|0.00| |0.00|0.00| 
70|1|1|0000077958952|1|00000077958952|CREMA P/CALZADO WASSINGTON MARRON60|WASSINGTON S.A.|2990.00|2471.07|1|2990.00|2471.07|0.00|0.00| |0.00|0.00| 
70|1|2|0000077958945|1|00000077958945|CREMA P/CALZADO WASSINGTON NEGRA60|WASSINGTON S.A.|2990.00|2471.07|1|2990.00|2471.07|0.00|0.00| |0.00|0.00| 
70|1|1|7501056340124|1|07501056340124|CREMA P/PEINAR SEDAL 300ML CERAMIDA|UNILEVER PERFUMERIA|4640.00|3834.71|1|4640.00|3834.71|0.00|0.00| |0.00|0.00| 
70|1|4|7501056340124|1|07501056340124|CREMA P/PEINAR SEDAL 300ML CERAMIDA|UNILEVER PERFUMERIA|4640.00|3834.71|1|4640.00|3834.71|0.00|0.00| |0.00|0.00| 
70|1|2|7898422746063|1|07898422746063|CREMA P/PEINAR SEDAL 300ML LISO PER|UNILEVER PERFUMERIA|4640.00|3834.71|1|4640.00|3834.71|0.00|0.00| |0.00|0.00| 
70|1|4|7898422746063|1|07898422746063|CREMA P/PEINAR SEDAL 300ML LISO PER|UNILEVER PERFUMERIA|4640.00|3834.71|1|4640.00|3834.71|0.00|0.00| |0.00|0.00| 
70|1|1|7898422746032|1|07898422746032|CREMA P/PEINAR SEDAL 300ML RIZOS |UNILEVER PERFUMERIA|4640.00|3834.71|1|4640.00|3834.71|0.00|0.00| |0.00|0.00| 
70|1|4|7791620005737|1|07791620005737|CREMA PASTELERA CREMALDA FRIO 5KG.|FLORA DANICA|37500.00|30991.74|1|37500.00|30991.74|0.00|0.00| |0.00|0.00| 
70|1|1|7501056330330|1|07501056330330|CREMA PONDS BIO HIDRATANTE 100G|UNILEVER PERFUMERIA|3742.35|3092.85|1|3742.35|3092.85|0.00|0.00| |0.00|0.00| 
70|1|2|7501056330330|1|07501056330330|CREMA PONDS BIO HIDRATANTE 100G|UNILEVER PERFUMERIA|3742.35|3092.85|1|3742.35|3092.85|0.00|0.00| |0.00|0.00| 
70|1|3|7501056330330|1|07501056330330|CREMA PONDS BIO HIDRATANTE 100G|UNILEVER PERFUMERIA|3742.35|3092.85|1|3742.35|3092.85|0.00|0.00| |0.00|0.00| 
70|1|4|7501056330330|1|07501056330330|CREMA PONDS BIO HIDRATANTE 100G|UNILEVER PERFUMERIA|3742.35|3092.85|1|3742.35|3092.85|0.00|0.00| |0.00|0.00| 
70|1|4|7501056324889|1|07501056324889|CREMA PONDS C LIMPIEZA 100GRS|UNILEVER PERFUMERIA|3742.35|3092.85|1|3742.35|3092.85|0.00|0.00| |0.00|0.00| 
70|1|1|7501056326043|1|07501056326043|CREMA PONDS REJUVENESS 100 GRS|UNILEVER PERFUMERIA|5292.85|4374.26|1|5292.85|4374.26|0.00|0.00| |0.00|0.00| 
70|1|2|7501056326043|1|07501056326043|CREMA PONDS REJUVENESS 100 GRS|UNILEVER PERFUMERIA|5292.85|4374.26|1|5292.85|4374.26|0.00|0.00| |0.00|0.00| 
70|1|2|7501056332075|1|07501056332075|CREMA PONDS REJUVENESS NOCHE 100GRS|UNILEVER PERFUMERIA|5302.25|4382.02|1|5302.25|4382.02|0.00|0.00| |0.00|0.00| 
70|1|3|7501056332075|1|07501056332075|CREMA PONDS REJUVENESS NOCHE 100GRS|UNILEVER PERFUMERIA|5302.25|4382.02|1|5302.25|4382.02|0.00|0.00| |0.00|0.00| 
70|1|4|7501056332075|1|07501056332075|CREMA PONDS REJUVENESS NOCHE 100GRS|UNILEVER PERFUMERIA|5302.25|4382.02|1|5302.25|4382.02|0.00|0.00| |0.00|0.00| 
70|1|1|7501056326142|1|07501056326142|CREMA PONDS S HUMECTANTE NUTRI.100G|UNILEVER PERFUMERIA|3742.35|3092.85|1|3742.35|3092.85|0.00|0.00| |0.00|0.00| 
70|1|2|7501056326142|1|07501056326142|CREMA PONDS S HUMECTANTE NUTRI.100G|UNILEVER PERFUMERIA|3742.35|3092.85|1|3742.35|3092.85|0.00|0.00| |0.00|0.00| 
70|1|3|7501056326142|1|07501056326142|CREMA PONDS S HUMECTANTE NUTRI.100G|UNILEVER PERFUMERIA|3742.35|3092.85|1|3742.35|3092.85|0.00|0.00| |0.00|0.00| 
70|1|4|7501056326142|1|07501056326142|CREMA PONDS S HUMECTANTE NUTRI.100G|UNILEVER PERFUMERIA|3742.35|3092.85|1|3742.35|3092.85|0.00|0.00| |0.00|0.00| 
70|1|4|7796045000381|1|07796045000381|CREMA ULTRA NUTRITIVA C/ROSA MOSQUE|SISCOM|8018.70|6627.02|1|8018.70|6627.02|0.00|0.00| |0.00|0.00| 
70|1|4|7790380012139|1|07790380012139|CROCANTE DE MANI GEORGALOS 80G|GEORGALOS FIESTAS|846.00|699.17|1|846.00|699.17|0.00|0.00| |0.00|0.00| 
70|1|4|7792730021372|1|07792730021372|CROCANTE DE MANI PAULISTA 80GRS|PAULISTA FIESTAS|670.00|553.72|1|670.00|553.72|0.00|0.00| |0.00|0.00| 
70|1|1|7622300335052|1|07622300335052|CUBANITOS BA/ADO SNACKY 60 GRS.|KRAFT FOODS ARGENTIN|1360.00|1123.97|1|1360.00|1123.97|0.00|0.00| |0.00|0.00| 
70|1|4|7798177400565|1|07798177400565|CUBANITOS PRIMER PRECIO 200G.|BRURIN|31.25|25.83|1|31.25|25.83|0.00|0.00| |0.00|0.00| 
70|1|4|7791600044053|1|07791600044053|DANIELLE COLONIA 90ML |UNIVEN|7286.90|6022.23|1|7286.90|6022.23|0.00|0.00| |0.00|0.00| 
70|1|4|7791600045036|1|07791600045036|DANIELLE COLONIA JOLIE 90ML|UNIVEN|7286.90|6022.23|1|7286.90|6022.23|0.00|0.00| |0.00|0.00| 
70|1|4|7791600012465|1|07791600012465|DANIELLE JABONERA C/JABON 75G.|UNIVEN|4978.05|4114.09|1|4978.05|4114.09|0.00|0.00| |0.00|0.00| 
70|1|4|7791600012687|1|07791600012687|DANIELLE SHAMPOO 200CC|UNIVEN|5851.35|4835.83|1|5851.35|4835.83|0.00|0.00| |0.00|0.00| 
70|1|4|7790520000255|1|07790520000255|DESOD.AMB.GLADE AC.NAT.REP.21CM.HAR|SCJ AIRE|10800.00|8925.62|1|10800.00|8925.62|0.00|0.00| |0.00|0.00| 
70|1|4|7790520004093|1|07790520004093|DESOD.AMB.GLADE AUTOM.REP.HAWAIIAN |SCJ AIRE|8050.00|6652.89|1|8050.00|6652.89|0.00|0.00| |0.00|0.00| 
70|1|1|7790520986795|1|07790520986795|DESOD.AMB.LYSOFORM 360CC AIRES DE M|SCJ AIRE|4400.00|3636.36|1|4400.00|3636.36|0.00|0.00| |0.00|0.00| 
70|1|2|7790520986795|1|07790520986795|DESOD.AMB.LYSOFORM 360CC AIRES DE M|SCJ AIRE|4400.00|3636.36|1|4400.00|3636.36|0.00|0.00| |0.00|0.00| 
70|1|3|7790520986795|1|07790520986795|DESOD.AMB.LYSOFORM 360CC AIRES DE M|SCJ AIRE|4400.00|3636.36|1|4400.00|3636.36|0.00|0.00| |0.00|0.00| 
70|1|4|7790520986795|1|07790520986795|DESOD.AMB.LYSOFORM 360CC AIRES DE M|SCJ AIRE|4400.00|3636.36|1|4400.00|3636.36|0.00|0.00| |0.00|0.00| 
70|1|1|7790520986801|1|07790520986801|DESOD.AMB.LYSOFORM 360CC BEBE |SCJ AIRE|4400.00|3636.36|1|4400.00|3636.36|0.00|0.00| |0.00|0.00| 
70|1|2|7790520986801|1|07790520986801|DESOD.AMB.LYSOFORM 360CC BEBE |SCJ AIRE|4400.00|3636.36|1|4400.00|3636.36|0.00|0.00| |0.00|0.00| 
70|1|3|7790520986801|1|07790520986801|DESOD.AMB.LYSOFORM 360CC BEBE |SCJ AIRE|4400.00|3636.36|1|4400.00|3636.36|0.00|0.00| |0.00|0.00| 
70|1|1|7790520985941|1|07790520985941|DESOD.AMB.LYSOFORM 360CC CITRICA|PROV.VARIOS LIMPIEZA|4400.00|3636.36|1|4400.00|3636.36|0.00|0.00| |0.00|0.00| 
70|1|4|7790520985941|1|07790520985941|DESOD.AMB.LYSOFORM 360CC CITRICA|PROV.VARIOS LIMPIEZA|4400.00|3636.36|1|4400.00|3636.36|0.00|0.00| |0.00|0.00| 
70|1|1|7790520000811|1|07790520000811|DESOD.AMB.LYSOFORM 360CC FRUTAL|PROV.VARIOS LIMPIEZA|4400.00|3636.36|1|4400.00|3636.36|0.00|0.00| |0.00|0.00| 
70|1|1|7790520000446|1|07790520000446|DESOD.AMB.LYSOFORM 360CC LAVANDA|SCJ AIRE|4400.00|3636.36|1|4400.00|3636.36|0.00|0.00| |0.00|0.00| 
70|1|2|7790520000446|1|07790520000446|DESOD.AMB.LYSOFORM 360CC LAVANDA|SCJ AIRE|4400.00|3636.36|1|4400.00|3636.36|0.00|0.00| |0.00|0.00| 
70|1|3|7790520000446|1|07790520000446|DESOD.AMB.LYSOFORM 360CC LAVANDA|SCJ AIRE|4400.00|3636.36|1|4400.00|3636.36|0.00|0.00| |0.00|0.00| 
70|1|4|7790520000446|1|07790520000446|DESOD.AMB.LYSOFORM 360CC LAVANDA|SCJ AIRE|4400.00|3636.36|1|4400.00|3636.36|0.00|0.00| |0.00|0.00| 
70|1|1|7790520986788|1|07790520986788|DESOD.AMB.LYSOFORM 360CC ORIGINAL|SCJ AIRE|4400.00|3636.36|1|4400.00|3636.36|0.00|0.00| |0.00|0.00| 
70|1|2|7790520986788|1|07790520986788|DESOD.AMB.LYSOFORM 360CC ORIGINAL|SCJ AIRE|4400.00|3636.36|1|4400.00|3636.36|0.00|0.00| |0.00|0.00| 
70|1|4|7790520986788|1|07790520986788|DESOD.AMB.LYSOFORM 360CC ORIGINAL|SCJ AIRE|4400.00|3636.36|1|4400.00|3636.36|0.00|0.00| |0.00|0.00| 
70|1|2|7793253002299|1|07793253002299|DESOD.AMB.POETT INTENSE REP.X2 PRI|CLOROX|8700.00|7190.08|1|8700.00|7190.08|0.00|0.00| |0.00|0.00| 
70|1|3|7793253002299|1|07793253002299|DESOD.AMB.POETT INTENSE REP.X2 PRI|CLOROX|8700.00|7190.08|1|8700.00|7190.08|0.00|0.00| |0.00|0.00| 
70|1|4|7793253002299|1|07793253002299|DESOD.AMB.POETT INTENSE REP.X2 PRI|CLOROX|8700.00|7190.08|1|8700.00|7190.08|0.00|0.00| |0.00|0.00| 
70|1|2|7791274000546|1|07791274000546|DESODORANTE ANTITRANSP.P/PIES ALGAB|ALGABO PERFUMERIA|3232.65|2671.61|1|3232.65|2671.61|0.00|0.00| |0.00|0.00| 
70|1|4|7791274000546|1|07791274000546|DESODORANTE ANTITRANSP.P/PIES ALGAB|ALGABO PERFUMERIA|3232.65|2671.61|1|3232.65|2671.61|0.00|0.00| |0.00|0.00| 
70|1|1|7791293020297|1|07791293020297|DESODORANTE AXE SECO APOLLO 88G|UNILEVER PERFUMERIA|3569.80|2950.25|1|3569.80|2950.25|0.00|0.00| |0.00|0.00| 
70|1|2|7791293020297|1|07791293020297|DESODORANTE AXE SECO APOLLO 88G|UNILEVER PERFUMERIA|3569.80|2950.25|1|3569.80|2950.25|0.00|0.00| |0.00|0.00| 
70|1|4|7791293020297|1|07791293020297|DESODORANTE AXE SECO APOLLO 88G|UNILEVER PERFUMERIA|3569.80|2950.25|1|3569.80|2950.25|0.00|0.00| |0.00|0.00| 
70|1|2|7791293029443|1|07791293029443|DESODORANTE AXE SECO BLACK 88G|UNILEVER PERFUMERIA|3653.45|3019.38|1|3653.45|3019.38|0.00|0.00| |0.00|0.00| 
70|1|1|7791293995779|1|07791293995779|DESODORANTE AXE SECO DARK TEMP.88G|UNILEVER PERFUMERIA|3569.80|2950.25|1|3569.80|2950.25|0.00|0.00| |0.00|0.00| 
70|1|2|7791293995779|1|07791293995779|DESODORANTE AXE SECO DARK TEMP.88G|UNILEVER PERFUMERIA|3569.80|2950.25|1|3569.80|2950.25|0.00|0.00| |0.00|0.00| 
70|1|3|7791293995779|1|07791293995779|DESODORANTE AXE SECO DARK TEMP.88G|UNILEVER PERFUMERIA|3569.80|2950.25|1|3569.80|2950.25|0.00|0.00| |0.00|0.00| 
70|1|4|7791293995779|1|07791293995779|DESODORANTE AXE SECO DARK TEMP.88G|UNILEVER PERFUMERIA|3569.80|2950.25|1|3569.80|2950.25|0.00|0.00| |0.00|0.00| 
70|1|2|7791293008141|1|07791293008141|DESODORANTE DOVE FEM.ORIGINAL 87G|UNILEVER PERFUMERIA|4440.60|3669.92|1|4440.60|3669.92|0.00|0.00| |0.00|0.00| 
70|1|4|7791293008141|1|07791293008141|DESODORANTE DOVE FEM.ORIGINAL 87G|UNILEVER PERFUMERIA|4440.60|3669.92|1|4440.60|3669.92|0.00|0.00| |0.00|0.00| 
70|1|1|7791293012063|1|07791293012063|DESODORANTE DOVE MEN EXTRA FRESH 89|UNILEVER PERFUMERIA|4440.60|3669.92|1|4440.60|3669.92|0.00|0.00| |0.00|0.00| 
70|1|2|7791293012063|1|07791293012063|DESODORANTE DOVE MEN EXTRA FRESH 89|UNILEVER PERFUMERIA|4440.60|3669.92|1|4440.60|3669.92|0.00|0.00| |0.00|0.00| 
70|1|3|7791293012063|1|07791293012063|DESODORANTE DOVE MEN EXTRA FRESH 89|UNILEVER PERFUMERIA|4440.60|3669.92|1|4440.60|3669.92|0.00|0.00| |0.00|0.00| 
70|1|4|7791293012063|1|07791293012063|DESODORANTE DOVE MEN EXTRA FRESH 89|UNILEVER PERFUMERIA|4440.60|3669.92|1|4440.60|3669.92|0.00|0.00| |0.00|0.00| 
70|1|2|0000078921733|1|00000078921733|DESODORANTE DOVE R.ON INV.DRY 50ML|UNILEVER PERFUMERIA|2866.80|2369.26|1|2866.80|2369.26|0.00|0.00| |0.00|0.00| 
70|1|3|0000078921733|1|00000078921733|DESODORANTE DOVE R.ON INV.DRY 50ML|UNILEVER PERFUMERIA|2866.80|2369.26|1|2866.80|2369.26|0.00|0.00| |0.00|0.00| 
70|1|4|0000078921733|1|00000078921733|DESODORANTE DOVE R.ON INV.DRY 50ML|UNILEVER PERFUMERIA|2866.80|2369.26|1|2866.80|2369.26|0.00|0.00| |0.00|0.00| 
70|1|2|0000078914407|1|00000078914407|DESODORANTE DOVE R.ON ORIGINAL 50ML|UNILEVER PERFUMERIA|2866.80|2369.26|1|2866.80|2369.26|0.00|0.00| |0.00|0.00| 
70|1|3|0000078914407|1|00000078914407|DESODORANTE DOVE R.ON ORIGINAL 50ML|UNILEVER PERFUMERIA|2866.80|2369.26|1|2866.80|2369.26|0.00|0.00| |0.00|0.00| 
70|1|4|0000078009226|1|00000078009226|DESODORANTE DOVE STICK FEM.ORIGINAL|UNILEVER PERFUMERIA|5549.50|4586.36|1|5549.50|4586.36|0.00|0.00| |0.00|0.00| 
70|1|4|7791600521356|1|07791600521356|DESODORANTE GINO BOGANI 123CC|UNIVEN|4175.65|3450.95|1|4175.65|3450.95|0.00|0.00| |0.00|0.00| 
70|1|1|7793253300081|1|07793253300081|DESODORANTE INOD.AYUDIN 16 GRS.|CLOROX|2700.00|2231.40|1|2700.00|2231.40|0.00|0.00| |0.00|0.00| 
70|1|2|7793253300081|1|07793253300081|DESODORANTE INOD.AYUDIN 16 GRS.|CLOROX|2700.00|2231.40|1|2700.00|2231.40|0.00|0.00| |0.00|0.00| 
70|1|4|7793253300081|1|07793253300081|DESODORANTE INOD.AYUDIN 16 GRS.|CLOROX|2700.00|2231.40|1|2700.00|2231.40|0.00|0.00| |0.00|0.00| 
70|1|1|7793253300180|1|07793253300180|DESODORANTE INOD.POETT LAVANDA 25G|CLOROX|1650.00|1363.64|1|1650.00|1363.64|0.00|0.00| |0.00|0.00| 
70|1|2|7793253300180|1|07793253300180|DESODORANTE INOD.POETT LAVANDA 25G|CLOROX|1650.00|1363.64|1|1650.00|1363.64|0.00|0.00| |0.00|0.00| 
70|1|4|7793253300180|1|07793253300180|DESODORANTE INOD.POETT LAVANDA 25G|CLOROX|1650.00|1363.64|1|1650.00|1363.64|0.00|0.00| |0.00|0.00| 
70|1|1|7793253300272|1|07793253300272|DESODORANTE INOD.POETT PRIMAVERA 25|CLOROX|1650.00|1363.64|1|1650.00|1363.64|0.00|0.00| |0.00|0.00| 
70|1|2|7793253300272|1|07793253300272|DESODORANTE INOD.POETT PRIMAVERA 25|CLOROX|1650.00|1363.64|1|1650.00|1363.64|0.00|0.00| |0.00|0.00| 
70|1|3|7793253300272|1|07793253300272|DESODORANTE INOD.POETT PRIMAVERA 25|CLOROX|1650.00|1363.64|1|1650.00|1363.64|0.00|0.00| |0.00|0.00| 
70|1|4|7793253300272|1|07793253300272|DESODORANTE INOD.POETT PRIMAVERA 25|CLOROX|1650.00|1363.64|1|1650.00|1363.64|0.00|0.00| |0.00|0.00| 
70|1|2|7798084051447|1|07798084051447|DESODORANTE K78 GLOBITOS LOCOS|K78 CHEMICAL|2768.98|2288.41|1|2768.98|2288.41|0.00|0.00| |0.00|0.00| 
70|1|4|7798084051447|1|07798084051447|DESODORANTE K78 GLOBITOS LOCOS|K78 CHEMICAL|2768.98|2288.41|1|2768.98|2288.41|0.00|0.00| |0.00|0.00| 
70|1|1|7798084051904|1|07798084051904|DESODORANTE K78 PINITO|K78 CHEMICAL|1344.16|1110.88|1|1344.16|1110.88|0.00|0.00| |0.00|0.00| 
70|1|2|7798084051904|1|07798084051904|DESODORANTE K78 PINITO|K78 CHEMICAL|1344.16|1110.88|1|1344.16|1110.88|0.00|0.00| |0.00|0.00| 
70|1|3|7798084051904|1|07798084051904|DESODORANTE K78 PINITO|K78 CHEMICAL|1344.16|1110.88|1|1344.16|1110.88|0.00|0.00| |0.00|0.00| 
70|1|4|7798084051904|1|07798084051904|DESODORANTE K78 PINITO|K78 CHEMICAL|1344.16|1110.88|1|1344.16|1110.88|0.00|0.00| |0.00|0.00| 
70|1|1|7798074380144|1|07798074380144|DESODORANTE MISTRAL 0% EQUIPE 150CC|SISCOM|9517.80|7865.95|1|9517.80|7865.95|0.00|0.00| |0.00|0.00| 
70|1|1|7506339390230|1|07506339390230|DESODORANTE OLD SPICE BARRA 50G LEÑ|PROCTER & GAMBLE|8021.65|6629.46|1|8021.65|6629.46|0.00|0.00| |0.00|0.00| 
70|1|2|7791293074559|1|07791293074559|DESODORANTE PATRICHS 97G.AVIATOR|UNILEVER PERFUMERIA|3102.20|2563.80|1|3102.20|2563.80|0.00|0.00| |0.00|0.00| 
70|1|4|7791293074559|1|07791293074559|DESODORANTE PATRICHS 97G.AVIATOR|UNILEVER PERFUMERIA|3102.20|2563.80|1|3102.20|2563.80|0.00|0.00| |0.00|0.00| 
70|1|2|7791293032481|1|07791293032481|DESODORANTE REXONA 87G.INVISIBLE|UNILEVER PERFUMERIA|3717.65|3072.44|1|3717.65|3072.44|0.00|0.00| |0.00|0.00| 
70|1|4|7791293032481|1|07791293032481|DESODORANTE REXONA 87G.INVISIBLE|UNILEVER PERFUMERIA|3717.65|3072.44|1|3717.65|3072.44|0.00|0.00| |0.00|0.00| 
70|1|1|7791293004310|1|07791293004310|DESODORANTE REXONA 89G.ACTIVE EMOTI|UNILEVER PERFUMERIA|3717.65|3072.44|1|3717.65|3072.44|0.00|0.00| |0.00|0.00| 
70|1|2|7791293004310|1|07791293004310|DESODORANTE REXONA 89G.ACTIVE EMOTI|UNILEVER PERFUMERIA|3717.65|3072.44|1|3717.65|3072.44|0.00|0.00| |0.00|0.00| 
70|1|3|7791293004310|1|07791293004310|DESODORANTE REXONA 89G.ACTIVE EMOTI|UNILEVER PERFUMERIA|3717.65|3072.44|1|3717.65|3072.44|0.00|0.00| |0.00|0.00| 
70|1|4|7791293004310|1|07791293004310|DESODORANTE REXONA 89G.ACTIVE EMOTI|UNILEVER PERFUMERIA|3717.65|3072.44|1|3717.65|3072.44|0.00|0.00| |0.00|0.00| 
70|1|4|7791293784465|1|07791293784465|DESODORANTE REXONA 89G.COTTON|UNILEVER PERFUMERIA|3717.65|3072.44|1|3717.65|3072.44|0.00|0.00| |0.00|0.00| 
70|1|2|7791293848341|1|07791293848341|DESODORANTE REXONA 89G.NUTRITIVE|UNILEVER PERFUMERIA|3717.65|3072.44|1|3717.65|3072.44|0.00|0.00| |0.00|0.00| 
70|1|4|7791293848341|1|07791293848341|DESODORANTE REXONA 89G.NUTRITIVE|UNILEVER PERFUMERIA|3717.65|3072.44|1|3717.65|3072.44|0.00|0.00| |0.00|0.00| 
70|1|4|0000075024956|1|00000075024956|DESODORANTE REXONA BARRA MEN 50G.V8|UNILEVER PERFUMERIA|4718.00|3899.17|1|4718.00|3899.17|0.00|0.00| |0.00|0.00| 
70|1|3|0079400052926|1|00079400052926|DESODORANTE REXONA CL.FEM STICK CLA|UNILEVER PERFUMERIA|10525.00|8698.35|1|10525.00|8698.35|0.00|0.00| |0.00|0.00| 
70|1|4|0079400052926|1|00079400052926|DESODORANTE REXONA CL.FEM STICK CLA|UNILEVER PERFUMERIA|10525.00|8698.35|1|10525.00|8698.35|0.00|0.00| |0.00|0.00| 
70|1|4|0079400110695|1|00079400110695|DESODORANTE REXONA CL.FEM.STICK CLE|UNILEVER PERFUMERIA|10524.85|8698.22|1|10524.85|8698.22|0.00|0.00| |0.00|0.00| 
70|1|3|0079400301161|1|00079400301161|DESODORANTE REXONA CL.FEM.STICK EDR|UNILEVER PERFUMERIA|10524.85|8698.22|1|10524.85|8698.22|0.00|0.00| |0.00|0.00| 
70|1|4|0079400301161|1|00079400301161|DESODORANTE REXONA CL.FEM.STICK EDR|UNILEVER PERFUMERIA|10524.85|8698.22|1|10524.85|8698.22|0.00|0.00| |0.00|0.00| 
70|1|2|0079400052919|1|00079400052919|DESODORANTE REXONA CL.MEN STICK CLE|UNILEVER PERFUMERIA|10524.85|8698.22|1|10524.85|8698.22|0.00|0.00| |0.00|0.00| 
70|1|3|0079400052919|1|00079400052919|DESODORANTE REXONA CL.MEN STICK CLE|UNILEVER PERFUMERIA|10524.85|8698.22|1|10524.85|8698.22|0.00|0.00| |0.00|0.00| 
70|1|4|0079400052919|1|00079400052919|DESODORANTE REXONA CL.MEN STICK CLE|UNILEVER PERFUMERIA|10524.85|8698.22|1|10524.85|8698.22|0.00|0.00| |0.00|0.00| 
70|1|2|0079400300546|1|00079400300546|DESODORANTE REXONA CL.MEN STICK SPO|UNILEVER PERFUMERIA|10524.85|8698.22|1|10524.85|8698.22|0.00|0.00| |0.00|0.00| 
70|1|3|0079400300546|1|00079400300546|DESODORANTE REXONA CL.MEN STICK SPO|UNILEVER PERFUMERIA|10524.85|8698.22|1|10524.85|8698.22|0.00|0.00| |0.00|0.00| 
70|1|4|0079400300546|1|00079400300546|DESODORANTE REXONA CL.MEN STICK SPO|UNILEVER PERFUMERIA|10524.85|8698.22|1|10524.85|8698.22|0.00|0.00| |0.00|0.00| 
70|1|2|7791293025537|1|07791293025537|DESODORANTE REXONA MEN 89G.ANTIBACT|UNILEVER PERFUMERIA|3717.70|3072.48|1|3717.70|3072.48|0.00|0.00| |0.00|0.00| 
70|1|3|7791293025537|1|07791293025537|DESODORANTE REXONA MEN 89G.ANTIBACT|UNILEVER PERFUMERIA|3717.70|3072.48|1|3717.70|3072.48|0.00|0.00| |0.00|0.00| 
70|1|4|7791293025537|1|07791293025537|DESODORANTE REXONA MEN 89G.ANTIBACT|UNILEVER PERFUMERIA|3717.70|3072.48|1|3717.70|3072.48|0.00|0.00| |0.00|0.00| 
70|1|2|7791293022581|1|07791293022581|DESODORANTE REXONA MEN 89G.EXTRACOO|UNILEVER PERFUMERIA|3717.70|3072.48|1|3717.70|3072.48|0.00|0.00| |0.00|0.00| 
70|1|4|7791293022581|1|07791293022581|DESODORANTE REXONA MEN 89G.EXTRACOO|UNILEVER PERFUMERIA|3717.70|3072.48|1|3717.70|3072.48|0.00|0.00| |0.00|0.00| 
70|1|1|7791293023175|1|07791293023175|DESODORANTE REXONA MEN 89G.FOOTBAL|UNILEVER PERFUMERIA|3717.70|3072.48|1|3717.70|3072.48|0.00|0.00| |0.00|0.00| 
70|1|2|7791293023175|1|07791293023175|DESODORANTE REXONA MEN 89G.FOOTBAL|UNILEVER PERFUMERIA|3717.70|3072.48|1|3717.70|3072.48|0.00|0.00| |0.00|0.00| 
70|1|3|7791293023175|1|07791293023175|DESODORANTE REXONA MEN 89G.FOOTBAL|UNILEVER PERFUMERIA|3717.70|3072.48|1|3717.70|3072.48|0.00|0.00| |0.00|0.00| 
70|1|4|7791293023175|1|07791293023175|DESODORANTE REXONA MEN 89G.FOOTBAL|UNILEVER PERFUMERIA|3717.70|3072.48|1|3717.70|3072.48|0.00|0.00| |0.00|0.00| 
70|1|4|7791293022505|1|07791293022505|DESODORANTE REXONA MEN 89G.HOMBRE|UNILEVER PERFUMERIA|3717.70|3072.48|1|3717.70|3072.48|0.00|0.00| |0.00|0.00| 
70|1|3|7791293022635|1|07791293022635|DESODORANTE REXONA MEN 89G.INVISIBL|UNILEVER PERFUMERIA|3717.70|3072.48|1|3717.70|3072.48|0.00|0.00| |0.00|0.00| 
70|1|4|7791293022635|1|07791293022635|DESODORANTE REXONA MEN 89G.INVISIBL|UNILEVER PERFUMERIA|3717.70|3072.48|1|3717.70|3072.48|0.00|0.00| |0.00|0.00| 
70|1|2|7791293022536|1|07791293022536|DESODORANTE REXONA MEN 89G.SENSITIV|UNILEVER PERFUMERIA|3717.70|3072.48|1|3717.70|3072.48|0.00|0.00| |0.00|0.00| 
70|1|4|7791293022536|1|07791293022536|DESODORANTE REXONA MEN 89G.SENSITIV|UNILEVER PERFUMERIA|3717.70|3072.48|1|3717.70|3072.48|0.00|0.00| |0.00|0.00| 
70|1|1|7791293022567|1|07791293022567|DESODORANTE REXONA MEN 89G.V8|UNILEVER PERFUMERIA|3717.70|3072.48|1|3717.70|3072.48|0.00|0.00| |0.00|0.00| 
70|1|2|7791293022567|1|07791293022567|DESODORANTE REXONA MEN 89G.V8|UNILEVER PERFUMERIA|3717.70|3072.48|1|3717.70|3072.48|0.00|0.00| |0.00|0.00| 
70|1|3|7791293022567|1|07791293022567|DESODORANTE REXONA MEN 89G.V8|UNILEVER PERFUMERIA|3717.70|3072.48|1|3717.70|3072.48|0.00|0.00| |0.00|0.00| 
70|1|4|7791293022567|1|07791293022567|DESODORANTE REXONA MEN 89G.V8|UNILEVER PERFUMERIA|3717.70|3072.48|1|3717.70|3072.48|0.00|0.00| |0.00|0.00| 
70|1|2|0000077923424|1|00000077923424|DESODORANTE REXONA ODORONO 60 GRS|UNILEVER PERFUMERIA|1972.55|1630.21|1|1972.55|1630.21|0.00|0.00| |0.00|0.00| 
70|1|1|0000078923355|1|00000078923355|DESODORANTE REXONA R.ON FEM NUTRITI|UNILEVER PERFUMERIA|2447.70|2022.89|1|2447.70|2022.89|0.00|0.00| |0.00|0.00| 
70|1|2|0000078923355|1|00000078923355|DESODORANTE REXONA R.ON FEM NUTRITI|UNILEVER PERFUMERIA|2447.70|2022.89|1|2447.70|2022.89|0.00|0.00| |0.00|0.00| 
70|1|3|0000078923355|1|00000078923355|DESODORANTE REXONA R.ON FEM NUTRITI|UNILEVER PERFUMERIA|2447.70|2022.89|1|2447.70|2022.89|0.00|0.00| |0.00|0.00| 
70|1|4|0000078923355|1|00000078923355|DESODORANTE REXONA R.ON FEM NUTRITI|UNILEVER PERFUMERIA|2447.70|2022.89|1|2447.70|2022.89|0.00|0.00| |0.00|0.00| 
70|1|1|0000078925472|1|00000078925472|DESODORANTE REXONA R.ON MEN INVISIB|UNILEVER PERFUMERIA|2447.70|2022.89|1|2447.70|2022.89|0.00|0.00| |0.00|0.00| 
70|1|2|0000078925472|1|00000078925472|DESODORANTE REXONA R.ON MEN INVISIB|UNILEVER PERFUMERIA|2447.70|2022.89|1|2447.70|2022.89|0.00|0.00| |0.00|0.00| 
70|1|3|0000078925472|1|00000078925472|DESODORANTE REXONA R.ON MEN INVISIB|UNILEVER PERFUMERIA|2447.70|2022.89|1|2447.70|2022.89|0.00|0.00| |0.00|0.00| 
70|1|4|0000078925472|1|00000078925472|DESODORANTE REXONA R.ON MEN INVISIB|UNILEVER PERFUMERIA|2447.70|2022.89|1|2447.70|2022.89|0.00|0.00| |0.00|0.00| 
70|1|1|0000078926523|1|00000078926523|DESODORANTE REXONA ROOL-ON 0% ACTIV|UNILEVER PERFUMERIA|2447.70|2022.89|1|2447.70|2022.89|0.00|0.00| |0.00|0.00| 
70|1|3|0000078926523|1|00000078926523|DESODORANTE REXONA ROOL-ON 0% ACTIV|UNILEVER PERFUMERIA|2447.70|2022.89|1|2447.70|2022.89|0.00|0.00| |0.00|0.00| 
70|1|4|0000078926523|1|00000078926523|DESODORANTE REXONA ROOL-ON 0% ACTIV|UNILEVER PERFUMERIA|2447.70|2022.89|1|2447.70|2022.89|0.00|0.00| |0.00|0.00| 
70|1|1|7791520007909|1|07791520007909|DESODORANTE VERITAS 0%ACTIVE 152C|LA FARMACO ARGENTINA|5230.75|4322.93|1|5230.75|4322.93|0.00|0.00| |0.00|0.00| 
70|1|1|7791520007916|1|07791520007916|DESODORANTE VERITAS 0%SENSITIVE 152|LA FARMACO ARGENTINA|5230.75|4322.93|1|5230.75|4322.93|0.00|0.00| |0.00|0.00| 
70|1|4|7791520024340|1|07791520024340|DESODORANTE VERITAS ROLL ON 0%ACTIV|LA FARMACO ARGENTINA|2847.95|2353.68|1|2847.95|2353.68|0.00|0.00| |0.00|0.00| 
70|1|1|7791520024333|1|07791520024333|DESODORANTE VERITAS ROLL ON 0%CONTR|LA FARMACO ARGENTINA|2847.95|2353.68|1|2847.95|2353.68|0.00|0.00| |0.00|0.00| 
70|1|4|7791520024333|1|07791520024333|DESODORANTE VERITAS ROLL ON 0%CONTR|LA FARMACO ARGENTINA|2847.95|2353.68|1|2847.95|2353.68|0.00|0.00| |0.00|0.00| 
70|1|2|7791520024135|1|07791520024135|DESODORANTE VERITAS ROLL ON 0%ESENC|LA FARMACO ARGENTINA|2847.95|2353.68|1|2847.95|2353.68|0.00|0.00| |0.00|0.00| 
70|1|3|7791520024135|1|07791520024135|DESODORANTE VERITAS ROLL ON 0%ESENC|LA FARMACO ARGENTINA|2847.95|2353.68|1|2847.95|2353.68|0.00|0.00| |0.00|0.00| 
70|1|4|7791520024135|1|07791520024135|DESODORANTE VERITAS ROLL ON 0%ESENC|LA FARMACO ARGENTINA|2847.95|2353.68|1|2847.95|2353.68|0.00|0.00| |0.00|0.00| 
70|1|1|7791520024357|1|07791520024357|DESODORANTE VERITAS ROLL ON 0%SENSI|LA FARMACO ARGENTINA|2847.95|2353.68|1|2847.95|2353.68|0.00|0.00| |0.00|0.00| 
70|1|4|7791520024357|1|07791520024357|DESODORANTE VERITAS ROLL ON 0%SENSI|LA FARMACO ARGENTINA|2847.95|2353.68|1|2847.95|2353.68|0.00|0.00| |0.00|0.00| 
70|1|2|7791111001255|1|07791111001255|DETERGENTE EN BARRA SIRKIS 200G.|COOP. CAÑADA ROSQUIN|740.00|611.57|1|740.00|611.57|0.00|0.00| |0.00|0.00| 
70|1|4|7791111001255|1|07791111001255|DETERGENTE EN BARRA SIRKIS 200G.|COOP. CAÑADA ROSQUIN|740.00|611.57|1|740.00|611.57|0.00|0.00| |0.00|0.00| 
70|1|1|7791290001152|1|07791290001152|DETERGENTE SINT.ALA R.FINA 450CCDOY|UNILEVER.|3250.00|2685.95|1|3250.00|2685.95|0.00|0.00| |0.00|0.00| 
70|1|2|7791290001152|1|07791290001152|DETERGENTE SINT.ALA R.FINA 450CCDOY|UNILEVER.|3250.00|2685.95|1|3250.00|2685.95|0.00|0.00| |0.00|0.00| 
70|1|4|7791290001152|1|07791290001152|DETERGENTE SINT.ALA R.FINA 450CCDOY|UNILEVER.|3250.00|2685.95|1|3250.00|2685.95|0.00|0.00| |0.00|0.00| 
70|1|1|7791290001169|1|07791290001169|DETERGENTE SINT.ALA R.FINA M.450DOY|UNILEVER.|3250.00|2685.95|1|3250.00|2685.95|0.00|0.00| |0.00|0.00| 
70|1|2|7791290001169|1|07791290001169|DETERGENTE SINT.ALA R.FINA M.450DOY|UNILEVER.|3250.00|2685.95|1|3250.00|2685.95|0.00|0.00| |0.00|0.00| 
70|1|4|7791290001169|1|07791290001169|DETERGENTE SINT.ALA R.FINA M.450DOY|UNILEVER.|3250.00|2685.95|1|3250.00|2685.95|0.00|0.00| |0.00|0.00| 
70|1|1|7790064001909|1|07790064001909|DISCO DEMAQUILLADOR ESTRELLA 80 U|BUYANOR S.A.|2117.75|1750.21|1|2117.75|1750.21|0.00|0.00| |0.00|0.00| 
70|1|2|7790520000552|1|07790520000552|DISCOS ACTIVO M.MUSCULO MARINA 36CC|PROV.VARIOS LIMPIEZA|237.53|196.31|1|237.53|196.31|0.00|0.00| |0.00|0.00| 
70|1|2|7790520010575|1|07790520010575|DISCOS ACTIVO M.MUSCULO PARAISO AZU|PROV.VARIOS LIMPIEZA|237.53|196.31|1|237.53|196.31|0.00|0.00| |0.00|0.00| 
70|1|4|7792902000068|1|07792902000068|DISCOS COPETIN DON LUCAS 400G |PANIF. TESSORE HNOS.|2420.00|2000.00|1|2420.00|2000.00|0.00|0.00| |0.00|0.00| 
70|1|4|7792902000358|1|07792902000358|DISCOS COPETIN DON LUCAS HORNO 400G|PANIF. TESSORE HNOS.|2420.00|2000.00|1|2420.00|2000.00|0.00|0.00| |0.00|0.00| 
70|1|2|6000000109790|1|06000000109790|DISCOS COPETIN LA BIANCA 24 UN|PASTAS LA BIANCA|1710.00|1413.22|1|1710.00|1413.22|0.00|0.00| |0.00|0.00| 
70|1|4|7795552400387|1|07795552400387|DISCOS EMPANADAS DELI TAP CR. 360G.|PANIF. TESSORE HNOS.|1110.00|917.36|1|1110.00|917.36|0.00|0.00| |0.00|0.00| 
70|1|4|7795552400332|1|07795552400332|DISCOS EMPANADAS DELI TAP FREI|PANIF. TESSORE HNOS.|1640.00|1355.37|1|1640.00|1355.37|0.00|0.00| |0.00|0.00| 
70|1|4|7795552400325|1|07795552400325|DISCOS EMPANADAS DELI TAP HORNO|PANIF. TESSORE HNOS.|1640.00|1355.37|1|1640.00|1355.37|0.00|0.00| |0.00|0.00| 
70|1|4|0000000068037|0|00000000068037|DISCOS EMPANADAS LA MORENITA 330G.|PASTAS LA MORENITA|1180.00|975.21|1|1180.00|975.21|0.00|0.00| |0.00|0.00| 
70|1|4|7798140400028|1|07798140400028|DISCOS EMPANADAS LA REINA FREIR 12U|LA REINA|1250.00|1033.06|1|1250.00|1033.06|0.00|0.00| |0.00|0.00| 
70|1|4|7798140400011|1|07798140400011|DISCOS EMPANADAS LA REINA HORNO 12U|LA REINA|1250.00|1033.06|1|1250.00|1033.06|0.00|0.00| |0.00|0.00| 
70|1|4|7613034195241|1|07613034195241|DOLCA MIX DP.125G. CAPPUCCINO|NESTLE ARGENTINA S.A|3408.65|2817.07|1|3408.65|2817.07|0.00|0.00| |0.00|0.00| 
70|1|4|7613035161566|1|07613035161566|DOLCA MIX DP.125G. CORTADO|NESTLE ARGENTINA S.A|3580.00|2958.68|1|3580.00|2958.68|0.00|0.00| |0.00|0.00| 
70|1|4|7613035161603|1|07613035161603|DOLCA MIX DP.125G. LATTE|NESTLE ARGENTINA S.A|3580.00|2958.68|1|3580.00|2958.68|0.00|0.00| |0.00|0.00| 
70|1|1|7891150035874|1|07891150035874|DOVE BABY JABON LIQUIDO 180CC.DP.HU|UNILEVER PERFUMERIA|3454.20|2854.71|1|3454.20|2854.71|0.00|0.00| |0.00|0.00| 
70|1|1|7891150035881|1|07891150035881|DOVE BABY JABON LIQUIDO 180CCDP.HUM|UNILEVER PERFUMERIA|3454.20|2854.71|1|3454.20|2854.71|0.00|0.00| |0.00|0.00| 
70|1|1|7891150025981|1|07891150025981|DOVE BABY JABON LIQUIDO 200CC.HUMEC|UNILEVER PERFUMERIA|4928.25|4072.93|1|4928.25|4072.93|0.00|0.00| |0.00|0.00| 
70|1|3|7891150025998|1|07891150025998|DOVE BABY JABON TOCADOR 75GR|UNILEVER PERFUMERIA|1812.40|1497.85|1|1812.40|1497.85|0.00|0.00| |0.00|0.00| 
70|1|4|7891150025998|1|07891150025998|DOVE BABY JABON TOCADOR 75GR|UNILEVER PERFUMERIA|1812.40|1497.85|1|1812.40|1497.85|0.00|0.00| |0.00|0.00| 
70|1|2|7891150026025|1|07891150026025|DOVE BABY JABON TOCADOR 75GR.HUM|UNILEVER PERFUMERIA|1812.40|1497.85|1|1812.40|1497.85|0.00|0.00| |0.00|0.00| 
70|1|3|7891150026025|1|07891150026025|DOVE BABY JABON TOCADOR 75GR.HUM|UNILEVER PERFUMERIA|1812.40|1497.85|1|1812.40|1497.85|0.00|0.00| |0.00|0.00| 
70|1|4|7891150026025|1|07891150026025|DOVE BABY JABON TOCADOR 75GR.HUM|UNILEVER PERFUMERIA|1812.40|1497.85|1|1812.40|1497.85|0.00|0.00| |0.00|0.00| 
70|1|4|7891150035539|1|07891150035539|DOVE BABY TOALLITAS HUMEDAS 50U.HUM|PR.VARIOS PERFUMERIA|691.30|571.32|1|691.30|571.32|0.00|0.00| |0.00|0.00| 
70|1|4|7790580501204|1|07790580501204|DULCE BATATA ARCOR 5 KG.|ARCOR S.A.|15300.00|12644.63|1|15300.00|12644.63|0.00|0.00| |0.00|0.00| 
70|1|2|7790580504410|1|07790580504410|DULCE BATATA ARCOR 500G ESTUCHE|ARCOR S.A.|2050.00|1694.21|1|2050.00|1694.21|0.00|0.00| |0.00|0.00| 
70|1|1|7790580501105|1|07790580501105|DULCE BATATA ARCOR C/CHOC.5KG|ARCOR S.A.|15300.00|12644.63|1|15300.00|12644.63|0.00|0.00| |0.00|0.00| 
70|1|1|7793046001034|1|07793046001034|DULCE BATATA DULCOR 5 KG.|DULCOR|12400.00|10247.93|1|12400.00|10247.93|0.00|0.00| |0.00|0.00| 
70|1|3|7793046001034|1|07793046001034|DULCE BATATA DULCOR 5 KG.|DULCOR|12400.00|10247.93|1|12400.00|10247.93|0.00|0.00| |0.00|0.00| 
70|1|4|7793046001034|1|07793046001034|DULCE BATATA DULCOR 5 KG.|DULCOR|12400.00|10247.93|1|12400.00|10247.93|0.00|0.00| |0.00|0.00| 
70|1|1|7793046002017|1|07793046002017|DULCE BATATA DULCOR C/CACAO 5 KG|DULCOR|12400.00|10247.93|1|12400.00|10247.93|0.00|0.00| |0.00|0.00| 
70|1|2|7793046002017|1|07793046002017|DULCE BATATA DULCOR C/CACAO 5 KG|DULCOR|12400.00|10247.93|1|12400.00|10247.93|0.00|0.00| |0.00|0.00| 
70|1|3|7793046002017|1|07793046002017|DULCE BATATA DULCOR C/CACAO 5 KG|DULCOR|12400.00|10247.93|1|12400.00|10247.93|0.00|0.00| |0.00|0.00| 
70|1|3|7793046002215|1|07793046002215|DULCE BATATA DULCOR C/CACAO 500G.|DULCOR|1680.00|1388.43|1|1680.00|1388.43|0.00|0.00| |0.00|0.00| 
70|1|4|7793046002215|1|07793046002215|DULCE BATATA DULCOR C/CACAO 500G.|DULCOR|1680.00|1388.43|1|1680.00|1388.43|0.00|0.00| |0.00|0.00| 
70|1|4|7798001560113|1|07798001560113|DULCE DE LECHE CREMIGAL 1 KG.|CREMIGAL|5500.00|4545.45|1|5500.00|4545.45|0.00|0.00| |0.00|0.00| 
70|1|4|7798001560229|1|07798001560229|DULCE DE LECHE CREMIGAL 10KG.|CREMIGAL|46280.00|38247.93|1|46280.00|38247.93|0.00|0.00| |0.00|0.00| 
70|1|4|7798001560090|1|07798001560090|DULCE DE LECHE CREMIGAL 250 GRS.|CREMIGAL|1440.00|1190.08|1|1440.00|1190.08|0.00|0.00| |0.00|0.00| 
70|1|4|7798001560465|1|07798001560465|DULCE DE LECHE CREMIGAL 400GRS|CREMIGAL|2210.00|1826.45|1|2210.00|1826.45|0.00|0.00| |0.00|0.00| 
70|1|1|7798107800526|1|07798107800526|DULCE DE LECHE DON FAUSTO 400GRS|CLAUDIO J. MATURANO|1760.00|1454.55|1|1760.00|1454.55|0.00|0.00| |0.00|0.00| 
70|1|2|7798107800526|1|07798107800526|DULCE DE LECHE DON FAUSTO 400GRS|CLAUDIO J. MATURANO|1760.00|1454.55|1|1760.00|1454.55|0.00|0.00| |0.00|0.00| 
70|1|3|7798107800526|1|07798107800526|DULCE DE LECHE DON FAUSTO 400GRS|CLAUDIO J. MATURANO|1760.00|1454.55|1|1760.00|1454.55|0.00|0.00| |0.00|0.00| 
70|1|4|7798107800526|1|07798107800526|DULCE DE LECHE DON FAUSTO 400GRS|CLAUDIO J. MATURANO|1760.00|1454.55|1|1760.00|1454.55|0.00|0.00| |0.00|0.00| 
70|1|1|7790787150632|1|07790787150632|DULCE DE LECHE ILOLAY 1 KG.      |WILLINER|6170.00|5099.17|1|6170.00|5099.17|0.00|0.00| |0.00|0.00| 
70|1|4|7790787150632|1|07790787150632|DULCE DE LECHE ILOLAY 1 KG.      |WILLINER|6170.00|5099.17|1|6170.00|5099.17|0.00|0.00| |0.00|0.00| 
70|1|1|7790787153664|1|07790787153664|DULCE DE LECHE ILOLAY 405 GRS.|WILLINER|2550.00|2107.44|1|2550.00|2107.44|0.00|0.00| |0.00|0.00| 
70|1|2|7790787153664|1|07790787153664|DULCE DE LECHE ILOLAY 405 GRS.|WILLINER|2550.00|2107.44|1|2550.00|2107.44|0.00|0.00| |0.00|0.00| 
70|1|3|7790787153664|1|07790787153664|DULCE DE LECHE ILOLAY 405 GRS.|WILLINER|2550.00|2107.44|1|2550.00|2107.44|0.00|0.00| |0.00|0.00| 
70|1|4|7790787153664|1|07790787153664|DULCE DE LECHE ILOLAY 405 GRS.|WILLINER|2550.00|2107.44|1|2550.00|2107.44|0.00|0.00| |0.00|0.00| 
70|1|1|7790787153671|1|07790787153671|DULCE DE LECHE ILOLAY REP.405 GRS|WILLINER|2890.00|2388.43|1|2890.00|2388.43|0.00|0.00| |0.00|0.00| 
70|1|4|7798105908989|1|07798105908989|DULCE DE LECHE MARIA LUISA 1KG.|LACTEOS DOÑA LUISA|5760.00|4760.33|1|5760.00|4760.33|0.00|0.00| |0.00|0.00| 
70|1|2|7794820000885|1|07794820000885|DULCE DE LECHE MILKAUT 1 KG.|MILKAUT|8440.00|6975.21|1|8440.00|6975.21|0.00|0.00| |0.00|0.00| 
70|1|4|7794820000885|1|07794820000885|DULCE DE LECHE MILKAUT 1 KG.|MILKAUT|8440.00|6975.21|1|8440.00|6975.21|0.00|0.00| |0.00|0.00| 
70|1|2|7794820014608|1|07794820014608|DULCE DE LECHE MILKAUT 400 GRS.|MILKAUT|3210.00|2652.89|1|3210.00|2652.89|0.00|0.00| |0.00|0.00| 
70|1|4|7794820014608|1|07794820014608|DULCE DE LECHE MILKAUT 400 GRS.|MILKAUT|3210.00|2652.89|1|3210.00|2652.89|0.00|0.00| |0.00|0.00| 
70|1|2|7790742144607|1|07790742144607|DULCE DE LECHE SERENISIMA 400G. CLA|MASTELLONE HNOS S.A.|3330.00|2752.07|1|3330.00|2752.07|0.00|0.00| |0.00|0.00| 
70|1|2|7790742104403|1|07790742104403|DULCE DE LECHE SERENISIMA COL.C.1K |MASTELLONE HNOS S.A.|9730.00|8041.32|1|9730.00|8041.32|0.00|0.00| |0.00|0.00| 
70|1|4|7790742104403|1|07790742104403|DULCE DE LECHE SERENISIMA COL.C.1K |MASTELLONE HNOS S.A.|9730.00|8041.32|1|9730.00|8041.32|0.00|0.00| |0.00|0.00| 
70|1|2|7790742104205|1|07790742104205|DULCE DE LECHE SERENISIMA COL.C.250|MASTELLONE HNOS S.A.|2760.00|2280.99|1|2760.00|2280.99|0.00|0.00| |0.00|0.00| 
70|1|4|7790742104205|1|07790742104205|DULCE DE LECHE SERENISIMA COL.C.250|MASTELLONE HNOS S.A.|2760.00|2280.99|1|2760.00|2280.99|0.00|0.00| |0.00|0.00| 
70|1|2|7790742140609|1|07790742140609|DULCE DE LECHE SERENISIMA COL.C.400|MASTELLONE HNOS S.A.|3700.00|3057.85|1|3700.00|3057.85|0.00|0.00| |0.00|0.00| 
70|1|2|7790742067005|1|07790742067005|DULCE DE LECHE SERENISIMA REP.400G.|MASTELLONE HNOS S.A.|4120.00|3404.96|1|4120.00|3404.96|0.00|0.00| |0.00|0.00| 
70|1|4|7790742067005|1|07790742067005|DULCE DE LECHE SERENISIMA REP.400G.|MASTELLONE HNOS S.A.|4120.00|3404.96|1|4120.00|3404.96|0.00|0.00| |0.00|0.00| 
70|1|2|7790580504601|1|07790580504601|DULCE MEMBRILLO ARCOR 500G ESTUCHE|ARCOR S.A.|2390.00|1975.21|1|2390.00|1975.21|0.00|0.00| |0.00|0.00| 
70|1|1|7793046004257|1|07793046004257|DULCE MEMBRILLO CORMILLOT 430G|DULCOR|2420.00|2000.00|1|2420.00|2000.00|0.00|0.00| |0.00|0.00| 
70|1|1|7793046004028|1|07793046004028|DULCE MEMBRILLO DULCOR 5 KG. |DULCOR|15900.00|13140.50|1|15900.00|13140.50|0.00|0.00| |0.00|0.00| 
70|1|2|7793046004028|1|07793046004028|DULCE MEMBRILLO DULCOR 5 KG. |DULCOR|15900.00|13140.50|1|15900.00|13140.50|0.00|0.00| |0.00|0.00| 
70|1|3|7793046004028|1|07793046004028|DULCE MEMBRILLO DULCOR 5 KG. |DULCOR|15900.00|13140.50|1|15900.00|13140.50|0.00|0.00| |0.00|0.00| 
70|1|1|7793046004141|1|07793046004141|DULCE MEMBRILLO DULCOR 500G.SACHET|DULCOR|2250.00|1859.50|1|2250.00|1859.50|0.00|0.00| |0.00|0.00| 
70|1|3|7793046004141|1|07793046004141|DULCE MEMBRILLO DULCOR 500G.SACHET|DULCOR|2250.00|1859.50|1|2250.00|1859.50|0.00|0.00| |0.00|0.00| 
70|1|4|7793046004141|1|07793046004141|DULCE MEMBRILLO DULCOR 500G.SACHET|DULCOR|2250.00|1859.50|1|2250.00|1859.50|0.00|0.00| |0.00|0.00| 
70|1|4|6000001061608|1|06000001061608|DURAZNO KG.      |VERDULERIA|5400.00|4886.88|1|5400.00|4886.88|0.00|0.00| |0.00|0.00| 
70|1|1|7790088000018|1|07790088000018|DURAZNO NATURAL ALCO 485G     |INDUSTRIA ALI.MENDOC|2450.00|2024.79|1|2450.00|2024.79|0.00|0.00| |0.00|0.00| 
70|1|2|7790088000018|1|07790088000018|DURAZNO NATURAL ALCO 485G     |INDUSTRIA ALI.MENDOC|2450.00|2024.79|1|2450.00|2024.79|0.00|0.00| |0.00|0.00| 
70|1|4|7790088000018|1|07790088000018|DURAZNO NATURAL ALCO 485G     |INDUSTRIA ALI.MENDOC|2450.00|2024.79|1|2450.00|2024.79|0.00|0.00| |0.00|0.00| 
70|1|4|7791885003813|1|07791885003813|DURAZNO NATURAL CUMANA 485G.|BAVOSI S.A.|1979.85|1636.24|1|1979.85|1636.24|0.00|0.00| |0.00|0.00| 
70|1|1|7798113350152|1|07798113350152|DURAZNO NATURAL P.PRECIO 485G.|PP.ENLATADOS |2680.00|2214.88|1|2680.00|2214.88|0.00|0.00| |0.00|0.00| 
70|1|4|7509552800371|1|07509552800371|ELVIVE ACONDICIONADOR 200ML ARCILLA|LOREAL|5026.25|4153.93|1|5026.25|4153.93|0.00|0.00| |0.00|0.00| 
70|1|1|7898587775021|1|07898587775021|ELVIVE ACONDICIONADOR 200ML OLEO EX|LOREAL|5026.25|4153.93|1|5026.25|4153.93|0.00|0.00| |0.00|0.00| 
70|1|4|7898587775021|1|07898587775021|ELVIVE ACONDICIONADOR 200ML OLEO EX|LOREAL|5026.25|4153.93|1|5026.25|4153.93|0.00|0.00| |0.00|0.00| 
70|1|4|7899026487079|1|07899026487079|ELVIVE ACONDICIONADOR 400ML KERA-LI|LOREAL|8403.10|6944.71|1|8403.10|6944.71|0.00|0.00| |0.00|0.00| 
70|1|4|7509552914542|1|07509552914542|ELVIVE ACONDICIONADOR 400ML O.EXT. |LOREAL|8403.10|6944.71|1|8403.10|6944.71|0.00|0.00| |0.00|0.00| 
70|1|1|7898587775120|1|07898587775120|ELVIVE SHAMPOO 200ML OLEO EXT.NUT.I|LOREAL|5026.25|4153.93|1|5026.25|4153.93|0.00|0.00| |0.00|0.00| 
70|1|4|7898587775120|1|07898587775120|ELVIVE SHAMPOO 200ML OLEO EXT.NUT.I|LOREAL|5026.25|4153.93|1|5026.25|4153.93|0.00|0.00| |0.00|0.00| 
70|1|1|7509552914504|1|07509552914504|ELVIVE SHAMPOO 200ML RIZOS DEFINIDO|LOREAL|5026.25|4153.93|1|5026.25|4153.93|0.00|0.00| |0.00|0.00| 
70|1|4|7509552914504|1|07509552914504|ELVIVE SHAMPOO 200ML RIZOS DEFINIDO|LOREAL|5026.25|4153.93|1|5026.25|4153.93|0.00|0.00| |0.00|0.00| 
70|1|4|7899026418042|1|07899026418042|ELVIVE SHAMPOO 400ML COLOR VIVE|LOREAL|8403.10|6944.71|1|8403.10|6944.71|0.00|0.00| |0.00|0.00| 
70|1|4|7899026486935|1|07899026486935|ELVIVE SHAMPOO 400ML KERA-LISO NUTR|LOREAL|8403.10|6944.71|1|8403.10|6944.71|0.00|0.00| |0.00|0.00| 
70|1|4|7509552914511|1|07509552914511|ELVIVE SHAMPOO 400ML O.EXT. RIZOS D|LOREAL|8403.10|6944.71|1|8403.10|6944.71|0.00|0.00| |0.00|0.00| 
70|1|4|7898587772532|1|07898587772532|ELVIVE SHAMPOO 400ML RT5 EXTREME|LOREAL|8403.10|6944.71|1|8403.10|6944.71|0.00|0.00| |0.00|0.00| 
70|1|4|7798114990302|1|07798114990302|EMPAQUE MIXTO ACHETONI 250 GRS.|ACHETONI|790.00|652.89|1|790.00|652.89|0.00|0.00| |0.00|0.00| 
70|1|2|0070330605282|1|00070330605282|ENCENDEDOR BIC MINI 846007|BIC ARGENTINA S.A.|120.00|99.17|1|120.00|99.17|0.00|0.00| |0.00|0.00| 
70|1|1|7798108900010|1|07798108900010|ENDULZANTE BELDIET 250CC|CONDIMENTOS S.R.L.|1620.00|1338.84|1|1620.00|1338.84|0.00|0.00| |0.00|0.00| 
70|1|3|7798108900010|1|07798108900010|ENDULZANTE BELDIET 250CC|CONDIMENTOS S.R.L.|1620.00|1338.84|1|1620.00|1338.84|0.00|0.00| |0.00|0.00| 
70|1|1|7790939000143|1|07790939000143|ENDULZANTE BELDIET 500CC|CONDIMENTOS S.R.L.|2730.00|2256.20|1|2730.00|2256.20|0.00|0.00| |0.00|0.00| 
70|1|3|7790939000143|1|07790939000143|ENDULZANTE BELDIET 500CC|CONDIMENTOS S.R.L.|2730.00|2256.20|1|2730.00|2256.20|0.00|0.00| |0.00|0.00| 
70|1|4|7790939000143|1|07790939000143|ENDULZANTE BELDIET 500CC|CONDIMENTOS S.R.L.|2730.00|2256.20|1|2730.00|2256.20|0.00|0.00| |0.00|0.00| 
70|1|1|7792129000759|1|07792129000759|ENDULZANTE EQUALSWEET 100 SOBRES|MERISANT ARGENTINA|2580.00|2132.23|1|2580.00|2132.23|0.00|0.00| |0.00|0.00| 
70|1|4|7792129000759|1|07792129000759|ENDULZANTE EQUALSWEET 100 SOBRES|MERISANT ARGENTINA|2580.00|2132.23|1|2580.00|2132.23|0.00|0.00| |0.00|0.00| 
70|1|3|7792129000766|1|07792129000766|ENDULZANTE EQUALSWEET 200 SOBRES|MERISANT ARGENTINA|4600.00|3801.65|1|4600.00|3801.65|0.00|0.00| |0.00|0.00| 
70|1|1|7792129000742|1|07792129000742|ENDULZANTE EQUALSWEET 50 SOBRES|MERISANT ARGENTINA|1490.00|1231.40|1|1490.00|1231.40|0.00|0.00| |0.00|0.00| 
70|1|1|7792129003286|1|07792129003286|ENDULZANTE EQUALSWEET LIGHT 500G.|MERISANT ARGENTINA|4630.00|3826.45|1|4630.00|3826.45|0.00|0.00| |0.00|0.00| 
70|1|1|7792129002708|1|07792129002708|ENDULZANTE EQUALSWEET STEVIA 100 SO|MERISANT ARGENTINA|3160.00|2611.57|1|3160.00|2611.57|0.00|0.00| |0.00|0.00| 
70|1|4|7792129002708|1|07792129002708|ENDULZANTE EQUALSWEET STEVIA 100 SO|MERISANT ARGENTINA|3160.00|2611.57|1|3160.00|2611.57|0.00|0.00| |0.00|0.00| 
70|1|4|7792129002692|1|07792129002692|ENDULZANTE EQUALSWEET STEVIA 50 SOB|MERISANT ARGENTINA|1820.00|1504.13|1|1820.00|1504.13|0.00|0.00| |0.00|0.00| 
70|1|2|7792129002401|1|07792129002401|ENDULZANTE EQUALSWEET SUCRA. 100SOB|MERISANT ARGENTINA|3000.00|2479.34|1|3000.00|2479.34|0.00|0.00| |0.00|0.00| 
70|1|3|7792129002401|1|07792129002401|ENDULZANTE EQUALSWEET SUCRA. 100SOB|MERISANT ARGENTINA|3000.00|2479.34|1|3000.00|2479.34|0.00|0.00| |0.00|0.00| 
70|1|4|7792129002401|1|07792129002401|ENDULZANTE EQUALSWEET SUCRA. 100SOB|MERISANT ARGENTINA|3000.00|2479.34|1|3000.00|2479.34|0.00|0.00| |0.00|0.00| 
70|1|4|7792129002395|1|07792129002395|ENDULZANTE EQUALSWEET SUCRA. 50 SOB|MERISANT ARGENTINA|1730.00|1429.75|1|1730.00|1429.75|0.00|0.00| |0.00|0.00| 
70|1|3|7792129001015|1|07792129001015|ENDULZANTE EQUALSWEET TABLETAS 100 |MERISANT ARGENTINA|3570.00|2950.41|1|3570.00|2950.41|0.00|0.00| |0.00|0.00| 
70|1|1|7794940000550|1|07794940000550|ENDULZANTE HILERET LIGHT 250 GR.|HILERET|1160.00|958.68|1|1160.00|958.68|0.00|0.00| |0.00|0.00| 
70|1|2|7794940000550|1|07794940000550|ENDULZANTE HILERET LIGHT 250 GR.|HILERET|1160.00|958.68|1|1160.00|958.68|0.00|0.00| |0.00|0.00| 
70|1|3|7794940000550|1|07794940000550|ENDULZANTE HILERET LIGHT 250 GR.|HILERET|1160.00|958.68|1|1160.00|958.68|0.00|0.00| |0.00|0.00| 
70|1|4|7794940000550|1|07794940000550|ENDULZANTE HILERET LIGHT 250 GR.|HILERET|1160.00|958.68|1|1160.00|958.68|0.00|0.00| |0.00|0.00| 
70|1|1|7794940000536|1|07794940000536|ENDULZANTE HILERET LIGHT 500 GR|HILERET|1910.00|1578.51|1|1910.00|1578.51|0.00|0.00| |0.00|0.00| 
70|1|2|7794940000536|1|07794940000536|ENDULZANTE HILERET LIGHT 500 GR|HILERET|1910.00|1578.51|1|1910.00|1578.51|0.00|0.00| |0.00|0.00| 
70|1|3|7794940000536|1|07794940000536|ENDULZANTE HILERET LIGHT 500 GR|HILERET|1910.00|1578.51|1|1910.00|1578.51|0.00|0.00| |0.00|0.00| 
70|1|4|7794940000536|1|07794940000536|ENDULZANTE HILERET LIGHT 500 GR|HILERET|1910.00|1578.51|1|1910.00|1578.51|0.00|0.00| |0.00|0.00| 
70|1|1|7794940000765|1|07794940000765|ENDULZANTE HILERET STEVIA 100 SOBRE|HILERET|2700.00|2231.40|1|2700.00|2231.40|0.00|0.00| |0.00|0.00| 
70|1|2|7794940000765|1|07794940000765|ENDULZANTE HILERET STEVIA 100 SOBRE|HILERET|2700.00|2231.40|1|2700.00|2231.40|0.00|0.00| |0.00|0.00| 
70|1|3|7794940000765|1|07794940000765|ENDULZANTE HILERET STEVIA 100 SOBRE|HILERET|2700.00|2231.40|1|2700.00|2231.40|0.00|0.00| |0.00|0.00| 
70|1|1|7794940000772|1|07794940000772|ENDULZANTE HILERET STEVIA 200 SOBRE|HILERET|4880.00|4033.06|1|4880.00|4033.06|0.00|0.00| |0.00|0.00| 
70|1|2|7794940000772|1|07794940000772|ENDULZANTE HILERET STEVIA 200 SOBRE|HILERET|4880.00|4033.06|1|4880.00|4033.06|0.00|0.00| |0.00|0.00| 
70|1|4|7794940000772|1|07794940000772|ENDULZANTE HILERET STEVIA 200 SOBRE|HILERET|4880.00|4033.06|1|4880.00|4033.06|0.00|0.00| |0.00|0.00| 
70|1|2|7794940000796|1|07794940000796|ENDULZANTE HILERET STEVIA 200ML.|HILERET|3000.00|2479.34|1|3000.00|2479.34|0.00|0.00| |0.00|0.00| 
70|1|1|7794940000758|1|07794940000758|ENDULZANTE HILERET STEVIA 50 SOBRES|HILERET|1750.00|1446.28|1|1750.00|1446.28|0.00|0.00| |0.00|0.00| 
70|1|2|7794940000758|1|07794940000758|ENDULZANTE HILERET STEVIA 50 SOBRES|HILERET|1750.00|1446.28|1|1750.00|1446.28|0.00|0.00| |0.00|0.00| 
70|1|3|7794940000840|1|07794940000840|ENDULZANTE HILERET SWEET 400CC|HILERET|2850.00|2355.37|1|2850.00|2355.37|0.00|0.00| |0.00|0.00| 
70|1|1|7794940000192|1|07794940000192|ENDULZANTE HILERET SWEET 50 SOBRES|HILERET|1450.00|1198.35|1|1450.00|1198.35|0.00|0.00| |0.00|0.00| 
70|1|1|7794940000611|1|07794940000611|ENDULZANTE HILERET ZUCRA 100 SOBRES|HILERET|2560.00|2115.70|1|2560.00|2115.70|0.00|0.00| |0.00|0.00| 
70|1|3|7794940000611|1|07794940000611|ENDULZANTE HILERET ZUCRA 100 SOBRES|HILERET|2560.00|2115.70|1|2560.00|2115.70|0.00|0.00| |0.00|0.00| 
70|1|4|7794940000611|1|07794940000611|ENDULZANTE HILERET ZUCRA 100 SOBRES|HILERET|2560.00|2115.70|1|2560.00|2115.70|0.00|0.00| |0.00|0.00| 
70|1|3|7794940000710|1|07794940000710|ENDULZANTE HILERET ZUCRA 100G.|HILERET|2620.00|2165.29|1|2620.00|2165.29|0.00|0.00| |0.00|0.00| 
70|1|4|7794940000710|1|07794940000710|ENDULZANTE HILERET ZUCRA 100G.|HILERET|2620.00|2165.29|1|2620.00|2165.29|0.00|0.00| |0.00|0.00| 
70|1|1|7794940000604|1|07794940000604|ENDULZANTE HILERET ZUCRA 50 SOBRES|HILERET|1530.00|1264.46|1|1530.00|1264.46|0.00|0.00| |0.00|0.00| 
70|1|2|7794940000604|1|07794940000604|ENDULZANTE HILERET ZUCRA 50 SOBRES|HILERET|1530.00|1264.46|1|1530.00|1264.46|0.00|0.00| |0.00|0.00| 
70|1|4|7794940000604|1|07794940000604|ENDULZANTE HILERET ZUCRA 50 SOBRES|HILERET|1530.00|1264.46|1|1530.00|1264.46|0.00|0.00| |0.00|0.00| 
70|1|1|7794940000680|1|07794940000680|ENDULZANTE HILERET ZUCRA LIQ. 200CC|HILERET|2100.00|1735.54|1|2100.00|1735.54|0.00|0.00| |0.00|0.00| 
70|1|4|7794940000680|1|07794940000680|ENDULZANTE HILERET ZUCRA LIQ. 200CC|HILERET|2100.00|1735.54|1|2100.00|1735.54|0.00|0.00| |0.00|0.00| 
70|1|1|7792129000377|1|07792129000377|ENDULZANTE SUCARYL 100 SOBRES|MERISANT ARGENTINA|2420.00|2000.00|1|2420.00|2000.00|0.00|0.00| |0.00|0.00| 
70|1|1|7792129000360|1|07792129000360|ENDULZANTE SUCARYL 50SOBRES|MERISANT ARGENTINA|4360.00|3603.31|1|4360.00|3603.31|0.00|0.00| |0.00|0.00| 
70|1|1|7792129000346|1|07792129000346|ENDULZANTE SUCARYL LIQUIDO 180 CC|MERISANT ARGENTINA|2540.00|2099.17|1|2540.00|2099.17|0.00|0.00| |0.00|0.00| 
70|1|4|7792129003538|1|07792129003538|ENDULZANTE SUCARYL SUCRALOSA 100SOB|MERISANT ARGENTINA|2900.00|2396.69|1|2900.00|2396.69|0.00|0.00| |0.00|0.00| 
70|1|1|7792129002203|1|07792129002203|ENDULZANTE SUCARYL SUCRALOSA 180CC|MERISANT ARGENTINA|2570.00|2123.97|1|2570.00|2123.97|0.00|0.00| |0.00|0.00| 
70|1|4|7792129002203|1|07792129002203|ENDULZANTE SUCARYL SUCRALOSA 180CC|MERISANT ARGENTINA|2570.00|2123.97|1|2570.00|2123.97|0.00|0.00| |0.00|0.00| 
70|1|1|7792129001978|1|07792129001978|ENDULZANTE SUCARYL SUCRALOSA 50SOBR|MERISANT ARGENTINA|1670.00|1380.17|1|1670.00|1380.17|0.00|0.00| |0.00|0.00| 
70|1|4|7792129001978|1|07792129001978|ENDULZANTE SUCARYL SUCRALOSA 50SOBR|MERISANT ARGENTINA|1670.00|1380.17|1|1670.00|1380.17|0.00|0.00| |0.00|0.00| 
70|1|4|7790150812648|1|07790150812648|ENDULZANTE TUY SUCRA 100 SOBRES|LA VIRGINIA|2730.00|2256.20|1|2730.00|2256.20|0.00|0.00| |0.00|0.00| 
70|1|1|7790150812600|1|07790150812600|ENDULZANTE TUY SUCRA 50 SOBRES|LA VIRGINIA|1480.00|1223.14|1|1480.00|1223.14|0.00|0.00| |0.00|0.00| 
70|1|4|7790150812600|1|07790150812600|ENDULZANTE TUY SUCRA 50 SOBRES|LA VIRGINIA|1480.00|1223.14|1|1480.00|1223.14|0.00|0.00| |0.00|0.00| 
70|1|1|7790150695937|1|07790150695937|ENDULZANTE TUY SWEET 50 SOBRES|LA VIRGINIA|1340.00|1107.44|1|1340.00|1107.44|0.00|0.00| |0.00|0.00| 
70|1|1|7798119220015|1|07798119220015|ENERGIZANTE SPEED 250 C.C.|ENERHAUS LITORAL SRL|1590.00|1314.05|1|1590.00|1314.05|0.00|0.00| |0.00|0.00| 
70|1|2|7798119220015|1|07798119220015|ENERGIZANTE SPEED 250 C.C.|ENERHAUS LITORAL SRL|1590.00|1314.05|1|1590.00|1314.05|0.00|0.00| |0.00|0.00| 
70|1|4|7798119220015|1|07798119220015|ENERGIZANTE SPEED 250 C.C.|ENERHAUS LITORAL SRL|1590.00|1314.05|1|1590.00|1314.05|0.00|0.00| |0.00|0.00| 
70|1|4|7891024179420|1|07891024179420|ENJUAGUE BUCAL COLGATE 250CC LUMINW|COLGATE-PALMOLIVE|4871.45|4025.99|1|4871.45|4025.99|0.00|0.00| |0.00|0.00| 
70|1|4|7791274196782|1|07791274196782|ENJUAGUE BUCAL P.PRECIO MENTOL 500C|ALGABO PRIMER PRECIO|3479.45|2875.58|1|3479.45|2875.58|0.00|0.00| |0.00|0.00| 
70|1|4|7891024136096|1|07891024136096|ENJUAGUE BUCAL PLAX 250CC ICE|COLGATE-PALMOLIVE|4128.31|3411.83|1|4128.31|3411.83|0.00|0.00| |0.00|0.00| 
70|1|4|7896041173222|1|07896041173222|ENSALADA DE FRUTAS ODERICH 830G.|NUTRIBRAS S.A.|38.20|31.57|1|38.20|31.57|0.00|0.00| |0.00|0.00| 
70|1|4|7790773034038|1|07790773034038|ESCARBADIENTES IDEAL 100U.|PROV.VARIOS LIMPIEZA|39.90|32.98|1|39.90|32.98|0.00|0.00| |0.00|0.00| 
70|1|2|7790773034014|1|07790773034014|ESCARBADIENTES IDEAL 50U.|PRIFAMON|330.00|272.73|1|330.00|272.73|0.00|0.00| |0.00|0.00| 
70|1|3|7790773034014|1|07790773034014|ESCARBADIENTES IDEAL 50U.|PRIFAMON|330.00|272.73|1|330.00|272.73|0.00|0.00| |0.00|0.00| 
70|1|4|7790773034014|1|07790773034014|ESCARBADIENTES IDEAL 50U.|PRIFAMON|330.00|272.73|1|330.00|272.73|0.00|0.00| |0.00|0.00| 
70|1|1|7793416020207|1|07793416020207|ESCOBA AMERICA SALZANO |FRANCISCO SALZANO|3350.00|2768.60|1|3350.00|2768.60|0.00|0.00| |0.00|0.00| 
70|1|2|7793416020207|1|07793416020207|ESCOBA AMERICA SALZANO |FRANCISCO SALZANO|3350.00|2768.60|1|3350.00|2768.60|0.00|0.00| |0.00|0.00| 
70|1|1|7793416009257|1|07793416009257|ESCOBA CAPUCHINA SALZANO |FRANCISCO SALZANO|4375.00|3615.70|1|4375.00|3615.70|0.00|0.00| |0.00|0.00| 
70|1|3|7793416009257|1|07793416009257|ESCOBA CAPUCHINA SALZANO |FRANCISCO SALZANO|4375.00|3615.70|1|4375.00|3615.70|0.00|0.00| |0.00|0.00| 
70|1|1|0000000084261|0|00000000084261|ESCOBA DE PALMA FINA|KAPOBEL |6350.00|5247.93|1|6350.00|5247.93|0.00|0.00| |0.00|0.00| 
70|1|4|0000000084261|0|00000000084261|ESCOBA DE PALMA FINA|KAPOBEL |6350.00|5247.93|1|6350.00|5247.93|0.00|0.00| |0.00|0.00| 
70|1|3|6000000189068|1|06000000189068|ESCOBA DE PALMA REFORZADA |KAPOBEL |6350.00|5247.93|1|6350.00|5247.93|0.00|0.00| |0.00|0.00| 
70|1|1|6000000164072|1|06000000164072|ESCOBA GUINEA SUPER   |KAPOBEL |9500.00|7851.24|1|9500.00|7851.24|0.00|0.00| |0.00|0.00| 
70|1|2|6000000164072|1|06000000164072|ESCOBA GUINEA SUPER   |KAPOBEL |9500.00|7851.24|1|9500.00|7851.24|0.00|0.00| |0.00|0.00| 
70|1|4|6000000164072|1|06000000164072|ESCOBA GUINEA SUPER   |KAPOBEL |9500.00|7851.24|1|9500.00|7851.24|0.00|0.00| |0.00|0.00| 
70|1|1|7793416030220|1|07793416030220|ESCOBILLON FLORENCIA SALZANO|FRANCISCO SALZANO|6950.00|5743.80|1|6950.00|5743.80|0.00|0.00| |0.00|0.00| 
70|1|4|7793416030220|1|07793416030220|ESCOBILLON FLORENCIA SALZANO|FRANCISCO SALZANO|6950.00|5743.80|1|6950.00|5743.80|0.00|0.00| |0.00|0.00| 
70|1|1|7793416007017|1|07793416007017|ESCOBILLON LISO CERDA SALZANO |FRANCISCO SALZANO|6300.00|5206.61|1|6300.00|5206.61|0.00|0.00| |0.00|0.00| 
70|1|2|7793416007017|1|07793416007017|ESCOBILLON LISO CERDA SALZANO |FRANCISCO SALZANO|6300.00|5206.61|1|6300.00|5206.61|0.00|0.00| |0.00|0.00| 
70|1|3|7793416007017|1|07793416007017|ESCOBILLON LISO CERDA SALZANO |FRANCISCO SALZANO|6300.00|5206.61|1|6300.00|5206.61|0.00|0.00| |0.00|0.00| 
70|1|1|7798116161021|1|07798116161021|ESENCIA DE ALMENDRA TAHITI 100CC|TAHITI |1445.00|1194.21|1|1445.00|1194.21|0.00|0.00| |0.00|0.00| 
70|1|3|7798116161021|1|07798116161021|ESENCIA DE ALMENDRA TAHITI 100CC|TAHITI |1445.00|1194.21|1|1445.00|1194.21|0.00|0.00| |0.00|0.00| 
70|1|4|7798116161021|1|07798116161021|ESENCIA DE ALMENDRA TAHITI 100CC|TAHITI |1445.00|1194.21|1|1445.00|1194.21|0.00|0.00| |0.00|0.00| 
70|1|1|7798116161045|1|07798116161045|ESENCIA DE AZAHAR TAHITI 100CC|TAHITI |1445.00|1194.21|1|1445.00|1194.21|0.00|0.00| |0.00|0.00| 
70|1|3|7798116161045|1|07798116161045|ESENCIA DE AZAHAR TAHITI 100CC|TAHITI |1445.00|1194.21|1|1445.00|1194.21|0.00|0.00| |0.00|0.00| 
70|1|4|7798116161045|1|07798116161045|ESENCIA DE AZAHAR TAHITI 100CC|TAHITI |1445.00|1194.21|1|1445.00|1194.21|0.00|0.00| |0.00|0.00| 
70|1|1|7798116161069|1|07798116161069|ESENCIA DE COCO TAHITI 100CC|TAHITI |1445.00|1194.21|1|1445.00|1194.21|0.00|0.00| |0.00|0.00| 
70|1|4|7798116161069|1|07798116161069|ESENCIA DE COCO TAHITI 100CC|TAHITI |1445.00|1194.21|1|1445.00|1194.21|0.00|0.00| |0.00|0.00| 
70|1|1|7798116161038|1|07798116161038|ESENCIA DE FRUTILLA TAHITI 100CC|TAHITI |1445.00|1194.21|1|1445.00|1194.21|0.00|0.00| |0.00|0.00| 
70|1|4|7798116161038|1|07798116161038|ESENCIA DE FRUTILLA TAHITI 100CC|TAHITI |1445.00|1194.21|1|1445.00|1194.21|0.00|0.00| |0.00|0.00| 
70|1|1|7798116161014|1|07798116161014|ESENCIA DE VAINILLA TAHITI 100CC|TAHITI |1270.00|1049.59|1|1270.00|1049.59|0.00|0.00| |0.00|0.00| 
70|1|2|7798116161014|1|07798116161014|ESENCIA DE VAINILLA TAHITI 100CC|TAHITI |1270.00|1049.59|1|1270.00|1049.59|0.00|0.00| |0.00|0.00| 
70|1|3|7798116161014|1|07798116161014|ESENCIA DE VAINILLA TAHITI 100CC|TAHITI |1270.00|1049.59|1|1270.00|1049.59|0.00|0.00| |0.00|0.00| 
70|1|4|7798116161014|1|07798116161014|ESENCIA DE VAINILLA TAHITI 100CC|TAHITI |1270.00|1049.59|1|1270.00|1049.59|0.00|0.00| |0.00|0.00| 
70|1|1|7798116160109|1|07798116160109|ESENCIA DE VAINILLA TAHITI 1L.|TAHITI |3440.00|2842.98|1|3440.00|2842.98|0.00|0.00| |0.00|0.00| 
70|1|3|7798116160109|1|07798116160109|ESENCIA DE VAINILLA TAHITI 1L.|TAHITI |3440.00|2842.98|1|3440.00|2842.98|0.00|0.00| |0.00|0.00| 
70|1|4|7798116160109|1|07798116160109|ESENCIA DE VAINILLA TAHITI 1L.|TAHITI |3440.00|2842.98|1|3440.00|2842.98|0.00|0.00| |0.00|0.00| 
70|1|1|7798116161076|1|07798116161076|ESENCIA DE VAINILLA TAHITI 250CC|TAHITI |1800.00|1487.60|1|1800.00|1487.60|0.00|0.00| |0.00|0.00| 
70|1|3|7791122000155|1|07791122000155|ESENCIA VAINILLA VELEZ 110 CC|EPIFANIO JIMENEZ|1100.00|909.09|1|1100.00|909.09|0.00|0.00| |0.00|0.00| 
70|1|4|7791122000155|1|07791122000155|ESENCIA VAINILLA VELEZ 110 CC|EPIFANIO JIMENEZ|1100.00|909.09|1|1100.00|909.09|0.00|0.00| |0.00|0.00| 
70|1|1|7794980912233|1|07794980912233|ESENCIA VAINILLA YUSPE 110CC|YUSPE|1290.00|1066.12|1|1290.00|1066.12|0.00|0.00| |0.00|0.00| 
70|1|2|7794980912233|1|07794980912233|ESENCIA VAINILLA YUSPE 110CC|YUSPE|1290.00|1066.12|1|1290.00|1066.12|0.00|0.00| |0.00|0.00| 
70|1|3|7794980912233|1|07794980912233|ESENCIA VAINILLA YUSPE 110CC|YUSPE|1290.00|1066.12|1|1290.00|1066.12|0.00|0.00| |0.00|0.00| 
70|1|4|7794980912233|1|07794980912233|ESENCIA VAINILLA YUSPE 110CC|YUSPE|1290.00|1066.12|1|1290.00|1066.12|0.00|0.00| |0.00|0.00| 
70|1|1|0000000091890|0|00000000091890|ESENCIA VAINILLA YUSPE 1L.|YUSPE|3550.00|2933.88|1|3550.00|2933.88|0.00|0.00| |0.00|0.00| 
70|1|2|0000000091890|0|00000000091890|ESENCIA VAINILLA YUSPE 1L.|YUSPE|3550.00|2933.88|1|3550.00|2933.88|0.00|0.00| |0.00|0.00| 
70|1|3|0000000091890|0|00000000091890|ESENCIA VAINILLA YUSPE 1L.|YUSPE|3550.00|2933.88|1|3550.00|2933.88|0.00|0.00| |0.00|0.00| 
70|1|4|0000000091890|0|00000000091890|ESENCIA VAINILLA YUSPE 1L.|YUSPE|3550.00|2933.88|1|3550.00|2933.88|0.00|0.00| |0.00|0.00| 
70|1|1|7791584000328|1|07791584000328|ESPECIES SURTIDAS LAR 25 GRS.|ESPECIAS LAR|480.00|396.69|1|480.00|396.69|0.00|0.00| |0.00|0.00| 
70|1|2|7791584000328|1|07791584000328|ESPECIES SURTIDAS LAR 25 GRS.|ESPECIAS LAR|480.00|396.69|1|480.00|396.69|0.00|0.00| |0.00|0.00| 
70|1|3|7791584000328|1|07791584000328|ESPECIES SURTIDAS LAR 25 GRS.|ESPECIAS LAR|480.00|396.69|1|480.00|396.69|0.00|0.00| |0.00|0.00| 
70|1|4|7791584000328|1|07791584000328|ESPECIES SURTIDAS LAR 25 GRS.|ESPECIAS LAR|480.00|396.69|1|480.00|396.69|0.00|0.00| |0.00|0.00| 
70|1|2|7790520984494|1|07790520984494|ESPIRALES FUYI COUNTRY FRESH 12 UNI|PROV.VARIOS LIMPIEZA|1800.00|1487.60|1|1800.00|1487.60|0.00|0.00| |0.00|0.00| 
70|1|4|7790520984494|1|07790520984494|ESPIRALES FUYI COUNTRY FRESH 12 UNI|PROV.VARIOS LIMPIEZA|1800.00|1487.60|1|1800.00|1487.60|0.00|0.00| |0.00|0.00| 
70|1|1|7790520984487|1|07790520984487|ESPIRALES RAID 12 UN|SCJ INSECTICIDA|2300.00|1900.83|1|2300.00|1900.83|0.00|0.00| |0.00|0.00| 
70|1|2|7790520984487|1|07790520984487|ESPIRALES RAID 12 UN|SCJ INSECTICIDA|2300.00|1900.83|1|2300.00|1900.83|0.00|0.00| |0.00|0.00| 
70|1|1|7790520000378|1|07790520000378|ESPIRALES RAID. 12U. COUNTRY|SCJ INSECTICIDA|2630.00|2173.55|1|2630.00|2173.55|0.00|0.00| |0.00|0.00| 
70|1|2|7790520000378|1|07790520000378|ESPIRALES RAID. 12U. COUNTRY|SCJ INSECTICIDA|2630.00|2173.55|1|2630.00|2173.55|0.00|0.00| |0.00|0.00| 
70|1|4|7790520000378|1|07790520000378|ESPIRALES RAID. 12U. COUNTRY|SCJ INSECTICIDA|2630.00|2173.55|1|2630.00|2173.55|0.00|0.00| |0.00|0.00| 
70|1|4|7794440008018|1|07794440008018|ESPONJA CALYPSO FACIAL|PROV.VARIOS LIMPIEZA|1140.00|942.15|1|1140.00|942.15|0.00|0.00| |0.00|0.00| 
70|1|1|7798059381333|1|07798059381333|ESPONJA DE ACERO PRIMER PRECIO 28GR|PP.FAESPO SRL|670.00|553.72|1|670.00|553.72|0.00|0.00| |0.00|0.00| 
70|1|2|7798059381333|1|07798059381333|ESPONJA DE ACERO PRIMER PRECIO 28GR|PP.FAESPO SRL|670.00|553.72|1|670.00|553.72|0.00|0.00| |0.00|0.00| 
70|1|4|7798059381333|1|07798059381333|ESPONJA DE ACERO PRIMER PRECIO 28GR|PP.FAESPO SRL|670.00|553.72|1|670.00|553.72|0.00|0.00| |0.00|0.00| 
70|1|1|7798059381432|1|07798059381432|ESPONJA DE BAÑO PRIMER PRECIO ANATO|PP.FAESPO SRL|600.00|495.87|1|600.00|495.87|0.00|0.00| |0.00|0.00| 
70|1|2|7798059381432|1|07798059381432|ESPONJA DE BAÑO PRIMER PRECIO ANATO|PP.FAESPO SRL|600.00|495.87|1|600.00|495.87|0.00|0.00| |0.00|0.00| 
70|1|2|7798059381449|1|07798059381449|ESPONJA DE BAÑO PRIMER PRECIO MASAJ|PP.FAESPO SRL|1080.00|892.56|1|1080.00|892.56|0.00|0.00| |0.00|0.00| 
70|1|3|7798059381449|1|07798059381449|ESPONJA DE BAÑO PRIMER PRECIO MASAJ|PP.FAESPO SRL|1080.00|892.56|1|1080.00|892.56|0.00|0.00| |0.00|0.00| 
70|1|1|7798059381425|1|07798059381425|ESPONJA DE BAÑO PRIMER PRECIO RECTA|PP.FAESPO SRL|310.00|256.20|1|310.00|256.20|0.00|0.00| |0.00|0.00| 
70|1|2|7798059381425|1|07798059381425|ESPONJA DE BAÑO PRIMER PRECIO RECTA|PP.FAESPO SRL|310.00|256.20|1|310.00|256.20|0.00|0.00| |0.00|0.00| 
70|1|3|7798059381425|1|07798059381425|ESPONJA DE BAÑO PRIMER PRECIO RECTA|PP.FAESPO SRL|310.00|256.20|1|310.00|256.20|0.00|0.00| |0.00|0.00| 
70|1|4|7798059381425|1|07798059381425|ESPONJA DE BAÑO PRIMER PRECIO RECTA|PP.FAESPO SRL|310.00|256.20|1|310.00|256.20|0.00|0.00| |0.00|0.00| 
70|1|2|7798059381340|1|07798059381340|ESPONJA DE BRONCE PRIMER PRECIO 14G|PP.FAESPO SRL|830.00|685.95|1|830.00|685.95|0.00|0.00| |0.00|0.00| 
70|1|1|7793253386160|1|07793253386160|ESPONJA MORTIMER ACERO 13 GRS|CLOROX|920.00|760.33|1|920.00|760.33|0.00|0.00| |0.00|0.00| 
70|1|2|7793253386160|1|07793253386160|ESPONJA MORTIMER ACERO 13 GRS|CLOROX|920.00|760.33|1|920.00|760.33|0.00|0.00| |0.00|0.00| 
70|1|1|7793253385712|1|07793253385712|ESPONJA MORTIMER BRONCE 13 GRS|CLOROX|1250.00|1033.06|1|1250.00|1033.06|0.00|0.00| |0.00|0.00| 
70|1|2|7793253385712|1|07793253385712|ESPONJA MORTIMER BRONCE 13 GRS|CLOROX|1250.00|1033.06|1|1250.00|1033.06|0.00|0.00| |0.00|0.00| 
70|1|3|7793253385712|1|07793253385712|ESPONJA MORTIMER BRONCE 13 GRS|CLOROX|1250.00|1033.06|1|1250.00|1033.06|0.00|0.00| |0.00|0.00| 
70|1|4|7793253385712|1|07793253385712|ESPONJA MORTIMER BRONCE 13 GRS|CLOROX|1250.00|1033.06|1|1250.00|1033.06|0.00|0.00| |0.00|0.00| 
70|1|1|7793253038106|1|07793253038106|ESPONJA MORTIMER CUADRICULADA|CLOROX|1000.00|826.45|1|1000.00|826.45|0.00|0.00| |0.00|0.00| 
70|1|2|7793253038106|1|07793253038106|ESPONJA MORTIMER CUADRICULADA|CLOROX|1000.00|826.45|1|1000.00|826.45|0.00|0.00| |0.00|0.00| 
70|1|3|7793253038106|1|07793253038106|ESPONJA MORTIMER CUADRICULADA|CLOROX|1000.00|826.45|1|1000.00|826.45|0.00|0.00| |0.00|0.00| 
70|1|1|7793253000349|1|07793253000349|ESPONJA MORTIMER CUADRICULADA ABRAS|CLOROX|1350.00|1115.70|1|1350.00|1115.70|0.00|0.00| |0.00|0.00| 
70|1|2|7793253000349|1|07793253000349|ESPONJA MORTIMER CUADRICULADA ABRAS|CLOROX|1350.00|1115.70|1|1350.00|1115.70|0.00|0.00| |0.00|0.00| 
70|1|3|7793253000349|1|07793253000349|ESPONJA MORTIMER CUADRICULADA ABRAS|CLOROX|1350.00|1115.70|1|1350.00|1115.70|0.00|0.00| |0.00|0.00| 
70|1|1|7793253000363|1|07793253000363|ESPONJA MORTIMER CUADRICULADA ANTIB|CLOROX|1130.00|933.88|1|1130.00|933.88|0.00|0.00| |0.00|0.00| 
70|1|2|7793253000363|1|07793253000363|ESPONJA MORTIMER CUADRICULADA ANTIB|CLOROX|1130.00|933.88|1|1130.00|933.88|0.00|0.00| |0.00|0.00| 
70|1|3|7793253000363|1|07793253000363|ESPONJA MORTIMER CUADRICULADA ANTIB|CLOROX|1130.00|933.88|1|1130.00|933.88|0.00|0.00| |0.00|0.00| 
70|1|4|7793253000363|1|07793253000363|ESPONJA MORTIMER CUADRICULADA ANTIB|CLOROX|1130.00|933.88|1|1130.00|933.88|0.00|0.00| |0.00|0.00| 
70|1|1|7793253000370|1|07793253000370|ESPONJA MORTIMER CUIDADOSA 1UNID.|CLOROX|1190.00|983.47|1|1190.00|983.47|0.00|0.00| |0.00|0.00| 
70|1|2|7793253000370|1|07793253000370|ESPONJA MORTIMER CUIDADOSA 1UNID.|CLOROX|1190.00|983.47|1|1190.00|983.47|0.00|0.00| |0.00|0.00| 
70|1|3|7793253000370|1|07793253000370|ESPONJA MORTIMER CUIDADOSA 1UNID.|CLOROX|1190.00|983.47|1|1190.00|983.47|0.00|0.00| |0.00|0.00| 
70|1|4|7793253000370|1|07793253000370|ESPONJA MORTIMER CUIDADOSA 1UNID.|CLOROX|1190.00|983.47|1|1190.00|983.47|0.00|0.00| |0.00|0.00| 
70|1|1|7793253038526|1|07793253038526|ESPONJA MORTIMER DOBLE CARA 1 UNID.|CLOROX|1695.00|1400.83|1|1695.00|1400.83|0.00|0.00| |0.00|0.00| 
70|1|2|7793253038526|1|07793253038526|ESPONJA MORTIMER DOBLE CARA 1 UNID.|CLOROX|1695.00|1400.83|1|1695.00|1400.83|0.00|0.00| |0.00|0.00| 
70|1|4|7793253038526|1|07793253038526|ESPONJA MORTIMER DOBLE CARA 1 UNID.|CLOROX|1695.00|1400.83|1|1695.00|1400.83|0.00|0.00| |0.00|0.00| 
70|1|1|7793253092276|1|07793253092276|ESPONJA MORTIMER PODEROSA 1UNID.|CLOROX|1190.00|983.47|1|1190.00|983.47|0.00|0.00| |0.00|0.00| 
70|1|2|7793253092276|1|07793253092276|ESPONJA MORTIMER PODEROSA 1UNID.|CLOROX|1190.00|983.47|1|1190.00|983.47|0.00|0.00| |0.00|0.00| 
70|1|3|7798079340310|1|07798079340310|ESPONJA P.PRECIO FIBRA VERDE 2 UNID|PP.FAESPO SRL|890.00|735.54|1|890.00|735.54|0.00|0.00| |0.00|0.00| 
70|1|4|7798079340310|1|07798079340310|ESPONJA P.PRECIO FIBRA VERDE 2 UNID|PP.FAESPO SRL|890.00|735.54|1|890.00|735.54|0.00|0.00| |0.00|0.00| 
70|1|2|7798059381463|1|07798059381463|ESPONJA PRIMER PRECIO ANTIADHERENTE|PP.FAESPO SRL|930.00|768.60|1|930.00|768.60|0.00|0.00| |0.00|0.00| 
70|1|3|7798059381463|1|07798059381463|ESPONJA PRIMER PRECIO ANTIADHERENTE|PP.FAESPO SRL|930.00|768.60|1|930.00|768.60|0.00|0.00| |0.00|0.00| 
70|1|1|7798059381371|1|07798059381371|ESPONJA PRIMER PRECIO DOBLE USO 6GR|PP.FAESPO SRL|1150.00|950.41|1|1150.00|950.41|0.00|0.00| |0.00|0.00| 
70|1|2|7798059381371|1|07798059381371|ESPONJA PRIMER PRECIO DOBLE USO 6GR|PP.FAESPO SRL|1150.00|950.41|1|1150.00|950.41|0.00|0.00| |0.00|0.00| 
70|1|4|7798059381371|1|07798059381371|ESPONJA PRIMER PRECIO DOBLE USO 6GR|PP.FAESPO SRL|1150.00|950.41|1|1150.00|950.41|0.00|0.00| |0.00|0.00| 
70|1|1|7798059381357|1|07798059381357|ESPONJA PRIMER PRECIO FIBRA LISA 6G|PP.FAESPO SRL|450.00|371.90|1|450.00|371.90|0.00|0.00| |0.00|0.00| 
70|1|3|7798059381357|1|07798059381357|ESPONJA PRIMER PRECIO FIBRA LISA 6G|PP.FAESPO SRL|450.00|371.90|1|450.00|371.90|0.00|0.00| |0.00|0.00| 
70|1|2|7798059381524|1|07798059381524|ESPONJA PRIMER PRECIO+2ESPONJA ACER|PP.FAESPO SRL|1710.00|1413.22|1|1710.00|1413.22|0.00|0.00| |0.00|0.00| 
70|1|3|7798059381524|1|07798059381524|ESPONJA PRIMER PRECIO+2ESPONJA ACER|PP.FAESPO SRL|1710.00|1413.22|1|1710.00|1413.22|0.00|0.00| |0.00|0.00| 
70|1|4|7798059381524|1|07798059381524|ESPONJA PRIMER PRECIO+2ESPONJA ACER|PP.FAESPO SRL|1710.00|1413.22|1|1710.00|1413.22|0.00|0.00| |0.00|0.00| 
70|1|1|7798059381517|1|07798059381517|ESPONJA PRIMER PRECIO+2ESPONJA BRON|PP.FAESPO SRL|2820.00|2330.58|1|2820.00|2330.58|0.00|0.00| |0.00|0.00| 
70|1|2|7798059381517|1|07798059381517|ESPONJA PRIMER PRECIO+2ESPONJA BRON|PP.FAESPO SRL|2820.00|2330.58|1|2820.00|2330.58|0.00|0.00| |0.00|0.00| 
70|1|3|7798059381517|1|07798059381517|ESPONJA PRIMER PRECIO+2ESPONJA BRON|PP.FAESPO SRL|2820.00|2330.58|1|2820.00|2330.58|0.00|0.00| |0.00|0.00| 
70|1|4|7798059381517|1|07798059381517|ESPONJA PRIMER PRECIO+2ESPONJA BRON|PP.FAESPO SRL|2820.00|2330.58|1|2820.00|2330.58|0.00|0.00| |0.00|0.00| 
70|1|1|7794440003341|1|07794440003341|ESPONJA VIRULANA MULTIUSO 1 UNID.|VIRULANA|575.00|475.21|1|575.00|475.21|0.00|0.00| |0.00|0.00| 
70|1|2|7794440003341|1|07794440003341|ESPONJA VIRULANA MULTIUSO 1 UNID.|VIRULANA|575.00|475.21|1|575.00|475.21|0.00|0.00| |0.00|0.00| 
70|1|4|3014260273910|1|03014260273910|ESPUMA AFEITAR FOAMY MENTOL 312 GR.|GILLETTE ARGENTINA|10850.00|8966.94|1|10850.00|8966.94|0.00|0.00| |0.00|0.00| 
70|1|4|0047400240407|1|00047400240407|ESPUMA AFEITAR FOAMY REGULAR 312G|GILLETTE ARGENTINA|10850.00|8966.94|1|10850.00|8966.94|0.00|0.00| |0.00|0.00| 
70|1|4|7702018951123|1|07702018951123|ESPUMA AFEITAR GILLETTE P.NORMAL150|PR.VARIOS PERFUMERIA|620.50|512.81|1|620.50|512.81|0.00|0.00| |0.00|0.00| 
70|1|2|7791274000928|1|07791274000928|ESPUMA DE AFEITAR ALGABO 200ML|ALGABO PERFUMERIA|4125.50|3409.50|1|4125.50|3409.50|0.00|0.00| |0.00|0.00| 
70|1|4|7791600596941|1|07791600596941|ESTUCHE KEVIN ABSOLUTE COLONIA 60ML|UNIVEN|31340.00|25900.83|1|31340.00|25900.83|0.00|0.00| |0.00|0.00| 
70|1|1|7790577009140|1|07790577009140|ESTUCHE SAN FELIPE MALBEC ROBLE 750|BODEGA LA RURAL|7900.00|6528.93|1|7900.00|6528.93|0.00|0.00| |0.00|0.00| 
70|1|4|7790577009140|1|07790577009140|ESTUCHE SAN FELIPE MALBEC ROBLE 750|BODEGA LA RURAL|7900.00|6528.93|1|7900.00|6528.93|0.00|0.00| |0.00|0.00| 
70|1|1|7791728006032|1|07791728006032|ESTUCHE STA.JULIA E.BRUT CARTON 1UN|BODEGA SANTA JULIA|9150.00|7561.98|1|9150.00|7561.98|0.00|0.00| |0.00|0.00| 
70|1|2|7790577003889|1|07790577003889|ESTUCHE TRUMPETER MALBEC 2X750|BODEGA LA RURAL|20500.00|16942.15|1|20500.00|16942.15|0.00|0.00| |0.00|0.00| 
70|1|4|7790577003889|1|07790577003889|ESTUCHE TRUMPETER MALBEC 2X750|BODEGA LA RURAL|20500.00|16942.15|1|20500.00|16942.15|0.00|0.00| |0.00|0.00| 
70|1|2|7791728004205|1|07791728004205|ESTUCHE VINO TINTO S.JULIA MALBEC75|BODEGA SANTA JULIA|7850.00|6487.60|1|7850.00|6487.60|0.00|0.00| |0.00|0.00| 
70|1|4|0000000100355|0|00000000100355|FIAMBRE PARA EMPAREDADO FELA KG.|FRIGORIFICO PALADINI|6890.00|5694.21|1|6890.00|5694.21|0.00|0.00| |0.00|0.00| 
70|1|2|7798079340198|1|07798079340198|FIBRA ESPONJA LISA PRIMER PRECIO|PP.FAESPO SRL|800.00|661.16|1|800.00|661.16|0.00|0.00| |0.00|0.00| 
70|1|4|7798079340198|1|07798079340198|FIBRA ESPONJA LISA PRIMER PRECIO|PP.FAESPO SRL|800.00|661.16|1|800.00|661.16|0.00|0.00| |0.00|0.00| 
70|1|2|7798079340327|1|07798079340327|FIBRA EXTRAFUERTE PRIMER PRECIO|PP.FAESPO SRL|660.00|545.45|1|660.00|545.45|0.00|0.00| |0.00|0.00| 
70|1|4|7798079340327|1|07798079340327|FIBRA EXTRAFUERTE PRIMER PRECIO|PP.FAESPO SRL|660.00|545.45|1|660.00|545.45|0.00|0.00| |0.00|0.00| 
70|1|1|7798079340334|1|07798079340334|FIBRA EXTRASUAVE PRIMER PRECIO|PP.FAESPO SRL|650.00|537.19|1|650.00|537.19|0.00|0.00| |0.00|0.00| 
70|1|2|7798079340334|1|07798079340334|FIBRA EXTRASUAVE PRIMER PRECIO|PP.FAESPO SRL|650.00|537.19|1|650.00|537.19|0.00|0.00| |0.00|0.00| 
70|1|4|7798079340334|1|07798079340334|FIBRA EXTRASUAVE PRIMER PRECIO|PP.FAESPO SRL|650.00|537.19|1|650.00|537.19|0.00|0.00| |0.00|0.00| 
70|1|3|7798031154474|1|07798031154474|FIDEOS CICA MOSTACHOL 500G.|MOLINOS TRES ARROYOS|790.00|652.89|1|790.00|652.89|0.00|0.00| |0.00|0.00| 
70|1|4|7798031154450|1|07798031154450|FIDEOS CICA SPAGHETTI 500G.|MOLINOS TRES ARROYOS|950.00|785.12|1|950.00|785.12|0.00|0.00| |0.00|0.00| 
70|1|4|7798031154443|1|07798031154443|FIDEOS CICA TALLARINES 500G.|MOLINOS TRES ARROYOS|950.00|785.12|1|950.00|785.12|0.00|0.00| |0.00|0.00| 
70|1|3|7798031154467|1|07798031154467|FIDEOS CICA TIRABUZON 500G.|MOLINOS TRES ARROYOS|950.00|785.12|1|950.00|785.12|0.00|0.00| |0.00|0.00| 
70|1|4|7622300724542|1|07622300724542|FIDEOS DON FELIPE SPAGHETTI 500G.|MOLINOS RIO DL.PLATA|1840.00|1520.66|1|1840.00|1520.66|0.00|0.00| |0.00|0.00| 
70|1|3|0000077905321|1|00000077905321|FIDEOS DON FELIPE TALLARIN 500 G  |MOLINOS RIO DL.PLATA|1840.00|1520.66|1|1840.00|1520.66|0.00|0.00| |0.00|0.00| 
70|1|4|0000077905321|1|00000077905321|FIDEOS DON FELIPE TALLARIN 500 G  |MOLINOS RIO DL.PLATA|1840.00|1520.66|1|1840.00|1520.66|0.00|0.00| |0.00|0.00| 
70|1|3|7794600000333|1|07794600000333|FIDEOS DON FELIPE TIRABUZON 500G.|MOLINOS RIO DL.PLATA|1840.00|1520.66|1|1840.00|1520.66|0.00|0.00| |0.00|0.00| 
70|1|4|7794600000333|1|07794600000333|FIDEOS DON FELIPE TIRABUZON 500G.|MOLINOS RIO DL.PLATA|1840.00|1520.66|1|1840.00|1520.66|0.00|0.00| |0.00|0.00| 
70|1|1|7790078000165|1|07790078000165|FIDEOS DON VICENTE CASERITO 500GRS|MOLINOS RIO DL.PLATA|2640.00|2181.82|1|2640.00|2181.82|0.00|0.00| |0.00|0.00| 
70|1|3|7790078000028|1|07790078000028|FIDEOS DON VICENTE FETTUCCINI 500GR|MOLINOS RIO DL.PLATA|2640.00|2181.82|1|2640.00|2181.82|0.00|0.00| |0.00|0.00| 
70|1|3|7790078000059|1|07790078000059|FIDEOS DON VICENTE MOÑOS 500 GRS.|MOLINOS RIO DL.PLATA|3520.00|2909.09|1|3520.00|2909.09|0.00|0.00| |0.00|0.00| 
70|1|1|7790078000011|1|07790078000011|FIDEOS DON VICENTE TALLARIN 500 GRS|MOLINOS RIO DL.PLATA|2640.00|2181.82|1|2640.00|2181.82|0.00|0.00| |0.00|0.00| 
70|1|3|7790078000011|1|07790078000011|FIDEOS DON VICENTE TALLARIN 500 GRS|MOLINOS RIO DL.PLATA|2640.00|2181.82|1|2640.00|2181.82|0.00|0.00| |0.00|0.00| 
70|1|3|7790078000080|1|07790078000080|FIDEOS DON VICENTE TIRABUZON 500GRS|MOLINOS RIO DL.PLATA|2640.00|2181.82|1|2640.00|2181.82|0.00|0.00| |0.00|0.00| 
70|1|2|7798115940078|1|07798115940078|FIDEOS ESTRELLA DEL PAR.C.ANGEL 500|MOLINO SAN JOSE|1150.00|950.41|1|1150.00|950.41|0.00|0.00| |0.00|0.00| 
70|1|3|7798115940078|1|07798115940078|FIDEOS ESTRELLA DEL PAR.C.ANGEL 500|MOLINO SAN JOSE|1150.00|950.41|1|1150.00|950.41|0.00|0.00| |0.00|0.00| 
70|1|4|7798115940078|1|07798115940078|FIDEOS ESTRELLA DEL PAR.C.ANGEL 500|MOLINO SAN JOSE|1150.00|950.41|1|1150.00|950.41|0.00|0.00| |0.00|0.00| 
70|1|1|7798115940269|1|07798115940269|FIDEOS ESTRELLA DEL PAR.CARACOL 500|MOLINO SAN JOSE|780.00|644.63|1|780.00|644.63|0.00|0.00| |0.00|0.00| 
70|1|2|7798115940269|1|07798115940269|FIDEOS ESTRELLA DEL PAR.CARACOL 500|MOLINO SAN JOSE|780.00|644.63|1|780.00|644.63|0.00|0.00| |0.00|0.00| 
70|1|3|7798115940269|1|07798115940269|FIDEOS ESTRELLA DEL PAR.CARACOL 500|MOLINO SAN JOSE|780.00|644.63|1|780.00|644.63|0.00|0.00| |0.00|0.00| 
70|1|4|7798115940269|1|07798115940269|FIDEOS ESTRELLA DEL PAR.CARACOL 500|MOLINO SAN JOSE|780.00|644.63|1|780.00|644.63|0.00|0.00| |0.00|0.00| 
70|1|1|7798115940016|1|07798115940016|FIDEOS ESTRELLA DEL PAR.CINTA 3 500|MOLINO SAN JOSE|1150.00|950.41|1|1150.00|950.41|0.00|0.00| |0.00|0.00| 
70|1|2|7798115940016|1|07798115940016|FIDEOS ESTRELLA DEL PAR.CINTA 3 500|MOLINO SAN JOSE|1150.00|950.41|1|1150.00|950.41|0.00|0.00| |0.00|0.00| 
70|1|3|7798115940016|1|07798115940016|FIDEOS ESTRELLA DEL PAR.CINTA 3 500|MOLINO SAN JOSE|1150.00|950.41|1|1150.00|950.41|0.00|0.00| |0.00|0.00| 
70|1|4|7798115940016|1|07798115940016|FIDEOS ESTRELLA DEL PAR.CINTA 3 500|MOLINO SAN JOSE|1150.00|950.41|1|1150.00|950.41|0.00|0.00| |0.00|0.00| 
70|1|1|7798115940030|1|07798115940030|FIDEOS ESTRELLA DEL PAR.CINTA 5 500|MOLINO SAN JOSE|1150.00|950.41|1|1150.00|950.41|0.00|0.00| |0.00|0.00| 
70|1|2|7798115940030|1|07798115940030|FIDEOS ESTRELLA DEL PAR.CINTA 5 500|MOLINO SAN JOSE|1150.00|950.41|1|1150.00|950.41|0.00|0.00| |0.00|0.00| 
70|1|3|7798115940030|1|07798115940030|FIDEOS ESTRELLA DEL PAR.CINTA 5 500|MOLINO SAN JOSE|1150.00|950.41|1|1150.00|950.41|0.00|0.00| |0.00|0.00| 
70|1|4|7798115940030|1|07798115940030|FIDEOS ESTRELLA DEL PAR.CINTA 5 500|MOLINO SAN JOSE|1150.00|950.41|1|1150.00|950.41|0.00|0.00| |0.00|0.00| 
70|1|1|7798115940122|1|07798115940122|FIDEOS ESTRELLA DEL PAR.CINTA ARTES|MOLINO SAN JOSE|1150.00|950.41|1|1150.00|950.41|0.00|0.00| |0.00|0.00| 
70|1|2|7798115940122|1|07798115940122|FIDEOS ESTRELLA DEL PAR.CINTA ARTES|MOLINO SAN JOSE|1150.00|950.41|1|1150.00|950.41|0.00|0.00| |0.00|0.00| 
70|1|3|7798115940122|1|07798115940122|FIDEOS ESTRELLA DEL PAR.CINTA ARTES|MOLINO SAN JOSE|1150.00|950.41|1|1150.00|950.41|0.00|0.00| |0.00|0.00| 
70|1|4|7798115940122|1|07798115940122|FIDEOS ESTRELLA DEL PAR.CINTA ARTES|MOLINO SAN JOSE|1150.00|950.41|1|1150.00|950.41|0.00|0.00| |0.00|0.00| 
70|1|1|7798115940320|1|07798115940320|FIDEOS ESTRELLA DEL PAR.CODO MED500|MOLINO SAN JOSE|780.00|644.63|1|780.00|644.63|0.00|0.00| |0.00|0.00| 
70|1|2|7798115940320|1|07798115940320|FIDEOS ESTRELLA DEL PAR.CODO MED500|MOLINO SAN JOSE|780.00|644.63|1|780.00|644.63|0.00|0.00| |0.00|0.00| 
70|1|3|7798115940320|1|07798115940320|FIDEOS ESTRELLA DEL PAR.CODO MED500|MOLINO SAN JOSE|780.00|644.63|1|780.00|644.63|0.00|0.00| |0.00|0.00| 
70|1|4|7798115940320|1|07798115940320|FIDEOS ESTRELLA DEL PAR.CODO MED500|MOLINO SAN JOSE|780.00|644.63|1|780.00|644.63|0.00|0.00| |0.00|0.00| 
70|1|1|7798115940542|1|07798115940542|FIDEOS ESTRELLA DEL PAR.DEDAL ME500|MOLINO SAN JOSE|780.00|644.63|1|780.00|644.63|0.00|0.00| |0.00|0.00| 
70|1|2|7798115940542|1|07798115940542|FIDEOS ESTRELLA DEL PAR.DEDAL ME500|MOLINO SAN JOSE|780.00|644.63|1|780.00|644.63|0.00|0.00| |0.00|0.00| 
70|1|3|7798115940542|1|07798115940542|FIDEOS ESTRELLA DEL PAR.DEDAL ME500|MOLINO SAN JOSE|780.00|644.63|1|780.00|644.63|0.00|0.00| |0.00|0.00| 
70|1|4|7798115940542|1|07798115940542|FIDEOS ESTRELLA DEL PAR.DEDAL ME500|MOLINO SAN JOSE|780.00|644.63|1|780.00|644.63|0.00|0.00| |0.00|0.00| 
70|1|1|7798115940399|1|07798115940399|FIDEOS ESTRELLA DEL PAR.FUSI.TRI500|MOLINO SAN JOSE|890.00|735.54|1|890.00|735.54|0.00|0.00| |0.00|0.00| 
70|1|2|7798115940399|1|07798115940399|FIDEOS ESTRELLA DEL PAR.FUSI.TRI500|MOLINO SAN JOSE|890.00|735.54|1|890.00|735.54|0.00|0.00| |0.00|0.00| 
70|1|3|7798115940399|1|07798115940399|FIDEOS ESTRELLA DEL PAR.FUSI.TRI500|MOLINO SAN JOSE|890.00|735.54|1|890.00|735.54|0.00|0.00| |0.00|0.00| 
70|1|4|7798115940399|1|07798115940399|FIDEOS ESTRELLA DEL PAR.FUSI.TRI500|MOLINO SAN JOSE|890.00|735.54|1|890.00|735.54|0.00|0.00| |0.00|0.00| 
70|1|1|7798115940337|1|07798115940337|FIDEOS ESTRELLA DEL PAR.FUSILLI 500|MOLINO SAN JOSE|780.00|644.63|1|780.00|644.63|0.00|0.00| |0.00|0.00| 
70|1|2|7798115940337|1|07798115940337|FIDEOS ESTRELLA DEL PAR.FUSILLI 500|MOLINO SAN JOSE|780.00|644.63|1|780.00|644.63|0.00|0.00| |0.00|0.00| 
70|1|3|7798115940337|1|07798115940337|FIDEOS ESTRELLA DEL PAR.FUSILLI 500|MOLINO SAN JOSE|780.00|644.63|1|780.00|644.63|0.00|0.00| |0.00|0.00| 
70|1|4|7798115940337|1|07798115940337|FIDEOS ESTRELLA DEL PAR.FUSILLI 500|MOLINO SAN JOSE|780.00|644.63|1|780.00|644.63|0.00|0.00| |0.00|0.00| 
70|1|2|7798115941181|1|07798115941181|FIDEOS ESTRELLA DEL PAR.LARGOS SPAG|MOLINO SAN JOSE|780.00|644.63|1|780.00|644.63|0.00|0.00| |0.00|0.00| 
70|1|3|7798115941181|1|07798115941181|FIDEOS ESTRELLA DEL PAR.LARGOS SPAG|MOLINO SAN JOSE|780.00|644.63|1|780.00|644.63|0.00|0.00| |0.00|0.00| 
70|1|4|7798115941181|1|07798115941181|FIDEOS ESTRELLA DEL PAR.LARGOS SPAG|MOLINO SAN JOSE|780.00|644.63|1|780.00|644.63|0.00|0.00| |0.00|0.00| 
70|1|1|7798115940375|1|07798115940375|FIDEOS ESTRELLA DEL PAR.MACARRON500|MOLINO SAN JOSE|780.00|644.63|1|780.00|644.63|0.00|0.00| |0.00|0.00| 
70|1|2|7798115940375|1|07798115940375|FIDEOS ESTRELLA DEL PAR.MACARRON500|MOLINO SAN JOSE|780.00|644.63|1|780.00|644.63|0.00|0.00| |0.00|0.00| 
70|1|3|7798115940375|1|07798115940375|FIDEOS ESTRELLA DEL PAR.MACARRON500|MOLINO SAN JOSE|780.00|644.63|1|780.00|644.63|0.00|0.00| |0.00|0.00| 
70|1|4|7798115940375|1|07798115940375|FIDEOS ESTRELLA DEL PAR.MACARRON500|MOLINO SAN JOSE|780.00|644.63|1|780.00|644.63|0.00|0.00| |0.00|0.00| 
70|1|1|7798115940245|1|07798115940245|FIDEOS ESTRELLA DEL PAR.MOSTACHO500|MOLINO SAN JOSE|780.00|644.63|1|780.00|644.63|0.00|0.00| |0.00|0.00| 
70|1|2|7798115940245|1|07798115940245|FIDEOS ESTRELLA DEL PAR.MOSTACHO500|MOLINO SAN JOSE|780.00|644.63|1|780.00|644.63|0.00|0.00| |0.00|0.00| 
70|1|3|7798115940245|1|07798115940245|FIDEOS ESTRELLA DEL PAR.MOSTACHO500|MOLINO SAN JOSE|780.00|644.63|1|780.00|644.63|0.00|0.00| |0.00|0.00| 
70|1|4|7798115940245|1|07798115940245|FIDEOS ESTRELLA DEL PAR.MOSTACHO500|MOLINO SAN JOSE|780.00|644.63|1|780.00|644.63|0.00|0.00| |0.00|0.00| 
70|1|1|7798115941228|1|07798115941228|FIDEOS ESTRELLA DEL PAR.PL LINGUINI|MOLINO SAN JOSE|780.00|644.63|1|780.00|644.63|0.00|0.00| |0.00|0.00| 
70|1|2|7798115941228|1|07798115941228|FIDEOS ESTRELLA DEL PAR.PL LINGUINI|MOLINO SAN JOSE|780.00|644.63|1|780.00|644.63|0.00|0.00| |0.00|0.00| 
70|1|3|7798115941228|1|07798115941228|FIDEOS ESTRELLA DEL PAR.PL LINGUINI|MOLINO SAN JOSE|780.00|644.63|1|780.00|644.63|0.00|0.00| |0.00|0.00| 
70|1|4|7798115941228|1|07798115941228|FIDEOS ESTRELLA DEL PAR.PL LINGUINI|MOLINO SAN JOSE|780.00|644.63|1|780.00|644.63|0.00|0.00| |0.00|0.00| 
70|1|1|7798115941198|1|07798115941198|FIDEOS ESTRELLA DEL PAR.PL SPAGHETT|MOLINO SAN JOSE|780.00|644.63|1|780.00|644.63|0.00|0.00| |0.00|0.00| 
70|1|2|7798115941198|1|07798115941198|FIDEOS ESTRELLA DEL PAR.PL SPAGHETT|MOLINO SAN JOSE|780.00|644.63|1|780.00|644.63|0.00|0.00| |0.00|0.00| 
70|1|4|7798115941198|1|07798115941198|FIDEOS ESTRELLA DEL PAR.PL SPAGHETT|MOLINO SAN JOSE|780.00|644.63|1|780.00|644.63|0.00|0.00| |0.00|0.00| 
70|1|1|7798115941204|1|07798115941204|FIDEOS ESTRELLA DEL PAR.PL TALLARIN|MOLINO SAN JOSE|780.00|644.63|1|780.00|644.63|0.00|0.00| |0.00|0.00| 
70|1|2|7798115941204|1|07798115941204|FIDEOS ESTRELLA DEL PAR.PL TALLARIN|MOLINO SAN JOSE|780.00|644.63|1|780.00|644.63|0.00|0.00| |0.00|0.00| 
70|1|3|7798115941204|1|07798115941204|FIDEOS ESTRELLA DEL PAR.PL TALLARIN|MOLINO SAN JOSE|780.00|644.63|1|780.00|644.63|0.00|0.00| |0.00|0.00| 
70|1|4|7798115941204|1|07798115941204|FIDEOS ESTRELLA DEL PAR.PL TALLARIN|MOLINO SAN JOSE|780.00|644.63|1|780.00|644.63|0.00|0.00| |0.00|0.00| 
70|1|1|7798115940054|1|07798115940054|FIDEOS ESTRELLA DEL PAR.SPAGHE.500G|MOLINO SAN JOSE|1150.00|950.41|1|1150.00|950.41|0.00|0.00| |0.00|0.00| 
70|1|3|7798115940054|1|07798115940054|FIDEOS ESTRELLA DEL PAR.SPAGHE.500G|MOLINO SAN JOSE|1150.00|950.41|1|1150.00|950.41|0.00|0.00| |0.00|0.00| 
70|1|4|7798115940054|1|07798115940054|FIDEOS ESTRELLA DEL PAR.SPAGHE.500G|MOLINO SAN JOSE|1150.00|950.41|1|1150.00|950.41|0.00|0.00| |0.00|0.00| 
70|1|1|7798115940405|1|07798115940405|FIDEOS ESTRELLA DEL PAR.TIRABUZO500|MOLINO SAN JOSE|780.00|644.63|1|780.00|644.63|0.00|0.00| |0.00|0.00| 
70|1|2|7798115940405|1|07798115940405|FIDEOS ESTRELLA DEL PAR.TIRABUZO500|MOLINO SAN JOSE|780.00|644.63|1|780.00|644.63|0.00|0.00| |0.00|0.00| 
70|1|3|7798115940405|1|07798115940405|FIDEOS ESTRELLA DEL PAR.TIRABUZO500|MOLINO SAN JOSE|780.00|644.63|1|780.00|644.63|0.00|0.00| |0.00|0.00| 
70|1|1|7790070317735|1|07790070317735|FIDEOS FAVORITA 500G. CODITO |MOLINOS RIO DL.PLATA|720.00|595.04|1|720.00|595.04|0.00|0.00| |0.00|0.00| 
70|1|2|7790070317735|1|07790070317735|FIDEOS FAVORITA 500G. CODITO |MOLINOS RIO DL.PLATA|720.00|595.04|1|720.00|595.04|0.00|0.00| |0.00|0.00| 
70|1|3|7790070317735|1|07790070317735|FIDEOS FAVORITA 500G. CODITO |MOLINOS RIO DL.PLATA|720.00|595.04|1|720.00|595.04|0.00|0.00| |0.00|0.00| 
70|1|4|7790070317735|1|07790070317735|FIDEOS FAVORITA 500G. CODITO |MOLINOS RIO DL.PLATA|720.00|595.04|1|720.00|595.04|0.00|0.00| |0.00|0.00| 
70|1|2|7790070317698|1|07790070317698|FIDEOS FAVORITA 500G. SPAGHETTI |MOLINOS RIO DL.PLATA|720.00|595.04|1|720.00|595.04|0.00|0.00| |0.00|0.00| 
70|1|3|7790070317698|1|07790070317698|FIDEOS FAVORITA 500G. SPAGHETTI |MOLINOS RIO DL.PLATA|720.00|595.04|1|720.00|595.04|0.00|0.00| |0.00|0.00| 
70|1|4|7790070317698|1|07790070317698|FIDEOS FAVORITA 500G. SPAGHETTI |MOLINOS RIO DL.PLATA|720.00|595.04|1|720.00|595.04|0.00|0.00| |0.00|0.00| 
70|1|1|7790070317674|1|07790070317674|FIDEOS FAVORITA 500G. TALLARIN |MOLINOS RIO DL.PLATA|720.00|595.04|1|720.00|595.04|0.00|0.00| |0.00|0.00| 
70|1|2|7790070317674|1|07790070317674|FIDEOS FAVORITA 500G. TALLARIN |MOLINOS RIO DL.PLATA|720.00|595.04|1|720.00|595.04|0.00|0.00| |0.00|0.00| 
70|1|3|7790070317674|1|07790070317674|FIDEOS FAVORITA 500G. TALLARIN |MOLINOS RIO DL.PLATA|720.00|595.04|1|720.00|595.04|0.00|0.00| |0.00|0.00| 
70|1|4|7790070317674|1|07790070317674|FIDEOS FAVORITA 500G. TALLARIN |MOLINOS RIO DL.PLATA|720.00|595.04|1|720.00|595.04|0.00|0.00| |0.00|0.00| 
70|1|1|7790070317742|1|07790070317742|FIDEOS FAVORITA 500G. TIRABUZON |MOLINOS RIO DL.PLATA|720.00|595.04|1|720.00|595.04|0.00|0.00| |0.00|0.00| 
70|1|2|7790070317742|1|07790070317742|FIDEOS FAVORITA 500G. TIRABUZON |MOLINOS RIO DL.PLATA|720.00|595.04|1|720.00|595.04|0.00|0.00| |0.00|0.00| 
70|1|3|7790070317742|1|07790070317742|FIDEOS FAVORITA 500G. TIRABUZON |MOLINOS RIO DL.PLATA|720.00|595.04|1|720.00|595.04|0.00|0.00| |0.00|0.00| 
70|1|4|7790070317742|1|07790070317742|FIDEOS FAVORITA 500G. TIRABUZON |MOLINOS RIO DL.PLATA|720.00|595.04|1|720.00|595.04|0.00|0.00| |0.00|0.00| 
70|1|1|7790070317711|1|07790070317711|FIDEOS FAVORITA 500G.MOSTACHOL |MOLINOS RIO DL.PLATA|720.00|595.04|1|720.00|595.04|0.00|0.00| |0.00|0.00| 
70|1|2|7790070317711|1|07790070317711|FIDEOS FAVORITA 500G.MOSTACHOL |MOLINOS RIO DL.PLATA|720.00|595.04|1|720.00|595.04|0.00|0.00| |0.00|0.00| 
70|1|3|7790070317711|1|07790070317711|FIDEOS FAVORITA 500G.MOSTACHOL |MOLINOS RIO DL.PLATA|720.00|595.04|1|720.00|595.04|0.00|0.00| |0.00|0.00| 
70|1|4|7790070317711|1|07790070317711|FIDEOS FAVORITA 500G.MOSTACHOL |MOLINOS RIO DL.PLATA|720.00|595.04|1|720.00|595.04|0.00|0.00| |0.00|0.00| 
70|1|2|7795145000093|1|07795145000093|FIDEOS FRESCOS C/E.BIANCA 500G   |PASTAS LA BIANCA|1540.00|1272.73|1|1540.00|1272.73|0.00|0.00| |0.00|0.00| 
70|1|2|7795145000109|1|07795145000109|FIDEOS FRESCOS C/MORRON BIANCA 500|PASTAS LA BIANCA|1540.00|1272.73|1|1540.00|1272.73|0.00|0.00| |0.00|0.00| 
70|1|2|7795145000116|1|07795145000116|FIDEOS FRESCOS CINTA BIANCA 500GRS|PASTAS LA BIANCA|1540.00|1272.73|1|1540.00|1272.73|0.00|0.00| |0.00|0.00| 
70|1|4|7792902000341|1|07792902000341|FIDEOS FRESCOS DON LUCAS 500GRS  |PANIF. TESSORE HNOS.|2160.00|1785.12|1|2160.00|1785.12|0.00|0.00| |0.00|0.00| 
70|1|2|7795145000086|1|07795145000086|FIDEOS FRESCOS LA BIANCA 500G   |PASTAS LA BIANCA|1540.00|1272.73|1|1540.00|1272.73|0.00|0.00| |0.00|0.00| 
70|1|4|7795145000086|1|07795145000086|FIDEOS FRESCOS LA BIANCA 500G   |PASTAS LA BIANCA|1540.00|1272.73|1|1540.00|1272.73|0.00|0.00| |0.00|0.00| 
70|1|4|0000000068041|0|00000000068041|FIDEOS FRESCOS LA MORENITA 500G.|PASTAS LA MORENITA|1575.00|1301.65|1|1575.00|1301.65|0.00|0.00| |0.00|0.00| 
70|1|4|7798140400141|1|07798140400141|FIDEOS FRESCOS LA REINA AL HUEVO500|LA REINA|1680.00|1388.43|1|1680.00|1388.43|0.00|0.00| |0.00|0.00| 
70|1|4|7798140400165|1|07798140400165|FIDEOS FRESCOS LA REINA MORRON 500G|LA REINA|1680.00|1388.43|1|1680.00|1388.43|0.00|0.00| |0.00|0.00| 
70|1|3|7798031154139|1|07798031154139|FIDEOS KNORR CODITOS 500G.|MOLINOS TRES ARROYOS|1250.00|1033.06|1|1250.00|1033.06|0.00|0.00| |0.00|0.00| 
70|1|1|7798031154436|1|07798031154436|FIDEOS KNORR FETTUCCINI 500G.|MOLINOS TRES ARROYOS|1880.00|1553.72|1|1880.00|1553.72|0.00|0.00| |0.00|0.00| 
70|1|3|7798031154436|1|07798031154436|FIDEOS KNORR FETTUCCINI 500G.|MOLINOS TRES ARROYOS|1880.00|1553.72|1|1880.00|1553.72|0.00|0.00| |0.00|0.00| 
70|1|3|7798031154221|1|07798031154221|FIDEOS KNORR MOSTACHOL 500G.|MOLINOS TRES ARROYOS|1250.00|1033.06|1|1250.00|1033.06|0.00|0.00| |0.00|0.00| 
70|1|3|7798031154122|1|07798031154122|FIDEOS KNORR RIGATTI 500G.|MOLINOS TRES ARROYOS|1250.00|1033.06|1|1250.00|1033.06|0.00|0.00| |0.00|0.00| 
70|1|4|7798031154115|1|07798031154115|FIDEOS KNORR TIRABUZON 500G.|MOLINOS TRES ARROYOS|1250.00|1033.06|1|1250.00|1033.06|0.00|0.00| |0.00|0.00| 
70|1|1|7798031154252|1|07798031154252|FIDEOS KNORR TRICOLOR MOSTACHOL 500|MOLINOS TRES ARROYOS|1880.00|1553.72|1|1880.00|1553.72|0.00|0.00| |0.00|0.00| 
70|1|3|7798031154252|1|07798031154252|FIDEOS KNORR TRICOLOR MOSTACHOL 500|MOLINOS TRES ARROYOS|1880.00|1553.72|1|1880.00|1553.72|0.00|0.00| |0.00|0.00| 
70|1|1|0000000385275|0|00000000385275|FIDEOS LA NOVA PASTA 400G.|LA NOVA PASTA|2200.00|1818.18|1|2200.00|1818.18|0.00|0.00| |0.00|0.00| 
70|1|4|0000000385275|0|00000000385275|FIDEOS LA NOVA PASTA 400G.|LA NOVA PASTA|2200.00|1818.18|1|2200.00|1818.18|0.00|0.00| |0.00|0.00| 
70|1|1|7790070318374|1|07790070318374|FIDEOS LUCCHETTI AVE MARIA 500 GRS.|MOLINOS RIO DL.PLATA|1130.00|933.88|1|1130.00|933.88|0.00|0.00| |0.00|0.00| 
70|1|3|7790070318374|1|07790070318374|FIDEOS LUCCHETTI AVE MARIA 500 GRS.|MOLINOS RIO DL.PLATA|1130.00|933.88|1|1130.00|933.88|0.00|0.00| |0.00|0.00| 
70|1|4|7790070318374|1|07790070318374|FIDEOS LUCCHETTI AVE MARIA 500 GRS.|MOLINOS RIO DL.PLATA|1130.00|933.88|1|1130.00|933.88|0.00|0.00| |0.00|0.00| 
70|1|1|7790070318367|1|07790070318367|FIDEOS LUCCHETTI CABELLOS ANGEL 500|MOLINOS RIO DL.PLATA|1865.00|1541.32|1|1865.00|1541.32|0.00|0.00| |0.00|0.00| 
70|1|3|7790070318367|1|07790070318367|FIDEOS LUCCHETTI CABELLOS ANGEL 500|MOLINOS RIO DL.PLATA|1865.00|1541.32|1|1865.00|1541.32|0.00|0.00| |0.00|0.00| 
70|1|4|7790070318367|1|07790070318367|FIDEOS LUCCHETTI CABELLOS ANGEL 500|MOLINOS RIO DL.PLATA|1865.00|1541.32|1|1865.00|1541.32|0.00|0.00| |0.00|0.00| 
70|1|1|7790070318343|1|07790070318343|FIDEOS LUCCHETTI CODITOS 500 GRS|MOLINOS RIO DL.PLATA|1130.00|933.88|1|1130.00|933.88|0.00|0.00| |0.00|0.00| 
70|1|3|7790070318343|1|07790070318343|FIDEOS LUCCHETTI CODITOS 500 GRS|MOLINOS RIO DL.PLATA|1130.00|933.88|1|1130.00|933.88|0.00|0.00| |0.00|0.00| 
70|1|4|7790070318343|1|07790070318343|FIDEOS LUCCHETTI CODITOS 500 GRS|MOLINOS RIO DL.PLATA|1130.00|933.88|1|1130.00|933.88|0.00|0.00| |0.00|0.00| 
70|1|1|7790070318398|1|07790070318398|FIDEOS LUCCHETTI DEDALITOS 500GRS|MOLINOS RIO DL.PLATA|1130.00|933.88|1|1130.00|933.88|0.00|0.00| |0.00|0.00| 
70|1|3|7790070318398|1|07790070318398|FIDEOS LUCCHETTI DEDALITOS 500GRS|MOLINOS RIO DL.PLATA|1130.00|933.88|1|1130.00|933.88|0.00|0.00| |0.00|0.00| 
70|1|4|7790070318398|1|07790070318398|FIDEOS LUCCHETTI DEDALITOS 500GRS|MOLINOS RIO DL.PLATA|1130.00|933.88|1|1130.00|933.88|0.00|0.00| |0.00|0.00| 
70|1|1|7790070318282|1|07790070318282|FIDEOS LUCCHETTI HUEVO SPAGHETTI Nº|MOLINOS RIO DL.PLATA|1670.00|1380.17|1|1670.00|1380.17|0.00|0.00| |0.00|0.00| 
70|1|2|7790070318282|1|07790070318282|FIDEOS LUCCHETTI HUEVO SPAGHETTI Nº|MOLINOS RIO DL.PLATA|1670.00|1380.17|1|1670.00|1380.17|0.00|0.00| |0.00|0.00| 
70|1|1|7795907312693|1|07795907312693|FIDEOS LUCCHETTI LETRITAS 500 GRS.|MOLINOS RIO DL.PLATA|1130.00|933.88|1|1130.00|933.88|0.00|0.00| |0.00|0.00| 
70|1|3|7795907312693|1|07795907312693|FIDEOS LUCCHETTI LETRITAS 500 GRS.|MOLINOS RIO DL.PLATA|1130.00|933.88|1|1130.00|933.88|0.00|0.00| |0.00|0.00| 
70|1|4|7795907312693|1|07795907312693|FIDEOS LUCCHETTI LETRITAS 500 GRS.|MOLINOS RIO DL.PLATA|1130.00|933.88|1|1130.00|933.88|0.00|0.00| |0.00|0.00| 
70|1|1|7790070318350|1|07790070318350|FIDEOS LUCCHETTI MOÑOS 500 GRS.|MOLINOS RIO DL.PLATA|1865.00|1541.32|1|1865.00|1541.32|0.00|0.00| |0.00|0.00| 
70|1|3|7790070318350|1|07790070318350|FIDEOS LUCCHETTI MOÑOS 500 GRS.|MOLINOS RIO DL.PLATA|1865.00|1541.32|1|1865.00|1541.32|0.00|0.00| |0.00|0.00| 
70|1|4|7790070318350|1|07790070318350|FIDEOS LUCCHETTI MOÑOS 500 GRS.|MOLINOS RIO DL.PLATA|1865.00|1541.32|1|1865.00|1541.32|0.00|0.00| |0.00|0.00| 
70|1|1|7790070318336|1|07790070318336|FIDEOS LUCCHETTI MOSTACHOL Nº52 500|MOLINOS RIO DL.PLATA|1130.00|933.88|1|1130.00|933.88|0.00|0.00| |0.00|0.00| 
70|1|3|7790070318336|1|07790070318336|FIDEOS LUCCHETTI MOSTACHOL Nº52 500|MOLINOS RIO DL.PLATA|1130.00|933.88|1|1130.00|933.88|0.00|0.00| |0.00|0.00| 
70|1|4|7790070318336|1|07790070318336|FIDEOS LUCCHETTI MOSTACHOL Nº52 500|MOLINOS RIO DL.PLATA|1130.00|933.88|1|1130.00|933.88|0.00|0.00| |0.00|0.00| 
70|1|3|7790070318855|1|07790070318855|FIDEOS LUCCHETTI MUNICIONES 500G.|MOLINOS RIO DL.PLATA|1160.00|958.68|1|1160.00|958.68|0.00|0.00| |0.00|0.00| 
70|1|1|7795907000422|1|07795907000422|FIDEOS LUCCHETTI NIDOS FETUCCINE500|MOLINOS RIO DL.PLATA|1820.00|1504.13|1|1820.00|1504.13|0.00|0.00| |0.00|0.00| 
70|1|3|7795907000422|1|07795907000422|FIDEOS LUCCHETTI NIDOS FETUCCINE500|MOLINOS RIO DL.PLATA|1820.00|1504.13|1|1820.00|1504.13|0.00|0.00| |0.00|0.00| 
70|1|4|7795907000422|1|07795907000422|FIDEOS LUCCHETTI NIDOS FETUCCINE500|MOLINOS RIO DL.PLATA|1820.00|1504.13|1|1820.00|1504.13|0.00|0.00| |0.00|0.00| 
70|1|1|7790070318299|1|07790070318299|FIDEOS LUCCHETTI TALLARIN Nº5 500GR|MOLINOS RIO DL.PLATA|1160.00|958.68|1|1160.00|958.68|0.00|0.00| |0.00|0.00| 
70|1|3|7790070318299|1|07790070318299|FIDEOS LUCCHETTI TALLARIN Nº5 500GR|MOLINOS RIO DL.PLATA|1160.00|958.68|1|1160.00|958.68|0.00|0.00| |0.00|0.00| 
70|1|4|7790070318299|1|07790070318299|FIDEOS LUCCHETTI TALLARIN Nº5 500GR|MOLINOS RIO DL.PLATA|1160.00|958.68|1|1160.00|958.68|0.00|0.00| |0.00|0.00| 
70|1|1|7790070318329|1|07790070318329|FIDEOS LUCCHETTI TIRABUZON Nº28 500|MOLINOS RIO DL.PLATA|1130.00|933.88|1|1130.00|933.88|0.00|0.00| |0.00|0.00| 
70|1|3|7790070318329|1|07790070318329|FIDEOS LUCCHETTI TIRABUZON Nº28 500|MOLINOS RIO DL.PLATA|1130.00|933.88|1|1130.00|933.88|0.00|0.00| |0.00|0.00| 
70|1|4|7790070318329|1|07790070318329|FIDEOS LUCCHETTI TIRABUZON Nº28 500|MOLINOS RIO DL.PLATA|1130.00|933.88|1|1130.00|933.88|0.00|0.00| |0.00|0.00| 
70|1|1|7790070311412|1|07790070311412|FIDEOS MATARAZZO 3V.TIRABUZON Nº34 |MOLINOS RIO DL.PLATA|1660.00|1371.90|1|1660.00|1371.90|0.00|0.00| |0.00|0.00| 
70|1|3|7790070311412|1|07790070311412|FIDEOS MATARAZZO 3V.TIRABUZON Nº34 |MOLINOS RIO DL.PLATA|1660.00|1371.90|1|1660.00|1371.90|0.00|0.00| |0.00|0.00| 
70|1|4|7790070311412|1|07790070311412|FIDEOS MATARAZZO 3V.TIRABUZON Nº34 |MOLINOS RIO DL.PLATA|1660.00|1371.90|1|1660.00|1371.90|0.00|0.00| |0.00|0.00| 
70|1|1|7790230040008|1|07790230040008|FIDEOS MATARAZZO AVE MARIA 500G.   |MOLINOS RIO DL.PLATA|1430.00|1181.82|1|1430.00|1181.82|0.00|0.00| |0.00|0.00| 
70|1|1|7790230040022|1|07790230040022|FIDEOS MATARAZZO CAB.ANGEL 500   |MOLINOS RIO DL.PLATA|2250.00|1859.50|1|2250.00|1859.50|0.00|0.00| |0.00|0.00| 
70|1|3|7790230040022|1|07790230040022|FIDEOS MATARAZZO CAB.ANGEL 500   |MOLINOS RIO DL.PLATA|2250.00|1859.50|1|2250.00|1859.50|0.00|0.00| |0.00|0.00| 
70|1|4|7790230040022|1|07790230040022|FIDEOS MATARAZZO CAB.ANGEL 500   |MOLINOS RIO DL.PLATA|2250.00|1859.50|1|2250.00|1859.50|0.00|0.00| |0.00|0.00| 
70|1|1|7790070318619|1|07790070318619|FIDEOS MATARAZZO CODITO 500 G.   |MOLINOS RIO DL.PLATA|1430.00|1181.82|1|1430.00|1181.82|0.00|0.00| |0.00|0.00| 
70|1|2|7790070318619|1|07790070318619|FIDEOS MATARAZZO CODITO 500 G.   |MOLINOS RIO DL.PLATA|1430.00|1181.82|1|1430.00|1181.82|0.00|0.00| |0.00|0.00| 
70|1|3|7790070318619|1|07790070318619|FIDEOS MATARAZZO CODITO 500 G.   |MOLINOS RIO DL.PLATA|1430.00|1181.82|1|1430.00|1181.82|0.00|0.00| |0.00|0.00| 
70|1|4|7790070318619|1|07790070318619|FIDEOS MATARAZZO CODITO 500 G.   |MOLINOS RIO DL.PLATA|1430.00|1181.82|1|1430.00|1181.82|0.00|0.00| |0.00|0.00| 
70|1|1|7790230040046|1|07790230040046|FIDEOS MATARAZZO DEDALITOS 500GRS|MOLINOS RIO DL.PLATA|1430.00|1181.82|1|1430.00|1181.82|0.00|0.00| |0.00|0.00| 
70|1|3|7790230040053|1|07790230040053|FIDEOS MATARAZZO FETTUCINE 500 GR|MOLINOS RIO DL.PLATA|2250.00|1859.50|1|2250.00|1859.50|0.00|0.00| |0.00|0.00| 
70|1|4|7790230040053|1|07790230040053|FIDEOS MATARAZZO FETTUCINE 500 GR|MOLINOS RIO DL.PLATA|2250.00|1859.50|1|2250.00|1859.50|0.00|0.00| |0.00|0.00| 
70|1|1|7790070320841|1|07790070320841|FIDEOS MATARAZZO INT. TIRAB. Nº34 5|MOLINOS RIO DL.PLATA|1660.00|1371.90|1|1660.00|1371.90|0.00|0.00| |0.00|0.00| 
70|1|3|7790070320841|1|07790070320841|FIDEOS MATARAZZO INT. TIRAB. Nº34 5|MOLINOS RIO DL.PLATA|1660.00|1371.90|1|1660.00|1371.90|0.00|0.00| |0.00|0.00| 
70|1|4|7790070320841|1|07790070320841|FIDEOS MATARAZZO INT. TIRAB. Nº34 5|MOLINOS RIO DL.PLATA|1660.00|1371.90|1|1660.00|1371.90|0.00|0.00| |0.00|0.00| 
70|1|1|7790070317483|1|07790070317483|FIDEOS MATARAZZO LASAGNA FORT.250G|MOLINOS RIO DL.PLATA|1690.00|1396.69|1|1690.00|1396.69|0.00|0.00| |0.00|0.00| 
70|1|2|7790070317483|1|07790070317483|FIDEOS MATARAZZO LASAGNA FORT.250G|MOLINOS RIO DL.PLATA|1690.00|1396.69|1|1690.00|1396.69|0.00|0.00| |0.00|0.00| 
70|1|4|7790070317483|1|07790070317483|FIDEOS MATARAZZO LASAGNA FORT.250G|MOLINOS RIO DL.PLATA|1690.00|1396.69|1|1690.00|1396.69|0.00|0.00| |0.00|0.00| 
70|1|1|7790230033031|1|07790230033031|FIDEOS MATARAZZO MOÑO MED.500G   |MOLINOS RIO DL.PLATA|2250.00|1859.50|1|2250.00|1859.50|0.00|0.00| |0.00|0.00| 
70|1|3|7790230033031|1|07790230033031|FIDEOS MATARAZZO MOÑO MED.500G   |MOLINOS RIO DL.PLATA|2250.00|1859.50|1|2250.00|1859.50|0.00|0.00| |0.00|0.00| 
70|1|4|7790230033031|1|07790230033031|FIDEOS MATARAZZO MOÑO MED.500G   |MOLINOS RIO DL.PLATA|2250.00|1859.50|1|2250.00|1859.50|0.00|0.00| |0.00|0.00| 
70|1|1|7790230040091|1|07790230040091|FIDEOS MATARAZZO MOSTACHOL Nº52 50 |MOLINOS RIO DL.PLATA|1430.00|1181.82|1|1430.00|1181.82|0.00|0.00| |0.00|0.00| 
70|1|3|7790230040091|1|07790230040091|FIDEOS MATARAZZO MOSTACHOL Nº52 50 |MOLINOS RIO DL.PLATA|1430.00|1181.82|1|1430.00|1181.82|0.00|0.00| |0.00|0.00| 
70|1|4|7790230040091|1|07790230040091|FIDEOS MATARAZZO MOSTACHOL Nº52 50 |MOLINOS RIO DL.PLATA|1430.00|1181.82|1|1430.00|1181.82|0.00|0.00| |0.00|0.00| 
70|1|1|7790070320032|1|07790070320032|FIDEOS MATARAZZO MUNICIONES 500GRS|MOLINOS RIO DL.PLATA|1430.00|1181.82|1|1430.00|1181.82|0.00|0.00| |0.00|0.00| 
70|1|1|7790070316295|1|07790070316295|FIDEOS MATARAZZO PENNE RIGA. Nº48 5|MOLINOS RIO DL.PLATA|1430.00|1181.82|1|1430.00|1181.82|0.00|0.00| |0.00|0.00| 
70|1|2|7790070316295|1|07790070316295|FIDEOS MATARAZZO PENNE RIGA. Nº48 5|MOLINOS RIO DL.PLATA|1430.00|1181.82|1|1430.00|1181.82|0.00|0.00| |0.00|0.00| 
70|1|3|7790070316295|1|07790070316295|FIDEOS MATARAZZO PENNE RIGA. Nº48 5|MOLINOS RIO DL.PLATA|1430.00|1181.82|1|1430.00|1181.82|0.00|0.00| |0.00|0.00| 
70|1|4|7790070316295|1|07790070316295|FIDEOS MATARAZZO PENNE RIGA. Nº48 5|MOLINOS RIO DL.PLATA|1430.00|1181.82|1|1430.00|1181.82|0.00|0.00| |0.00|0.00| 
70|1|3|7790070318640|1|07790070318640|FIDEOS MATARAZZO SPAGHETTI Nº7 500G|MOLINOS RIO DL.PLATA|1430.00|1181.82|1|1430.00|1181.82|0.00|0.00| |0.00|0.00| 
70|1|4|7790070318640|1|07790070318640|FIDEOS MATARAZZO SPAGHETTI Nº7 500G|MOLINOS RIO DL.PLATA|1430.00|1181.82|1|1430.00|1181.82|0.00|0.00| |0.00|0.00| 
70|1|1|7790070318602|1|07790070318602|FIDEOS MATARAZZO TIRABUZON Nº28 5  |MOLINOS RIO DL.PLATA|1430.00|1181.82|1|1430.00|1181.82|0.00|0.00| |0.00|0.00| 
70|1|3|7790070318602|1|07790070318602|FIDEOS MATARAZZO TIRABUZON Nº28 5  |MOLINOS RIO DL.PLATA|1430.00|1181.82|1|1430.00|1181.82|0.00|0.00| |0.00|0.00| 
70|1|4|7790070318602|1|07790070318602|FIDEOS MATARAZZO TIRABUZON Nº28 5  |MOLINOS RIO DL.PLATA|1430.00|1181.82|1|1430.00|1181.82|0.00|0.00| |0.00|0.00| 
70|1|4|7798122380256|1|07798122380256|FIDEOS NANI MOSTACHOL ESPINACA 350G|AR ALIMENTICIA SRL|3520.00|2909.09|1|3520.00|2909.09|0.00|0.00| |0.00|0.00| 
70|1|4|7798122380324|1|07798122380324|FIDEOS NANI MOSTACHOL MAIZ 350G.|AR ALIMENTICIA SRL|2560.00|2115.70|1|2560.00|2115.70|0.00|0.00| |0.00|0.00| 
70|1|4|7798122380249|1|07798122380249|FIDEOS NANI MOSTACHOL NATURAL 350G.|AR ALIMENTICIA SRL|2970.00|2454.55|1|2970.00|2454.55|0.00|0.00| |0.00|0.00| 
70|1|1|7798107231160|1|07798107231160|FIDEOS PRIMER PRECIO CODO 500 GRS.|LC AGRO|680.00|561.98|1|680.00|561.98|0.00|0.00| |0.00|0.00| 
70|1|2|7798107231160|1|07798107231160|FIDEOS PRIMER PRECIO CODO 500 GRS.|LC AGRO|680.00|561.98|1|680.00|561.98|0.00|0.00| |0.00|0.00| 
70|1|3|7798107231160|1|07798107231160|FIDEOS PRIMER PRECIO CODO 500 GRS.|LC AGRO|680.00|561.98|1|680.00|561.98|0.00|0.00| |0.00|0.00| 
70|1|4|7798107231160|1|07798107231160|FIDEOS PRIMER PRECIO CODO 500 GRS.|LC AGRO|680.00|561.98|1|680.00|561.98|0.00|0.00| |0.00|0.00| 
70|1|2|7798107231153|1|07798107231153|FIDEOS PRIMER PRECIO MOSTACHOL 500G|LC AGRO|680.00|561.98|1|680.00|561.98|0.00|0.00| |0.00|0.00| 
70|1|3|7798107231153|1|07798107231153|FIDEOS PRIMER PRECIO MOSTACHOL 500G|LC AGRO|680.00|561.98|1|680.00|561.98|0.00|0.00| |0.00|0.00| 
70|1|4|7798107231153|1|07798107231153|FIDEOS PRIMER PRECIO MOSTACHOL 500G|LC AGRO|680.00|561.98|1|680.00|561.98|0.00|0.00| |0.00|0.00| 
70|1|2|7798151690456|1|07798151690456|FIDEOS PRIMER PRECIO SPAGHETTI 500G|LC AGRO|680.00|561.98|1|680.00|561.98|0.00|0.00| |0.00|0.00| 
70|1|3|7798151690456|1|07798151690456|FIDEOS PRIMER PRECIO SPAGHETTI 500G|LC AGRO|680.00|561.98|1|680.00|561.98|0.00|0.00| |0.00|0.00| 
70|1|4|7798151690456|1|07798151690456|FIDEOS PRIMER PRECIO SPAGHETTI 500G|LC AGRO|680.00|561.98|1|680.00|561.98|0.00|0.00| |0.00|0.00| 
70|1|1|7798151690463|1|07798151690463|FIDEOS PRIMER PRECIO TALLARIN 500G.|LC AGRO|680.00|561.98|1|680.00|561.98|0.00|0.00| |0.00|0.00| 
70|1|2|7798151690463|1|07798151690463|FIDEOS PRIMER PRECIO TALLARIN 500G.|LC AGRO|680.00|561.98|1|680.00|561.98|0.00|0.00| |0.00|0.00| 
70|1|3|7798151690463|1|07798151690463|FIDEOS PRIMER PRECIO TALLARIN 500G.|LC AGRO|680.00|561.98|1|680.00|561.98|0.00|0.00| |0.00|0.00| 
70|1|4|7798151690463|1|07798151690463|FIDEOS PRIMER PRECIO TALLARIN 500G.|LC AGRO|680.00|561.98|1|680.00|561.98|0.00|0.00| |0.00|0.00| 
70|1|2|7798151690401|1|07798151690401|FIDEOS PRIMER PRECIO TIRABUZON 500G|LC AGRO|680.00|561.98|1|680.00|561.98|0.00|0.00| |0.00|0.00| 
70|1|3|7798151690401|1|07798151690401|FIDEOS PRIMER PRECIO TIRABUZON 500G|LC AGRO|680.00|561.98|1|680.00|561.98|0.00|0.00| |0.00|0.00| 
70|1|4|7798151690401|1|07798151690401|FIDEOS PRIMER PRECIO TIRABUZON 500G|LC AGRO|680.00|561.98|1|680.00|561.98|0.00|0.00| |0.00|0.00| 
70|1|3|7622300724283|1|07622300724283|FIDEOS TERRABUSI 100A/OS AVE MARIA |MOLINOS RIO DL.PLATA|940.00|776.86|1|940.00|776.86|0.00|0.00| |0.00|0.00| 
70|1|4|7622300724283|1|07622300724283|FIDEOS TERRABUSI 100A/OS AVE MARIA |MOLINOS RIO DL.PLATA|940.00|776.86|1|940.00|776.86|0.00|0.00| |0.00|0.00| 
70|1|1|7622300724221|1|07622300724221|FIDEOS TERRABUSI 100A/OS MO/OS 500G|MOLINOS RIO DL.PLATA|1500.00|1239.67|1|1500.00|1239.67|0.00|0.00| |0.00|0.00| 
70|1|2|7622300724221|1|07622300724221|FIDEOS TERRABUSI 100A/OS MO/OS 500G|MOLINOS RIO DL.PLATA|1500.00|1239.67|1|1500.00|1239.67|0.00|0.00| |0.00|0.00| 
70|1|3|7622300724221|1|07622300724221|FIDEOS TERRABUSI 100A/OS MO/OS 500G|MOLINOS RIO DL.PLATA|1500.00|1239.67|1|1500.00|1239.67|0.00|0.00| |0.00|0.00| 
70|1|4|7622300724221|1|07622300724221|FIDEOS TERRABUSI 100A/OS MO/OS 500G|MOLINOS RIO DL.PLATA|1500.00|1239.67|1|1500.00|1239.67|0.00|0.00| |0.00|0.00| 
70|1|4|7622300724306|1|07622300724306|FIDEOS TERRABUSI 100A/OS MUNICIONES|MOLINOS RIO DL.PLATA|940.00|776.86|1|940.00|776.86|0.00|0.00| |0.00|0.00| 
70|1|1|7622300724368|1|07622300724368|FIDEOS TERRABUSI 100A/OS TALLARI.50|MOLINOS RIO DL.PLATA|940.00|776.86|1|940.00|776.86|0.00|0.00| |0.00|0.00| 
70|1|2|7622300724368|1|07622300724368|FIDEOS TERRABUSI 100A/OS TALLARI.50|MOLINOS RIO DL.PLATA|940.00|776.86|1|940.00|776.86|0.00|0.00| |0.00|0.00| 
70|1|3|7622300724368|1|07622300724368|FIDEOS TERRABUSI 100A/OS TALLARI.50|MOLINOS RIO DL.PLATA|940.00|776.86|1|940.00|776.86|0.00|0.00| |0.00|0.00| 
70|1|4|7622300724368|1|07622300724368|FIDEOS TERRABUSI 100A/OS TALLARI.50|MOLINOS RIO DL.PLATA|940.00|776.86|1|940.00|776.86|0.00|0.00| |0.00|0.00| 
70|1|4|7622300724245|1|07622300724245|FIDEOS TERRABUSI 100A/OS TIRABU.500|PR.VARIOS SUPERMERC.|960.00|793.39|1|960.00|793.39|0.00|0.00| |0.00|0.00| 
70|1|1|7622300724160|1|07622300724160|FIDEOS TERRABUSI SPAGHETTI Nº3 500G|MOLINOS RIO DL.PLATA|940.00|776.86|1|940.00|776.86|0.00|0.00| |0.00|0.00| 
70|1|2|7622300724160|1|07622300724160|FIDEOS TERRABUSI SPAGHETTI Nº3 500G|MOLINOS RIO DL.PLATA|940.00|776.86|1|940.00|776.86|0.00|0.00| |0.00|0.00| 
70|1|3|7622300724160|1|07622300724160|FIDEOS TERRABUSI SPAGHETTI Nº3 500G|MOLINOS RIO DL.PLATA|940.00|776.86|1|940.00|776.86|0.00|0.00| |0.00|0.00| 
70|1|4|7622300724160|1|07622300724160|FIDEOS TERRABUSI SPAGHETTI Nº3 500G|MOLINOS RIO DL.PLATA|940.00|776.86|1|940.00|776.86|0.00|0.00| |0.00|0.00| 
70|1|4|7793680601003|1|07793680601003|FIJADOR CAPILAR ROBY NORMAL 180ML.|LABORATORIO CUENCA S|646.30|534.13|1|646.30|534.13|0.00|0.00| |0.00|0.00| 
70|1|2|7791293041223|1|07791293041223|FIJADOR LORD CHESELINE 150 C.C.|UNILEVER PERFUMERIA|2997.95|2477.64|1|2997.95|2477.64|0.00|0.00| |0.00|0.00| 
70|1|4|7791293041223|1|07791293041223|FIJADOR LORD CHESELINE 150 C.C.|UNILEVER PERFUMERIA|2997.95|2477.64|1|2997.95|2477.64|0.00|0.00| |0.00|0.00| 
70|1|2|7791293041247|1|07791293041247|FIJADOR LORD CHESELINE 280 GRS |UNILEVER PERFUMERIA|5452.10|4505.87|1|5452.10|4505.87|0.00|0.00| |0.00|0.00| 
70|1|4|7791293041247|1|07791293041247|FIJADOR LORD CHESELINE 280 GRS |UNILEVER PERFUMERIA|5452.10|4505.87|1|5452.10|4505.87|0.00|0.00| |0.00|0.00| 
70|1|4|7791676000601|1|07791676000601|FILET DE ANCHOAS PRIMER PRECIO 90GR|MELILLA|708.11|585.21|1|708.11|585.21|0.00|0.00| |0.00|0.00| 
70|1|2|7794950013038|1|07794950013038|FILM ADHERENTE PRIMER PRECIO 10 MTS|ASATO SRL|1800.00|1487.60|1|1800.00|1487.60|0.00|0.00| |0.00|0.00| 
70|1|3|7794950013038|1|07794950013038|FILM ADHERENTE PRIMER PRECIO 10 MTS|ASATO SRL|1800.00|1487.60|1|1800.00|1487.60|0.00|0.00| |0.00|0.00| 
70|1|4|7794950013038|1|07794950013038|FILM ADHERENTE PRIMER PRECIO 10 MTS|ASATO SRL|1800.00|1487.60|1|1800.00|1487.60|0.00|0.00| |0.00|0.00| 
70|1|1|7794950013045|1|07794950013045|FILM ADHERENTE PRIMER PRECIO 30 MTS|ASATO SRL|2950.00|2438.02|1|2950.00|2438.02|0.00|0.00| |0.00|0.00| 
70|1|2|7794950013045|1|07794950013045|FILM ADHERENTE PRIMER PRECIO 30 MTS|ASATO SRL|2950.00|2438.02|1|2950.00|2438.02|0.00|0.00| |0.00|0.00| 
70|1|3|7794950013045|1|07794950013045|FILM ADHERENTE PRIMER PRECIO 30 MTS|ASATO SRL|2950.00|2438.02|1|2950.00|2438.02|0.00|0.00| |0.00|0.00| 
70|1|4|7794950013045|1|07794950013045|FILM ADHERENTE PRIMER PRECIO 30 MTS|ASATO SRL|2950.00|2438.02|1|2950.00|2438.02|0.00|0.00| |0.00|0.00| 
70|1|1|7790150811061|1|07790150811061|FILTRO P/CAFE LA VIRGINIA PAPEL 40U|LA VIRGINIA|4390.00|3628.10|1|4390.00|3628.10|0.00|0.00| |0.00|0.00| 
70|1|2|7790150811061|1|07790150811061|FILTRO P/CAFE LA VIRGINIA PAPEL 40U|LA VIRGINIA|4390.00|3628.10|1|4390.00|3628.10|0.00|0.00| |0.00|0.00| 
70|1|4|7790150811061|1|07790150811061|FILTRO P/CAFE LA VIRGINIA PAPEL 40U|LA VIRGINIA|4390.00|3628.10|1|4390.00|3628.10|0.00|0.00| |0.00|0.00| 
70|1|4|7790787087341|1|07790787087341|FLAN ILOLAY KIDS DULCE LECHE 110G.|WILLINER|1070.00|884.30|1|1070.00|884.30|0.00|0.00| |0.00|0.00| 
70|1|4|7790787087334|1|07790787087334|FLAN ILOLAY KIDS VAINILLA 110GRS.|WILLINER|1070.00|884.30|1|1070.00|884.30|0.00|0.00| |0.00|0.00| 
70|1|1|7795194004400|1|07795194004400|FLAN ITAL FRUTILLA 1 KG.|AVARO HNOS.|4220.00|3487.60|1|4220.00|3487.60|0.00|0.00| |0.00|0.00| 
70|1|2|7795194004400|1|07795194004400|FLAN ITAL FRUTILLA 1 KG.|AVARO HNOS.|4220.00|3487.60|1|4220.00|3487.60|0.00|0.00| |0.00|0.00| 
70|1|3|7795194004400|1|07795194004400|FLAN ITAL FRUTILLA 1 KG.|AVARO HNOS.|4220.00|3487.60|1|4220.00|3487.60|0.00|0.00| |0.00|0.00| 
70|1|4|7795194004400|1|07795194004400|FLAN ITAL FRUTILLA 1 KG.|AVARO HNOS.|4220.00|3487.60|1|4220.00|3487.60|0.00|0.00| |0.00|0.00| 
70|1|3|7795194004257|1|07795194004257|FLAN ITAL VAINILLA 1 KG.|AVARO HNOS.|4220.00|3487.60|1|4220.00|3487.60|0.00|0.00| |0.00|0.00| 
70|1|4|7795194004257|1|07795194004257|FLAN ITAL VAINILLA 1 KG.|AVARO HNOS.|4220.00|3487.60|1|4220.00|3487.60|0.00|0.00| |0.00|0.00| 
70|1|1|7622300739591|1|07622300739591|FLAN ROYAL SOBRE LIGHT VAINILLA  16|KRAFT FOODS ARGENTIN|1030.00|851.24|1|1030.00|851.24|0.00|0.00| |0.00|0.00| 
70|1|3|7622300739591|1|07622300739591|FLAN ROYAL SOBRE LIGHT VAINILLA  16|KRAFT FOODS ARGENTIN|1030.00|851.24|1|1030.00|851.24|0.00|0.00| |0.00|0.00| 
70|1|4|7791600045418|1|07791600045418|FRAGANCIA PAULA CAEN D/ANVES FEM100|CORTASSA|29975.89|24773.46|1|29975.89|24773.46|0.00|0.00| |0.00|0.00| 
70|1|1|7797376000200|1|07797376000200|FRANELA EL MEJOR SUPERIOR        |TEXTIL MARIA LUISA|1550.00|1280.99|1|1550.00|1280.99|0.00|0.00| |0.00|0.00| 
70|1|2|7797376000200|1|07797376000200|FRANELA EL MEJOR SUPERIOR        |TEXTIL MARIA LUISA|1550.00|1280.99|1|1550.00|1280.99|0.00|0.00| |0.00|0.00| 
70|1|4|7797376000200|1|07797376000200|FRANELA EL MEJOR SUPERIOR        |TEXTIL MARIA LUISA|1550.00|1280.99|1|1550.00|1280.99|0.00|0.00| |0.00|0.00| 
70|1|1|7792855002102|1|07792855002102|FRESA FIZZ LA QUINTANA 720ML|LIKYER S.A.|2650.00|2190.08|1|2650.00|2190.08|0.00|0.00| |0.00|0.00| 
70|1|4|7792855002102|1|07792855002102|FRESA FIZZ LA QUINTANA 720ML|LIKYER S.A.|2650.00|2190.08|1|2650.00|2190.08|0.00|0.00| |0.00|0.00| 
70|1|3|7791305800497|1|07791305800497|FRESA FIZZ TUNUYAN 710ML.|GUISASOLA HNOS.|2890.00|2388.43|1|2890.00|2388.43|0.00|0.00| |0.00|0.00| 
70|1|4|7791305800497|1|07791305800497|FRESA FIZZ TUNUYAN 710ML.|GUISASOLA HNOS.|2890.00|2388.43|1|2890.00|2388.43|0.00|0.00| |0.00|0.00| 
70|1|4|6000001088292|1|06000001088292|FRUTILLA KG.|VERDULERIA|17500.00|15837.10|1|17500.00|15837.10|0.00|0.00| |0.00|0.00| 
70|1|1|7795933000519|1|07795933000519|FRUTILLAS ALMIBAR BAHIA 850|REGIONAL TRADE|4760.00|3933.88|1|4760.00|3933.88|0.00|0.00| |0.00|0.00| 
70|1|1|7798082000126|1|07798082000126|GALLETAS DE ARROZ ARROZEN C/SAL 100|CEREALES NATURALES|1110.00|917.36|1|1110.00|917.36|0.00|0.00| |0.00|0.00| 
70|1|2|7798082000126|1|07798082000126|GALLETAS DE ARROZ ARROZEN C/SAL 100|CEREALES NATURALES|1110.00|917.36|1|1110.00|917.36|0.00|0.00| |0.00|0.00| 
70|1|3|7798082000126|1|07798082000126|GALLETAS DE ARROZ ARROZEN C/SAL 100|CEREALES NATURALES|1110.00|917.36|1|1110.00|917.36|0.00|0.00| |0.00|0.00| 
70|1|4|7798082000126|1|07798082000126|GALLETAS DE ARROZ ARROZEN C/SAL 100|CEREALES NATURALES|1110.00|917.36|1|1110.00|917.36|0.00|0.00| |0.00|0.00| 
70|1|1|7798082000461|1|07798082000461|GALLETAS DE ARROZ ARROZEN C/SAL 95G|CEREALES NATURALES|1190.00|983.47|1|1190.00|983.47|0.00|0.00| |0.00|0.00| 
70|1|3|7798082000461|1|07798082000461|GALLETAS DE ARROZ ARROZEN C/SAL 95G|CEREALES NATURALES|1190.00|983.47|1|1190.00|983.47|0.00|0.00| |0.00|0.00| 
70|1|4|7798082000461|1|07798082000461|GALLETAS DE ARROZ ARROZEN C/SAL 95G|CEREALES NATURALES|1190.00|983.47|1|1190.00|983.47|0.00|0.00| |0.00|0.00| 
70|1|4|7798082000140|1|07798082000140|GALLETAS DE ARROZ ARROZEN DULCE 100|CEREALES NATURALES|1110.00|917.36|1|1110.00|917.36|0.00|0.00| |0.00|0.00| 
70|1|1|7798082000485|1|07798082000485|GALLETAS DE ARROZ ARROZEN DULCES 95|CEREALES NATURALES|1190.00|983.47|1|1190.00|983.47|0.00|0.00| |0.00|0.00| 
70|1|3|7798082000485|1|07798082000485|GALLETAS DE ARROZ ARROZEN DULCES 95|CEREALES NATURALES|1190.00|983.47|1|1190.00|983.47|0.00|0.00| |0.00|0.00| 
70|1|4|7798082000485|1|07798082000485|GALLETAS DE ARROZ ARROZEN DULCES 95|CEREALES NATURALES|1190.00|983.47|1|1190.00|983.47|0.00|0.00| |0.00|0.00| 
70|1|1|7798082000478|1|07798082000478|GALLETAS DE ARROZ ARROZEN S/SAL 95G|CEREALES NATURALES|1190.00|983.47|1|1190.00|983.47|0.00|0.00| |0.00|0.00| 
70|1|3|7798082000478|1|07798082000478|GALLETAS DE ARROZ ARROZEN S/SAL 95G|CEREALES NATURALES|1190.00|983.47|1|1190.00|983.47|0.00|0.00| |0.00|0.00| 
70|1|4|7798082000478|1|07798082000478|GALLETAS DE ARROZ ARROZEN S/SAL 95G|CEREALES NATURALES|1190.00|983.47|1|1190.00|983.47|0.00|0.00| |0.00|0.00| 
70|1|1|7790503198627|1|07790503198627|GALLETAS DE ARROZ DOS HNOS. CON SAL|DOS HERMANOS|1200.00|991.74|1|1200.00|991.74|0.00|0.00| |0.00|0.00| 
70|1|2|7790503198627|1|07790503198627|GALLETAS DE ARROZ DOS HNOS. CON SAL|DOS HERMANOS|1200.00|991.74|1|1200.00|991.74|0.00|0.00| |0.00|0.00| 
70|1|1|7790503198641|1|07790503198641|GALLETAS DE ARROZ DOS HNOS. DULCES|DOS HERMANOS|1200.00|991.74|1|1200.00|991.74|0.00|0.00| |0.00|0.00| 
70|1|4|7790503198641|1|07790503198641|GALLETAS DE ARROZ DOS HNOS. DULCES|DOS HERMANOS|1200.00|991.74|1|1200.00|991.74|0.00|0.00| |0.00|0.00| 
70|1|1|7790503198634|1|07790503198634|GALLETAS DE ARROZ DOS HNOS. SIN SAL|DOS HERMANOS|1200.00|991.74|1|1200.00|991.74|0.00|0.00| |0.00|0.00| 
70|1|2|7790503198634|1|07790503198634|GALLETAS DE ARROZ DOS HNOS. SIN SAL|DOS HERMANOS|1200.00|991.74|1|1200.00|991.74|0.00|0.00| |0.00|0.00| 
70|1|4|7790503198634|1|07790503198634|GALLETAS DE ARROZ DOS HNOS. SIN SAL|DOS HERMANOS|1200.00|991.74|1|1200.00|991.74|0.00|0.00| |0.00|0.00| 
70|1|1|7790040711105|1|07790040711105|GALLETITAS ARCOR DIVERSION 400 GRS.|ARCOR S.A.|2250.00|1859.50|1|2250.00|1859.50|0.00|0.00| |0.00|0.00| 
70|1|2|7790040711105|1|07790040711105|GALLETITAS ARCOR DIVERSION 400 GRS.|ARCOR S.A.|2250.00|1859.50|1|2250.00|1859.50|0.00|0.00| |0.00|0.00| 
70|1|3|7790040711105|1|07790040711105|GALLETITAS ARCOR DIVERSION 400 GRS.|ARCOR S.A.|2250.00|1859.50|1|2250.00|1859.50|0.00|0.00| |0.00|0.00| 
70|1|4|7790040711105|1|07790040711105|GALLETITAS ARCOR DIVERSION 400 GRS.|ARCOR S.A.|2250.00|1859.50|1|2250.00|1859.50|0.00|0.00| |0.00|0.00| 
70|1|3|7790040534704|1|07790040534704|GALLETITAS ARCOR FORMIS 102G.VAI.CH|ARCOR S.A.|1200.00|991.74|1|1200.00|991.74|0.00|0.00| |0.00|0.00| 
70|1|4|7790040534704|1|07790040534704|GALLETITAS ARCOR FORMIS 102G.VAI.CH|ARCOR S.A.|1200.00|991.74|1|1200.00|991.74|0.00|0.00| |0.00|0.00| 
70|1|4|7790040102996|1|07790040102996|GALLETITAS ARCOR FORMIS 324G. DDL|PR.VARIOS SUPERMERC.|61.79|51.07|1|61.79|51.07|0.00|0.00| |0.00|0.00| 
70|1|4|7790040534506|1|07790040534506|GALLETITAS ARCOR FORMIS BLACK 102GR|ARCOR S.A.|1200.00|991.74|1|1200.00|991.74|0.00|0.00| |0.00|0.00| 
70|1|3|7790040534407|1|07790040534407|GALLETITAS ARCOR FORMIS CHOCO.72GRS|ARCOR S.A.|700.00|578.51|1|700.00|578.51|0.00|0.00| |0.00|0.00| 
70|1|4|7790040534407|1|07790040534407|GALLETITAS ARCOR FORMIS CHOCO.72GRS|ARCOR S.A.|700.00|578.51|1|700.00|578.51|0.00|0.00| |0.00|0.00| 
70|1|1|7790040534308|1|07790040534308|GALLETITAS ARCOR FORMIS D.LECHE 72G|ARCOR S.A.|700.00|578.51|1|700.00|578.51|0.00|0.00| |0.00|0.00| 
70|1|3|7790040534308|1|07790040534308|GALLETITAS ARCOR FORMIS D.LECHE 72G|ARCOR S.A.|700.00|578.51|1|700.00|578.51|0.00|0.00| |0.00|0.00| 
70|1|4|7790040534308|1|07790040534308|GALLETITAS ARCOR FORMIS D.LECHE 72G|ARCOR S.A.|700.00|578.51|1|700.00|578.51|0.00|0.00| |0.00|0.00| 
70|1|4|7790040534209|1|07790040534209|GALLETITAS ARCOR FORMIS FRUTILLA 72|ARCOR S.A.|700.00|578.51|1|700.00|578.51|0.00|0.00| |0.00|0.00| 
70|1|1|7790040569706|1|07790040569706|GALLETITAS ARCOR HOGARE/AS 7 SEM189|ARCOR S.A.|1420.00|1173.55|1|1420.00|1173.55|0.00|0.00| |0.00|0.00| 
70|1|3|7790040569706|1|07790040569706|GALLETITAS ARCOR HOGARE/AS 7 SEM189|ARCOR S.A.|1420.00|1173.55|1|1420.00|1173.55|0.00|0.00| |0.00|0.00| 
70|1|4|7790040569706|1|07790040569706|GALLETITAS ARCOR HOGARE/AS 7 SEM189|ARCOR S.A.|1420.00|1173.55|1|1420.00|1173.55|0.00|0.00| |0.00|0.00| 
70|1|1|7790040566002|1|07790040566002|GALLETITAS ARCOR HOGARE/AS SESA.167|ARCOR S.A.|1420.00|1173.55|1|1420.00|1173.55|0.00|0.00| |0.00|0.00| 
70|1|2|7790040566002|1|07790040566002|GALLETITAS ARCOR HOGARE/AS SESA.167|ARCOR S.A.|1420.00|1173.55|1|1420.00|1173.55|0.00|0.00| |0.00|0.00| 
70|1|3|7790040566002|1|07790040566002|GALLETITAS ARCOR HOGARE/AS SESA.167|ARCOR S.A.|1420.00|1173.55|1|1420.00|1173.55|0.00|0.00| |0.00|0.00| 
70|1|4|7790040566002|1|07790040566002|GALLETITAS ARCOR HOGARE/AS SESA.167|ARCOR S.A.|1420.00|1173.55|1|1420.00|1173.55|0.00|0.00| |0.00|0.00| 
70|1|4|7790040669109|1|07790040669109|GALLETITAS ARCOR HOGAREÑ.SAL.200GRS|PR.VARIOS SUPERMERC.|1120.00|925.62|1|1120.00|925.62|0.00|0.00| |0.00|0.00| 
70|1|1|7790040494206|1|07790040494206|GALLETITAS ARCOR HOGAREÑAS 7 SEM.56|ARCOR S.A.|3790.00|3132.23|1|3790.00|3132.23|0.00|0.00| |0.00|0.00| 
70|1|2|7790040494206|1|07790040494206|GALLETITAS ARCOR HOGAREÑAS 7 SEM.56|ARCOR S.A.|3790.00|3132.23|1|3790.00|3132.23|0.00|0.00| |0.00|0.00| 
70|1|4|7790040494206|1|07790040494206|GALLETITAS ARCOR HOGAREÑAS 7 SEM.56|ARCOR S.A.|3790.00|3132.23|1|3790.00|3132.23|0.00|0.00| |0.00|0.00| 
70|1|1|7790040720206|1|07790040720206|GALLETITAS ARCOR MANA C/LECHE 136G.|ARCOR S.A.|1120.00|925.62|1|1120.00|925.62|0.00|0.00| |0.00|0.00| 
70|1|3|7790040720206|1|07790040720206|GALLETITAS ARCOR MANA C/LECHE 136G.|ARCOR S.A.|1120.00|925.62|1|1120.00|925.62|0.00|0.00| |0.00|0.00| 
70|1|4|7790040720206|1|07790040720206|GALLETITAS ARCOR MANA C/LECHE 136G.|ARCOR S.A.|1120.00|925.62|1|1120.00|925.62|0.00|0.00| |0.00|0.00| 
70|1|3|7790040720305|1|07790040720305|GALLETITAS ARCOR MANA LIMON 136GRS|ARCOR S.A.|1120.00|925.62|1|1120.00|925.62|0.00|0.00| |0.00|0.00| 
70|1|1|7790580439309|1|07790580439309|GALLETITAS ARCOR MANA VAI.CHOC.152|ARCOR S.A.|1460.00|1206.61|1|1460.00|1206.61|0.00|0.00| |0.00|0.00| 
70|1|2|7790580439309|1|07790580439309|GALLETITAS ARCOR MANA VAI.CHOC.152|ARCOR S.A.|1460.00|1206.61|1|1460.00|1206.61|0.00|0.00| |0.00|0.00| 
70|1|4|7790580439309|1|07790580439309|GALLETITAS ARCOR MANA VAI.CHOC.152|ARCOR S.A.|1460.00|1206.61|1|1460.00|1206.61|0.00|0.00| |0.00|0.00| 
70|1|4|7790040110748|1|07790040110748|GALLETITAS ARCOR ROCKLETS 118G.|ARCOR S.A.|1240.00|1024.79|1|1240.00|1024.79|0.00|0.00| |0.00|0.00| 
70|1|1|7790040704909|1|07790040704909|GALLETITAS ARCOR SERRANAS SAND.336G|ARCOR S.A.|1560.00|1289.26|1|1560.00|1289.26|0.00|0.00| |0.00|0.00| 
70|1|2|7790040704909|1|07790040704909|GALLETITAS ARCOR SERRANAS SAND.336G|ARCOR S.A.|1560.00|1289.26|1|1560.00|1289.26|0.00|0.00| |0.00|0.00| 
70|1|3|7790040704909|1|07790040704909|GALLETITAS ARCOR SERRANAS SAND.336G|ARCOR S.A.|1560.00|1289.26|1|1560.00|1289.26|0.00|0.00| |0.00|0.00| 
70|1|4|7790040704909|1|07790040704909|GALLETITAS ARCOR SERRANAS SAND.336G|ARCOR S.A.|1560.00|1289.26|1|1560.00|1289.26|0.00|0.00| |0.00|0.00| 
70|1|4|7790040725003|1|07790040725003|GALLETITAS ARCOR SERRANITAS 105 GRS|ARCOR S.A.|520.00|429.75|1|520.00|429.75|0.00|0.00| |0.00|0.00| 
70|1|1|7790040725102|1|07790040725102|GALLETITAS ARCOR SERRANITAS 315 GRS|ARCOR S.A.|1150.00|950.41|1|1150.00|950.41|0.00|0.00| |0.00|0.00| 
70|1|2|7790040725102|1|07790040725102|GALLETITAS ARCOR SERRANITAS 315 GRS|ARCOR S.A.|1150.00|950.41|1|1150.00|950.41|0.00|0.00| |0.00|0.00| 
70|1|3|7790040725102|1|07790040725102|GALLETITAS ARCOR SERRANITAS 315 GRS|ARCOR S.A.|1150.00|950.41|1|1150.00|950.41|0.00|0.00| |0.00|0.00| 
70|1|4|7790040725102|1|07790040725102|GALLETITAS ARCOR SERRANITAS 315 GRS|ARCOR S.A.|1150.00|950.41|1|1150.00|950.41|0.00|0.00| |0.00|0.00| 
70|1|1|7790580538903|1|07790580538903|GALLETITAS ARCOR TORTITAS BLACK 125|ARCOR S.A.|1290.00|1066.12|1|1290.00|1066.12|0.00|0.00| |0.00|0.00| 
70|1|3|7790580538903|1|07790580538903|GALLETITAS ARCOR TORTITAS BLACK 125|ARCOR S.A.|1290.00|1066.12|1|1290.00|1066.12|0.00|0.00| |0.00|0.00| 
70|1|1|7790580548209|1|07790580548209|GALLETITAS ARCOR TORTITAS CHOCO.125|ARCOR S.A.|1290.00|1066.12|1|1290.00|1066.12|0.00|0.00| |0.00|0.00| 
70|1|3|7790580548209|1|07790580548209|GALLETITAS ARCOR TORTITAS CHOCO.125|ARCOR S.A.|1290.00|1066.12|1|1290.00|1066.12|0.00|0.00| |0.00|0.00| 
70|1|4|7790580548209|1|07790580548209|GALLETITAS ARCOR TORTITAS CHOCO.125|ARCOR S.A.|1290.00|1066.12|1|1290.00|1066.12|0.00|0.00| |0.00|0.00| 
70|1|4|7798082001000|1|07798082001000|GALLETITAS ARROZEN PEPAS 200GRS.|CEREALES NATURALES|2270.00|1876.03|1|2270.00|1876.03|0.00|0.00| |0.00|0.00| 
70|1|1|7790040929906|1|07790040929906|GALLETITAS BAGLEY CHOCOLINAS 170G|BAGLEY S.A.|1680.00|1388.43|1|1680.00|1388.43|0.00|0.00| |0.00|0.00| 
70|1|2|7790040929906|1|07790040929906|GALLETITAS BAGLEY CHOCOLINAS 170G|BAGLEY S.A.|1680.00|1388.43|1|1680.00|1388.43|0.00|0.00| |0.00|0.00| 
70|1|4|7790040929906|1|07790040929906|GALLETITAS BAGLEY CHOCOLINAS 170G|BAGLEY S.A.|1680.00|1388.43|1|1680.00|1388.43|0.00|0.00| |0.00|0.00| 
70|1|2|7790040111004|1|07790040111004|GALLETITAS BAGLEY CHOCOLINAS 250G|BAGLEY S.A.|2240.00|1851.24|1|2240.00|1851.24|0.00|0.00| |0.00|0.00| 
70|1|4|7790040111004|1|07790040111004|GALLETITAS BAGLEY CHOCOLINAS 250G|BAGLEY S.A.|2240.00|1851.24|1|2240.00|1851.24|0.00|0.00| |0.00|0.00| 
70|1|4|7790040377707|1|07790040377707|GALLETITAS BAGLEY CRIOLLITAS 100 GR|PR.VARIOS SUPERMERC.|440.55|364.09|1|440.55|364.09|0.00|0.00| |0.00|0.00| 
70|1|4|7790040946101|1|07790040946101|GALLETITAS BAGLEY CRIOLLITAS 169 G.|PR.VARIOS SUPERMERC.|950.00|785.12|1|950.00|785.12|0.00|0.00| |0.00|0.00| 
70|1|1|7790040377806|1|07790040377806|GALLETITAS BAGLEY CRIOLLITAS 300GRS|BAGLEY S.A.|1350.00|1115.70|1|1350.00|1115.70|0.00|0.00| |0.00|0.00| 
70|1|2|7790040377806|1|07790040377806|GALLETITAS BAGLEY CRIOLLITAS 300GRS|BAGLEY S.A.|1350.00|1115.70|1|1350.00|1115.70|0.00|0.00| |0.00|0.00| 
70|1|3|7790040377806|1|07790040377806|GALLETITAS BAGLEY CRIOLLITAS 300GRS|BAGLEY S.A.|1350.00|1115.70|1|1350.00|1115.70|0.00|0.00| |0.00|0.00| 
70|1|2|7790040377905|1|07790040377905|GALLETITAS BAGLEY CRIOLLITAS 499GRS|BAGLEY S.A.|2770.00|2289.26|1|2770.00|2289.26|0.00|0.00| |0.00|0.00| 
70|1|4|7790040377905|1|07790040377905|GALLETITAS BAGLEY CRIOLLITAS 499GRS|BAGLEY S.A.|2770.00|2289.26|1|2770.00|2289.26|0.00|0.00| |0.00|0.00| 
70|1|4|7790040946309|1|07790040946309|GALLETITAS BAGLEY CRIOLLITAS S/S169|BAGLEY S.A.|950.00|785.12|1|950.00|785.12|0.00|0.00| |0.00|0.00| 
70|1|4|7790040946408|1|07790040946408|GALLETITAS BAGLEY CRIOLLITAS S/S507|BAGLEY S.A.|2580.00|2132.23|1|2580.00|2132.23|0.00|0.00| |0.00|0.00| 
70|1|1|7790040001855|1|07790040001855|GALLETITAS BAGLEY MELITAS 159G   |BAGLEY S.A.|1200.00|991.74|1|1200.00|991.74|0.00|0.00| |0.00|0.00| 
70|1|3|7790040001855|1|07790040001855|GALLETITAS BAGLEY MELITAS 159G   |BAGLEY S.A.|1200.00|991.74|1|1200.00|991.74|0.00|0.00| |0.00|0.00| 
70|1|4|7790040001855|1|07790040001855|GALLETITAS BAGLEY MELITAS 159G   |BAGLEY S.A.|1200.00|991.74|1|1200.00|991.74|0.00|0.00| |0.00|0.00| 
70|1|4|0000077903549|1|00000077903549|GALLETITAS BAGLEY MELLIZAS 108GRS|BAGLEY S.A.|726.05|600.04|1|726.05|600.04|0.00|0.00| |0.00|0.00| 
70|1|1|7790040002395|1|07790040002395|GALLETITAS BAGLEY MERENGADAS 264GRS|BAGLEY S.A.|3720.00|3074.38|1|3720.00|3074.38|0.00|0.00| |0.00|0.00| 
70|1|4|7790040008175|1|07790040008175|GALLETITAS BAGLEY OPERA 220 G.   |BAGLEY S.A.|2460.00|2033.06|1|2460.00|2033.06|0.00|0.00| |0.00|0.00| 
70|1|1|0000077903501|1|00000077903501|GALLETITAS BAGLEY OPERA 55 GRS.|BAGLEY S.A.|770.00|636.36|1|770.00|636.36|0.00|0.00| |0.00|0.00| 
70|1|4|0000077903501|1|00000077903501|GALLETITAS BAGLEY OPERA 55 GRS.|BAGLEY S.A.|770.00|636.36|1|770.00|636.36|0.00|0.00| |0.00|0.00| 
70|1|1|0000077903518|1|00000077903518|GALLETITAS BAGLEY OPERA 92 GRS.|BAGLEY S.A.|1120.00|925.62|1|1120.00|925.62|0.00|0.00| |0.00|0.00| 
70|1|4|0000077903518|1|00000077903518|GALLETITAS BAGLEY OPERA 92 GRS.|BAGLEY S.A.|1120.00|925.62|1|1120.00|925.62|0.00|0.00| |0.00|0.00| 
70|1|1|7790040173200|1|07790040173200|GALLETITAS BAGLEY REX KESITAS 125G.|BAGLEY S.A.|1980.00|1636.36|1|1980.00|1636.36|0.00|0.00| |0.00|0.00| 
70|1|3|7790040173200|1|07790040173200|GALLETITAS BAGLEY REX KESITAS 125G.|BAGLEY S.A.|1980.00|1636.36|1|1980.00|1636.36|0.00|0.00| |0.00|0.00| 
70|1|4|7790040173200|1|07790040173200|GALLETITAS BAGLEY REX KESITAS 125G.|BAGLEY S.A.|1980.00|1636.36|1|1980.00|1636.36|0.00|0.00| |0.00|0.00| 
70|1|3|7790040003606|1|07790040003606|GALLETITAS BAGLEY REX KESITAS 75GRS|BAGLEY S.A.|1210.00|1000.00|1|1210.00|1000.00|0.00|0.00| |0.00|0.00| 
70|1|4|7790040003606|1|07790040003606|GALLETITAS BAGLEY REX KESITAS 75GRS|BAGLEY S.A.|1210.00|1000.00|1|1210.00|1000.00|0.00|0.00| |0.00|0.00| 
70|1|1|7790040938908|1|07790040938908|GALLETITAS BAGLEY REX ORIGINAL 125G|BAGLEY S.A.|1980.00|1636.36|1|1980.00|1636.36|0.00|0.00| |0.00|0.00| 
70|1|3|7790040938908|1|07790040938908|GALLETITAS BAGLEY REX ORIGINAL 125G|BAGLEY S.A.|1980.00|1636.36|1|1980.00|1636.36|0.00|0.00| |0.00|0.00| 
70|1|4|7790040938908|1|07790040938908|GALLETITAS BAGLEY REX ORIGINAL 125G|BAGLEY S.A.|1980.00|1636.36|1|1980.00|1636.36|0.00|0.00| |0.00|0.00| 
70|1|1|7790040003569|1|07790040003569|GALLETITAS BAGLEY REX ORIGINAL 75GR|BAGLEY S.A.|1210.00|1000.00|1|1210.00|1000.00|0.00|0.00| |0.00|0.00| 
70|1|3|7790040003569|1|07790040003569|GALLETITAS BAGLEY REX ORIGINAL 75GR|BAGLEY S.A.|1210.00|1000.00|1|1210.00|1000.00|0.00|0.00| |0.00|0.00| 
70|1|1|7790040929609|1|07790040929609|GALLETITAS BAGLEY SURTIDO 400 GRS.|BAGLEY S.A.|3060.00|2528.93|1|3060.00|2528.93|0.00|0.00| |0.00|0.00| 
70|1|2|7790040929609|1|07790040929609|GALLETITAS BAGLEY SURTIDO 400 GRS.|BAGLEY S.A.|3060.00|2528.93|1|3060.00|2528.93|0.00|0.00| |0.00|0.00| 
70|1|3|7790040929609|1|07790040929609|GALLETITAS BAGLEY SURTIDO 400 GRS.|BAGLEY S.A.|3060.00|2528.93|1|3060.00|2528.93|0.00|0.00| |0.00|0.00| 
70|1|4|7790040929609|1|07790040929609|GALLETITAS BAGLEY SURTIDO 400 GRS.|BAGLEY S.A.|3060.00|2528.93|1|3060.00|2528.93|0.00|0.00| |0.00|0.00| 
70|1|1|7795733000382|1|07795733000382|GALLETITAS CAÑONCITOS 500G. MANZANI|KOKIS |2490.00|2057.85|1|2490.00|2057.85|0.00|0.00| |0.00|0.00| 
70|1|3|7795733000382|1|07795733000382|GALLETITAS CAÑONCITOS 500G. MANZANI|KOKIS |2490.00|2057.85|1|2490.00|2057.85|0.00|0.00| |0.00|0.00| 
70|1|4|7795733000382|1|07795733000382|GALLETITAS CAÑONCITOS 500G. MANZANI|KOKIS |2490.00|2057.85|1|2490.00|2057.85|0.00|0.00| |0.00|0.00| 
70|1|1|7795733000184|1|07795733000184|GALLETITAS CAÑONCITOS 500G. MEMBRIL|KOKIS |2490.00|2057.85|1|2490.00|2057.85|0.00|0.00| |0.00|0.00| 
70|1|3|7795733000184|1|07795733000184|GALLETITAS CAÑONCITOS 500G. MEMBRIL|KOKIS |2490.00|2057.85|1|2490.00|2057.85|0.00|0.00| |0.00|0.00| 
70|1|1|7622300324100|1|07622300324100|GALLETITAS CEREALITAS CLASICAS 212G|KRAFT FOODS ARGENTIN|1720.00|1421.49|1|1720.00|1421.49|0.00|0.00| |0.00|0.00| 
70|1|2|7622300324100|1|07622300324100|GALLETITAS CEREALITAS CLASICAS 212G|KRAFT FOODS ARGENTIN|1720.00|1421.49|1|1720.00|1421.49|0.00|0.00| |0.00|0.00| 
70|1|4|7622300324100|1|07622300324100|GALLETITAS CEREALITAS CLASICAS 212G|KRAFT FOODS ARGENTIN|1720.00|1421.49|1|1720.00|1421.49|0.00|0.00| |0.00|0.00| 
70|1|2|7622300324124|1|07622300324124|GALLETITAS CEREALITAS CLASICAS 636G|KRAFT FOODS ARGENTIN|4640.00|3834.71|1|4640.00|3834.71|0.00|0.00| |0.00|0.00| 
70|1|4|7622300324124|1|07622300324124|GALLETITAS CEREALITAS CLASICAS 636G|KRAFT FOODS ARGENTIN|4640.00|3834.71|1|4640.00|3834.71|0.00|0.00| |0.00|0.00| 
70|1|4|7790040262102|1|07790040262102|GALLETITAS DESFILE SURTIDAS 400G.|LIA|1600.00|1322.31|1|1600.00|1322.31|0.00|0.00| |0.00|0.00| 
70|1|2|7793706000353|1|07793706000353|GALLETITAS DONINAS C/CHIPS 200G.|JULICROC|2170.00|1793.39|1|2170.00|1793.39|0.00|0.00| |0.00|0.00| 
70|1|4|7793706000353|1|07793706000353|GALLETITAS DONINAS C/CHIPS 200G.|JULICROC|2170.00|1793.39|1|2170.00|1793.39|0.00|0.00| |0.00|0.00| 
70|1|2|7793706000360|1|07793706000360|GALLETITAS DONINAS C/SEMILLAS 200G.|JULICROC|2170.00|1793.39|1|2170.00|1793.39|0.00|0.00| |0.00|0.00| 
70|1|4|7793706000360|1|07793706000360|GALLETITAS DONINAS C/SEMILLAS 200G.|JULICROC|2170.00|1793.39|1|2170.00|1793.39|0.00|0.00| |0.00|0.00| 
70|1|2|7793706000438|1|07793706000438|GALLETITAS DONINAS F.DEL BOSQUE 200|JULICROC|2170.00|1793.39|1|2170.00|1793.39|0.00|0.00| |0.00|0.00| 
70|1|4|7793706000438|1|07793706000438|GALLETITAS DONINAS F.DEL BOSQUE 200|JULICROC|2170.00|1793.39|1|2170.00|1793.39|0.00|0.00| |0.00|0.00| 
70|1|2|7793706000421|1|07793706000421|GALLETITAS DONINAS FRUTOS SECOS 200|JULICROC|2170.00|1793.39|1|2170.00|1793.39|0.00|0.00| |0.00|0.00| 
70|1|4|7793706000421|1|07793706000421|GALLETITAS DONINAS FRUTOS SECOS 200|JULICROC|2170.00|1793.39|1|2170.00|1793.39|0.00|0.00| |0.00|0.00| 
70|1|2|7622300742645|1|07622300742645|GALLETITAS DUQUESA 115 GRS|KRAFT FOODS ARGENTIN|1220.00|1008.26|1|1220.00|1008.26|0.00|0.00| |0.00|0.00| 
70|1|3|7622300742645|1|07622300742645|GALLETITAS DUQUESA 115 GRS|KRAFT FOODS ARGENTIN|1220.00|1008.26|1|1220.00|1008.26|0.00|0.00| |0.00|0.00| 
70|1|4|7622300742645|1|07622300742645|GALLETITAS DUQUESA 115 GRS|KRAFT FOODS ARGENTIN|1220.00|1008.26|1|1220.00|1008.26|0.00|0.00| |0.00|0.00| 
70|1|1|7791672000766|1|07791672000766|GALLETITAS FANTOCHE TAPITAS 350|FANTOCHE|1600.00|1322.31|1|1600.00|1322.31|0.00|0.00| |0.00|0.00| 
70|1|2|7791672000766|1|07791672000766|GALLETITAS FANTOCHE TAPITAS 350|FANTOCHE|1600.00|1322.31|1|1600.00|1322.31|0.00|0.00| |0.00|0.00| 
70|1|3|7791672000766|1|07791672000766|GALLETITAS FANTOCHE TAPITAS 350|FANTOCHE|1600.00|1322.31|1|1600.00|1322.31|0.00|0.00| |0.00|0.00| 
70|1|1|7790045001188|1|07790045001188|GALLETITAS FRUTIGRAN AVENA/PASAS250|CEAPE1|1820.00|1504.13|1|1820.00|1504.13|0.00|0.00| |0.00|0.00| 
70|1|2|7790045001188|1|07790045001188|GALLETITAS FRUTIGRAN AVENA/PASAS250|CEAPE1|1820.00|1504.13|1|1820.00|1504.13|0.00|0.00| |0.00|0.00| 
70|1|3|7790045001188|1|07790045001188|GALLETITAS FRUTIGRAN AVENA/PASAS250|CEAPE1|1820.00|1504.13|1|1820.00|1504.13|0.00|0.00| |0.00|0.00| 
70|1|4|7790045001188|1|07790045001188|GALLETITAS FRUTIGRAN AVENA/PASAS250|CEAPE1|1820.00|1504.13|1|1820.00|1504.13|0.00|0.00| |0.00|0.00| 
70|1|1|7790045001218|1|07790045001218|GALLETITAS FRUTIGRAN AVENA/PASAS500|CEAPE1|3260.00|2694.21|1|3260.00|2694.21|0.00|0.00| |0.00|0.00| 
70|1|4|7790045001218|1|07790045001218|GALLETITAS FRUTIGRAN AVENA/PASAS500|CEAPE1|3260.00|2694.21|1|3260.00|2694.21|0.00|0.00| |0.00|0.00| 
70|1|1|7790045824893|1|07790045824893|GALLETITAS FRUTIGRAN C/CHIPS CHO255|CEAPE1|2260.00|1867.77|1|2260.00|1867.77|0.00|0.00| |0.00|0.00| 
70|1|3|7790045824893|1|07790045824893|GALLETITAS FRUTIGRAN C/CHIPS CHO255|CEAPE1|2260.00|1867.77|1|2260.00|1867.77|0.00|0.00| |0.00|0.00| 
70|1|4|7790045824893|1|07790045824893|GALLETITAS FRUTIGRAN C/CHIPS CHO255|CEAPE1|2260.00|1867.77|1|2260.00|1867.77|0.00|0.00| |0.00|0.00| 
70|1|1|7790045825395|1|07790045825395|GALLETITAS FRUTIGRAN CHIA&LINO 240G|CEAPE1|1820.00|1504.13|1|1820.00|1504.13|0.00|0.00| |0.00|0.00| 
70|1|3|7790045825395|1|07790045825395|GALLETITAS FRUTIGRAN CHIA&LINO 240G|CEAPE1|1820.00|1504.13|1|1820.00|1504.13|0.00|0.00| |0.00|0.00| 
70|1|4|7790045825395|1|07790045825395|GALLETITAS FRUTIGRAN CHIA&LINO 240G|CEAPE1|1820.00|1504.13|1|1820.00|1504.13|0.00|0.00| |0.00|0.00| 
70|1|1|7790045001195|1|07790045001195|GALLETITAS FRUTIGRAN SALVADO 250 GR|CEAPE1|1680.00|1388.43|1|1680.00|1388.43|0.00|0.00| |0.00|0.00| 
70|1|4|7790045001195|1|07790045001195|GALLETITAS FRUTIGRAN SALVADO 250 GR|CEAPE1|1680.00|1388.43|1|1680.00|1388.43|0.00|0.00| |0.00|0.00| 
70|1|1|7790045001201|1|07790045001201|GALLETITAS FRUTIGRAN SALVADO 500GR|CEAPE1|3070.00|2537.19|1|3070.00|2537.19|0.00|0.00| |0.00|0.00| 
70|1|2|7790045001201|1|07790045001201|GALLETITAS FRUTIGRAN SALVADO 500GR|CEAPE1|3070.00|2537.19|1|3070.00|2537.19|0.00|0.00| |0.00|0.00| 
70|1|4|7790045001201|1|07790045001201|GALLETITAS FRUTIGRAN SALVADO 500GR|CEAPE1|3070.00|2537.19|1|3070.00|2537.19|0.00|0.00| |0.00|0.00| 
70|1|2|7790045825401|1|07790045825401|GALLETITAS FRUTIGRAN SES.AMA.GIR260|CEAPE1|1820.00|1504.13|1|1820.00|1504.13|0.00|0.00| |0.00|0.00| 
70|1|3|7790045825401|1|07790045825401|GALLETITAS FRUTIGRAN SES.AMA.GIR260|CEAPE1|1820.00|1504.13|1|1820.00|1504.13|0.00|0.00| |0.00|0.00| 
70|1|4|7790045825401|1|07790045825401|GALLETITAS FRUTIGRAN SES.AMA.GIR260|CEAPE1|1820.00|1504.13|1|1820.00|1504.13|0.00|0.00| |0.00|0.00| 
70|1|1|7790045823452|1|07790045823452|GALLETITAS FRUTIGRAN TROPICAL 250G.|CEAPE1|2220.00|1834.71|1|2220.00|1834.71|0.00|0.00| |0.00|0.00| 
70|1|3|7790045823452|1|07790045823452|GALLETITAS FRUTIGRAN TROPICAL 250G.|CEAPE1|2220.00|1834.71|1|2220.00|1834.71|0.00|0.00| |0.00|0.00| 
70|1|1|7790045824886|1|07790045824886|GALLETITAS GRANIX FIESTA SURTIDA350|CEAPE1|2060.00|1702.48|1|2060.00|1702.48|0.00|0.00| |0.00|0.00| 
70|1|2|7790045824886|1|07790045824886|GALLETITAS GRANIX FIESTA SURTIDA350|CEAPE1|2060.00|1702.48|1|2060.00|1702.48|0.00|0.00| |0.00|0.00| 
70|1|3|7790045824886|1|07790045824886|GALLETITAS GRANIX FIESTA SURTIDA350|CEAPE1|2060.00|1702.48|1|2060.00|1702.48|0.00|0.00| |0.00|0.00| 
70|1|4|7790045824886|1|07790045824886|GALLETITAS GRANIX FIESTA SURTIDA350|CEAPE1|2060.00|1702.48|1|2060.00|1702.48|0.00|0.00| |0.00|0.00| 
70|1|1|7790045001133|1|07790045001133|GALLETITAS GRANIX GRANAGUA 200   |CEAPE1|1200.00|991.74|1|1200.00|991.74|0.00|0.00| |0.00|0.00| 
70|1|2|7790045001133|1|07790045001133|GALLETITAS GRANIX GRANAGUA 200   |CEAPE1|1200.00|991.74|1|1200.00|991.74|0.00|0.00| |0.00|0.00| 
70|1|3|7790045001133|1|07790045001133|GALLETITAS GRANIX GRANAGUA 200   |CEAPE1|1200.00|991.74|1|1200.00|991.74|0.00|0.00| |0.00|0.00| 
70|1|4|7790045001133|1|07790045001133|GALLETITAS GRANIX GRANAGUA 200   |CEAPE1|1200.00|991.74|1|1200.00|991.74|0.00|0.00| |0.00|0.00| 
70|1|1|7790045001379|1|07790045001379|GALLETITAS GRANIX GRANAGUA SAND.600|CEAPE1|3480.00|2876.03|1|3480.00|2876.03|0.00|0.00| |0.00|0.00| 
70|1|2|7790045001379|1|07790045001379|GALLETITAS GRANIX GRANAGUA SAND.600|CEAPE1|3480.00|2876.03|1|3480.00|2876.03|0.00|0.00| |0.00|0.00| 
70|1|3|7790045001379|1|07790045001379|GALLETITAS GRANIX GRANAGUA SAND.600|CEAPE1|3480.00|2876.03|1|3480.00|2876.03|0.00|0.00| |0.00|0.00| 
70|1|4|7790045001379|1|07790045001379|GALLETITAS GRANIX GRANAGUA SAND.600|CEAPE1|3480.00|2876.03|1|3480.00|2876.03|0.00|0.00| |0.00|0.00| 
70|1|1|7790045004912|1|07790045004912|GALLETITAS GRANIX LI.S/SAL 360 GRS.|CEAPE1|2470.00|2041.32|1|2470.00|2041.32|0.00|0.00| |0.00|0.00| 
70|1|4|7790045823889|1|07790045823889|GALLETITAS GRANIX LINO 185 GRS.|CEAPE1|899.00|742.98|1|899.00|742.98|0.00|0.00| |0.00|0.00| 
70|1|1|7790045824879|1|07790045824879|GALLETITAS GRANIX SAL.S/SAL LIGHT41|CEAPE1|2890.00|2388.43|1|2890.00|2388.43|0.00|0.00| |0.00|0.00| 
70|1|3|7790045824879|1|07790045824879|GALLETITAS GRANIX SAL.S/SAL LIGHT41|CEAPE1|2890.00|2388.43|1|2890.00|2388.43|0.00|0.00| |0.00|0.00| 
70|1|4|7790045824879|1|07790045824879|GALLETITAS GRANIX SAL.S/SAL LIGHT41|CEAPE1|2890.00|2388.43|1|2890.00|2388.43|0.00|0.00| |0.00|0.00| 
70|1|1|7790045822868|1|07790045822868|GALLETITAS GRANIX SALVADO 720G.|CEAPE1|3920.00|3239.67|1|3920.00|3239.67|0.00|0.00| |0.00|0.00| 
70|1|3|7790045822868|1|07790045822868|GALLETITAS GRANIX SALVADO 720G.|CEAPE1|3920.00|3239.67|1|3920.00|3239.67|0.00|0.00| |0.00|0.00| 
70|1|4|7790045822868|1|07790045822868|GALLETITAS GRANIX SALVADO 720G.|CEAPE1|3920.00|3239.67|1|3920.00|3239.67|0.00|0.00| |0.00|0.00| 
70|1|1|7790045000914|1|07790045000914|GALLETITAS GRANIX SALVADO S/SAL 230|CEAPE1|1300.00|1074.38|1|1300.00|1074.38|0.00|0.00| |0.00|0.00| 
70|1|3|7790045000914|1|07790045000914|GALLETITAS GRANIX SALVADO S/SAL 230|CEAPE1|1300.00|1074.38|1|1300.00|1074.38|0.00|0.00| |0.00|0.00| 
70|1|4|7790045000914|1|07790045000914|GALLETITAS GRANIX SALVADO S/SAL 230|CEAPE1|1300.00|1074.38|1|1300.00|1074.38|0.00|0.00| |0.00|0.00| 
70|1|1|7790045000921|1|07790045000921|GALLETITAS GRANIX SALVADO S/SAL 690|CEAPE1|3570.00|2950.41|1|3570.00|2950.41|0.00|0.00| |0.00|0.00| 
70|1|3|7790045000921|1|07790045000921|GALLETITAS GRANIX SALVADO S/SAL 690|CEAPE1|3570.00|2950.41|1|3570.00|2950.41|0.00|0.00| |0.00|0.00| 
70|1|4|7790045000921|1|07790045000921|GALLETITAS GRANIX SALVADO S/SAL 690|CEAPE1|3570.00|2950.41|1|3570.00|2950.41|0.00|0.00| |0.00|0.00| 
70|1|1|7790045011804|1|07790045011804|GALLETITAS GRANIX SEMOLADAS 420 GRS|CEAPE1|3020.00|2495.87|1|3020.00|2495.87|0.00|0.00| |0.00|0.00| 
70|1|2|7790045011804|1|07790045011804|GALLETITAS GRANIX SEMOLADAS 420 GRS|CEAPE1|3020.00|2495.87|1|3020.00|2495.87|0.00|0.00| |0.00|0.00| 
70|1|3|7790045011804|1|07790045011804|GALLETITAS GRANIX SEMOLADAS 420 GRS|CEAPE1|3020.00|2495.87|1|3020.00|2495.87|0.00|0.00| |0.00|0.00| 
70|1|4|7790045011804|1|07790045011804|GALLETITAS GRANIX SEMOLADAS 420 GRS|CEAPE1|3020.00|2495.87|1|3020.00|2495.87|0.00|0.00| |0.00|0.00| 
70|1|3|7790045823100|1|07790045823100|GALLETITAS GRANIX SESAMO 185GRS|PR.VARIOS SUPERMERC.|889.00|734.71|1|889.00|734.71|0.00|0.00| |0.00|0.00| 
70|1|1|7790045823322|1|07790045823322|GALLETITAS GRANIX SESAMO SIN SAL175|CEAPE1|1130.00|933.88|1|1130.00|933.88|0.00|0.00| |0.00|0.00| 
70|1|4|7790045823322|1|07790045823322|GALLETITAS GRANIX SESAMO SIN SAL175|CEAPE1|1130.00|933.88|1|1130.00|933.88|0.00|0.00| |0.00|0.00| 
70|1|3|7790045001089|1|07790045001089|GALLETITAS GRANIX SIN SAL 185 GRS.|CEAPE1|889.00|734.71|1|889.00|734.71|0.00|0.00| |0.00|0.00| 
70|1|4|7790045001089|1|07790045001089|GALLETITAS GRANIX SIN SAL 185 GRS.|CEAPE1|889.00|734.71|1|889.00|734.71|0.00|0.00| |0.00|0.00| 
70|1|4|7790045001317|1|07790045001317|GALLETITAS GRANIX SIN SAL 555 GR.|CEAPE1|2573.95|2127.23|1|2573.95|2127.23|0.00|0.00| |0.00|0.00| 
70|1|1|7790045000860|1|07790045000860|GALLETITAS GRANOVITA 140G. COCO|CEAPE1|1360.00|1123.97|1|1360.00|1123.97|0.00|0.00| |0.00|0.00| 
70|1|3|7790045000860|1|07790045000860|GALLETITAS GRANOVITA 140G. COCO|CEAPE1|1360.00|1123.97|1|1360.00|1123.97|0.00|0.00| |0.00|0.00| 
70|1|4|7790045000860|1|07790045000860|GALLETITAS GRANOVITA 140G. COCO|CEAPE1|1360.00|1123.97|1|1360.00|1123.97|0.00|0.00| |0.00|0.00| 
70|1|3|7790045000846|1|07790045000846|GALLETITAS GRANOVITA 140G. LIMON|CEAPE1|1360.00|1123.97|1|1360.00|1123.97|0.00|0.00| |0.00|0.00| 
70|1|1|7790045000853|1|07790045000853|GALLETITAS GRANOVITA 140G. VAINILLA|CEAPE1|1360.00|1123.97|1|1360.00|1123.97|0.00|0.00| |0.00|0.00| 
70|1|3|7790045000853|1|07790045000853|GALLETITAS GRANOVITA 140G. VAINILLA|CEAPE1|1360.00|1123.97|1|1360.00|1123.97|0.00|0.00| |0.00|0.00| 
70|1|4|7790045000853|1|07790045000853|GALLETITAS GRANOVITA 140G. VAINILLA|CEAPE1|1360.00|1123.97|1|1360.00|1123.97|0.00|0.00| |0.00|0.00| 
70|1|1|7790045000877|1|07790045000877|GALLETITAS GRANOVITA 142G. ALGARROB|CEAPE1|1360.00|1123.97|1|1360.00|1123.97|0.00|0.00| |0.00|0.00| 
70|1|3|7790045000877|1|07790045000877|GALLETITAS GRANOVITA 142G. ALGARROB|CEAPE1|1360.00|1123.97|1|1360.00|1123.97|0.00|0.00| |0.00|0.00| 
70|1|1|7622300829643|1|07622300829643|GALLETITAS LINCOLN 153G.|KRAFT FOODS ARGENTIN|1480.00|1223.14|1|1480.00|1223.14|0.00|0.00| |0.00|0.00| 
70|1|2|7622300829643|1|07622300829643|GALLETITAS LINCOLN 153G.|KRAFT FOODS ARGENTIN|1480.00|1223.14|1|1480.00|1223.14|0.00|0.00| |0.00|0.00| 
70|1|3|7622300829643|1|07622300829643|GALLETITAS LINCOLN 153G.|KRAFT FOODS ARGENTIN|1480.00|1223.14|1|1480.00|1223.14|0.00|0.00| |0.00|0.00| 
70|1|4|7622300829643|1|07622300829643|GALLETITAS LINCOLN 153G.|KRAFT FOODS ARGENTIN|1480.00|1223.14|1|1480.00|1223.14|0.00|0.00| |0.00|0.00| 
70|1|1|7622300834562|1|07622300834562|GALLETITAS LINCOLN 459 GRS.|KRAFT FOODS ARGENTIN|3890.00|3214.88|1|3890.00|3214.88|0.00|0.00| |0.00|0.00| 
70|1|3|7622300834562|1|07622300834562|GALLETITAS LINCOLN 459 GRS.|KRAFT FOODS ARGENTIN|3890.00|3214.88|1|3890.00|3214.88|0.00|0.00| |0.00|0.00| 
70|1|4|7622300742713|1|07622300742713|GALLETITAS LINCOLN COCO 153G|KRAFT FOODS ARGENTIN|1480.00|1223.14|1|1480.00|1223.14|0.00|0.00| |0.00|0.00| 
70|1|1|7790628000034|1|07790628000034|GALLETITAS MAURI FAUNA 400 G.    |MAURI|1950.00|1611.57|1|1950.00|1611.57|0.00|0.00| |0.00|0.00| 
70|1|4|7790628000034|1|07790628000034|GALLETITAS MAURI FAUNA 400 G.    |MAURI|1950.00|1611.57|1|1950.00|1611.57|0.00|0.00| |0.00|0.00| 
70|1|1|7790628000133|1|07790628000133|GALLETITAS MAURI SALVADO 400 G   |MAURI|2530.00|2090.91|1|2530.00|2090.91|0.00|0.00| |0.00|0.00| 
70|1|2|7790628000133|1|07790628000133|GALLETITAS MAURI SALVADO 400 G   |MAURI|2530.00|2090.91|1|2530.00|2090.91|0.00|0.00| |0.00|0.00| 
70|1|3|7790628000133|1|07790628000133|GALLETITAS MAURI SALVADO 400 G   |MAURI|2530.00|2090.91|1|2530.00|2090.91|0.00|0.00| |0.00|0.00| 
70|1|2|7790628000058|1|07790628000058|GALLETITAS MAURI SIN SAL 400 GRS.|MAURI|2490.00|2057.85|1|2490.00|2057.85|0.00|0.00| |0.00|0.00| 
70|1|4|7790628000058|1|07790628000058|GALLETITAS MAURI SIN SAL 400 GRS.|MAURI|2490.00|2057.85|1|2490.00|2057.85|0.00|0.00| |0.00|0.00| 
70|1|1|7790628102639|1|07790628102639|GALLETITAS MAURI VAINILLAS 160 GRS.|MAURI|1220.00|1008.26|1|1220.00|1008.26|0.00|0.00| |0.00|0.00| 
70|1|4|7790628102639|1|07790628102639|GALLETITAS MAURI VAINILLAS 160 GRS.|MAURI|1220.00|1008.26|1|1220.00|1008.26|0.00|0.00| |0.00|0.00| 
70|1|1|7790628102646|1|07790628102646|GALLETITAS MAURI VAINILLAS 320 GRS.|MAURI|2370.00|1958.68|1|2370.00|1958.68|0.00|0.00| |0.00|0.00| 
70|1|2|7790628102646|1|07790628102646|GALLETITAS MAURI VAINILLAS 320 GRS.|MAURI|2370.00|1958.68|1|2370.00|1958.68|0.00|0.00| |0.00|0.00| 
70|1|4|7790628102646|1|07790628102646|GALLETITAS MAURI VAINILLAS 320 GRS.|MAURI|2370.00|1958.68|1|2370.00|1958.68|0.00|0.00| |0.00|0.00| 
70|1|1|7790270336307|1|07790270336307|GALLETITAS MEDIA TARDE 315 GR.|LIA|1420.00|1173.55|1|1420.00|1173.55|0.00|0.00| |0.00|0.00| 
70|1|3|7790270336307|1|07790270336307|GALLETITAS MEDIA TARDE 315 GR.|LIA|1420.00|1173.55|1|1420.00|1173.55|0.00|0.00| |0.00|0.00| 
70|1|4|7790270336307|1|07790270336307|GALLETITAS MEDIA TARDE 315 GR.|LIA|1420.00|1173.55|1|1420.00|1173.55|0.00|0.00| |0.00|0.00| 
70|1|1|7790040887602|1|07790040887602|GALLETITAS MEDIA TARDE SAND.321G.|LIA|1570.00|1297.52|1|1570.00|1297.52|0.00|0.00| |0.00|0.00| 
70|1|3|7790040887602|1|07790040887602|GALLETITAS MEDIA TARDE SAND.321G.|LIA|1570.00|1297.52|1|1570.00|1297.52|0.00|0.00| |0.00|0.00| 
70|1|4|7790040887602|1|07790040887602|GALLETITAS MEDIA TARDE SAND.321G.|LIA|1570.00|1297.52|1|1570.00|1297.52|0.00|0.00| |0.00|0.00| 
70|1|1|7790040887909|1|07790040887909|GALLETITAS MEDIA TARDE SAND.535G.|LIA|2650.00|2190.08|1|2650.00|2190.08|0.00|0.00| |0.00|0.00| 
70|1|3|7790040887909|1|07790040887909|GALLETITAS MEDIA TARDE SAND.535G.|LIA|2650.00|2190.08|1|2650.00|2190.08|0.00|0.00| |0.00|0.00| 
70|1|4|7790040887909|1|07790040887909|GALLETITAS MEDIA TARDE SAND.535G.|LIA|2650.00|2190.08|1|2650.00|2190.08|0.00|0.00| |0.00|0.00| 
70|1|1|7622300829728|1|07622300829728|GALLETITAS MELBA 120G.|KRAFT FOODS ARGENTIN|1220.00|1008.26|1|1220.00|1008.26|0.00|0.00| |0.00|0.00| 
70|1|2|7622300829728|1|07622300829728|GALLETITAS MELBA 120G.|KRAFT FOODS ARGENTIN|1220.00|1008.26|1|1220.00|1008.26|0.00|0.00| |0.00|0.00| 
70|1|4|7622300829728|1|07622300829728|GALLETITAS MELBA 120G.|KRAFT FOODS ARGENTIN|1220.00|1008.26|1|1220.00|1008.26|0.00|0.00| |0.00|0.00| 
70|1|1|7794600004539|1|07794600004539|GALLETITAS MELBA 360 GRS.|KRAFT FOODS ARGENTIN|3200.00|2644.63|1|3200.00|2644.63|0.00|0.00| |0.00|0.00| 
70|1|3|7794600004539|1|07794600004539|GALLETITAS MELBA 360 GRS.|KRAFT FOODS ARGENTIN|3200.00|2644.63|1|3200.00|2644.63|0.00|0.00| |0.00|0.00| 
70|1|4|7794600004539|1|07794600004539|GALLETITAS MELBA 360 GRS.|KRAFT FOODS ARGENTIN|3200.00|2644.63|1|3200.00|2644.63|0.00|0.00| |0.00|0.00| 
70|1|1|7795733000139|1|07795733000139|GALLETITAS MEMBRILLITOS 500G.|KOKIS |2730.00|2256.20|1|2730.00|2256.20|0.00|0.00| |0.00|0.00| 
70|1|4|7795733000139|1|07795733000139|GALLETITAS MEMBRILLITOS 500G.|KOKIS |2730.00|2256.20|1|2730.00|2256.20|0.00|0.00| |0.00|0.00| 
70|1|4|7796624000245|1|07796624000245|GALLETITAS MINI CRAC. P.PRECIO SALV|NEOSOL|215.00|177.69|1|215.00|177.69|0.00|0.00| |0.00|0.00| 
70|1|1|7791324157435|1|07791324157435|GALLETITAS MINI PITU.PAR-NOR CH300|PAR-NOR|1800.00|1487.60|1|1800.00|1487.60|0.00|0.00| |0.00|0.00| 
70|1|2|7791324157435|1|07791324157435|GALLETITAS MINI PITU.PAR-NOR CH300|PAR-NOR|1800.00|1487.60|1|1800.00|1487.60|0.00|0.00| |0.00|0.00| 
70|1|3|7791324157435|1|07791324157435|GALLETITAS MINI PITU.PAR-NOR CH300|PAR-NOR|1800.00|1487.60|1|1800.00|1487.60|0.00|0.00| |0.00|0.00| 
70|1|4|7791324157435|1|07791324157435|GALLETITAS MINI PITU.PAR-NOR CH300|PAR-NOR|1800.00|1487.60|1|1800.00|1487.60|0.00|0.00| |0.00|0.00| 
70|1|1|7791324000052|1|07791324000052|GALLETITAS MINI PITU.PAR-NOR FRU300|PAR-NOR|1800.00|1487.60|1|1800.00|1487.60|0.00|0.00| |0.00|0.00| 
70|1|2|7791324000052|1|07791324000052|GALLETITAS MINI PITU.PAR-NOR FRU300|PAR-NOR|1800.00|1487.60|1|1800.00|1487.60|0.00|0.00| |0.00|0.00| 
70|1|3|7791324000052|1|07791324000052|GALLETITAS MINI PITU.PAR-NOR FRU300|PAR-NOR|1800.00|1487.60|1|1800.00|1487.60|0.00|0.00| |0.00|0.00| 
70|1|4|7791324000052|1|07791324000052|GALLETITAS MINI PITU.PAR-NOR FRU300|PAR-NOR|1800.00|1487.60|1|1800.00|1487.60|0.00|0.00| |0.00|0.00| 
70|1|1|7791324157428|1|07791324157428|GALLETITAS MINI PITU.PAR-NOR VAN300|PAR-NOR|1800.00|1487.60|1|1800.00|1487.60|0.00|0.00| |0.00|0.00| 
70|1|2|7791324157428|1|07791324157428|GALLETITAS MINI PITU.PAR-NOR VAN300|PAR-NOR|1800.00|1487.60|1|1800.00|1487.60|0.00|0.00| |0.00|0.00| 
70|1|3|7791324157428|1|07791324157428|GALLETITAS MINI PITU.PAR-NOR VAN300|PAR-NOR|1800.00|1487.60|1|1800.00|1487.60|0.00|0.00| |0.00|0.00| 
70|1|4|7791324157428|1|07791324157428|GALLETITAS MINI PITU.PAR-NOR VAN300|PAR-NOR|1800.00|1487.60|1|1800.00|1487.60|0.00|0.00| |0.00|0.00| 
70|1|2|7791324157046|1|07791324157046|GALLETITAS MINI PITUSA 160G. CHOCOL|PAR-NOR|1000.00|826.45|1|1000.00|826.45|0.00|0.00| |0.00|0.00| 
70|1|3|7791324157046|1|07791324157046|GALLETITAS MINI PITUSA 160G. CHOCOL|PAR-NOR|1000.00|826.45|1|1000.00|826.45|0.00|0.00| |0.00|0.00| 
70|1|4|7791324157046|1|07791324157046|GALLETITAS MINI PITUSA 160G. CHOCOL|PAR-NOR|1000.00|826.45|1|1000.00|826.45|0.00|0.00| |0.00|0.00| 
70|1|1|7791324157466|1|07791324157466|GALLETITAS MINI PITUSA 160G. FRUTIL|PAR-NOR|1000.00|826.45|1|1000.00|826.45|0.00|0.00| |0.00|0.00| 
70|1|2|7791324157466|1|07791324157466|GALLETITAS MINI PITUSA 160G. FRUTIL|PAR-NOR|1000.00|826.45|1|1000.00|826.45|0.00|0.00| |0.00|0.00| 
70|1|3|7791324157466|1|07791324157466|GALLETITAS MINI PITUSA 160G. FRUTIL|PAR-NOR|1000.00|826.45|1|1000.00|826.45|0.00|0.00| |0.00|0.00| 
70|1|4|7791324157466|1|07791324157466|GALLETITAS MINI PITUSA 160G. FRUTIL|PAR-NOR|1000.00|826.45|1|1000.00|826.45|0.00|0.00| |0.00|0.00| 
70|1|1|7791324000069|1|07791324000069|GALLETITAS MINI PITUSA 160G. LIMON|PAR-NOR|1000.00|826.45|1|1000.00|826.45|0.00|0.00| |0.00|0.00| 
70|1|3|7791324000069|1|07791324000069|GALLETITAS MINI PITUSA 160G. LIMON|PAR-NOR|1000.00|826.45|1|1000.00|826.45|0.00|0.00| |0.00|0.00| 
70|1|4|7791324000069|1|07791324000069|GALLETITAS MINI PITUSA 160G. LIMON|PAR-NOR|1000.00|826.45|1|1000.00|826.45|0.00|0.00| |0.00|0.00| 
70|1|1|7791324157084|1|07791324157084|GALLETITAS MINI PITUSA 160G. MOUSSE|PAR-NOR|1000.00|826.45|1|1000.00|826.45|0.00|0.00| |0.00|0.00| 
70|1|3|7791324157084|1|07791324157084|GALLETITAS MINI PITUSA 160G. MOUSSE|PAR-NOR|1000.00|826.45|1|1000.00|826.45|0.00|0.00| |0.00|0.00| 
70|1|4|7791324157084|1|07791324157084|GALLETITAS MINI PITUSA 160G. MOUSSE|PAR-NOR|1000.00|826.45|1|1000.00|826.45|0.00|0.00| |0.00|0.00| 
70|1|1|7791324157022|1|07791324157022|GALLETITAS MINI PITUSA 160G. VAINIL|PAR-NOR|1000.00|826.45|1|1000.00|826.45|0.00|0.00| |0.00|0.00| 
70|1|3|7791324157022|1|07791324157022|GALLETITAS MINI PITUSA 160G. VAINIL|PAR-NOR|1000.00|826.45|1|1000.00|826.45|0.00|0.00| |0.00|0.00| 
70|1|4|7791324157022|1|07791324157022|GALLETITAS MINI PITUSA 160G. VAINIL|PAR-NOR|1000.00|826.45|1|1000.00|826.45|0.00|0.00| |0.00|0.00| 
70|1|4|7798122380348|1|07798122380348|GALLETITAS NANI 90G. CHOCOLATE|AR ALIMENTICIA SRL|1690.00|1396.69|1|1690.00|1396.69|0.00|0.00| |0.00|0.00| 
70|1|4|7798122380584|1|07798122380584|GALLETITAS NANI 90G. COCO|AR ALIMENTICIA SRL|1690.00|1396.69|1|1690.00|1396.69|0.00|0.00| |0.00|0.00| 
70|1|4|7798122380607|1|07798122380607|GALLETITAS NANI 90G. LIMON|AR ALIMENTICIA SRL|1690.00|1396.69|1|1690.00|1396.69|0.00|0.00| |0.00|0.00| 
70|1|4|7798122380591|1|07798122380591|GALLETITAS NANI 90G. NARANJA|AR ALIMENTICIA SRL|1690.00|1396.69|1|1690.00|1396.69|0.00|0.00| |0.00|0.00| 
70|1|4|7798122380331|1|07798122380331|GALLETITAS NANI 90G. VAINILLA|AR ALIMENTICIA SRL|1690.00|1396.69|1|1690.00|1396.69|0.00|0.00| |0.00|0.00| 
70|1|4|7798082001024|1|07798082001024|GALLETITAS NATUZEN BASTONES COCO200|CEREALES NATURALES|2270.00|1876.03|1|2270.00|1876.03|0.00|0.00| |0.00|0.00| 
70|1|4|7798082000324|1|07798082000324|GALLETITAS NATUZEN BIZCOCHITOS 200G|CEREALES NATURALES|2270.00|1876.03|1|2270.00|1876.03|0.00|0.00| |0.00|0.00| 
70|1|1|7798082000393|1|07798082000393|GALLETITAS NATUZEN COOKIES 130G. NE|CEREALES NATURALES|1410.00|1165.29|1|1410.00|1165.29|0.00|0.00| |0.00|0.00| 
70|1|4|7798082001086|1|07798082001086|GALLETITAS NATUZEN LIMON 200G.|CEREALES NATURALES|2270.00|1876.03|1|2270.00|1876.03|0.00|0.00| |0.00|0.00| 
70|1|4|7798082000317|1|07798082000317|GALLETITAS NATUZEN RUEDITAS CHOCOLA|CEREALES NATURALES|2270.00|1876.03|1|2270.00|1876.03|0.00|0.00| |0.00|0.00| 
70|1|1|7790263110839|1|07790263110839|GALLETITAS OKEBON LECHE 165G.|OKEBON|1080.00|892.56|1|1080.00|892.56|0.00|0.00| |0.00|0.00| 
70|1|3|7790263110839|1|07790263110839|GALLETITAS OKEBON LECHE 165G.|OKEBON|1080.00|892.56|1|1080.00|892.56|0.00|0.00| |0.00|0.00| 
70|1|4|7790263110839|1|07790263110839|GALLETITAS OKEBON LECHE 165G.|OKEBON|1080.00|892.56|1|1080.00|892.56|0.00|0.00| |0.00|0.00| 
70|1|1|7622300111922|1|07622300111922|GALLETITAS OREO 50 GRS.MINI|KRAFT FOODS ARGENTIN|920.00|760.33|1|920.00|760.33|0.00|0.00| |0.00|0.00| 
70|1|3|7622300111922|1|07622300111922|GALLETITAS OREO 50 GRS.MINI|KRAFT FOODS ARGENTIN|920.00|760.33|1|920.00|760.33|0.00|0.00| |0.00|0.00| 
70|1|4|7622300111922|1|07622300111922|GALLETITAS OREO 50 GRS.MINI|KRAFT FOODS ARGENTIN|920.00|760.33|1|920.00|760.33|0.00|0.00| |0.00|0.00| 
70|1|3|7798024290615|1|07798024290615|GALLETITAS P.PRECIO PALITOS ALME.36|TRIMAK|1500.00|1239.67|1|1500.00|1239.67|0.00|0.00| |0.00|0.00| 
70|1|4|7798024290615|1|07798024290615|GALLETITAS P.PRECIO PALITOS ALME.36|TRIMAK|1500.00|1239.67|1|1500.00|1239.67|0.00|0.00| |0.00|0.00| 
70|1|1|7798024290684|1|07798024290684|GALLETITAS P.PRECIO SCONS COCO 360G|TRIMAK|1500.00|1239.67|1|1500.00|1239.67|0.00|0.00| |0.00|0.00| 
70|1|4|7798024290684|1|07798024290684|GALLETITAS P.PRECIO SCONS COCO 360G|TRIMAK|1500.00|1239.67|1|1500.00|1239.67|0.00|0.00| |0.00|0.00| 
70|1|1|7791324156537|1|07791324156537|GALLETITAS PAR-NOR COCO 400 GRS.|PAR-NOR|2130.00|1760.33|1|2130.00|1760.33|0.00|0.00| |0.00|0.00| 
70|1|2|7791324156537|1|07791324156537|GALLETITAS PAR-NOR COCO 400 GRS.|PAR-NOR|2130.00|1760.33|1|2130.00|1760.33|0.00|0.00| |0.00|0.00| 
70|1|3|7791324156537|1|07791324156537|GALLETITAS PAR-NOR COCO 400 GRS.|PAR-NOR|2130.00|1760.33|1|2130.00|1760.33|0.00|0.00| |0.00|0.00| 
70|1|4|7791324156537|1|07791324156537|GALLETITAS PAR-NOR COCO 400 GRS.|PAR-NOR|2130.00|1760.33|1|2130.00|1760.33|0.00|0.00| |0.00|0.00| 
70|1|1|7791324156544|1|07791324156544|GALLETITAS PAR-NOR MOROCHITAS 360GR|PAR-NOR|2130.00|1760.33|1|2130.00|1760.33|0.00|0.00| |0.00|0.00| 
70|1|2|7791324156544|1|07791324156544|GALLETITAS PAR-NOR MOROCHITAS 360GR|PAR-NOR|2130.00|1760.33|1|2130.00|1760.33|0.00|0.00| |0.00|0.00| 
70|1|3|7791324156544|1|07791324156544|GALLETITAS PAR-NOR MOROCHITAS 360GR|PAR-NOR|2130.00|1760.33|1|2130.00|1760.33|0.00|0.00| |0.00|0.00| 
70|1|4|7791324156544|1|07791324156544|GALLETITAS PAR-NOR MOROCHITAS 360GR|PAR-NOR|2130.00|1760.33|1|2130.00|1760.33|0.00|0.00| |0.00|0.00| 
70|1|1|7791324157411|1|07791324157411|GALLETITAS PAR-NOR PEPITAS 400GRS|PAR-NOR|2130.00|1760.33|1|2130.00|1760.33|0.00|0.00| |0.00|0.00| 
70|1|2|7791324157411|1|07791324157411|GALLETITAS PAR-NOR PEPITAS 400GRS|PAR-NOR|2130.00|1760.33|1|2130.00|1760.33|0.00|0.00| |0.00|0.00| 
70|1|4|7791324157411|1|07791324157411|GALLETITAS PAR-NOR PEPITAS 400GRS|PAR-NOR|2130.00|1760.33|1|2130.00|1760.33|0.00|0.00| |0.00|0.00| 
70|1|1|7792180006448|1|07792180006448|GALLETITAS PASEO 300G. MINI CRACKER|MOLINO CAÑUELAS|1570.00|1297.52|1|1570.00|1297.52|0.00|0.00| |0.00|0.00| 
70|1|3|7792180006448|1|07792180006448|GALLETITAS PASEO 300G. MINI CRACKER|MOLINO CAÑUELAS|1570.00|1297.52|1|1570.00|1297.52|0.00|0.00| |0.00|0.00| 
70|1|4|7792180006448|1|07792180006448|GALLETITAS PASEO 300G. MINI CRACKER|MOLINO CAÑUELAS|1570.00|1297.52|1|1570.00|1297.52|0.00|0.00| |0.00|0.00| 
70|1|1|7792180007346|1|07792180007346|GALLETITAS PASEO 300G. MIX DE CEREA|MOLINO CAÑUELAS|1570.00|1297.52|1|1570.00|1297.52|0.00|0.00| |0.00|0.00| 
70|1|3|7792180007346|1|07792180007346|GALLETITAS PASEO 300G. MIX DE CEREA|MOLINO CAÑUELAS|1570.00|1297.52|1|1570.00|1297.52|0.00|0.00| |0.00|0.00| 
70|1|4|7792180007346|1|07792180007346|GALLETITAS PASEO 300G. MIX DE CEREA|MOLINO CAÑUELAS|1570.00|1297.52|1|1570.00|1297.52|0.00|0.00| |0.00|0.00| 
70|1|1|7792200020096|1|07792200020096|GALLETITAS PASEO 300G. SALVADO |MOLINO CAÑUELAS|1430.00|1181.82|1|1430.00|1181.82|0.00|0.00| |0.00|0.00| 
70|1|2|7792200020096|1|07792200020096|GALLETITAS PASEO 300G. SALVADO |MOLINO CAÑUELAS|1430.00|1181.82|1|1430.00|1181.82|0.00|0.00| |0.00|0.00| 
70|1|3|7792200020096|1|07792200020096|GALLETITAS PASEO 300G. SALVADO |MOLINO CAÑUELAS|1430.00|1181.82|1|1430.00|1181.82|0.00|0.00| |0.00|0.00| 
70|1|4|7792200020096|1|07792200020096|GALLETITAS PASEO 300G. SALVADO |MOLINO CAÑUELAS|1430.00|1181.82|1|1430.00|1181.82|0.00|0.00| |0.00|0.00| 
70|1|2|7792180007285|1|07792180007285|GALLETITAS PASEO 300G. SESAMO|MOLINO CAÑUELAS|1570.00|1297.52|1|1570.00|1297.52|0.00|0.00| |0.00|0.00| 
70|1|3|7792180007285|1|07792180007285|GALLETITAS PASEO 300G. SESAMO|MOLINO CAÑUELAS|1570.00|1297.52|1|1570.00|1297.52|0.00|0.00| |0.00|0.00| 
70|1|4|7792180007285|1|07792180007285|GALLETITAS PASEO 300G. SESAMO|MOLINO CAÑUELAS|1570.00|1297.52|1|1570.00|1297.52|0.00|0.00| |0.00|0.00| 
70|1|1|7792180007254|1|07792180007254|GALLETITAS PASEO 300G. SIN SAL|MOLINO CAÑUELAS|1260.00|1041.32|1|1260.00|1041.32|0.00|0.00| |0.00|0.00| 
70|1|2|7792180007254|1|07792180007254|GALLETITAS PASEO 300G. SIN SAL|MOLINO CAÑUELAS|1260.00|1041.32|1|1260.00|1041.32|0.00|0.00| |0.00|0.00| 
70|1|3|7792180007254|1|07792180007254|GALLETITAS PASEO 300G. SIN SAL|MOLINO CAÑUELAS|1260.00|1041.32|1|1260.00|1041.32|0.00|0.00| |0.00|0.00| 
70|1|4|7792180007254|1|07792180007254|GALLETITAS PASEO 300G. SIN SAL|MOLINO CAÑUELAS|1260.00|1041.32|1|1260.00|1041.32|0.00|0.00| |0.00|0.00| 
70|1|1|7622300836610|1|07622300836610|GALLETITAS PEPITOS MINI 50G.|KRAFT FOODS ARGENTIN|920.00|760.33|1|920.00|760.33|0.00|0.00| |0.00|0.00| 
70|1|3|7622300836610|1|07622300836610|GALLETITAS PEPITOS MINI 50G.|KRAFT FOODS ARGENTIN|920.00|760.33|1|920.00|760.33|0.00|0.00| |0.00|0.00| 
70|1|4|7622300836610|1|07622300836610|GALLETITAS PEPITOS MINI 50G.|KRAFT FOODS ARGENTIN|920.00|760.33|1|920.00|760.33|0.00|0.00| |0.00|0.00| 
70|1|1|7790040287006|1|07790040287006|GALLETITAS POLVORITA CHOCOLATE 152G|LIA|1120.00|925.62|1|1120.00|925.62|0.00|0.00| |0.00|0.00| 
70|1|3|7790040287006|1|07790040287006|GALLETITAS POLVORITA CHOCOLATE 152G|LIA|1120.00|925.62|1|1120.00|925.62|0.00|0.00| |0.00|0.00| 
70|1|4|7790040287006|1|07790040287006|GALLETITAS POLVORITA CHOCOLATE 152G|LIA|1120.00|925.62|1|1120.00|925.62|0.00|0.00| |0.00|0.00| 
70|1|1|7790040314009|1|07790040314009|GALLETITAS POLVORITA CHOCOLATE 81G.|LIA|550.00|454.55|1|550.00|454.55|0.00|0.00| |0.00|0.00| 
70|1|2|7790040314009|1|07790040314009|GALLETITAS POLVORITA CHOCOLATE 81G.|LIA|550.00|454.55|1|550.00|454.55|0.00|0.00| |0.00|0.00| 
70|1|3|7790040314009|1|07790040314009|GALLETITAS POLVORITA CHOCOLATE 81G.|LIA|550.00|454.55|1|550.00|454.55|0.00|0.00| |0.00|0.00| 
70|1|4|7790040314009|1|07790040314009|GALLETITAS POLVORITA CHOCOLATE 81G.|LIA|550.00|454.55|1|550.00|454.55|0.00|0.00| |0.00|0.00| 
70|1|1|7790040287105|1|07790040287105|GALLETITAS POLVORITA VAINILLA 152G.|LIA|1120.00|925.62|1|1120.00|925.62|0.00|0.00| |0.00|0.00| 
70|1|3|7790040287105|1|07790040287105|GALLETITAS POLVORITA VAINILLA 152G.|LIA|1120.00|925.62|1|1120.00|925.62|0.00|0.00| |0.00|0.00| 
70|1|4|7790040287105|1|07790040287105|GALLETITAS POLVORITA VAINILLA 152G.|LIA|1120.00|925.62|1|1120.00|925.62|0.00|0.00| |0.00|0.00| 
70|1|4|7798082000492|1|07798082000492|GALLETITAS RUEDITAS VAINILLA 180G.|CEREALES NATURALES|2270.00|1876.03|1|2270.00|1876.03|0.00|0.00| |0.00|0.00| 
70|1|1|7790580716806|1|07790580716806|GALLETITAS SALADIX CALAB.100 G   |ARCOR S.A.|1500.00|1239.67|1|1500.00|1239.67|0.00|0.00| |0.00|0.00| 
70|1|2|7790580716806|1|07790580716806|GALLETITAS SALADIX CALAB.100 G   |ARCOR S.A.|1500.00|1239.67|1|1500.00|1239.67|0.00|0.00| |0.00|0.00| 
70|1|4|7790580716806|1|07790580716806|GALLETITAS SALADIX CALAB.100 G   |ARCOR S.A.|1500.00|1239.67|1|1500.00|1239.67|0.00|0.00| |0.00|0.00| 
70|1|1|7790040374607|1|07790040374607|GALLETITAS SALADIX DUO JAM.QUE.80GR|ARCOR S.A.|1500.00|1239.67|1|1500.00|1239.67|0.00|0.00| |0.00|0.00| 
70|1|4|7790040374607|1|07790040374607|GALLETITAS SALADIX DUO JAM.QUE.80GR|ARCOR S.A.|1500.00|1239.67|1|1500.00|1239.67|0.00|0.00| |0.00|0.00| 
70|1|1|7790580716707|1|07790580716707|GALLETITAS SALADIX JAMON 100 G   |ARCOR S.A.|1500.00|1239.67|1|1500.00|1239.67|0.00|0.00| |0.00|0.00| 
70|1|3|7790580716707|1|07790580716707|GALLETITAS SALADIX JAMON 100 G   |ARCOR S.A.|1500.00|1239.67|1|1500.00|1239.67|0.00|0.00| |0.00|0.00| 
70|1|4|7790580716707|1|07790580716707|GALLETITAS SALADIX JAMON 100 G   |ARCOR S.A.|1500.00|1239.67|1|1500.00|1239.67|0.00|0.00| |0.00|0.00| 
70|1|1|7790580697303|1|07790580697303|GALLETITAS SALADIX PIZZA 100 G   |ARCOR S.A.|1500.00|1239.67|1|1500.00|1239.67|0.00|0.00| |0.00|0.00| 
70|1|3|7790580697303|1|07790580697303|GALLETITAS SALADIX PIZZA 100 G   |ARCOR S.A.|1500.00|1239.67|1|1500.00|1239.67|0.00|0.00| |0.00|0.00| 
70|1|4|7790580697303|1|07790580697303|GALLETITAS SALADIX PIZZA 100 G   |ARCOR S.A.|1500.00|1239.67|1|1500.00|1239.67|0.00|0.00| |0.00|0.00| 
70|1|3|7798181510229|1|07798181510229|GALLETITAS SMAMS CRACKERS MIX SEMIL|SMAMS WELLINGTON FOO|3140.00|2595.04|1|3140.00|2595.04|0.00|0.00| |0.00|0.00| 
70|1|4|7798181510229|1|07798181510229|GALLETITAS SMAMS CRACKERS MIX SEMIL|SMAMS WELLINGTON FOO|3140.00|2595.04|1|3140.00|2595.04|0.00|0.00| |0.00|0.00| 
70|1|4|7798181510205|1|07798181510205|GALLETITAS SMAMS CRACKERS SIN SAL 1|SMAMS WELLINGTON FOO|3140.00|2595.04|1|3140.00|2595.04|0.00|0.00| |0.00|0.00| 
70|1|4|7798181510014|1|07798181510014|GALLETITAS SMAMS RELLENA CHOCOLATE |SMAMS WELLINGTON FOO|2030.00|1677.69|1|2030.00|1677.69|0.00|0.00| |0.00|0.00| 
70|1|4|7798181510267|1|07798181510267|GALLETITAS SMAMS RELLENA FRUTILLA 1|SMAMS WELLINGTON FOO|2030.00|1677.69|1|2030.00|1677.69|0.00|0.00| |0.00|0.00| 
70|1|1|7798024290653|1|07798024290653|GALLETITAS SURTIDAS PRIMER PRECIO 4|TRIMAK|1415.00|1169.42|1|1415.00|1169.42|0.00|0.00| |0.00|0.00| 
70|1|3|7798024290653|1|07798024290653|GALLETITAS SURTIDAS PRIMER PRECIO 4|TRIMAK|1415.00|1169.42|1|1415.00|1169.42|0.00|0.00| |0.00|0.00| 
70|1|4|7798024290653|1|07798024290653|GALLETITAS SURTIDAS PRIMER PRECIO 4|TRIMAK|1415.00|1169.42|1|1415.00|1169.42|0.00|0.00| |0.00|0.00| 
70|1|1|7791787000316|1|07791787000316|GALLETITAS TRIO 300G PEPONAS BATAT |TRIO|1200.00|991.74|1|1200.00|991.74|0.00|0.00| |0.00|0.00| 
70|1|2|7791787000316|1|07791787000316|GALLETITAS TRIO 300G PEPONAS BATAT |TRIO|1200.00|991.74|1|1200.00|991.74|0.00|0.00| |0.00|0.00| 
70|1|3|7791787000316|1|07791787000316|GALLETITAS TRIO 300G PEPONAS BATAT |TRIO|1200.00|991.74|1|1200.00|991.74|0.00|0.00| |0.00|0.00| 
70|1|4|7791787000316|1|07791787000316|GALLETITAS TRIO 300G PEPONAS BATAT |TRIO|1200.00|991.74|1|1200.00|991.74|0.00|0.00| |0.00|0.00| 
70|1|1|7791787001085|1|07791787001085|GALLETITAS TRIO 300G. CHOCOLATINA|TRIO|1800.00|1487.60|1|1800.00|1487.60|0.00|0.00| |0.00|0.00| 
70|1|2|7791787001085|1|07791787001085|GALLETITAS TRIO 300G. CHOCOLATINA|TRIO|1800.00|1487.60|1|1800.00|1487.60|0.00|0.00| |0.00|0.00| 
70|1|3|7791787001085|1|07791787001085|GALLETITAS TRIO 300G. CHOCOLATINA|TRIO|1800.00|1487.60|1|1800.00|1487.60|0.00|0.00| |0.00|0.00| 
70|1|4|7791787001085|1|07791787001085|GALLETITAS TRIO 300G. CHOCOLATINA|TRIO|1800.00|1487.60|1|1800.00|1487.60|0.00|0.00| |0.00|0.00| 
70|1|1|7791787000774|1|07791787000774|GALLETITAS TRIO 300G. FROLITAS BATA|TRIO|1300.00|1074.38|1|1300.00|1074.38|0.00|0.00| |0.00|0.00| 
70|1|2|7791787000774|1|07791787000774|GALLETITAS TRIO 300G. FROLITAS BATA|TRIO|1300.00|1074.38|1|1300.00|1074.38|0.00|0.00| |0.00|0.00| 
70|1|3|7791787000774|1|07791787000774|GALLETITAS TRIO 300G. FROLITAS BATA|TRIO|1300.00|1074.38|1|1300.00|1074.38|0.00|0.00| |0.00|0.00| 
70|1|4|7791787000774|1|07791787000774|GALLETITAS TRIO 300G. FROLITAS BATA|TRIO|1300.00|1074.38|1|1300.00|1074.38|0.00|0.00| |0.00|0.00| 
70|1|1|7791787000644|1|07791787000644|GALLETITAS TRIO 300G. FROLITAS MEMB|TRIO|1200.00|991.74|1|1200.00|991.74|0.00|0.00| |0.00|0.00| 
70|1|2|7791787000644|1|07791787000644|GALLETITAS TRIO 300G. FROLITAS MEMB|TRIO|1200.00|991.74|1|1200.00|991.74|0.00|0.00| |0.00|0.00| 
70|1|3|7791787000644|1|07791787000644|GALLETITAS TRIO 300G. FROLITAS MEMB|TRIO|1200.00|991.74|1|1200.00|991.74|0.00|0.00| |0.00|0.00| 
70|1|4|7791787000644|1|07791787000644|GALLETITAS TRIO 300G. FROLITAS MEMB|TRIO|1200.00|991.74|1|1200.00|991.74|0.00|0.00| |0.00|0.00| 
70|1|1|7791787000651|1|07791787000651|GALLETITAS TRIO 300G. GLASY|TRIO|1200.00|991.74|1|1200.00|991.74|0.00|0.00| |0.00|0.00| 
70|1|2|7791787000651|1|07791787000651|GALLETITAS TRIO 300G. GLASY|TRIO|1200.00|991.74|1|1200.00|991.74|0.00|0.00| |0.00|0.00| 
70|1|3|7791787000651|1|07791787000651|GALLETITAS TRIO 300G. GLASY|TRIO|1200.00|991.74|1|1200.00|991.74|0.00|0.00| |0.00|0.00| 
70|1|4|7791787000651|1|07791787000651|GALLETITAS TRIO 300G. GLASY|TRIO|1200.00|991.74|1|1200.00|991.74|0.00|0.00| |0.00|0.00| 
70|1|1|7791787000675|1|07791787000675|GALLETITAS TRIO 300G. LINGUINI|TRIO|1300.00|1074.38|1|1300.00|1074.38|0.00|0.00| |0.00|0.00| 
70|1|2|7791787000675|1|07791787000675|GALLETITAS TRIO 300G. LINGUINI|TRIO|1300.00|1074.38|1|1300.00|1074.38|0.00|0.00| |0.00|0.00| 
70|1|3|7791787000675|1|07791787000675|GALLETITAS TRIO 300G. LINGUINI|TRIO|1300.00|1074.38|1|1300.00|1074.38|0.00|0.00| |0.00|0.00| 
70|1|4|7791787000675|1|07791787000675|GALLETITAS TRIO 300G. LINGUINI|TRIO|1300.00|1074.38|1|1300.00|1074.38|0.00|0.00| |0.00|0.00| 
70|1|1|7791787000903|1|07791787000903|GALLETITAS TRIO 300G. MINIPEPAS|TRIO|1300.00|1074.38|1|1300.00|1074.38|0.00|0.00| |0.00|0.00| 
70|1|2|7791787000903|1|07791787000903|GALLETITAS TRIO 300G. MINIPEPAS|TRIO|1300.00|1074.38|1|1300.00|1074.38|0.00|0.00| |0.00|0.00| 
70|1|3|7791787000903|1|07791787000903|GALLETITAS TRIO 300G. MINIPEPAS|TRIO|1300.00|1074.38|1|1300.00|1074.38|0.00|0.00| |0.00|0.00| 
70|1|4|7791787000903|1|07791787000903|GALLETITAS TRIO 300G. MINIPEPAS|TRIO|1300.00|1074.38|1|1300.00|1074.38|0.00|0.00| |0.00|0.00| 
70|1|1|7791787001108|1|07791787001108|GALLETITAS TRIO 300G. OSKITO|TRIO|1620.00|1338.84|1|1620.00|1338.84|0.00|0.00| |0.00|0.00| 
70|1|2|7791787001108|1|07791787001108|GALLETITAS TRIO 300G. OSKITO|TRIO|1620.00|1338.84|1|1620.00|1338.84|0.00|0.00| |0.00|0.00| 
70|1|3|7791787001108|1|07791787001108|GALLETITAS TRIO 300G. OSKITO|TRIO|1620.00|1338.84|1|1620.00|1338.84|0.00|0.00| |0.00|0.00| 
70|1|4|7791787001108|1|07791787001108|GALLETITAS TRIO 300G. OSKITO|TRIO|1620.00|1338.84|1|1620.00|1338.84|0.00|0.00| |0.00|0.00| 
70|1|1|7791787001153|1|07791787001153|GALLETITAS TRIO 300G. PEPAS CHOCOTR|TRIO|1800.00|1487.60|1|1800.00|1487.60|0.00|0.00| |0.00|0.00| 
70|1|4|7791787001153|1|07791787001153|GALLETITAS TRIO 300G. PEPAS CHOCOTR|TRIO|1800.00|1487.60|1|1800.00|1487.60|0.00|0.00| |0.00|0.00| 
70|1|4|7791787000149|1|07791787000149|GALLETITAS TRIO 300G. TRICHIPS|TRIO|1300.00|1074.38|1|1300.00|1074.38|0.00|0.00| |0.00|0.00| 
70|1|1|7791787000705|1|07791787000705|GALLETITAS TRIO 300G. TRICHOC|TRIO|1200.00|991.74|1|1200.00|991.74|0.00|0.00| |0.00|0.00| 
70|1|2|7791787000705|1|07791787000705|GALLETITAS TRIO 300G. TRICHOC|TRIO|1200.00|991.74|1|1200.00|991.74|0.00|0.00| |0.00|0.00| 
70|1|3|7791787000705|1|07791787000705|GALLETITAS TRIO 300G. TRICHOC|TRIO|1200.00|991.74|1|1200.00|991.74|0.00|0.00| |0.00|0.00| 
70|1|4|7791787000705|1|07791787000705|GALLETITAS TRIO 300G. TRICHOC|TRIO|1200.00|991.74|1|1200.00|991.74|0.00|0.00| |0.00|0.00| 
70|1|3|7791787001160|1|07791787001160|GALLETITAS TRIO 500G. PEPAS CHOCOTR|TRIO|2300.00|1900.83|1|2300.00|1900.83|0.00|0.00| |0.00|0.00| 
70|1|4|7791787001160|1|07791787001160|GALLETITAS TRIO 500G. PEPAS CHOCOTR|TRIO|2300.00|1900.83|1|2300.00|1900.83|0.00|0.00| |0.00|0.00| 
70|1|1|7791787100320|1|07791787100320|GALLETITAS TRIO FROLITAS 1KG.|TRIO|4000.00|3305.79|1|4000.00|3305.79|0.00|0.00| |0.00|0.00| 
70|1|2|7791787100320|1|07791787100320|GALLETITAS TRIO FROLITAS 1KG.|TRIO|4000.00|3305.79|1|4000.00|3305.79|0.00|0.00| |0.00|0.00| 
70|1|4|7791787100320|1|07791787100320|GALLETITAS TRIO FROLITAS 1KG.|TRIO|4000.00|3305.79|1|4000.00|3305.79|0.00|0.00| |0.00|0.00| 
70|1|1|7791787100603|1|07791787100603|GALLETITAS TRIO FROLITAS 500 GRS.|TRIO|1850.00|1528.93|1|1850.00|1528.93|0.00|0.00| |0.00|0.00| 
70|1|2|7791787100603|1|07791787100603|GALLETITAS TRIO FROLITAS 500 GRS.|TRIO|1850.00|1528.93|1|1850.00|1528.93|0.00|0.00| |0.00|0.00| 
70|1|3|7791787100603|1|07791787100603|GALLETITAS TRIO FROLITAS 500 GRS.|TRIO|1850.00|1528.93|1|1850.00|1528.93|0.00|0.00| |0.00|0.00| 
70|1|4|7791787100603|1|07791787100603|GALLETITAS TRIO FROLITAS 500 GRS.|TRIO|1850.00|1528.93|1|1850.00|1528.93|0.00|0.00| |0.00|0.00| 
70|1|2|7791787000880|1|07791787000880|GALLETITAS TRIO FROLITAS BATATA 500|TRIO|2050.00|1694.21|1|2050.00|1694.21|0.00|0.00| |0.00|0.00| 
70|1|4|7791787000880|1|07791787000880|GALLETITAS TRIO FROLITAS BATATA 500|TRIO|2050.00|1694.21|1|2050.00|1694.21|0.00|0.00| |0.00|0.00| 
70|1|1|7791787100450|1|07791787100450|GALLETITAS TRIO GLASY 500 GRS.|TRIO|1720.00|1421.49|1|1720.00|1421.49|0.00|0.00| |0.00|0.00| 
70|1|2|7791787100450|1|07791787100450|GALLETITAS TRIO GLASY 500 GRS.|TRIO|1720.00|1421.49|1|1720.00|1421.49|0.00|0.00| |0.00|0.00| 
70|1|3|7791787100450|1|07791787100450|GALLETITAS TRIO GLASY 500 GRS.|TRIO|1720.00|1421.49|1|1720.00|1421.49|0.00|0.00| |0.00|0.00| 
70|1|4|7791787100450|1|07791787100450|GALLETITAS TRIO GLASY 500 GRS.|TRIO|1720.00|1421.49|1|1720.00|1421.49|0.00|0.00| |0.00|0.00| 
70|1|2|7791787100597|1|07791787100597|GALLETITAS TRIO PEPAS 1KG.|TRIO|3700.00|3057.85|1|3700.00|3057.85|0.00|0.00| |0.00|0.00| 
70|1|3|7791787100597|1|07791787100597|GALLETITAS TRIO PEPAS 1KG.|TRIO|3700.00|3057.85|1|3700.00|3057.85|0.00|0.00| |0.00|0.00| 
70|1|4|7791787100597|1|07791787100597|GALLETITAS TRIO PEPAS 1KG.|TRIO|3700.00|3057.85|1|3700.00|3057.85|0.00|0.00| |0.00|0.00| 
70|1|1|7791787000040|1|07791787000040|GALLETITAS TRIO PEPAS 500 GRS.|TRIO|1720.00|1421.49|1|1720.00|1421.49|0.00|0.00| |0.00|0.00| 
70|1|2|7791787000040|1|07791787000040|GALLETITAS TRIO PEPAS 500 GRS.|TRIO|1720.00|1421.49|1|1720.00|1421.49|0.00|0.00| |0.00|0.00| 
70|1|3|7791787000040|1|07791787000040|GALLETITAS TRIO PEPAS 500 GRS.|TRIO|1720.00|1421.49|1|1720.00|1421.49|0.00|0.00| |0.00|0.00| 
70|1|4|7791787000040|1|07791787000040|GALLETITAS TRIO PEPAS 500 GRS.|TRIO|1720.00|1421.49|1|1720.00|1421.49|0.00|0.00| |0.00|0.00| 
70|1|1|7791787100672|1|07791787100672|GALLETITAS TRIO PEPAS C/CHIPS 500GR|TRIO|1850.00|1528.93|1|1850.00|1528.93|0.00|0.00| |0.00|0.00| 
70|1|2|7791787100672|1|07791787100672|GALLETITAS TRIO PEPAS C/CHIPS 500GR|TRIO|1850.00|1528.93|1|1850.00|1528.93|0.00|0.00| |0.00|0.00| 
70|1|3|7791787100672|1|07791787100672|GALLETITAS TRIO PEPAS C/CHIPS 500GR|TRIO|1850.00|1528.93|1|1850.00|1528.93|0.00|0.00| |0.00|0.00| 
70|1|4|7791787100672|1|07791787100672|GALLETITAS TRIO PEPAS C/CHIPS 500GR|TRIO|1850.00|1528.93|1|1850.00|1528.93|0.00|0.00| |0.00|0.00| 
70|1|1|7791787000323|1|07791787000323|GALLETITAS TRIO PEPONAS BATATA 500G|TRIO|2050.00|1694.21|1|2050.00|1694.21|0.00|0.00| |0.00|0.00| 
70|1|2|7791787000323|1|07791787000323|GALLETITAS TRIO PEPONAS BATATA 500G|TRIO|2050.00|1694.21|1|2050.00|1694.21|0.00|0.00| |0.00|0.00| 
70|1|3|7791787000323|1|07791787000323|GALLETITAS TRIO PEPONAS BATATA 500G|TRIO|2050.00|1694.21|1|2050.00|1694.21|0.00|0.00| |0.00|0.00| 
70|1|4|7791787000323|1|07791787000323|GALLETITAS TRIO PEPONAS BATATA 500G|TRIO|2050.00|1694.21|1|2050.00|1694.21|0.00|0.00| |0.00|0.00| 
70|1|1|7791787100382|1|07791787100382|GALLETITAS TRIO TRI CHOC 500 GRS.|TRIO|2050.00|1694.21|1|2050.00|1694.21|0.00|0.00| |0.00|0.00| 
70|1|2|7791787100382|1|07791787100382|GALLETITAS TRIO TRI CHOC 500 GRS.|TRIO|2050.00|1694.21|1|2050.00|1694.21|0.00|0.00| |0.00|0.00| 
70|1|3|7791787100382|1|07791787100382|GALLETITAS TRIO TRI CHOC 500 GRS.|TRIO|2050.00|1694.21|1|2050.00|1694.21|0.00|0.00| |0.00|0.00| 
70|1|4|7791787100382|1|07791787100382|GALLETITAS TRIO TRI CHOC 500 GRS.|TRIO|2050.00|1694.21|1|2050.00|1694.21|0.00|0.00| |0.00|0.00| 
70|1|1|7791787100283|1|07791787100283|GALLETITAS TRIO VARIETTE 500 GRS.|TRIO|1920.00|1586.78|1|1920.00|1586.78|0.00|0.00| |0.00|0.00| 
70|1|2|7791787100283|1|07791787100283|GALLETITAS TRIO VARIETTE 500 GRS.|TRIO|1920.00|1586.78|1|1920.00|1586.78|0.00|0.00| |0.00|0.00| 
70|1|3|7791787100283|1|07791787100283|GALLETITAS TRIO VARIETTE 500 GRS.|TRIO|1920.00|1586.78|1|1920.00|1586.78|0.00|0.00| |0.00|0.00| 
70|1|4|7791787100283|1|07791787100283|GALLETITAS TRIO VARIETTE 500 GRS.|TRIO|1920.00|1586.78|1|1920.00|1586.78|0.00|0.00| |0.00|0.00| 
70|1|4|7793522000124|1|07793522000124|GALLETITAS VALENTE VAINILLA 148 G.|BIMBO|1414.80|1169.26|1|1414.80|1169.26|0.00|0.00| |0.00|0.00| 
70|1|1|7622300829568|1|07622300829568|GALLETITAS VARIEDAD CHOCOLATE 300|KRAFT FOODS ARGENTIN|2450.00|2024.79|1|2450.00|2024.79|0.00|0.00| |0.00|0.00| 
70|1|2|7622300829568|1|07622300829568|GALLETITAS VARIEDAD CHOCOLATE 300|KRAFT FOODS ARGENTIN|2450.00|2024.79|1|2450.00|2024.79|0.00|0.00| |0.00|0.00| 
70|1|3|7622300829568|1|07622300829568|GALLETITAS VARIEDAD CHOCOLATE 300|KRAFT FOODS ARGENTIN|2450.00|2024.79|1|2450.00|2024.79|0.00|0.00| |0.00|0.00| 
70|1|4|7622300829568|1|07622300829568|GALLETITAS VARIEDAD CHOCOLATE 300|KRAFT FOODS ARGENTIN|2450.00|2024.79|1|2450.00|2024.79|0.00|0.00| |0.00|0.00| 
70|1|4|7622300829544|1|07622300829544|GALLETITAS VARIEDAD DORADA 300GRS|KRAFT FOODS ARGENTIN|2450.00|2024.79|1|2450.00|2024.79|0.00|0.00| |0.00|0.00| 
70|1|2|7794268004681|1|07794268004681|GARAPIÑADAS ALMENDRAS MANISUR 75 GR|MANISUR|1750.00|1446.28|1|1750.00|1446.28|0.00|0.00| |0.00|0.00| 
70|1|4|7794268004476|1|07794268004476|GARAPIÑADAS MANI MANISUR 100GRS|MANISUR|560.00|462.81|1|560.00|462.81|0.00|0.00| |0.00|0.00| 
70|1|2|7794268004483|1|07794268004483|GARAPIÑADAS MANI MANISUR 200 GRS|MANISUR|1000.00|826.45|1|1000.00|826.45|0.00|0.00| |0.00|0.00| 
70|1|4|7794268004483|1|07794268004483|GARAPIÑADAS MANI MANISUR 200 GRS|MANISUR|1000.00|826.45|1|1000.00|826.45|0.00|0.00| |0.00|0.00| 
70|1|2|7794268004506|1|07794268004506|GARAPIÑADAS MANI REINA MORA 75GRS|MANISUR|400.00|330.58|1|400.00|330.58|0.00|0.00| |0.00|0.00| 
70|1|1|7793360987106|1|07793360987106|GARBANZOS LA CAMPAGNOLA 195G.|LA CAMPAGNOLA|1720.00|1421.49|1|1720.00|1421.49|0.00|0.00| |0.00|0.00| 
70|1|3|7793360987106|1|07793360987106|GARBANZOS LA CAMPAGNOLA 195G.|LA CAMPAGNOLA|1720.00|1421.49|1|1720.00|1421.49|0.00|0.00| |0.00|0.00| 
70|1|4|7793360987106|1|07793360987106|GARBANZOS LA CAMPAGNOLA 195G.|LA CAMPAGNOLA|1720.00|1421.49|1|1720.00|1421.49|0.00|0.00| |0.00|0.00| 
70|1|1|7792350005349|1|07792350005349|GARBANZOS PRIMER PRECIO 205G|INALPA|860.00|710.74|1|860.00|710.74|0.00|0.00| |0.00|0.00| 
70|1|2|7792350005349|1|07792350005349|GARBANZOS PRIMER PRECIO 205G|INALPA|860.00|710.74|1|860.00|710.74|0.00|0.00| |0.00|0.00| 
70|1|3|7792350005349|1|07792350005349|GARBANZOS PRIMER PRECIO 205G|INALPA|860.00|710.74|1|860.00|710.74|0.00|0.00| |0.00|0.00| 
70|1|4|7792350005349|1|07792350005349|GARBANZOS PRIMER PRECIO 205G|INALPA|860.00|710.74|1|860.00|710.74|0.00|0.00| |0.00|0.00| 
70|1|4|7792860007666|1|07792860007666|GARRAPI/ADAS DE MANI LHERITIER 80G.|LHERITIER FIESTAS|599.00|495.04|1|599.00|495.04|0.00|0.00| |0.00|0.00| 
70|1|1|7790895001413|1|07790895001413|GASEOSA COCA COLA 1 LT.|COCA COLA|2590.00|2140.50|1|2590.00|2140.50|0.00|0.00| |0.00|0.00| 
70|1|1|7790895005374|1|07790895005374|GASEOSA COCA COLA 1.250 LT.RETORNAB|COCA COLA|2590.00|2140.50|1|2590.00|2140.50|0.00|0.00| |0.00|0.00| 
70|1|2|7790895005374|1|07790895005374|GASEOSA COCA COLA 1.250 LT.RETORNAB|COCA COLA|2590.00|2140.50|1|2590.00|2140.50|0.00|0.00| |0.00|0.00| 
70|1|3|7790895005374|1|07790895005374|GASEOSA COCA COLA 1.250 LT.RETORNAB|COCA COLA|2590.00|2140.50|1|2590.00|2140.50|0.00|0.00| |0.00|0.00| 
70|1|4|7790895005374|1|07790895005374|GASEOSA COCA COLA 1.250 LT.RETORNAB|COCA COLA|2590.00|2140.50|1|2590.00|2140.50|0.00|0.00| |0.00|0.00| 
70|1|1|7790895000430|1|07790895000430|GASEOSA COCA COLA 1.5 LITRO      |COCA COLA|3590.00|2966.94|1|3590.00|2966.94|0.00|0.00| |0.00|0.00| 
70|1|2|7790895000430|1|07790895000430|GASEOSA COCA COLA 1.5 LITRO      |COCA COLA|3590.00|2966.94|1|3590.00|2966.94|0.00|0.00| |0.00|0.00| 
70|1|3|7790895000430|1|07790895000430|GASEOSA COCA COLA 1.5 LITRO      |COCA COLA|3590.00|2966.94|1|3590.00|2966.94|0.00|0.00| |0.00|0.00| 
70|1|4|7790895000430|1|07790895000430|GASEOSA COCA COLA 1.5 LITRO      |COCA COLA|3590.00|2966.94|1|3590.00|2966.94|0.00|0.00| |0.00|0.00| 
70|1|1|7790895000218|1|07790895000218|GASEOSA COCA COLA 2 LT.RETORNABLE|COCA COLA|3490.00|2884.30|1|3490.00|2884.30|0.00|0.00| |0.00|0.00| 
70|1|2|7790895000218|1|07790895000218|GASEOSA COCA COLA 2 LT.RETORNABLE|COCA COLA|3490.00|2884.30|1|3490.00|2884.30|0.00|0.00| |0.00|0.00| 
70|1|3|7790895000218|1|07790895000218|GASEOSA COCA COLA 2 LT.RETORNABLE|COCA COLA|3490.00|2884.30|1|3490.00|2884.30|0.00|0.00| |0.00|0.00| 
70|1|4|7790895000218|1|07790895000218|GASEOSA COCA COLA 2 LT.RETORNABLE|COCA COLA|3490.00|2884.30|1|3490.00|2884.30|0.00|0.00| |0.00|0.00| 
70|1|1|7790895068164|1|07790895068164|GASEOSA COCA COLA 2.5 LT.RETORNABLE|COCA COLA|4090.00|3380.17|1|4090.00|3380.17|0.00|0.00| |0.00|0.00| 
70|1|3|7790895068164|1|07790895068164|GASEOSA COCA COLA 2.5 LT.RETORNABLE|COCA COLA|4090.00|3380.17|1|4090.00|3380.17|0.00|0.00| |0.00|0.00| 
70|1|4|7790895068164|1|07790895068164|GASEOSA COCA COLA 2.5 LT.RETORNABLE|COCA COLA|4090.00|3380.17|1|4090.00|3380.17|0.00|0.00| |0.00|0.00| 
70|1|1|7790895005794|1|07790895005794|GASEOSA COCA COLA 2.500 CC.|COCA COLA|5390.00|4454.55|1|5390.00|4454.55|0.00|0.00| |0.00|0.00| 
70|1|2|7790895005794|1|07790895005794|GASEOSA COCA COLA 2.500 CC.|COCA COLA|5390.00|4454.55|1|5390.00|4454.55|0.00|0.00| |0.00|0.00| 
70|1|3|7790895005794|1|07790895005794|GASEOSA COCA COLA 2.500 CC.|COCA COLA|5390.00|4454.55|1|5390.00|4454.55|0.00|0.00| |0.00|0.00| 
70|1|4|7790895005794|1|07790895005794|GASEOSA COCA COLA 2.500 CC.|COCA COLA|5390.00|4454.55|1|5390.00|4454.55|0.00|0.00| |0.00|0.00| 
70|1|1|7790895000782|1|07790895000782|GASEOSA COCA COLA 500 CC.        |COCA COLA|1498.00|1238.02|1|1498.00|1238.02|0.00|0.00| |0.00|0.00| 
70|1|4|7790895000782|1|07790895000782|GASEOSA COCA COLA 500 CC.        |COCA COLA|1498.00|1238.02|1|1498.00|1238.02|0.00|0.00| |0.00|0.00| 
70|1|1|7790895067556|1|07790895067556|GASEOSA COCA COLA ZERO 1.5 LT|COCA COLA|3590.00|2966.94|1|3590.00|2966.94|0.00|0.00| |0.00|0.00| 
70|1|2|7790895067556|1|07790895067556|GASEOSA COCA COLA ZERO 1.5 LT|COCA COLA|3590.00|2966.94|1|3590.00|2966.94|0.00|0.00| |0.00|0.00| 
70|1|3|7790895067556|1|07790895067556|GASEOSA COCA COLA ZERO 1.5 LT|COCA COLA|3590.00|2966.94|1|3590.00|2966.94|0.00|0.00| |0.00|0.00| 
70|1|4|7790895067556|1|07790895067556|GASEOSA COCA COLA ZERO 1.5 LT|COCA COLA|3590.00|2966.94|1|3590.00|2966.94|0.00|0.00| |0.00|0.00| 
70|1|1|7790895067532|1|07790895067532|GASEOSA COCA COLA ZERO 500 CC|COCA COLA|1498.00|1238.02|1|1498.00|1238.02|0.00|0.00| |0.00|0.00| 
70|1|4|7790895067532|1|07790895067532|GASEOSA COCA COLA ZERO 500 CC|COCA COLA|1498.00|1238.02|1|1498.00|1238.02|0.00|0.00| |0.00|0.00| 
70|1|4|7790895006951|1|07790895006951|GASEOSA CRUSH NARANJA 2.250 LTS.|COCA COLA|2650.00|2190.08|1|2650.00|2190.08|0.00|0.00| |0.00|0.00| 
70|1|1|7790639001976|1|07790639001976|GASEOSA CUNNINGTON COLA 2.250CC|PRODEA|1950.00|1611.57|1|1950.00|1611.57|0.00|0.00| |0.00|0.00| 
70|1|2|7790639001976|1|07790639001976|GASEOSA CUNNINGTON COLA 2.250CC|PRODEA|1950.00|1611.57|1|1950.00|1611.57|0.00|0.00| |0.00|0.00| 
70|1|3|7790639001976|1|07790639001976|GASEOSA CUNNINGTON COLA 2.250CC|PRODEA|1950.00|1611.57|1|1950.00|1611.57|0.00|0.00| |0.00|0.00| 
70|1|4|7790639001976|1|07790639001976|GASEOSA CUNNINGTON COLA 2.250CC|PRODEA|1950.00|1611.57|1|1950.00|1611.57|0.00|0.00| |0.00|0.00| 
70|1|1|7790639001365|1|07790639001365|GASEOSA CUNNINGTON LIMA LIMON 2.250|PRODEA|1950.00|1611.57|1|1950.00|1611.57|0.00|0.00| |0.00|0.00| 
70|1|2|7790639001365|1|07790639001365|GASEOSA CUNNINGTON LIMA LIMON 2.250|PRODEA|1950.00|1611.57|1|1950.00|1611.57|0.00|0.00| |0.00|0.00| 
70|1|3|7790639001365|1|07790639001365|GASEOSA CUNNINGTON LIMA LIMON 2.250|PRODEA|1950.00|1611.57|1|1950.00|1611.57|0.00|0.00| |0.00|0.00| 
70|1|4|7790639001365|1|07790639001365|GASEOSA CUNNINGTON LIMA LIMON 2.250|PRODEA|1950.00|1611.57|1|1950.00|1611.57|0.00|0.00| |0.00|0.00| 
70|1|1|7790639002201|1|07790639002201|GASEOSA CUNNINGTON NARANJA 2.250CC|PRODEA|1950.00|1611.57|1|1950.00|1611.57|0.00|0.00| |0.00|0.00| 
70|1|2|7790639002201|1|07790639002201|GASEOSA CUNNINGTON NARANJA 2.250CC|PRODEA|1950.00|1611.57|1|1950.00|1611.57|0.00|0.00| |0.00|0.00| 
70|1|3|7790639002201|1|07790639002201|GASEOSA CUNNINGTON NARANJA 2.250CC|PRODEA|1950.00|1611.57|1|1950.00|1611.57|0.00|0.00| |0.00|0.00| 
70|1|4|7790639002201|1|07790639002201|GASEOSA CUNNINGTON NARANJA 2.250CC|PRODEA|1950.00|1611.57|1|1950.00|1611.57|0.00|0.00| |0.00|0.00| 
70|1|2|7790639001310|1|07790639001310|GASEOSA CUNNINGTON POMELO 2.250L|PRODEA|1950.00|1611.57|1|1950.00|1611.57|0.00|0.00| |0.00|0.00| 
70|1|3|7790639001310|1|07790639001310|GASEOSA CUNNINGTON POMELO 2.250L|PRODEA|1950.00|1611.57|1|1950.00|1611.57|0.00|0.00| |0.00|0.00| 
70|1|4|7790639001310|1|07790639001310|GASEOSA CUNNINGTON POMELO 2.250L|PRODEA|1950.00|1611.57|1|1950.00|1611.57|0.00|0.00| |0.00|0.00| 
70|1|1|7790639001068|1|07790639001068|GASEOSA CUNNINGTON TONICA 2.250|PRODEA|1950.00|1611.57|1|1950.00|1611.57|0.00|0.00| |0.00|0.00| 
70|1|2|7790639001068|1|07790639001068|GASEOSA CUNNINGTON TONICA 2.250|PRODEA|1950.00|1611.57|1|1950.00|1611.57|0.00|0.00| |0.00|0.00| 
70|1|4|7790639001068|1|07790639001068|GASEOSA CUNNINGTON TONICA 2.250|PRODEA|1950.00|1611.57|1|1950.00|1611.57|0.00|0.00| |0.00|0.00| 
70|1|1|7790895001031|1|07790895001031|GASEOSA FANTA LIMON 2.250 LTS.|COCA COLA|4850.00|4008.26|1|4850.00|4008.26|0.00|0.00| |0.00|0.00| 
70|1|3|7790895001031|1|07790895001031|GASEOSA FANTA LIMON 2.250 LTS.|COCA COLA|4850.00|4008.26|1|4850.00|4008.26|0.00|0.00| |0.00|0.00| 
70|1|1|7790895000454|1|07790895000454|GASEOSA FANTA NARANJA 1.5 LTS.|COCA COLA|3590.00|2966.94|1|3590.00|2966.94|0.00|0.00| |0.00|0.00| 
70|1|4|7790895000454|1|07790895000454|GASEOSA FANTA NARANJA 1.5 LTS.|COCA COLA|3590.00|2966.94|1|3590.00|2966.94|0.00|0.00| |0.00|0.00| 
70|1|1|7790895001017|1|07790895001017|GASEOSA FANTA NARANJA 2.250CC|COCA COLA|4850.00|4008.26|1|4850.00|4008.26|0.00|0.00| |0.00|0.00| 
70|1|3|7790895001017|1|07790895001017|GASEOSA FANTA NARANJA 2.250CC|COCA COLA|4850.00|4008.26|1|4850.00|4008.26|0.00|0.00| |0.00|0.00| 
70|1|4|7790895001017|1|07790895001017|GASEOSA FANTA NARANJA 2.250CC|COCA COLA|4850.00|4008.26|1|4850.00|4008.26|0.00|0.00| |0.00|0.00| 
70|1|4|7790895000836|1|07790895000836|GASEOSA FANTA NARANJA 500 C.C.|COCA COLA|1498.00|1238.02|1|1498.00|1238.02|0.00|0.00| |0.00|0.00| 
70|1|1|7790895002304|1|07790895002304|GASEOSA FANTA NARANJA ZERO 1.5LTS.|COCA COLA|3590.00|2966.94|1|3590.00|2966.94|0.00|0.00| |0.00|0.00| 
70|1|4|7790895002304|1|07790895002304|GASEOSA FANTA NARANJA ZERO 1.5LTS.|COCA COLA|3590.00|2966.94|1|3590.00|2966.94|0.00|0.00| |0.00|0.00| 
70|1|1|7791234003112|1|07791234003112|GASEOSA FRUTAFIEL 3L. LIMA|FRUTAFIEL S.A.|1498.00|1238.02|1|1498.00|1238.02|0.00|0.00| |0.00|0.00| 
70|1|2|7791813000310|1|07791813000310|GASEOSA MIRINDA LATA 354 ML.|PROV. VARIOS BEBIDAS|62.00|51.24|1|62.00|51.24|0.00|0.00| |0.00|0.00| 
70|1|1|7791813423324|1|07791813423324|GASEOSA MIRINDA MANZANA 2.250 LTS.|PEPSI-SEVEN UP|1170.00|966.94|1|1170.00|966.94|0.00|0.00| |0.00|0.00| 
70|1|3|7791813423324|1|07791813423324|GASEOSA MIRINDA MANZANA 2.250 LTS.|PEPSI-SEVEN UP|1170.00|966.94|1|1170.00|966.94|0.00|0.00| |0.00|0.00| 
70|1|4|7791813423324|1|07791813423324|GASEOSA MIRINDA MANZANA 2.250 LTS.|PEPSI-SEVEN UP|1170.00|966.94|1|1170.00|966.94|0.00|0.00| |0.00|0.00| 
70|1|3|7791813423157|1|07791813423157|GASEOSA MIRINDA NARANJA 2.250 L.|PEPSI-SEVEN UP|1170.00|966.94|1|1170.00|966.94|0.00|0.00| |0.00|0.00| 
70|1|4|7791813423157|1|07791813423157|GASEOSA MIRINDA NARANJA 2.250 L.|PEPSI-SEVEN UP|1170.00|966.94|1|1170.00|966.94|0.00|0.00| |0.00|0.00| 
70|1|1|7791813421382|1|07791813421382|GASEOSA PASO LOS TOROS POMELO 1.5LT|PEPSI-SEVEN UP|1600.00|1322.31|1|1600.00|1322.31|0.00|0.00| |0.00|0.00| 
70|1|2|7791813421382|1|07791813421382|GASEOSA PASO LOS TOROS POMELO 1.5LT|PEPSI-SEVEN UP|1600.00|1322.31|1|1600.00|1322.31|0.00|0.00| |0.00|0.00| 
70|1|3|7791813421382|1|07791813421382|GASEOSA PASO LOS TOROS POMELO 1.5LT|PEPSI-SEVEN UP|1600.00|1322.31|1|1600.00|1322.31|0.00|0.00| |0.00|0.00| 
70|1|4|7791813421382|1|07791813421382|GASEOSA PASO LOS TOROS POMELO 1.5LT|PEPSI-SEVEN UP|1600.00|1322.31|1|1600.00|1322.31|0.00|0.00| |0.00|0.00| 
70|1|1|7791813421412|1|07791813421412|GASEOSA PASO LOS TOROS POMELO S/AZ|PEPSI-SEVEN UP|1600.00|1322.31|1|1600.00|1322.31|0.00|0.00| |0.00|0.00| 
70|1|4|7791813421412|1|07791813421412|GASEOSA PASO LOS TOROS POMELO S/AZ|PEPSI-SEVEN UP|1600.00|1322.31|1|1600.00|1322.31|0.00|0.00| |0.00|0.00| 
70|1|1|7791813421368|1|07791813421368|GASEOSA PASO LOS TOROS TONICA 1.5LT|PEPSI-SEVEN UP|1600.00|1322.31|1|1600.00|1322.31|0.00|0.00| |0.00|0.00| 
70|1|2|7791813421368|1|07791813421368|GASEOSA PASO LOS TOROS TONICA 1.5LT|PEPSI-SEVEN UP|1600.00|1322.31|1|1600.00|1322.31|0.00|0.00| |0.00|0.00| 
70|1|3|7791813421368|1|07791813421368|GASEOSA PASO LOS TOROS TONICA 1.5LT|PEPSI-SEVEN UP|1600.00|1322.31|1|1600.00|1322.31|0.00|0.00| |0.00|0.00| 
70|1|4|7791813421368|1|07791813421368|GASEOSA PASO LOS TOROS TONICA 1.5LT|PEPSI-SEVEN UP|1600.00|1322.31|1|1600.00|1322.31|0.00|0.00| |0.00|0.00| 
70|1|1|7791813421115|1|07791813421115|GASEOSA PEPSI 1.5 LTS.|PEPSI-SEVEN UP|1590.00|1314.05|1|1590.00|1314.05|0.00|0.00| |0.00|0.00| 
70|1|2|7791813421115|1|07791813421115|GASEOSA PEPSI 1.5 LTS.|PEPSI-SEVEN UP|1590.00|1314.05|1|1590.00|1314.05|0.00|0.00| |0.00|0.00| 
70|1|4|7791813421115|1|07791813421115|GASEOSA PEPSI 1.5 LTS.|PEPSI-SEVEN UP|1590.00|1314.05|1|1590.00|1314.05|0.00|0.00| |0.00|0.00| 
70|1|1|7791813424000|1|07791813424000|GASEOSA PEPSI 3L.|PEPSI-SEVEN UP|1475.00|1219.01|1|1475.00|1219.01|0.00|0.00| |0.00|0.00| 
70|1|2|7791813424000|1|07791813424000|GASEOSA PEPSI 3L.|PEPSI-SEVEN UP|1475.00|1219.01|1|1475.00|1219.01|0.00|0.00| |0.00|0.00| 
70|1|4|7791813424000|1|07791813424000|GASEOSA PEPSI 3L.|PEPSI-SEVEN UP|1475.00|1219.01|1|1475.00|1219.01|0.00|0.00| |0.00|0.00| 
70|1|1|7791813420118|1|07791813420118|GASEOSA PEPSI 500 C.C.|PEPSI-SEVEN UP|850.00|702.48|1|850.00|702.48|0.00|0.00| |0.00|0.00| 
70|1|2|7791813420118|1|07791813420118|GASEOSA PEPSI 500 C.C.|PEPSI-SEVEN UP|850.00|702.48|1|850.00|702.48|0.00|0.00| |0.00|0.00| 
70|1|4|7791813420118|1|07791813420118|GASEOSA PEPSI 500 C.C.|PEPSI-SEVEN UP|850.00|702.48|1|850.00|702.48|0.00|0.00| |0.00|0.00| 
70|1|1|7790895006722|1|07790895006722|GASEOSA SCHWEPPES CITRUS 1.5 LT.|COCA COLA|3590.00|2966.94|1|3590.00|2966.94|0.00|0.00| |0.00|0.00| 
70|1|4|7790895006722|1|07790895006722|GASEOSA SCHWEPPES CITRUS 1.5 LT.|COCA COLA|3590.00|2966.94|1|3590.00|2966.94|0.00|0.00| |0.00|0.00| 
70|1|1|7790895010088|1|07790895010088|GASEOSA SCHWEPPES POMELO ZERO 1,5L.|COCA COLA|3590.00|2966.94|1|3590.00|2966.94|0.00|0.00| |0.00|0.00| 
70|1|4|7790895010088|1|07790895010088|GASEOSA SCHWEPPES POMELO ZERO 1,5L.|COCA COLA|3590.00|2966.94|1|3590.00|2966.94|0.00|0.00| |0.00|0.00| 
70|1|1|7790895006715|1|07790895006715|GASEOSA SCHWEPPES TONICA 1.5|COCA COLA|3590.00|2966.94|1|3590.00|2966.94|0.00|0.00| |0.00|0.00| 
70|1|4|7790895006715|1|07790895006715|GASEOSA SCHWEPPES TONICA 1.5|COCA COLA|3590.00|2966.94|1|3590.00|2966.94|0.00|0.00| |0.00|0.00| 
70|1|2|7791813421528|1|07791813421528|GASEOSA SEVEN UP 1.5 LTS.|PEPSI-SEVEN UP|1590.00|1314.05|1|1590.00|1314.05|0.00|0.00| |0.00|0.00| 
70|1|4|7791813421528|1|07791813421528|GASEOSA SEVEN UP 1.5 LTS.|PEPSI-SEVEN UP|1590.00|1314.05|1|1590.00|1314.05|0.00|0.00| |0.00|0.00| 
70|1|1|7791813424017|1|07791813424017|GASEOSA SEVEN UP 3 LTS.|PEPSI-SEVEN UP|1475.00|1219.01|1|1475.00|1219.01|0.00|0.00| |0.00|0.00| 
70|1|2|7791813424017|1|07791813424017|GASEOSA SEVEN UP 3 LTS.|PEPSI-SEVEN UP|1475.00|1219.01|1|1475.00|1219.01|0.00|0.00| |0.00|0.00| 
70|1|3|7791813424017|1|07791813424017|GASEOSA SEVEN UP 3 LTS.|PEPSI-SEVEN UP|1475.00|1219.01|1|1475.00|1219.01|0.00|0.00| |0.00|0.00| 
70|1|4|7791813424017|1|07791813424017|GASEOSA SEVEN UP 3 LTS.|PEPSI-SEVEN UP|1475.00|1219.01|1|1475.00|1219.01|0.00|0.00| |0.00|0.00| 
70|1|1|7791813420521|1|07791813420521|GASEOSA SEVEN UP 500 C.C.|PEPSI-SEVEN UP|850.00|702.48|1|850.00|702.48|0.00|0.00| |0.00|0.00| 
70|1|2|7791813420521|1|07791813420521|GASEOSA SEVEN UP 500 C.C.|PEPSI-SEVEN UP|850.00|702.48|1|850.00|702.48|0.00|0.00| |0.00|0.00| 
70|1|4|7791813420521|1|07791813420521|GASEOSA SEVEN UP 500 C.C.|PEPSI-SEVEN UP|850.00|702.48|1|850.00|702.48|0.00|0.00| |0.00|0.00| 
70|1|3|7791813421542|1|07791813421542|GASEOSA SEVEN UP FREE 1.5 LTS.|PEPSI-SEVEN UP|1700.00|1404.96|1|1700.00|1404.96|0.00|0.00| |0.00|0.00| 
70|1|4|7791813421542|1|07791813421542|GASEOSA SEVEN UP FREE 1.5 LTS.|PEPSI-SEVEN UP|1700.00|1404.96|1|1700.00|1404.96|0.00|0.00| |0.00|0.00| 
70|1|1|7790895006111|1|07790895006111|GASEOSA SPRITE 1.250 LT.RETORNABLE|COCA COLA|2590.00|2140.50|1|2590.00|2140.50|0.00|0.00| |0.00|0.00| 
70|1|2|7790895006111|1|07790895006111|GASEOSA SPRITE 1.250 LT.RETORNABLE|COCA COLA|2590.00|2140.50|1|2590.00|2140.50|0.00|0.00| |0.00|0.00| 
70|1|3|7790895006111|1|07790895006111|GASEOSA SPRITE 1.250 LT.RETORNABLE|COCA COLA|2590.00|2140.50|1|2590.00|2140.50|0.00|0.00| |0.00|0.00| 
70|1|4|7790895006111|1|07790895006111|GASEOSA SPRITE 1.250 LT.RETORNABLE|COCA COLA|2590.00|2140.50|1|2590.00|2140.50|0.00|0.00| |0.00|0.00| 
70|1|1|7790895000447|1|07790895000447|GASEOSA SPRITE 1.5 LITRO         |COCA COLA|3590.00|2966.94|1|3590.00|2966.94|0.00|0.00| |0.00|0.00| 
70|1|2|7790895000447|1|07790895000447|GASEOSA SPRITE 1.5 LITRO         |COCA COLA|3590.00|2966.94|1|3590.00|2966.94|0.00|0.00| |0.00|0.00| 
70|1|3|7790895000447|1|07790895000447|GASEOSA SPRITE 1.5 LITRO         |COCA COLA|3590.00|2966.94|1|3590.00|2966.94|0.00|0.00| |0.00|0.00| 
70|1|4|7790895000447|1|07790895000447|GASEOSA SPRITE 1.5 LITRO         |COCA COLA|3590.00|2966.94|1|3590.00|2966.94|0.00|0.00| |0.00|0.00| 
70|1|1|7790895000225|1|07790895000225|GASEOSA SPRITE 2 LT.RETORNABLE|COCA COLA|3490.00|2884.30|1|3490.00|2884.30|0.00|0.00| |0.00|0.00| 
70|1|4|7790895000225|1|07790895000225|GASEOSA SPRITE 2 LT.RETORNABLE|COCA COLA|3490.00|2884.30|1|3490.00|2884.30|0.00|0.00| |0.00|0.00| 
70|1|1|7790895001000|1|07790895001000|GASEOSA SPRITE 2.250 CC|COCA COLA|4850.00|4008.26|1|4850.00|4008.26|0.00|0.00| |0.00|0.00| 
70|1|2|7790895001000|1|07790895001000|GASEOSA SPRITE 2.250 CC|COCA COLA|4850.00|4008.26|1|4850.00|4008.26|0.00|0.00| |0.00|0.00| 
70|1|3|7790895001000|1|07790895001000|GASEOSA SPRITE 2.250 CC|COCA COLA|4850.00|4008.26|1|4850.00|4008.26|0.00|0.00| |0.00|0.00| 
70|1|4|7790895001000|1|07790895001000|GASEOSA SPRITE 2.250 CC|COCA COLA|4850.00|4008.26|1|4850.00|4008.26|0.00|0.00| |0.00|0.00| 
70|1|2|7790895000829|1|07790895000829|GASEOSA SPRITE 500 CC.           |COCA COLA|1498.00|1238.02|1|1498.00|1238.02|0.00|0.00| |0.00|0.00| 
70|1|4|7790895000829|1|07790895000829|GASEOSA SPRITE 500 CC.           |COCA COLA|1498.00|1238.02|1|1498.00|1238.02|0.00|0.00| |0.00|0.00| 
70|1|1|7790895064173|1|07790895064173|GASEOSA SPRITE ZERO 1.5 LTS.|COCA COLA|3590.00|2966.94|1|3590.00|2966.94|0.00|0.00| |0.00|0.00| 
70|1|4|7790895064173|1|07790895064173|GASEOSA SPRITE ZERO 1.5 LTS.|COCA COLA|3590.00|2966.94|1|3590.00|2966.94|0.00|0.00| |0.00|0.00| 
70|1|1|7790895064166|1|07790895064166|GASEOSA SPRITE ZERO 2.250L|COCA COLA|4850.00|4008.26|1|4850.00|4008.26|0.00|0.00| |0.00|0.00| 
70|1|4|7790895064166|1|07790895064166|GASEOSA SPRITE ZERO 2.250L|COCA COLA|4850.00|4008.26|1|4850.00|4008.26|0.00|0.00| |0.00|0.00| 
70|1|1|7790895064142|1|07790895064142|GASEOSA SPRITE ZERO 500 C.C.|COCA COLA|1498.00|1238.02|1|1498.00|1238.02|0.00|0.00| |0.00|0.00| 
70|1|2|7791293034485|1|07791293034485|GEL DENTAL CLOSE UP 180G.EUCALYPTUS|PR.VARIOS PERFUMERIA|108.50|89.67|1|108.50|89.67|0.00|0.00| |0.00|0.00| 
70|1|2|7791293034447|1|07791293034447|GEL DENTAL CLOSE UP 90G. EUCALYPTUS|PR.VARIOS PERFUMERIA|666.60|550.91|1|666.60|550.91|0.00|0.00| |0.00|0.00| 
70|1|2|7791293034553|1|07791293034553|GEL DENTAL CLOSE UP 90G.MEN DEEP |PR.VARIOS PERFUMERIA|151.20|124.96|1|151.20|124.96|0.00|0.00| |0.00|0.00| 
70|1|1|7790070016003|1|07790070016003|GELATINA EXQUISITA LIGHT CEREZA 25|MOLINOS RIO DL.PLATA|850.00|702.48|1|850.00|702.48|0.00|0.00| |0.00|0.00| 
70|1|3|7790070016003|1|07790070016003|GELATINA EXQUISITA LIGHT CEREZA 25|MOLINOS RIO DL.PLATA|850.00|702.48|1|850.00|702.48|0.00|0.00| |0.00|0.00| 
70|1|1|7790070016010|1|07790070016010|GELATINA EXQUISITA LIGHT DURAZNO 25|MOLINOS RIO DL.PLATA|850.00|702.48|1|850.00|702.48|0.00|0.00| |0.00|0.00| 
70|1|3|7790070015990|1|07790070015990|GELATINA EXQUISITA LIGHT FRUTILLA25|MOLINOS RIO DL.PLATA|850.00|702.48|1|850.00|702.48|0.00|0.00| |0.00|0.00| 
70|1|4|7790070015990|1|07790070015990|GELATINA EXQUISITA LIGHT FRUTILLA25|MOLINOS RIO DL.PLATA|850.00|702.48|1|850.00|702.48|0.00|0.00| |0.00|0.00| 
70|1|1|7622300739744|1|07622300739744|GELATINA ROYAL SOBRE DURAZNO 25G.|KRAFT FOODS ARGENTIN|1150.00|950.41|1|1150.00|950.41|0.00|0.00| |0.00|0.00| 
70|1|3|7622300739744|1|07622300739744|GELATINA ROYAL SOBRE DURAZNO 25G.|KRAFT FOODS ARGENTIN|1150.00|950.41|1|1150.00|950.41|0.00|0.00| |0.00|0.00| 
70|1|4|7622300739744|1|07622300739744|GELATINA ROYAL SOBRE DURAZNO 25G.|KRAFT FOODS ARGENTIN|1150.00|950.41|1|1150.00|950.41|0.00|0.00| |0.00|0.00| 
70|1|1|7622300739089|1|07622300739089|GELATINA ROYAL SOBRE LIGHT CEREZA25|KRAFT FOODS ARGENTIN|1150.00|950.41|1|1150.00|950.41|0.00|0.00| |0.00|0.00| 
70|1|4|7622300739089|1|07622300739089|GELATINA ROYAL SOBRE LIGHT CEREZA25|KRAFT FOODS ARGENTIN|1150.00|950.41|1|1150.00|950.41|0.00|0.00| |0.00|0.00| 
70|1|4|7622300739126|1|07622300739126|GELATINA ROYAL SOBRE LIGHT FRUTI.25|KRAFT FOODS ARGENTIN|1150.00|950.41|1|1150.00|950.41|0.00|0.00| |0.00|0.00| 
70|1|1|7622300804930|1|07622300804930|GELATINA ROYAL SOBRE S/SABOR 14G|KRAFT FOODS ARGENTIN|870.00|719.01|1|870.00|719.01|0.00|0.00| |0.00|0.00| 
70|1|2|7622300804930|1|07622300804930|GELATINA ROYAL SOBRE S/SABOR 14G|KRAFT FOODS ARGENTIN|870.00|719.01|1|870.00|719.01|0.00|0.00| |0.00|0.00| 
70|1|3|7622300804930|1|07622300804930|GELATINA ROYAL SOBRE S/SABOR 14G|KRAFT FOODS ARGENTIN|870.00|719.01|1|870.00|719.01|0.00|0.00| |0.00|0.00| 
70|1|4|7622300804930|1|07622300804930|GELATINA ROYAL SOBRE S/SABOR 14G|KRAFT FOODS ARGENTIN|870.00|719.01|1|870.00|719.01|0.00|0.00| |0.00|0.00| 
70|1|3|7790163012110|1|07790163012110|GIN DREAMER LONDON DRY 750CC|PETERS HNOS.|5798.00|4791.74|1|5798.00|4791.74|0.00|0.00| |0.00|0.00| 
70|1|4|7790163012110|1|07790163012110|GIN DREAMER LONDON DRY 750CC|PETERS HNOS.|5798.00|4791.74|1|5798.00|4791.74|0.00|0.00| |0.00|0.00| 
70|1|1|7790121001064|1|07790121001064|GIN NEW STYLE 1 LT|LICORES ARGENTINOS|4320.00|3570.25|1|4320.00|3570.25|0.00|0.00| |0.00|0.00| 
70|1|3|7790121001064|1|07790121001064|GIN NEW STYLE 1 LT|LICORES ARGENTINOS|4320.00|3570.25|1|4320.00|3570.25|0.00|0.00| |0.00|0.00| 
70|1|1|7790260010026|1|07790260010026|GRANADINA DELLEPIANE 750ML.|DELLEPIANE|4000.00|3305.79|1|4000.00|3305.79|0.00|0.00| |0.00|0.00| 
70|1|2|7790260010026|1|07790260010026|GRANADINA DELLEPIANE 750ML.|DELLEPIANE|4000.00|3305.79|1|4000.00|3305.79|0.00|0.00| |0.00|0.00| 
70|1|3|7790260010026|1|07790260010026|GRANADINA DELLEPIANE 750ML.|DELLEPIANE|4000.00|3305.79|1|4000.00|3305.79|0.00|0.00| |0.00|0.00| 
70|1|4|7790260010026|1|07790260010026|GRANADINA DELLEPIANE 750ML.|DELLEPIANE|4000.00|3305.79|1|4000.00|3305.79|0.00|0.00| |0.00|0.00| 
70|1|4|7790045824145|1|07790045824145|GRANOLA GRANIX CROCANTE 350G|CEAPE1|3420.00|2826.45|1|3420.00|2826.45|0.00|0.00| |0.00|0.00| 
70|1|4|6000001117992|1|06000001117992|GRASA BOVINA LA ESPERANZA KG.|CARNE VACUNA|4600.00|3801.65|1|4600.00|3801.65|0.00|0.00| |0.00|0.00| 
70|1|4|6000001085918|1|06000001085918|GRASA DE CERDO KG.             |CARNE CERDO|7925.00|6549.59|1|7925.00|6549.59|0.00|0.00| |0.00|0.00| 
70|1|4|0000000074683|0|00000000074683|GRISINES DON PEDRO 250G.|PANIF.LA MAGA NOGOYA|1700.00|1404.96|1|1700.00|1404.96|0.00|0.00| |0.00|0.00| 
70|1|1|7792904000271|1|07792904000271|GUANTE NITRILO X 100 M.|JORGUAN S.A.|6200.00|5123.97|1|6200.00|5123.97|0.00|0.00| |0.00|0.00| 
70|1|2|8004200128801|1|08004200128801|GUANTES MAPA PLISSE MEDIANO|VIRULANA|3415.00|2822.31|1|3415.00|2822.31|0.00|0.00| |0.00|0.00| 
70|1|1|7794440045921|1|07794440045921|GUANTES PLUMITA 7 1/2|VIRULANA|1990.00|1644.63|1|1990.00|1644.63|0.00|0.00| |0.00|0.00| 
70|1|2|7794440045938|1|07794440045938|GUANTES PLUMITA 8 1/2|VIRULANA|1990.00|1644.63|1|1990.00|1644.63|0.00|0.00| |0.00|0.00| 
70|1|4|7794440045938|1|07794440045938|GUANTES PLUMITA 8 1/2|VIRULANA|1990.00|1644.63|1|1990.00|1644.63|0.00|0.00| |0.00|0.00| 
70|1|1|7798059381395|1|07798059381395|GUANTES PRIMER PRECIO CHICO|PP.FAESPO SRL|1650.00|1363.64|1|1650.00|1363.64|0.00|0.00| |0.00|0.00| 
70|1|4|7798059381395|1|07798059381395|GUANTES PRIMER PRECIO CHICO|PP.FAESPO SRL|1650.00|1363.64|1|1650.00|1363.64|0.00|0.00| |0.00|0.00| 
70|1|1|7798059381418|1|07798059381418|GUANTES PRIMER PRECIO GRANDE|PP.FAESPO SRL|1600.00|1322.31|1|1600.00|1322.31|0.00|0.00| |0.00|0.00| 
70|1|2|7798059381418|1|07798059381418|GUANTES PRIMER PRECIO GRANDE|PP.FAESPO SRL|1600.00|1322.31|1|1600.00|1322.31|0.00|0.00| |0.00|0.00| 
70|1|4|7798059381418|1|07798059381418|GUANTES PRIMER PRECIO GRANDE|PP.FAESPO SRL|1600.00|1322.31|1|1600.00|1322.31|0.00|0.00| |0.00|0.00| 
70|1|1|7798059381401|1|07798059381401|GUANTES PRIMER PRECIO MEDIANO|PP.FAESPO SRL|1600.00|1322.31|1|1600.00|1322.31|0.00|0.00| |0.00|0.00| 
70|1|2|7798059381401|1|07798059381401|GUANTES PRIMER PRECIO MEDIANO|PP.FAESPO SRL|1600.00|1322.31|1|1600.00|1322.31|0.00|0.00| |0.00|0.00| 
70|1|3|7798059381401|1|07798059381401|GUANTES PRIMER PRECIO MEDIANO|PP.FAESPO SRL|1600.00|1322.31|1|1600.00|1322.31|0.00|0.00| |0.00|0.00| 
70|1|4|7798059381401|1|07798059381401|GUANTES PRIMER PRECIO MEDIANO|PP.FAESPO SRL|1600.00|1322.31|1|1600.00|1322.31|0.00|0.00| |0.00|0.00| 
70|1|4|7622300854997|1|07622300854997|HABANITOS TERRABUSI 150G.|PR.VARIOS SUPERMERC.|395.90|327.19|1|395.90|327.19|0.00|0.00| |0.00|0.00| 
70|1|1|7622300335076|1|07622300335076|HABANITOS TERRABUSI 60 GRS.|KRAFT FOODS ARGENTIN|2300.00|1900.83|1|2300.00|1900.83|0.00|0.00| |0.00|0.00| 
70|1|2|7622300335076|1|07622300335076|HABANITOS TERRABUSI 60 GRS.|KRAFT FOODS ARGENTIN|2300.00|1900.83|1|2300.00|1900.83|0.00|0.00| |0.00|0.00| 
70|1|4|7622300335076|1|07622300335076|HABANITOS TERRABUSI 60 GRS.|KRAFT FOODS ARGENTIN|2300.00|1900.83|1|2300.00|1900.83|0.00|0.00| |0.00|0.00| 
70|1|1|7791584000168|1|07791584000168|HARINA CALANDRIA 000 25 KG|PRODUCTOS LAR|14200.00|12850.68|1|14200.00|12850.68|0.00|0.00| |0.00|0.00| 
70|1|2|7791584000168|1|07791584000168|HARINA CALANDRIA 000 25 KG|PRODUCTOS LAR|14200.00|12850.68|1|14200.00|12850.68|0.00|0.00| |0.00|0.00| 
70|1|3|7791584000168|1|07791584000168|HARINA CALANDRIA 000 25 KG|PRODUCTOS LAR|14200.00|12850.68|1|14200.00|12850.68|0.00|0.00| |0.00|0.00| 
70|1|4|7791584000168|1|07791584000168|HARINA CALANDRIA 000 25 KG|PRODUCTOS LAR|14200.00|12850.68|1|14200.00|12850.68|0.00|0.00| |0.00|0.00| 
70|1|4|7798075280306|1|07798075280306|HARINA DE ARROZ GLUTAL 1KG.|GLUTAL S.A.|3620.00|2991.74|1|3620.00|2991.74|0.00|0.00| |0.00|0.00| 
70|1|4|7790060012077|1|07790060012077|HARINA FAVORITA 0000 1 KG.       |MOLINOS RIO DL.PLATA|1230.00|1113.12|1|1230.00|1113.12|0.00|0.00| |0.00|0.00| 
70|1|1|7794270000114|1|07794270000114|HARINA LEUDANTE REINHARINA 1 K   |SAGEMULLER|1130.00|1022.62|1|1130.00|1022.62|0.00|0.00| |0.00|0.00| 
70|1|2|7794270000114|1|07794270000114|HARINA LEUDANTE REINHARINA 1 K   |SAGEMULLER|1130.00|1022.62|1|1130.00|1022.62|0.00|0.00| |0.00|0.00| 
70|1|3|7794270000114|1|07794270000114|HARINA LEUDANTE REINHARINA 1 K   |SAGEMULLER|1130.00|1022.62|1|1130.00|1022.62|0.00|0.00| |0.00|0.00| 
70|1|4|7794270000114|1|07794270000114|HARINA LEUDANTE REINHARINA 1 K   |SAGEMULLER|1130.00|1022.62|1|1130.00|1022.62|0.00|0.00| |0.00|0.00| 
70|1|3|7794270000138|1|07794270000138|HARINA MAIZ BARBARA C.RAPIDA 500 GR|SAGEMULLER|600.00|495.87|1|600.00|495.87|0.00|0.00| |0.00|0.00| 
70|1|1|7792665010526|1|07792665010526|HARINA MAIZ MONARCA 1KG.|MONARCA|790.00|652.89|1|790.00|652.89|0.00|0.00| |0.00|0.00| 
70|1|2|7792665010526|1|07792665010526|HARINA MAIZ MONARCA 1KG.|MONARCA|790.00|652.89|1|790.00|652.89|0.00|0.00| |0.00|0.00| 
70|1|3|7792665010526|1|07792665010526|HARINA MAIZ MONARCA 1KG.|MONARCA|790.00|652.89|1|790.00|652.89|0.00|0.00| |0.00|0.00| 
70|1|4|7792665010526|1|07792665010526|HARINA MAIZ MONARCA 1KG.|MONARCA|790.00|652.89|1|790.00|652.89|0.00|0.00| |0.00|0.00| 
70|1|1|7792665010533|1|07792665010533|HARINA MAIZ MONARCA 500G. C.RAPIDA|MONARCA|440.00|363.64|1|440.00|363.64|0.00|0.00| |0.00|0.00| 
70|1|2|7792665010533|1|07792665010533|HARINA MAIZ MONARCA 500G. C.RAPIDA|MONARCA|440.00|363.64|1|440.00|363.64|0.00|0.00| |0.00|0.00| 
70|1|4|7792665010533|1|07792665010533|HARINA MAIZ MONARCA 500G. C.RAPIDA|MONARCA|440.00|363.64|1|440.00|363.64|0.00|0.00| |0.00|0.00| 
70|1|1|7790580538002|1|07790580538002|HARINA MAIZ PRESTOPRONTA 730 GRS.|ARCOR S.A.|1980.00|1636.36|1|1980.00|1636.36|0.00|0.00| |0.00|0.00| 
70|1|4|7790580538002|1|07790580538002|HARINA MAIZ PRESTOPRONTA 730 GRS.|ARCOR S.A.|1980.00|1636.36|1|1980.00|1636.36|0.00|0.00| |0.00|0.00| 
70|1|1|7798141971541|1|07798141971541|HARINA PRIMER PRECIO 0000 1 KG.|HJ NAVAS|880.00|796.38|1|880.00|796.38|0.00|0.00| |0.00|0.00| 
70|1|2|7798141971541|1|07798141971541|HARINA PRIMER PRECIO 0000 1 KG.|HJ NAVAS|880.00|796.38|1|880.00|796.38|0.00|0.00| |0.00|0.00| 
70|1|3|7798141971541|1|07798141971541|HARINA PRIMER PRECIO 0000 1 KG.|HJ NAVAS|880.00|796.38|1|880.00|796.38|0.00|0.00| |0.00|0.00| 
70|1|4|7798141971541|1|07798141971541|HARINA PRIMER PRECIO 0000 1 KG.|HJ NAVAS|880.00|796.38|1|880.00|796.38|0.00|0.00| |0.00|0.00| 
70|1|3|7792180000279|1|07792180000279|HARINA PUREZA 0000 1 KG.|MOLINO CAÑUELAS|850.00|769.23|1|850.00|769.23|0.00|0.00| |0.00|0.00| 
70|1|1|7798110710058|1|07798110710058|HARINA RAMIREZ 000 1 KG.|MOLINO HARINERO RAMI|795.00|719.46|1|795.00|719.46|0.00|0.00| |0.00|0.00| 
70|1|2|7798110710058|1|07798110710058|HARINA RAMIREZ 000 1 KG.|MOLINO HARINERO RAMI|795.00|719.46|1|795.00|719.46|0.00|0.00| |0.00|0.00| 
70|1|3|7798110710058|1|07798110710058|HARINA RAMIREZ 000 1 KG.|MOLINO HARINERO RAMI|795.00|719.46|1|795.00|719.46|0.00|0.00| |0.00|0.00| 
70|1|4|7798110710058|1|07798110710058|HARINA RAMIREZ 000 1 KG.|MOLINO HARINERO RAMI|795.00|719.46|1|795.00|719.46|0.00|0.00| |0.00|0.00| 
70|1|1|7798110710102|1|07798110710102|HARINA RAMIREZ 0000 1KG.|MOLINO HARINERO RAMI|1030.00|932.13|1|1030.00|932.13|0.00|0.00| |0.00|0.00| 
70|1|2|7798110710102|1|07798110710102|HARINA RAMIREZ 0000 1KG.|MOLINO HARINERO RAMI|1030.00|932.13|1|1030.00|932.13|0.00|0.00| |0.00|0.00| 
70|1|3|7798110710102|1|07798110710102|HARINA RAMIREZ 0000 1KG.|MOLINO HARINERO RAMI|1030.00|932.13|1|1030.00|932.13|0.00|0.00| |0.00|0.00| 
70|1|4|7798110710102|1|07798110710102|HARINA RAMIREZ 0000 1KG.|MOLINO HARINERO RAMI|1030.00|932.13|1|1030.00|932.13|0.00|0.00| |0.00|0.00| 
70|1|1|7794270002583|1|07794270002583|HARINA REINHARINA 000 1KG.|SAGEMULLER|740.00|669.68|1|740.00|669.68|0.00|0.00| |0.00|0.00| 
70|1|2|7794270002583|1|07794270002583|HARINA REINHARINA 000 1KG.|SAGEMULLER|740.00|669.68|1|740.00|669.68|0.00|0.00| |0.00|0.00| 
70|1|3|7794270002583|1|07794270002583|HARINA REINHARINA 000 1KG.|SAGEMULLER|740.00|669.68|1|740.00|669.68|0.00|0.00| |0.00|0.00| 
70|1|4|7794270002583|1|07794270002583|HARINA REINHARINA 000 1KG.|SAGEMULLER|740.00|669.68|1|740.00|669.68|0.00|0.00| |0.00|0.00| 
70|1|1|7794270000602|1|07794270000602|HARINA REINHARINA 0000 1 KG.     |SAGEMULLER|990.00|895.93|1|990.00|895.93|0.00|0.00| |0.00|0.00| 
70|1|3|7794270000602|1|07794270000602|HARINA REINHARINA 0000 1 KG.     |SAGEMULLER|990.00|895.93|1|990.00|895.93|0.00|0.00| |0.00|0.00| 
70|1|4|7794270000602|1|07794270000602|HARINA REINHARINA 0000 1 KG.     |SAGEMULLER|990.00|895.93|1|990.00|895.93|0.00|0.00| |0.00|0.00| 
70|1|2|7798002110201|1|07798002110201|HELADO 1 LT. CHEAPCREAM|HELADERIA BAHIA|3320.00|2743.80|1|3320.00|2743.80|0.00|0.00| |0.00|0.00| 
70|1|2|7798002110034|1|07798002110034|HELADO 1 LT. ROOMIJS|HELADERIA BAHIA|4400.00|3636.36|1|4400.00|3636.36|0.00|0.00| |0.00|0.00| 
70|1|4|7798002110195|1|07798002110195|HELADO 3 LT. CHEAPCREAM|HELADERIA BAHIA|8810.00|7280.99|1|8810.00|7280.99|0.00|0.00| |0.00|0.00| 
70|1|2|7798002110027|1|07798002110027|HELADO 3 LT. ROOMIJS|HELADERIA BAHIA|12280.00|10148.76|1|12280.00|10148.76|0.00|0.00| |0.00|0.00| 
70|1|4|7798002110027|1|07798002110027|HELADO 3 LT. ROOMIJS|HELADERIA BAHIA|12280.00|10148.76|1|12280.00|10148.76|0.00|0.00| |0.00|0.00| 
70|1|2|7798002110348|1|07798002110348|HELADO 3MAR 3000CC|HELADERIA BAHIA|7050.00|5826.45|1|7050.00|5826.45|0.00|0.00| |0.00|0.00| 
70|1|4|7798002110348|1|07798002110348|HELADO 3MAR 3000CC|HELADERIA BAHIA|7050.00|5826.45|1|7050.00|5826.45|0.00|0.00| |0.00|0.00| 
70|1|2|7798002110188|1|07798002110188|HELADO 5 LT. CHEAPCREAM|HELADERIA BAHIA|13770.00|11380.17|1|13770.00|11380.17|0.00|0.00| |0.00|0.00| 
70|1|4|7798002110188|1|07798002110188|HELADO 5 LT. CHEAPCREAM|HELADERIA BAHIA|13770.00|11380.17|1|13770.00|11380.17|0.00|0.00| |0.00|0.00| 
70|1|2|7798002110010|1|07798002110010|HELADO 5 LT. ROOMIJS|HELADERIA BAHIA|19610.00|16206.61|1|19610.00|16206.61|0.00|0.00| |0.00|0.00| 
70|1|4|7798002110010|1|07798002110010|HELADO 5 LT. ROOMIJS|HELADERIA BAHIA|19610.00|16206.61|1|19610.00|16206.61|0.00|0.00| |0.00|0.00| 
70|1|4|7798041800040|1|07798041800040|HELADO PEÑAS 1L. AMER.FRUT.D.DE LEC|HELADOS PEÑAS S.R.L.|5070.00|4190.08|1|5070.00|4190.08|0.00|0.00| |0.00|0.00| 
70|1|4|7798041800019|1|07798041800019|HELADO PEÑAS 1L. CHOC.AMER.D.DE LEC|HELADOS PEÑAS S.R.L.|5070.00|4190.08|1|5070.00|4190.08|0.00|0.00| |0.00|0.00| 
70|1|4|7798041800026|1|07798041800026|HELADO PEÑAS 1L. CHOC.VAI.FRUTILLA|HELADOS PEÑAS S.R.L.|5070.00|4190.08|1|5070.00|4190.08|0.00|0.00| |0.00|0.00| 
70|1|4|7798041800118|1|07798041800118|HELADO PEÑAS 1L. LIMON|HELADOS PEÑAS S.R.L.|5070.00|4190.08|1|5070.00|4190.08|0.00|0.00| |0.00|0.00| 
70|1|4|7798041800071|1|07798041800071|HELADO PEÑAS 3L. AMER.D.LECHE.FRUTI|HELADOS PEÑAS S.R.L.|13590.00|11231.40|1|13590.00|11231.40|0.00|0.00| |0.00|0.00| 
70|1|4|7798041800057|1|07798041800057|HELADO PEÑAS 3L. CHOCO.AME.D.LECHE|HELADOS PEÑAS S.R.L.|13590.00|11231.40|1|13590.00|11231.40|0.00|0.00| |0.00|0.00| 
70|1|4|7798041800064|1|07798041800064|HELADO PEÑAS 3L. VAIN.CHOCO.FRUT.|HELADOS PEÑAS S.R.L.|13590.00|11231.40|1|13590.00|11231.40|0.00|0.00| |0.00|0.00| 
70|1|1|7891024183014|1|07891024183014|HILO DENTAL COLGATE 2 X 1|COLGATE-PALMOLIVE|3837.80|3171.74|1|3837.80|3171.74|0.00|0.00| |0.00|0.00| 
70|1|2|7891024183014|1|07891024183014|HILO DENTAL COLGATE 2 X 1|COLGATE-PALMOLIVE|3837.80|3171.74|1|3837.80|3171.74|0.00|0.00| |0.00|0.00| 
70|1|3|7891024183014|1|07891024183014|HILO DENTAL COLGATE 2 X 1|COLGATE-PALMOLIVE|3837.80|3171.74|1|3837.80|3171.74|0.00|0.00| |0.00|0.00| 
70|1|4|7891024183014|1|07891024183014|HILO DENTAL COLGATE 2 X 1|COLGATE-PALMOLIVE|3837.80|3171.74|1|3837.80|3171.74|0.00|0.00| |0.00|0.00| 
70|1|2|7891024183236|1|07891024183236|HILO DENTAL COLGATE FLUOR&MENTA 25M|COLGATE-PALMOLIVE|3588.15|2965.41|1|3588.15|2965.41|0.00|0.00| |0.00|0.00| 
70|1|2|7891024183182|1|07891024183182|HILO DENTAL COLGATE TOTAL 25M|COLGATE-PALMOLIVE|3083.25|2548.14|1|3083.25|2548.14|0.00|0.00| |0.00|0.00| 
70|1|4|7891024183182|1|07891024183182|HILO DENTAL COLGATE TOTAL 25M|COLGATE-PALMOLIVE|3083.25|2548.14|1|3083.25|2548.14|0.00|0.00| |0.00|0.00| 
70|1|4|7798113115003|1|07798113115003|HILO DENTAL RANDOM CERA 25 MT|PR.VARIOS PERFUMERIA|85.15|70.37|1|85.15|70.37|0.00|0.00| |0.00|0.00| 
70|1|4|7790773007117|1|07790773007117|HISOPOS QSOFT FAMILY 100 UNID.|PRIFAMON|1940.00|1603.31|1|1940.00|1603.31|0.00|0.00| |0.00|0.00| 
70|1|4|7790580587901|1|07790580587901|HUEVO PASCUA BON O BON LECHE 55GRS|ARCOR S.A.|8000.00|6611.57|1|8000.00|6611.57|0.00|0.00| |0.00|0.00| 
70|1|4|6000000076030|1|06000000076030|HUEVOS FRESCOS LAR NRO. 1 30 UN|HUEVOS LAR.|5300.00|4380.17|1|5300.00|4380.17|0.00|0.00| |0.00|0.00| 
70|1|1|7793559000401|1|07793559000401|INSECTICIDA BASE AC.DINGO C/GAT.1L|BEIGOSOL |6600.00|5454.55|1|6600.00|5454.55|0.00|0.00| |0.00|0.00| 
70|1|4|7793559000401|1|07793559000401|INSECTICIDA BASE AC.DINGO C/GAT.1L|BEIGOSOL |6600.00|5454.55|1|6600.00|5454.55|0.00|0.00| |0.00|0.00| 
70|1|1|7793559000159|1|07793559000159|INSECTICIDA BASE ACUOSA DINGO 1L.|BEIGOSOL |2550.00|2107.44|1|2550.00|2107.44|0.00|0.00| |0.00|0.00| 
70|1|2|7793559000159|1|07793559000159|INSECTICIDA BASE ACUOSA DINGO 1L.|BEIGOSOL |2550.00|2107.44|1|2550.00|2107.44|0.00|0.00| |0.00|0.00| 
70|1|3|7793559000159|1|07793559000159|INSECTICIDA BASE ACUOSA DINGO 1L.|BEIGOSOL |2550.00|2107.44|1|2550.00|2107.44|0.00|0.00| |0.00|0.00| 
70|1|3|7792816002622|1|07792816002622|INSECTICIDA ESCUDO 360CC CUCARACHAS|HECSPI|3400.00|2809.92|1|3400.00|2809.92|0.00|0.00| |0.00|0.00| 
70|1|4|7792816002622|1|07792816002622|INSECTICIDA ESCUDO 360CC CUCARACHAS|HECSPI|3400.00|2809.92|1|3400.00|2809.92|0.00|0.00| |0.00|0.00| 
70|1|3|7792816002707|1|07792816002707|INSECTICIDA ESCUDO 400CC HOGAR JARD|HECSPI|3230.00|2669.42|1|3230.00|2669.42|0.00|0.00| |0.00|0.00| 
70|1|4|7792816002707|1|07792816002707|INSECTICIDA ESCUDO 400CC HOGAR JARD|HECSPI|3230.00|2669.42|1|3230.00|2669.42|0.00|0.00| |0.00|0.00| 
70|1|1|7790520007810|1|07790520007810|INSECTICIDA FUYI MMYM 360C.C.|SCJ INSECTICIDA|4750.00|3925.62|1|4750.00|3925.62|0.00|0.00| |0.00|0.00| 
70|1|2|7790520007810|1|07790520007810|INSECTICIDA FUYI MMYM 360C.C.|SCJ INSECTICIDA|4750.00|3925.62|1|4750.00|3925.62|0.00|0.00| |0.00|0.00| 
70|1|3|7790520007810|1|07790520007810|INSECTICIDA FUYI MMYM 360C.C.|SCJ INSECTICIDA|4750.00|3925.62|1|4750.00|3925.62|0.00|0.00| |0.00|0.00| 
70|1|4|7790520007810|1|07790520007810|INSECTICIDA FUYI MMYM 360C.C.|SCJ INSECTICIDA|4750.00|3925.62|1|4750.00|3925.62|0.00|0.00| |0.00|0.00| 
70|1|1|7793559000142|1|07793559000142|INSECTICIDA LIQUIDO DINGO 500CC|BEIGOSOL |6600.00|5454.55|1|6600.00|5454.55|0.00|0.00| |0.00|0.00| 
70|1|2|7793559000142|1|07793559000142|INSECTICIDA LIQUIDO DINGO 500CC|BEIGOSOL |6600.00|5454.55|1|6600.00|5454.55|0.00|0.00| |0.00|0.00| 
70|1|3|7793559000142|1|07793559000142|INSECTICIDA LIQUIDO DINGO 500CC|BEIGOSOL |6600.00|5454.55|1|6600.00|5454.55|0.00|0.00| |0.00|0.00| 
70|1|4|7793559000142|1|07793559000142|INSECTICIDA LIQUIDO DINGO 500CC|BEIGOSOL |6600.00|5454.55|1|6600.00|5454.55|0.00|0.00| |0.00|0.00| 
70|1|1|7790520007711|1|07790520007711|INSECTICIDA RAID MAX 360 CC|SCJ INSECTICIDA|8700.00|7190.08|1|8700.00|7190.08|0.00|0.00| |0.00|0.00| 
70|1|2|7790520007711|1|07790520007711|INSECTICIDA RAID MAX 360 CC|SCJ INSECTICIDA|8700.00|7190.08|1|8700.00|7190.08|0.00|0.00| |0.00|0.00| 
70|1|3|7790520007711|1|07790520007711|INSECTICIDA RAID MAX 360 CC|SCJ INSECTICIDA|8700.00|7190.08|1|8700.00|7190.08|0.00|0.00| |0.00|0.00| 
70|1|4|7790520007711|1|07790520007711|INSECTICIDA RAID MAX 360 CC|SCJ INSECTICIDA|8700.00|7190.08|1|8700.00|7190.08|0.00|0.00| |0.00|0.00| 
70|1|1|7790520007506|1|07790520007506|INSECTICIDA RAID MMM AEROSOL 360|SCJ INSECTICIDA|6100.00|5041.32|1|6100.00|5041.32|0.00|0.00| |0.00|0.00| 
70|1|2|7790520007506|1|07790520007506|INSECTICIDA RAID MMM AEROSOL 360|SCJ INSECTICIDA|6100.00|5041.32|1|6100.00|5041.32|0.00|0.00| |0.00|0.00| 
70|1|3|7790520007506|1|07790520007506|INSECTICIDA RAID MMM AEROSOL 360|SCJ INSECTICIDA|6100.00|5041.32|1|6100.00|5041.32|0.00|0.00| |0.00|0.00| 
70|1|4|7790520007506|1|07790520007506|INSECTICIDA RAID MMM AEROSOL 360|SCJ INSECTICIDA|6100.00|5041.32|1|6100.00|5041.32|0.00|0.00| |0.00|0.00| 
70|1|1|7790520508607|1|07790520508607|INSECTICIDA RAID MMM SIN OLOR 360C|SCJ AIRE|7100.00|5867.77|1|7100.00|5867.77|0.00|0.00| |0.00|0.00| 
70|1|2|7790520508607|1|07790520508607|INSECTICIDA RAID MMM SIN OLOR 360C|SCJ AIRE|7100.00|5867.77|1|7100.00|5867.77|0.00|0.00| |0.00|0.00| 
70|1|3|7790520508607|1|07790520508607|INSECTICIDA RAID MMM SIN OLOR 360C|SCJ AIRE|7100.00|5867.77|1|7100.00|5867.77|0.00|0.00| |0.00|0.00| 
70|1|1|7793253237219|1|07793253237219|INSECTICIDA SELTON CASA Y JARDIN360|CLOROX|5130.00|4239.67|1|5130.00|4239.67|0.00|0.00| |0.00|0.00| 
70|1|2|7793253237219|1|07793253237219|INSECTICIDA SELTON CASA Y JARDIN360|CLOROX|5130.00|4239.67|1|5130.00|4239.67|0.00|0.00| |0.00|0.00| 
70|1|3|7793253237219|1|07793253237219|INSECTICIDA SELTON CASA Y JARDIN360|CLOROX|5130.00|4239.67|1|5130.00|4239.67|0.00|0.00| |0.00|0.00| 
70|1|4|7793253237219|1|07793253237219|INSECTICIDA SELTON CASA Y JARDIN360|CLOROX|5130.00|4239.67|1|5130.00|4239.67|0.00|0.00| |0.00|0.00| 
70|1|4|7791520026030|1|07791520026030|JABON DE GLICERINA VERITAS BEBE 120|LA FARMACO ARGENTINA|1998.45|1651.61|1|1998.45|1651.61|0.00|0.00| |0.00|0.00| 
70|1|4|7791520004151|1|07791520004151|JABON DE GLICERINA VERITAS MENTA120|LA FARMACO ARGENTINA|1912.15|1580.29|1|1912.15|1580.29|0.00|0.00| |0.00|0.00| 
70|1|1|7790828002388|1|07790828002388|JABON DE LAVAR PRIMER PRECIO 2X200G|PP.LA MARIPOSA|1330.00|1099.17|1|1330.00|1099.17|0.00|0.00| |0.00|0.00| 
70|1|2|7790828002388|1|07790828002388|JABON DE LAVAR PRIMER PRECIO 2X200G|PP.LA MARIPOSA|1330.00|1099.17|1|1330.00|1099.17|0.00|0.00| |0.00|0.00| 
70|1|3|7790828002388|1|07790828002388|JABON DE LAVAR PRIMER PRECIO 2X200G|PP.LA MARIPOSA|1330.00|1099.17|1|1330.00|1099.17|0.00|0.00| |0.00|0.00| 
70|1|4|7790828002388|1|07790828002388|JABON DE LAVAR PRIMER PRECIO 2X200G|PP.LA MARIPOSA|1330.00|1099.17|1|1330.00|1099.17|0.00|0.00| |0.00|0.00| 
70|1|1|7796311000022|1|07796311000022|JABON DE LAVAR SEISEME 300 GR.|VELAS LOURDES|1998.00|1651.24|1|1998.00|1651.24|0.00|0.00| |0.00|0.00| 
70|1|2|7796311000022|1|07796311000022|JABON DE LAVAR SEISEME 300 GR.|VELAS LOURDES|1998.00|1651.24|1|1998.00|1651.24|0.00|0.00| |0.00|0.00| 
70|1|3|7796311000022|1|07796311000022|JABON DE LAVAR SEISEME 300 GR.|VELAS LOURDES|1998.00|1651.24|1|1998.00|1651.24|0.00|0.00| |0.00|0.00| 
70|1|4|7796311000022|1|07796311000022|JABON DE LAVAR SEISEME 300 GR.|VELAS LOURDES|1998.00|1651.24|1|1998.00|1651.24|0.00|0.00| |0.00|0.00| 
70|1|2|7790990501498|1|07790990501498|JABON EN ESPUMA PLUSBELLE 250CACAO |PR.VARIOS PERFUMERIA|745.09|615.78|1|745.09|615.78|0.00|0.00| |0.00|0.00| 
70|1|2|7790990501481|1|07790990501481|JABON EN ESPUMA PLUSBELLE 250KARITE|PR.VARIOS PERFUMERIA|745.09|615.78|1|745.09|615.78|0.00|0.00| |0.00|0.00| 
70|1|4|7791274000713|1|07791274000713|JABON LIQUIDO ALGABO COCO/VAIN 300C|ALGABO PERFUMERIA|2309.05|1908.31|1|2309.05|1908.31|0.00|0.00| |0.00|0.00| 
70|1|3|7791274000485|1|07791274000485|JABON LIQUIDO ALGABO CREAM 300CC|ALGABO PERFUMERIA|2309.05|1908.31|1|2309.05|1908.31|0.00|0.00| |0.00|0.00| 
70|1|1|7791274000881|1|07791274000881|JABON LIQUIDO ALGABO DP ANTIB.300CC|PR.VARIOS PERFUMERIA|1961.60|1621.16|1|1961.60|1621.16|0.00|0.00| |0.00|0.00| 
70|1|1|7791274000744|1|07791274000744|JABON LIQUIDO ALGABO DP F. DEL BOS.|ALGABO PERFUMERIA|1539.35|1272.19|1|1539.35|1272.19|0.00|0.00| |0.00|0.00| 
70|1|4|7791274000744|1|07791274000744|JABON LIQUIDO ALGABO DP F. DEL BOS.|ALGABO PERFUMERIA|1539.35|1272.19|1|1539.35|1272.19|0.00|0.00| |0.00|0.00| 
70|1|1|7791274196010|1|07791274196010|JABON LIQUIDO ALGABO DP. CITRUS 300|ALGABO PERFUMERIA|1539.35|1272.19|1|1539.35|1272.19|0.00|0.00| |0.00|0.00| 
70|1|4|7791274196010|1|07791274196010|JABON LIQUIDO ALGABO DP. CITRUS 300|ALGABO PERFUMERIA|1539.35|1272.19|1|1539.35|1272.19|0.00|0.00| |0.00|0.00| 
70|1|1|7791274000577|1|07791274000577|JABON LIQUIDO ALGABO DP. CREAM 300C|ALGABO PERFUMERIA|1539.35|1272.19|1|1539.35|1272.19|0.00|0.00| |0.00|0.00| 
70|1|3|7791274000577|1|07791274000577|JABON LIQUIDO ALGABO DP. CREAM 300C|ALGABO PERFUMERIA|1539.35|1272.19|1|1539.35|1272.19|0.00|0.00| |0.00|0.00| 
70|1|4|7791274000577|1|07791274000577|JABON LIQUIDO ALGABO DP. CREAM 300C|ALGABO PERFUMERIA|1539.35|1272.19|1|1539.35|1272.19|0.00|0.00| |0.00|0.00| 
70|1|1|7791274196003|1|07791274196003|JABON LIQUIDO ALGABO DP. FLORAL 300|ALGABO PERFUMERIA|1539.35|1272.19|1|1539.35|1272.19|0.00|0.00| |0.00|0.00| 
70|1|1|7791274000492|1|07791274000492|JABON LIQUIDO ALGABO DP. FLOWER 300|ALGABO PERFUMERIA|1539.35|1272.19|1|1539.35|1272.19|0.00|0.00| |0.00|0.00| 
70|1|3|7791274000492|1|07791274000492|JABON LIQUIDO ALGABO DP. FLOWER 300|ALGABO PERFUMERIA|1539.35|1272.19|1|1539.35|1272.19|0.00|0.00| |0.00|0.00| 
70|1|4|7791274000492|1|07791274000492|JABON LIQUIDO ALGABO DP. FLOWER 300|ALGABO PERFUMERIA|1539.35|1272.19|1|1539.35|1272.19|0.00|0.00| |0.00|0.00| 
70|1|1|7791274196041|1|07791274196041|JABON LIQUIDO ALGABO DP. GREEN TEA |ALGABO PERFUMERIA|1539.35|1272.19|1|1539.35|1272.19|0.00|0.00| |0.00|0.00| 
70|1|4|7791274196041|1|07791274196041|JABON LIQUIDO ALGABO DP. GREEN TEA |ALGABO PERFUMERIA|1539.35|1272.19|1|1539.35|1272.19|0.00|0.00| |0.00|0.00| 
70|1|4|7791274000720|1|07791274000720|JABON LIQUIDO ALGABO F. DEL BOS.300|ALGABO PERFUMERIA|2309.05|1908.31|1|2309.05|1908.31|0.00|0.00| |0.00|0.00| 
70|1|4|7791274000584|1|07791274000584|JABON LIQUIDO ALGABO FLOWER 300CC|ALGABO PERFUMERIA|2309.05|1908.31|1|2309.05|1908.31|0.00|0.00| |0.00|0.00| 
70|1|1|7791274193392|1|07791274193392|JABON LIQUIDO ALGABO GREEN TEA 300C|ALGABO PERFUMERIA|2309.05|1908.31|1|2309.05|1908.31|0.00|0.00| |0.00|0.00| 
70|1|2|7891150019560|1|07891150019560|JABON TOCADOR DOVE 90G KARITE|UNILEVER PERFUMERIA|2037.40|1683.80|1|2037.40|1683.80|0.00|0.00| |0.00|0.00| 
70|1|4|7891150019560|1|07891150019560|JABON TOCADOR DOVE 90G KARITE|UNILEVER PERFUMERIA|2037.40|1683.80|1|2037.40|1683.80|0.00|0.00| |0.00|0.00| 
70|1|1|7898422746759|1|07898422746759|JABON TOCADOR DOVE 90G.|UNILEVER PERFUMERIA|1990.75|1645.25|1|1990.75|1645.25|0.00|0.00| |0.00|0.00| 
70|1|2|7898422746759|1|07898422746759|JABON TOCADOR DOVE 90G.|UNILEVER PERFUMERIA|1990.75|1645.25|1|1990.75|1645.25|0.00|0.00| |0.00|0.00| 
70|1|4|7898422746759|1|07898422746759|JABON TOCADOR DOVE 90G.|UNILEVER PERFUMERIA|1990.75|1645.25|1|1990.75|1645.25|0.00|0.00| |0.00|0.00| 
70|1|4|7898422746827|1|07898422746827|JABON TOCADOR DOVE 90G.EXFOLIACION|UNILEVER PERFUMERIA|2037.40|1683.80|1|2037.40|1683.80|0.00|0.00| |0.00|0.00| 
70|1|3|7891010035976|1|07891010035976|JABON TOCADOR JOHNSONS BABY 80GR. G|CARLOS DECHANZI PERF|1428.60|1180.66|1|1428.60|1180.66|0.00|0.00| |0.00|0.00| 
70|1|4|7891010035976|1|07891010035976|JABON TOCADOR JOHNSONS BABY 80GR. G|CARLOS DECHANZI PERF|1428.60|1180.66|1|1428.60|1180.66|0.00|0.00| |0.00|0.00| 
70|1|1|7790828002890|1|07790828002890|JABON TOCADOR KENIA 4X90G. GLICERIN|JOSE GUMA|2800.00|2314.05|1|2800.00|2314.05|0.00|0.00| |0.00|0.00| 
70|1|2|7790828002890|1|07790828002890|JABON TOCADOR KENIA 4X90G. GLICERIN|JOSE GUMA|2800.00|2314.05|1|2800.00|2314.05|0.00|0.00| |0.00|0.00| 
70|1|3|7790828002890|1|07790828002890|JABON TOCADOR KENIA 4X90G. GLICERIN|JOSE GUMA|2800.00|2314.05|1|2800.00|2314.05|0.00|0.00| |0.00|0.00| 
70|1|4|7790828002890|1|07790828002890|JABON TOCADOR KENIA 4X90G. GLICERIN|JOSE GUMA|2800.00|2314.05|1|2800.00|2314.05|0.00|0.00| |0.00|0.00| 
70|1|4|7794218000213|1|07794218000213|JABON TOCADOR P.PRECIO 3X90G. CITRI|PP.LA MARIPOSA|1240.00|1024.79|1|1240.00|1024.79|0.00|0.00| |0.00|0.00| 
70|1|1|7794218000206|1|07794218000206|JABON TOCADOR P.PRECIO 3X90G. ROSAS|PP.LA MARIPOSA|1240.00|1024.79|1|1240.00|1024.79|0.00|0.00| |0.00|0.00| 
70|1|2|7794218000206|1|07794218000206|JABON TOCADOR P.PRECIO 3X90G. ROSAS|PP.LA MARIPOSA|1240.00|1024.79|1|1240.00|1024.79|0.00|0.00| |0.00|0.00| 
70|1|3|7794218000206|1|07794218000206|JABON TOCADOR P.PRECIO 3X90G. ROSAS|PP.LA MARIPOSA|1240.00|1024.79|1|1240.00|1024.79|0.00|0.00| |0.00|0.00| 
70|1|4|7794218000206|1|07794218000206|JABON TOCADOR P.PRECIO 3X90G. ROSAS|PP.LA MARIPOSA|1240.00|1024.79|1|1240.00|1024.79|0.00|0.00| |0.00|0.00| 
70|1|3|7791293031941|1|07791293031941|JABON TOCADOR REXONA 120G COTTON FR|UNILEVER PERFUMERIA|1190.50|983.88|1|1190.50|983.88|0.00|0.00| |0.00|0.00| 
70|1|4|7791293031941|1|07791293031941|JABON TOCADOR REXONA 120G COTTON FR|UNILEVER PERFUMERIA|1190.50|983.88|1|1190.50|983.88|0.00|0.00| |0.00|0.00| 
70|1|1|7791293031927|1|07791293031927|JABON TOCADOR REXONA 120G SENSIBLE |UNILEVER PERFUMERIA|1190.50|983.88|1|1190.50|983.88|0.00|0.00| |0.00|0.00| 
70|1|2|7791293031927|1|07791293031927|JABON TOCADOR REXONA 120G SENSIBLE |UNILEVER PERFUMERIA|1190.50|983.88|1|1190.50|983.88|0.00|0.00| |0.00|0.00| 
70|1|3|7791293031927|1|07791293031927|JABON TOCADOR REXONA 120G SENSIBLE |UNILEVER PERFUMERIA|1190.50|983.88|1|1190.50|983.88|0.00|0.00| |0.00|0.00| 
70|1|4|7791293031927|1|07791293031927|JABON TOCADOR REXONA 120G SENSIBLE |UNILEVER PERFUMERIA|1190.50|983.88|1|1190.50|983.88|0.00|0.00| |0.00|0.00| 
70|1|4|7791293031934|1|07791293031934|JABON TOCADOR REXONA 125G BAMBOO FR|UNILEVER PERFUMERIA|1190.50|983.88|1|1190.50|983.88|0.00|0.00| |0.00|0.00| 
70|1|4|7791293017556|1|07791293017556|JABON TOCADOR REXONA 125G SENSIBLE |UNILEVER PERFUMERIA|1190.50|983.88|1|1190.50|983.88|0.00|0.00| |0.00|0.00| 
70|1|2|7791293031996|1|07791293031996|JABON TOCADOR REXONA 3X125G. BAMBOO|UNILEVER PERFUMERIA|3181.85|2629.63|1|3181.85|2629.63|0.00|0.00| |0.00|0.00| 
70|1|4|7791293031996|1|07791293031996|JABON TOCADOR REXONA 3X125G. BAMBOO|UNILEVER PERFUMERIA|3181.85|2629.63|1|3181.85|2629.63|0.00|0.00| |0.00|0.00| 
70|1|2|7791293032023|1|07791293032023|JABON TOCADOR REXONA 3X125G. ORCHID|UNILEVER PERFUMERIA|3181.85|2629.63|1|3181.85|2629.63|0.00|0.00| |0.00|0.00| 
70|1|4|7791293032023|1|07791293032023|JABON TOCADOR REXONA 3X125G. ORCHID|UNILEVER PERFUMERIA|3181.85|2629.63|1|3181.85|2629.63|0.00|0.00| |0.00|0.00| 
70|1|4|7793360810701|1|07793360810701|JALEA DE MEMBRILLO LA CAMPAGNOLA 45|PR.VARIOS SUPERMERC.|2224.55|1838.47|1|2224.55|1838.47|0.00|0.00| |0.00|0.00| 
70|1|2|6000001074028|1|06000001074028|JAMON COCIDO LAR KG.             |FIAMBRES LAR.|15800.00|13057.85|1|15800.00|13057.85|0.00|0.00| |0.00|0.00| 
70|1|4|6000001074028|1|06000001074028|JAMON COCIDO LAR KG.             |FIAMBRES LAR.|15800.00|13057.85|1|15800.00|13057.85|0.00|0.00| |0.00|0.00| 
70|1|1|7790580983307|1|07790580983307|JARDINERA ARCOR 195G.|ARCOR S.A.|1340.00|1107.44|1|1340.00|1107.44|0.00|0.00| |0.00|0.00| 
70|1|3|7790580983307|1|07790580983307|JARDINERA ARCOR 195G.|ARCOR S.A.|1340.00|1107.44|1|1340.00|1107.44|0.00|0.00| |0.00|0.00| 
70|1|4|7790580983307|1|07790580983307|JARDINERA ARCOR 195G.|ARCOR S.A.|1340.00|1107.44|1|1340.00|1107.44|0.00|0.00| |0.00|0.00| 
70|1|4|7792350005318|1|07792350005318|JARDINERA PRIMER PRECIO 220 G|INALPA|850.00|702.48|1|850.00|702.48|0.00|0.00| |0.00|0.00| 
70|1|1|7790580106416|1|07790580106416|JUGO ARCOR CAJA 18U. ANANA|ARCOR S.A.|5940.00|4909.09|1|5940.00|4909.09|0.00|0.00| |0.00|0.00| 
70|1|1|7790580106041|1|07790580106041|JUGO ARCOR CAJA 18U. LIMONADA|ARCOR S.A.|5940.00|4909.09|1|5940.00|4909.09|0.00|0.00| |0.00|0.00| 
70|1|4|7790580106041|1|07790580106041|JUGO ARCOR CAJA 18U. LIMONADA|ARCOR S.A.|5940.00|4909.09|1|5940.00|4909.09|0.00|0.00| |0.00|0.00| 
70|1|1|7790580106379|1|07790580106379|JUGO ARCOR CAJA 18U. MANZANA|ARCOR S.A.|5940.00|4909.09|1|5940.00|4909.09|0.00|0.00| |0.00|0.00| 
70|1|4|7790580106379|1|07790580106379|JUGO ARCOR CAJA 18U. MANZANA|ARCOR S.A.|5940.00|4909.09|1|5940.00|4909.09|0.00|0.00| |0.00|0.00| 
70|1|4|7790580106386|1|07790580106386|JUGO ARCOR CAJA 18U. MULTIFRUTA|ARCOR S.A.|5940.00|4909.09|1|5940.00|4909.09|0.00|0.00| |0.00|0.00| 
70|1|4|7790580106362|1|07790580106362|JUGO ARCOR CAJA 18U. NARANJA|ARCOR S.A.|5940.00|4909.09|1|5940.00|4909.09|0.00|0.00| |0.00|0.00| 
70|1|4|7790580106423|1|07790580106423|JUGO ARCOR CAJA 18U. NARANJA BANANA|ARCOR S.A.|5940.00|4909.09|1|5940.00|4909.09|0.00|0.00| |0.00|0.00| 
70|1|4|7790580106430|1|07790580106430|JUGO ARCOR CAJA 18U. NARANJA DULCE|ARCOR S.A.|5940.00|4909.09|1|5940.00|4909.09|0.00|0.00| |0.00|0.00| 
70|1|4|7790580106393|1|07790580106393|JUGO ARCOR CAJA 18U. NARANJA DURAZN|ARCOR S.A.|5940.00|4909.09|1|5940.00|4909.09|0.00|0.00| |0.00|0.00| 
70|1|4|7790036555379|1|07790036555379|JUGO BAGGIO PRONTO 200ML. DURAZNO|BAGGIO|530.00|438.02|1|530.00|438.02|0.00|0.00| |0.00|0.00| 
70|1|4|7790036501376|1|07790036501376|JUGO BAGGIO PRONTO 200ML. NARANJA|BAGGIO|530.00|438.02|1|530.00|438.02|0.00|0.00| |0.00|0.00| 
70|1|4|7793360246609|1|07793360246609|JUGO BC LA CAMPAGNOLA NARANJA 200CC|LA CAMPAGNOLA|570.00|471.07|1|570.00|471.07|0.00|0.00| |0.00|0.00| 
70|1|1|7790580984304|1|07790580984304|JUGO CAMPAGNOLA BC CAJA 18U. MANGO |LA CAMPAGNOLA|5400.00|4462.81|1|5400.00|4462.81|0.00|0.00| |0.00|0.00| 
70|1|1|7790580984106|1|07790580984106|JUGO CAMPAGNOLA BC CAJA 18U. NARANJ|LA CAMPAGNOLA|5400.00|4462.81|1|5400.00|4462.81|0.00|0.00| |0.00|0.00| 
70|1|1|7790580984311|1|07790580984311|JUGO CAMPAGNOLA BC MANGO/NAR. 7G|LA CAMPAGNOLA|300.00|247.93|1|300.00|247.93|0.00|0.00| |0.00|0.00| 
70|1|4|7790580984311|1|07790580984311|JUGO CAMPAGNOLA BC MANGO/NAR. 7G|LA CAMPAGNOLA|300.00|247.93|1|300.00|247.93|0.00|0.00| |0.00|0.00| 
70|1|1|7790895641534|1|07790895641534|JUGO CEPITA 1,5L. PET DURAZNO|COCA COLA|3230.00|2669.42|1|3230.00|2669.42|0.00|0.00| |0.00|0.00| 
70|1|4|7790895641534|1|07790895641534|JUGO CEPITA 1,5L. PET DURAZNO|COCA COLA|3230.00|2669.42|1|3230.00|2669.42|0.00|0.00| |0.00|0.00| 
70|1|1|7622300856410|1|07622300856410|JUGO CLIGHT CAJA 20U. LIMONADA|KRAFT FOODS ARGENTIN|7800.00|6446.28|1|7800.00|6446.28|0.00|0.00| |0.00|0.00| 
70|1|1|7622300856090|1|07622300856090|JUGO CLIGHT CAJA 20U. MANDARINA|KRAFT FOODS ARGENTIN|7800.00|6446.28|1|7800.00|6446.28|0.00|0.00| |0.00|0.00| 
70|1|1|7622300855055|1|07622300855055|JUGO CLIGHT CAJA 20U. NARANJA|KRAFT FOODS ARGENTIN|7800.00|6446.28|1|7800.00|6446.28|0.00|0.00| |0.00|0.00| 
70|1|4|7622300872892|1|07622300872892|JUGO CLIGHT STEVIA LIMONADA 7,5G.|KRAFT FOODS ARGENTIN|380.00|314.05|1|380.00|314.05|0.00|0.00| |0.00|0.00| 
70|1|1|7790044005576|1|07790044005576|JUGO DE LIMON MINERVA 1 LITRO    |MOLINOS RIO DL.PLATA|4170.00|3446.28|1|4170.00|3446.28|0.00|0.00| |0.00|0.00| 
70|1|2|7790044005576|1|07790044005576|JUGO DE LIMON MINERVA 1 LITRO    |MOLINOS RIO DL.PLATA|4170.00|3446.28|1|4170.00|3446.28|0.00|0.00| |0.00|0.00| 
70|1|3|7790044005576|1|07790044005576|JUGO DE LIMON MINERVA 1 LITRO    |MOLINOS RIO DL.PLATA|4170.00|3446.28|1|4170.00|3446.28|0.00|0.00| |0.00|0.00| 
70|1|4|7790044005576|1|07790044005576|JUGO DE LIMON MINERVA 1 LITRO    |MOLINOS RIO DL.PLATA|4170.00|3446.28|1|4170.00|3446.28|0.00|0.00| |0.00|0.00| 
70|1|1|0000077905529|1|00000077905529|JUGO DE LIMON MINERVA 250CC|MOLINOS RIO DL.PLATA|1400.00|1157.02|1|1400.00|1157.02|0.00|0.00| |0.00|0.00| 
70|1|2|0000077905529|1|00000077905529|JUGO DE LIMON MINERVA 250CC|MOLINOS RIO DL.PLATA|1400.00|1157.02|1|1400.00|1157.02|0.00|0.00| |0.00|0.00| 
70|1|3|0000077905529|1|00000077905529|JUGO DE LIMON MINERVA 250CC|MOLINOS RIO DL.PLATA|1400.00|1157.02|1|1400.00|1157.02|0.00|0.00| |0.00|0.00| 
70|1|4|0000077905529|1|00000077905529|JUGO DE LIMON MINERVA 250CC|MOLINOS RIO DL.PLATA|1400.00|1157.02|1|1400.00|1157.02|0.00|0.00| |0.00|0.00| 
70|1|1|7790044005583|1|07790044005583|JUGO DE LIMON MINERVA 500 CC.    |MOLINOS RIO DL.PLATA|2220.00|1834.71|1|2220.00|1834.71|0.00|0.00| |0.00|0.00| 
70|1|2|7790044005583|1|07790044005583|JUGO DE LIMON MINERVA 500 CC.    |MOLINOS RIO DL.PLATA|2220.00|1834.71|1|2220.00|1834.71|0.00|0.00| |0.00|0.00| 
70|1|3|7790044005583|1|07790044005583|JUGO DE LIMON MINERVA 500 CC.    |MOLINOS RIO DL.PLATA|2220.00|1834.71|1|2220.00|1834.71|0.00|0.00| |0.00|0.00| 
70|1|4|7790044005583|1|07790044005583|JUGO DE LIMON MINERVA 500 CC.    |MOLINOS RIO DL.PLATA|2220.00|1834.71|1|2220.00|1834.71|0.00|0.00| |0.00|0.00| 
70|1|1|7791085000292|1|07791085000292|JUGO DE LIMON PRIMER PRECIO 500CC|FRADEALCO S.A.|1480.00|1223.14|1|1480.00|1223.14|0.00|0.00| |0.00|0.00| 
70|1|2|7791085000292|1|07791085000292|JUGO DE LIMON PRIMER PRECIO 500CC|FRADEALCO S.A.|1480.00|1223.14|1|1480.00|1223.14|0.00|0.00| |0.00|0.00| 
70|1|3|7791085000292|1|07791085000292|JUGO DE LIMON PRIMER PRECIO 500CC|FRADEALCO S.A.|1480.00|1223.14|1|1480.00|1223.14|0.00|0.00| |0.00|0.00| 
70|1|4|7791085000292|1|07791085000292|JUGO DE LIMON PRIMER PRECIO 500CC|FRADEALCO S.A.|1480.00|1223.14|1|1480.00|1223.14|0.00|0.00| |0.00|0.00| 
70|1|1|7790365012994|1|07790365012994|JUGO FRESCOR 980CC MANDARINA AZUCAR|FRESCOR|3310.00|2735.54|1|3310.00|2735.54|0.00|0.00| |0.00|0.00| 
70|1|2|7790365012994|1|07790365012994|JUGO FRESCOR 980CC MANDARINA AZUCAR|FRESCOR|3310.00|2735.54|1|3310.00|2735.54|0.00|0.00| |0.00|0.00| 
70|1|4|7790365012994|1|07790365012994|JUGO FRESCOR 980CC MANDARINA AZUCAR|FRESCOR|3310.00|2735.54|1|3310.00|2735.54|0.00|0.00| |0.00|0.00| 
70|1|1|7790365012932|1|07790365012932|JUGO FRESCOR 980CC NARANJA AZUCARA|FRESCOR|2990.00|2471.07|1|2990.00|2471.07|0.00|0.00| |0.00|0.00| 
70|1|2|7790365012932|1|07790365012932|JUGO FRESCOR 980CC NARANJA AZUCARA|FRESCOR|2990.00|2471.07|1|2990.00|2471.07|0.00|0.00| |0.00|0.00| 
70|1|4|7790365012932|1|07790365012932|JUGO FRESCOR 980CC NARANJA AZUCARA|FRESCOR|2990.00|2471.07|1|2990.00|2471.07|0.00|0.00| |0.00|0.00| 
70|1|1|7790365013014|1|07790365013014|JUGO FRESCOR 980CC NARANJA LIGHT|FRESCOR|3070.00|2537.19|1|3070.00|2537.19|0.00|0.00| |0.00|0.00| 
70|1|4|7790365013014|1|07790365013014|JUGO FRESCOR 980CC NARANJA LIGHT|FRESCOR|3070.00|2537.19|1|3070.00|2537.19|0.00|0.00| |0.00|0.00| 
70|1|1|7790365012949|1|07790365012949|JUGO FRESCOR 980CC NARANJA NATURAL |FRESCOR|3070.00|2537.19|1|3070.00|2537.19|0.00|0.00| |0.00|0.00| 
70|1|3|7790365012949|1|07790365012949|JUGO FRESCOR 980CC NARANJA NATURAL |FRESCOR|3070.00|2537.19|1|3070.00|2537.19|0.00|0.00| |0.00|0.00| 
70|1|1|7790365012963|1|07790365012963|JUGO FRESCOR 980CC POMELO NATURAL |FRESCOR|3310.00|2735.54|1|3310.00|2735.54|0.00|0.00| |0.00|0.00| 
70|1|3|7790365012963|1|07790365012963|JUGO FRESCOR 980CC POMELO NATURAL |FRESCOR|3310.00|2735.54|1|3310.00|2735.54|0.00|0.00| |0.00|0.00| 
70|1|4|7790365012963|1|07790365012963|JUGO FRESCOR 980CC POMELO NATURAL |FRESCOR|3310.00|2735.54|1|3310.00|2735.54|0.00|0.00| |0.00|0.00| 
70|1|1|7791234001521|1|07791234001521|JUGO FRUTAFIEL 1,5L, GRANADINA|FRUTAFIEL S.A.|1750.00|1446.28|1|1750.00|1446.28|0.00|0.00| |0.00|0.00| 
70|1|2|7791234001521|1|07791234001521|JUGO FRUTAFIEL 1,5L, GRANADINA|FRUTAFIEL S.A.|1750.00|1446.28|1|1750.00|1446.28|0.00|0.00| |0.00|0.00| 
70|1|4|7791234001521|1|07791234001521|JUGO FRUTAFIEL 1,5L, GRANADINA|FRUTAFIEL S.A.|1750.00|1446.28|1|1750.00|1446.28|0.00|0.00| |0.00|0.00| 
70|1|1|7791234000593|1|07791234000593|JUGO FRUTAFIEL 1,5L. ANANA|FRUTAFIEL S.A.|1750.00|1446.28|1|1750.00|1446.28|0.00|0.00| |0.00|0.00| 
70|1|2|7791234000593|1|07791234000593|JUGO FRUTAFIEL 1,5L. ANANA|FRUTAFIEL S.A.|1750.00|1446.28|1|1750.00|1446.28|0.00|0.00| |0.00|0.00| 
70|1|4|7791234000593|1|07791234000593|JUGO FRUTAFIEL 1,5L. ANANA|FRUTAFIEL S.A.|1750.00|1446.28|1|1750.00|1446.28|0.00|0.00| |0.00|0.00| 
70|1|1|7791234000609|1|07791234000609|JUGO FRUTAFIEL 1,5L. DURAZNO|FRUTAFIEL S.A.|1750.00|1446.28|1|1750.00|1446.28|0.00|0.00| |0.00|0.00| 
70|1|2|7791234000609|1|07791234000609|JUGO FRUTAFIEL 1,5L. DURAZNO|FRUTAFIEL S.A.|1750.00|1446.28|1|1750.00|1446.28|0.00|0.00| |0.00|0.00| 
70|1|4|7791234000609|1|07791234000609|JUGO FRUTAFIEL 1,5L. DURAZNO|FRUTAFIEL S.A.|1750.00|1446.28|1|1750.00|1446.28|0.00|0.00| |0.00|0.00| 
70|1|4|7791234000630|1|07791234000630|JUGO FRUTAFIEL 1,5L. LIMON|PROV. VARIOS BEBIDAS|1525.00|1260.33|1|1525.00|1260.33|0.00|0.00| |0.00|0.00| 
70|1|1|7791234000661|1|07791234000661|JUGO FRUTAFIEL 1,5L. MANZANA|FRUTAFIEL S.A.|1750.00|1446.28|1|1750.00|1446.28|0.00|0.00| |0.00|0.00| 
70|1|2|7791234000661|1|07791234000661|JUGO FRUTAFIEL 1,5L. MANZANA|FRUTAFIEL S.A.|1750.00|1446.28|1|1750.00|1446.28|0.00|0.00| |0.00|0.00| 
70|1|4|7791234000661|1|07791234000661|JUGO FRUTAFIEL 1,5L. MANZANA|FRUTAFIEL S.A.|1750.00|1446.28|1|1750.00|1446.28|0.00|0.00| |0.00|0.00| 
70|1|1|7791234002870|1|07791234002870|JUGO FRUTAFIEL 1,5L. MULTIFRUTA|FRUTAFIEL S.A.|1750.00|1446.28|1|1750.00|1446.28|0.00|0.00| |0.00|0.00| 
70|1|2|7791234002870|1|07791234002870|JUGO FRUTAFIEL 1,5L. MULTIFRUTA|FRUTAFIEL S.A.|1750.00|1446.28|1|1750.00|1446.28|0.00|0.00| |0.00|0.00| 
70|1|3|7791234002870|1|07791234002870|JUGO FRUTAFIEL 1,5L. MULTIFRUTA|FRUTAFIEL S.A.|1750.00|1446.28|1|1750.00|1446.28|0.00|0.00| |0.00|0.00| 
70|1|4|7791234002870|1|07791234002870|JUGO FRUTAFIEL 1,5L. MULTIFRUTA|FRUTAFIEL S.A.|1750.00|1446.28|1|1750.00|1446.28|0.00|0.00| |0.00|0.00| 
70|1|1|7791234000579|1|07791234000579|JUGO FRUTAFIEL 1,5L. NARANJA|FRUTAFIEL S.A.|1750.00|1446.28|1|1750.00|1446.28|0.00|0.00| |0.00|0.00| 
70|1|2|7791234000579|1|07791234000579|JUGO FRUTAFIEL 1,5L. NARANJA|FRUTAFIEL S.A.|1750.00|1446.28|1|1750.00|1446.28|0.00|0.00| |0.00|0.00| 
70|1|3|7791234000579|1|07791234000579|JUGO FRUTAFIEL 1,5L. NARANJA|FRUTAFIEL S.A.|1750.00|1446.28|1|1750.00|1446.28|0.00|0.00| |0.00|0.00| 
70|1|4|7791234000579|1|07791234000579|JUGO FRUTAFIEL 1,5L. NARANJA|FRUTAFIEL S.A.|1750.00|1446.28|1|1750.00|1446.28|0.00|0.00| |0.00|0.00| 
70|1|1|7791234000586|1|07791234000586|JUGO FRUTAFIEL 1,5L. POMELO|FRUTAFIEL S.A.|1750.00|1446.28|1|1750.00|1446.28|0.00|0.00| |0.00|0.00| 
70|1|2|7791234000586|1|07791234000586|JUGO FRUTAFIEL 1,5L. POMELO|FRUTAFIEL S.A.|1750.00|1446.28|1|1750.00|1446.28|0.00|0.00| |0.00|0.00| 
70|1|3|7791234000586|1|07791234000586|JUGO FRUTAFIEL 1,5L. POMELO|FRUTAFIEL S.A.|1750.00|1446.28|1|1750.00|1446.28|0.00|0.00| |0.00|0.00| 
70|1|4|7791234000586|1|07791234000586|JUGO FRUTAFIEL 1,5L. POMELO|FRUTAFIEL S.A.|1750.00|1446.28|1|1750.00|1446.28|0.00|0.00| |0.00|0.00| 
70|1|4|7791234000074|1|07791234000074|JUGO FRUTAFIEL 3L. NARANJA|PROV. VARIOS BEBIDAS|2950.00|2438.02|1|2950.00|2438.02|0.00|0.00| |0.00|0.00| 
70|1|4|7791234000081|1|07791234000081|JUGO FRUTAFIEL 3L. POMELO|PROV. VARIOS BEBIDAS|2950.00|2438.02|1|2950.00|2438.02|0.00|0.00| |0.00|0.00| 
70|1|4|7790040110397|1|07790040110397|JUGO LA CAMPAGNOLA BC 500ML MANZANA|LA CAMPAGNOLA|1043.00|861.98|1|1043.00|861.98|0.00|0.00| |0.00|0.00| 
70|1|4|7790040110373|1|07790040110373|JUGO LA CAMPAGNOLA BC 500ML MULTIFR|LA CAMPAGNOLA|1043.00|861.98|1|1043.00|861.98|0.00|0.00| |0.00|0.00| 
70|1|4|7790040110380|1|07790040110380|JUGO LA CAMPAGNOLA BC 500ML NARANJA|LA CAMPAGNOLA|1043.00|861.98|1|1043.00|861.98|0.00|0.00| |0.00|0.00| 
70|1|4|7793360475108|1|07793360475108|JUGO LA CAMPAGNOLA BC MANZAN 1 LTS.|LA CAMPAGNOLA|2120.00|1752.07|1|2120.00|1752.07|0.00|0.00| |0.00|0.00| 
70|1|4|7793360475207|1|07793360475207|JUGO LA CAMPAGNOLA BC MULTIFRUTA 1L|LA CAMPAGNOLA|2120.00|1752.07|1|2120.00|1752.07|0.00|0.00| |0.00|0.00| 
70|1|4|7793360475009|1|07793360475009|JUGO LA CAMPAGNOLA BC NARANJA 1 LTS|LA CAMPAGNOLA|2120.00|1752.07|1|2120.00|1752.07|0.00|0.00| |0.00|0.00| 
70|1|1|7622300853754|1|07622300853754|JUGO TANG CAJA 20U. ANANA|KRAFT FOODS ARGENTIN|7400.00|6115.70|1|7400.00|6115.70|0.00|0.00| |0.00|0.00| 
70|1|1|7622300853723|1|07622300853723|JUGO TANG CAJA 20U. DURAZNO|KRAFT FOODS ARGENTIN|7400.00|6115.70|1|7400.00|6115.70|0.00|0.00| |0.00|0.00| 
70|1|1|7622300853631|1|07622300853631|JUGO TANG CAJA 20U. MANZANA|KRAFT FOODS ARGENTIN|7400.00|6115.70|1|7400.00|6115.70|0.00|0.00| |0.00|0.00| 
70|1|1|7622300853815|1|07622300853815|JUGO TANG CAJA 20U. NARANJA|KRAFT FOODS ARGENTIN|7400.00|6115.70|1|7400.00|6115.70|0.00|0.00| |0.00|0.00| 
70|1|1|7622300854003|1|07622300854003|JUGO TANG CAJA 20U. NARANJA BANANA|KRAFT FOODS ARGENTIN|7400.00|6115.70|1|7400.00|6115.70|0.00|0.00| |0.00|0.00| 
70|1|1|0000000071882|0|00000000071882|JUGO TANG CAJA 20U. NARANJA DURAZNO|KRAFT FOODS ARGENTIN|7400.00|6115.70|1|7400.00|6115.70|0.00|0.00| |0.00|0.00| 
70|1|1|7622300853945|1|07622300853945|JUGO TANG CAJA 20U. NARANJA MANGO|KRAFT FOODS ARGENTIN|7400.00|6115.70|1|7400.00|6115.70|0.00|0.00| |0.00|0.00| 
70|1|1|7791620002552|1|07791620002552|KETCHUP DANICA 220 GRS|FLORA DANICA|1240.00|1024.79|1|1240.00|1024.79|0.00|0.00| |0.00|0.00| 
70|1|3|7791620002552|1|07791620002552|KETCHUP DANICA 220 GRS|FLORA DANICA|1240.00|1024.79|1|1240.00|1024.79|0.00|0.00| |0.00|0.00| 
70|1|4|7791620002552|1|07791620002552|KETCHUP DANICA 220 GRS|FLORA DANICA|1240.00|1024.79|1|1240.00|1024.79|0.00|0.00| |0.00|0.00| 
70|1|1|7794000744295|1|07794000744295|KETCHUP HELLMANNS 250 GRS|UNILEVER BEST FOODS|2040.00|1685.95|1|2040.00|1685.95|0.00|0.00| |0.00|0.00| 
70|1|2|7794000744295|1|07794000744295|KETCHUP HELLMANNS 250 GRS|UNILEVER BEST FOODS|2040.00|1685.95|1|2040.00|1685.95|0.00|0.00| |0.00|0.00| 
70|1|3|7794000744295|1|07794000744295|KETCHUP HELLMANNS 250 GRS|UNILEVER BEST FOODS|2040.00|1685.95|1|2040.00|1685.95|0.00|0.00| |0.00|0.00| 
70|1|4|7794000744295|1|07794000744295|KETCHUP HELLMANNS 250 GRS|UNILEVER BEST FOODS|2040.00|1685.95|1|2040.00|1685.95|0.00|0.00| |0.00|0.00| 
70|1|4|7793360103018|1|07793360103018|KETCHUP LA CAMPAGNOLA DP. 250G.|LA CAMPAGNOLA|1500.00|1239.67|1|1500.00|1239.67|0.00|0.00| |0.00|0.00| 
70|1|4|7793360103025|1|07793360103025|KETCHUP LA CAMPAGNOLA DP.250G. HOT|LA CAMPAGNOLA|1500.00|1239.67|1|1500.00|1239.67|0.00|0.00| |0.00|0.00| 
70|1|1|7791866000381|1|07791866000381|KETCHUP NATURA 250CC|A.G.D.|1480.00|1223.14|1|1480.00|1223.14|0.00|0.00| |0.00|0.00| 
70|1|2|7791866000381|1|07791866000381|KETCHUP NATURA 250CC|A.G.D.|1480.00|1223.14|1|1480.00|1223.14|0.00|0.00| |0.00|0.00| 
70|1|3|7791866000381|1|07791866000381|KETCHUP NATURA 250CC|A.G.D.|1480.00|1223.14|1|1480.00|1223.14|0.00|0.00| |0.00|0.00| 
70|1|4|7791866000381|1|07791866000381|KETCHUP NATURA 250CC|A.G.D.|1480.00|1223.14|1|1480.00|1223.14|0.00|0.00| |0.00|0.00| 
70|1|4|7794000959934|1|07794000959934|KETCHUP RIK 250G.|PR.VARIOS SUPERMERC.|56.08|46.35|1|56.08|46.35|0.00|0.00| |0.00|0.00| 
70|1|1|7798116160048|1|07798116160048|KETCHUP TAHITI 270G.|TAHITI |2315.00|1913.22|1|2315.00|1913.22|0.00|0.00| |0.00|0.00| 
70|1|4|7798116160048|1|07798116160048|KETCHUP TAHITI 270G.|TAHITI |2315.00|1913.22|1|2315.00|1913.22|0.00|0.00| |0.00|0.00| 
70|1|2|7791600596354|1|07791600596354|KEVIN ABSOLUTE COLONIA C/V 100ML|UNIVEN|25429.45|21016.07|1|25429.45|21016.07|0.00|0.00| |0.00|0.00| 
70|1|4|7791600596354|1|07791600596354|KEVIN ABSOLUTE COLONIA C/V 100ML|UNIVEN|25429.45|21016.07|1|25429.45|21016.07|0.00|0.00| |0.00|0.00| 
70|1|4|7791600596248|1|07791600596248|KEVIN ABSOLUTE COLONIA C/V 60ML|UNIVEN|20931.80|17299.01|1|20931.80|17299.01|0.00|0.00| |0.00|0.00| 
70|1|1|7791600596460|1|07791600596460|KEVIN ABSOLUTE DESODORANTE 150CC|UNIVEN|4339.40|3586.28|1|4339.40|3586.28|0.00|0.00| |0.00|0.00| 
70|1|2|7791600596460|1|07791600596460|KEVIN ABSOLUTE DESODORANTE 150CC|UNIVEN|4339.40|3586.28|1|4339.40|3586.28|0.00|0.00| |0.00|0.00| 
70|1|4|7791600596460|1|07791600596460|KEVIN ABSOLUTE DESODORANTE 150CC|UNIVEN|4339.40|3586.28|1|4339.40|3586.28|0.00|0.00| |0.00|0.00| 
70|1|1|7791600596576|1|07791600596576|KEVIN ABSOLUTE DESODORANTE 250CC|UNIVEN|4912.50|4059.92|1|4912.50|4059.92|0.00|0.00| |0.00|0.00| 
70|1|4|7791600596576|1|07791600596576|KEVIN ABSOLUTE DESODORANTE 250CC|UNIVEN|4912.50|4059.92|1|4912.50|4059.92|0.00|0.00| |0.00|0.00| 
70|1|2|7791600037451|1|07791600037451|KEVIN AFTER SHAVE 60 C.C.|UNIVEN|8630.60|7132.73|1|8630.60|7132.73|0.00|0.00| |0.00|0.00| 
70|1|4|7791600037451|1|07791600037451|KEVIN AFTER SHAVE 60 C.C.|UNIVEN|8630.60|7132.73|1|8630.60|7132.73|0.00|0.00| |0.00|0.00| 
70|1|1|7791600018528|1|07791600018528|KEVIN BLACK AEROSOL 177 C.C.|UNIVEN|4969.00|4106.61|1|4969.00|4106.61|0.00|0.00| |0.00|0.00| 
70|1|2|7791600018528|1|07791600018528|KEVIN BLACK AEROSOL 177 C.C.|UNIVEN|4969.00|4106.61|1|4969.00|4106.61|0.00|0.00| |0.00|0.00| 
70|1|4|7791600018528|1|07791600018528|KEVIN BLACK AEROSOL 177 C.C.|UNIVEN|4969.00|4106.61|1|4969.00|4106.61|0.00|0.00| |0.00|0.00| 
70|1|4|7791600018122|1|07791600018122|KEVIN BLACK COLONIA 100 C.C.|UNIVEN|18648.25|15411.78|1|18648.25|15411.78|0.00|0.00| |0.00|0.00| 
70|1|4|7791600018016|1|07791600018016|KEVIN BLACK COLONIA 60 C.C.|UNIVEN|14641.20|12100.17|1|14641.20|12100.17|0.00|0.00| |0.00|0.00| 
70|1|2|7791600018344|1|07791600018344|KEVIN BLACK DESODORANTE 150 C.C.|UNIVEN|4336.55|3583.93|1|4336.55|3583.93|0.00|0.00| |0.00|0.00| 
70|1|4|7791600018344|1|07791600018344|KEVIN BLACK DESODORANTE 150 C.C.|UNIVEN|4336.55|3583.93|1|4336.55|3583.93|0.00|0.00| |0.00|0.00| 
70|1|2|7791600018450|1|07791600018450|KEVIN BLACK DESODORANTE 250 C.C.|UNIVEN|4969.00|4106.61|1|4969.00|4106.61|0.00|0.00| |0.00|0.00| 
70|1|4|7791600018450|1|07791600018450|KEVIN BLACK DESODORANTE 250 C.C.|UNIVEN|4969.00|4106.61|1|4969.00|4106.61|0.00|0.00| |0.00|0.00| 
70|1|4|7791600037123|1|07791600037123|KEVIN COLONIA 100 CC C/VAP.|UNIVEN|17646.50|14583.88|1|17646.50|14583.88|0.00|0.00| |0.00|0.00| 
70|1|4|7791600037567|1|07791600037567|KEVIN COLONIA 170 CC|UNIVEN|9395.85|7765.17|1|9395.85|7765.17|0.00|0.00| |0.00|0.00| 
70|1|2|7791600037017|1|07791600037017|KEVIN COLONIA 60 CC|UNIVEN|13477.65|11138.55|1|13477.65|11138.55|0.00|0.00| |0.00|0.00| 
70|1|4|7791600037017|1|07791600037017|KEVIN COLONIA 60 CC|UNIVEN|13477.65|11138.55|1|13477.65|11138.55|0.00|0.00| |0.00|0.00| 
70|1|1|7791600037635|1|07791600037635|KEVIN DESODORANTE 0% 177 C.C.|UNIVEN|4969.00|4106.61|1|4969.00|4106.61|0.00|0.00| |0.00|0.00| 
70|1|2|7791600037635|1|07791600037635|KEVIN DESODORANTE 0% 177 C.C.|UNIVEN|4969.00|4106.61|1|4969.00|4106.61|0.00|0.00| |0.00|0.00| 
70|1|4|7791600037635|1|07791600037635|KEVIN DESODORANTE 0% 177 C.C.|UNIVEN|4969.00|4106.61|1|4969.00|4106.61|0.00|0.00| |0.00|0.00| 
70|1|4|7791600037345|1|07791600037345|KEVIN DESODORANTE 250 CC|UNIVEN|4969.00|4106.61|1|4969.00|4106.61|0.00|0.00| |0.00|0.00| 
70|1|4|7791600048396|1|07791600048396|KEVIN FEMME DESODORANTE 123ML|PR.VARIOS PERFUMERIA|2120.56|1752.53|1|2120.56|1752.53|0.00|0.00| |0.00|0.00| 
70|1|4|7791600164133|1|07791600164133|KEVIN PARK COLONIA 60 CC C/VAP.|UNIVEN|14641.20|12100.17|1|14641.20|12100.17|0.00|0.00| |0.00|0.00| 
70|1|4|7791600164454|1|07791600164454|KEVIN PARK DESODORANTE 150 C.C.|UNIVEN|4336.55|3583.93|1|4336.55|3583.93|0.00|0.00| |0.00|0.00| 
70|1|1|7791600164522|1|07791600164522|KEVIN PARK DESODORANTE 250 C.C.|UNIVEN|4969.00|4106.61|1|4969.00|4106.61|0.00|0.00| |0.00|0.00| 
70|1|4|7791600164522|1|07791600164522|KEVIN PARK DESODORANTE 250 C.C.|UNIVEN|4969.00|4106.61|1|4969.00|4106.61|0.00|0.00| |0.00|0.00| 
70|1|2|7791600253547|1|07791600253547|KEVIN PLATINUM DESODORANTE 150ML|UNIVEN|4339.40|3586.28|1|4339.40|3586.28|0.00|0.00| |0.00|0.00| 
70|1|4|7791600253547|1|07791600253547|KEVIN PLATINUM DESODORANTE 150ML|UNIVEN|4339.40|3586.28|1|4339.40|3586.28|0.00|0.00| |0.00|0.00| 
70|1|1|7791600253653|1|07791600253653|KEVIN PLATINUM DESODORANTE 250ML|UNIVEN|4912.50|4059.92|1|4912.50|4059.92|0.00|0.00| |0.00|0.00| 
70|1|2|7791600253653|1|07791600253653|KEVIN PLATINUM DESODORANTE 250ML|UNIVEN|4912.50|4059.92|1|4912.50|4059.92|0.00|0.00| |0.00|0.00| 
70|1|4|7791600253653|1|07791600253653|KEVIN PLATINUM DESODORANTE 250ML|UNIVEN|4912.50|4059.92|1|4912.50|4059.92|0.00|0.00| |0.00|0.00| 
70|1|4|7791600253325|1|07791600253325|KEVIN PLATINUM EDT 50ML C/VAPORIZA|UNIVEN|20035.30|16558.10|1|20035.30|16558.10|0.00|0.00| |0.00|0.00| 
70|1|4|7791600253431|1|07791600253431|KEVIN PLATINUM EDT 90ML C/VAPORIZAD|PR.VARIOS PERFUMERIA|3235.35|2673.84|1|3235.35|2673.84|0.00|0.00| |0.00|0.00| 
70|1|4|7791600603137|1|07791600603137|KEVIN SPIRIT COLONIA 100 C.C.|UNIVEN|18108.85|14965.99|1|18108.85|14965.99|0.00|0.00| |0.00|0.00| 
70|1|4|7791600603021|1|07791600603021|KEVIN SPIRIT COLONIA 60 C.C.|UNIVEN|14255.90|11781.74|1|14255.90|11781.74|0.00|0.00| |0.00|0.00| 
70|1|4|7791600603748|1|07791600603748|KEVIN SPIRIT DESODORANTE 0% 177CC|PR.VARIOS PERFUMERIA|2666.79|2203.96|1|2666.79|2203.96|0.00|0.00| |0.00|0.00| 
70|1|1|7791600603359|1|07791600603359|KEVIN SPIRIT DESODORANTE 150 C.C.|UNIVEN|4336.55|3583.93|1|4336.55|3583.93|0.00|0.00| |0.00|0.00| 
70|1|2|7791600603359|1|07791600603359|KEVIN SPIRIT DESODORANTE 150 C.C.|UNIVEN|4336.55|3583.93|1|4336.55|3583.93|0.00|0.00| |0.00|0.00| 
70|1|4|7791600603359|1|07791600603359|KEVIN SPIRIT DESODORANTE 150 C.C.|UNIVEN|4336.55|3583.93|1|4336.55|3583.93|0.00|0.00| |0.00|0.00| 
70|1|1|7791600603465|1|07791600603465|KEVIN SPIRIT DESODORANTE 250 C.C.|UNIVEN|4969.00|4106.61|1|4969.00|4106.61|0.00|0.00| |0.00|0.00| 
70|1|2|7791600603465|1|07791600603465|KEVIN SPIRIT DESODORANTE 250 C.C.|UNIVEN|4969.00|4106.61|1|4969.00|4106.61|0.00|0.00| |0.00|0.00| 
70|1|4|7791600603465|1|07791600603465|KEVIN SPIRIT DESODORANTE 250 C.C.|UNIVEN|4969.00|4106.61|1|4969.00|4106.61|0.00|0.00| |0.00|0.00| 
70|1|4|6000001064500|1|06000001064500|KIWI KG.|VERDULERIA|10800.00|9773.76|1|10800.00|9773.76|0.00|0.00| |0.00|0.00| 
70|1|1|7791290000674|1|07791290000674|LAVAVAJILLAS ALA ULTRA 300CC.LIMON|UNILEVER.|1525.00|1260.33|1|1525.00|1260.33|0.00|0.00| |0.00|0.00| 
70|1|2|7791290000674|1|07791290000674|LAVAVAJILLAS ALA ULTRA 300CC.LIMON|UNILEVER.|1525.00|1260.33|1|1525.00|1260.33|0.00|0.00| |0.00|0.00| 
70|1|3|7791290000674|1|07791290000674|LAVAVAJILLAS ALA ULTRA 300CC.LIMON|UNILEVER.|1525.00|1260.33|1|1525.00|1260.33|0.00|0.00| |0.00|0.00| 
70|1|4|7791290000674|1|07791290000674|LAVAVAJILLAS ALA ULTRA 300CC.LIMON|UNILEVER.|1525.00|1260.33|1|1525.00|1260.33|0.00|0.00| |0.00|0.00| 
70|1|1|7791290000698|1|07791290000698|LAVAVAJILLAS ALA ULTRA 300CC.POMELO|UNILEVER.|1700.00|1404.96|1|1700.00|1404.96|0.00|0.00| |0.00|0.00| 
70|1|2|7791290000698|1|07791290000698|LAVAVAJILLAS ALA ULTRA 300CC.POMELO|UNILEVER.|1700.00|1404.96|1|1700.00|1404.96|0.00|0.00| |0.00|0.00| 
70|1|4|7791290000698|1|07791290000698|LAVAVAJILLAS ALA ULTRA 300CC.POMELO|UNILEVER.|1700.00|1404.96|1|1700.00|1404.96|0.00|0.00| |0.00|0.00| 
70|1|1|7791290000681|1|07791290000681|LAVAVAJILLAS ALA ULTRA 500CC.LIMON|UNILEVER.|2750.00|2272.73|1|2750.00|2272.73|0.00|0.00| |0.00|0.00| 
70|1|2|7791290000681|1|07791290000681|LAVAVAJILLAS ALA ULTRA 500CC.LIMON|UNILEVER.|2750.00|2272.73|1|2750.00|2272.73|0.00|0.00| |0.00|0.00| 
70|1|3|7791290000681|1|07791290000681|LAVAVAJILLAS ALA ULTRA 500CC.LIMON|UNILEVER.|2750.00|2272.73|1|2750.00|2272.73|0.00|0.00| |0.00|0.00| 
70|1|4|7791290000681|1|07791290000681|LAVAVAJILLAS ALA ULTRA 500CC.LIMON|UNILEVER.|2750.00|2272.73|1|2750.00|2272.73|0.00|0.00| |0.00|0.00| 
70|1|1|7790828102491|1|07790828102491|LAVAVAJILLAS GIGANTE 750CC.A.VERA|JOSE GUMA|1550.00|1280.99|1|1550.00|1280.99|0.00|0.00| |0.00|0.00| 
70|1|2|7790828102491|1|07790828102491|LAVAVAJILLAS GIGANTE 750CC.A.VERA|JOSE GUMA|1550.00|1280.99|1|1550.00|1280.99|0.00|0.00| |0.00|0.00| 
70|1|3|7790828102491|1|07790828102491|LAVAVAJILLAS GIGANTE 750CC.A.VERA|JOSE GUMA|1550.00|1280.99|1|1550.00|1280.99|0.00|0.00| |0.00|0.00| 
70|1|4|7790828102491|1|07790828102491|LAVAVAJILLAS GIGANTE 750CC.A.VERA|JOSE GUMA|1550.00|1280.99|1|1550.00|1280.99|0.00|0.00| |0.00|0.00| 
70|1|1|7790828102507|1|07790828102507|LAVAVAJILLAS GIGANTE 750CC.GLICERIN|JOSE GUMA|1550.00|1280.99|1|1550.00|1280.99|0.00|0.00| |0.00|0.00| 
70|1|2|7790828102507|1|07790828102507|LAVAVAJILLAS GIGANTE 750CC.GLICERIN|JOSE GUMA|1550.00|1280.99|1|1550.00|1280.99|0.00|0.00| |0.00|0.00| 
70|1|3|7790828102507|1|07790828102507|LAVAVAJILLAS GIGANTE 750CC.GLICERIN|JOSE GUMA|1550.00|1280.99|1|1550.00|1280.99|0.00|0.00| |0.00|0.00| 
70|1|4|7790828102507|1|07790828102507|LAVAVAJILLAS GIGANTE 750CC.GLICERIN|JOSE GUMA|1550.00|1280.99|1|1550.00|1280.99|0.00|0.00| |0.00|0.00| 
70|1|1|7790990494127|1|07790990494127|LAVAVAJILLAS ZORRO ULTRA 300CC B.LI|DREAMCO LIMPIEZA|1600.00|1322.31|1|1600.00|1322.31|0.00|0.00| |0.00|0.00| 
70|1|2|7790990494127|1|07790990494127|LAVAVAJILLAS ZORRO ULTRA 300CC B.LI|DREAMCO LIMPIEZA|1600.00|1322.31|1|1600.00|1322.31|0.00|0.00| |0.00|0.00| 
70|1|3|7790990494127|1|07790990494127|LAVAVAJILLAS ZORRO ULTRA 300CC B.LI|DREAMCO LIMPIEZA|1600.00|1322.31|1|1600.00|1322.31|0.00|0.00| |0.00|0.00| 
70|1|4|7790990494127|1|07790990494127|LAVAVAJILLAS ZORRO ULTRA 300CC B.LI|DREAMCO LIMPIEZA|1600.00|1322.31|1|1600.00|1322.31|0.00|0.00| |0.00|0.00| 
70|1|1|7790787002672|1|07790787002672|LECHE CHOCOLATADA ILOLAY 200CC|WILLINER|1300.00|1074.38|1|1300.00|1074.38|0.00|0.00| |0.00|0.00| 
70|1|2|7790787002672|1|07790787002672|LECHE CHOCOLATADA ILOLAY 200CC|WILLINER|1300.00|1074.38|1|1300.00|1074.38|0.00|0.00| |0.00|0.00| 
70|1|4|7790787002672|1|07790787002672|LECHE CHOCOLATADA ILOLAY 200CC|WILLINER|1300.00|1074.38|1|1300.00|1074.38|0.00|0.00| |0.00|0.00| 
70|1|1|7790787172566|1|07790787172566|LECHE CHOCOLATADA ILOLAY X 1L.   |WILLINER|2710.00|2239.67|1|2710.00|2239.67|0.00|0.00| |0.00|0.00| 
70|1|2|7790787172566|1|07790787172566|LECHE CHOCOLATADA ILOLAY X 1L.   |WILLINER|2710.00|2239.67|1|2710.00|2239.67|0.00|0.00| |0.00|0.00| 
70|1|4|7790787172566|1|07790787172566|LECHE CHOCOLATADA ILOLAY X 1L.   |WILLINER|2710.00|2239.67|1|2710.00|2239.67|0.00|0.00| |0.00|0.00| 
70|1|2|7794820002810|1|07794820002810|LECHE CHOCOLATADA MILKAUT 1 LTS.|MILKAUT|3690.00|3049.59|1|3690.00|3049.59|0.00|0.00| |0.00|0.00| 
70|1|4|7794820002810|1|07794820002810|LECHE CHOCOLATADA MILKAUT 1 LTS.|MILKAUT|3690.00|3049.59|1|3690.00|3049.59|0.00|0.00| |0.00|0.00| 
70|1|2|7794820004159|1|07794820004159|LECHE CHOCOLATADA MILKAUT 200 C.C.|MILKAUT|1070.00|884.30|1|1070.00|884.30|0.00|0.00| |0.00|0.00| 
70|1|4|7794820004159|1|07794820004159|LECHE CHOCOLATADA MILKAUT 200 C.C.|MILKAUT|1070.00|884.30|1|1070.00|884.30|0.00|0.00| |0.00|0.00| 
70|1|1|7791241001866|1|07791241001866|LECHE CHOCOLATADA P.PRECIO 1L.|VERONICA|1850.00|1528.93|1|1850.00|1528.93|0.00|0.00| |0.00|0.00| 
70|1|1|7790156000193|1|07790156000193|LECHE DE SOJA ADES DURAZNO 1 L   |COCA COLA|2950.00|2438.02|1|2950.00|2438.02|0.00|0.00| |0.00|0.00| 
70|1|2|7790156000193|1|07790156000193|LECHE DE SOJA ADES DURAZNO 1 L   |COCA COLA|2950.00|2438.02|1|2950.00|2438.02|0.00|0.00| |0.00|0.00| 
70|1|1|7790156000216|1|07790156000216|LECHE DE SOJA ADES FRU.TROP.1L   |COCA COLA|2950.00|2438.02|1|2950.00|2438.02|0.00|0.00| |0.00|0.00| 
70|1|3|7790156000216|1|07790156000216|LECHE DE SOJA ADES FRU.TROP.1L   |COCA COLA|2950.00|2438.02|1|2950.00|2438.02|0.00|0.00| |0.00|0.00| 
70|1|4|7790156000216|1|07790156000216|LECHE DE SOJA ADES FRU.TROP.1L   |COCA COLA|2950.00|2438.02|1|2950.00|2438.02|0.00|0.00| |0.00|0.00| 
70|1|1|7790156000056|1|07790156000056|LECHE DE SOJA ADES MANZANA 1 L   |COCA COLA|2950.00|2438.02|1|2950.00|2438.02|0.00|0.00| |0.00|0.00| 
70|1|2|7790156000056|1|07790156000056|LECHE DE SOJA ADES MANZANA 1 L   |COCA COLA|2950.00|2438.02|1|2950.00|2438.02|0.00|0.00| |0.00|0.00| 
70|1|3|7790156000056|1|07790156000056|LECHE DE SOJA ADES MANZANA 1 L   |COCA COLA|2950.00|2438.02|1|2950.00|2438.02|0.00|0.00| |0.00|0.00| 
70|1|4|7790156000056|1|07790156000056|LECHE DE SOJA ADES MANZANA 1 L   |COCA COLA|2950.00|2438.02|1|2950.00|2438.02|0.00|0.00| |0.00|0.00| 
70|1|1|7790156000070|1|07790156000070|LECHE DE SOJA ADES NARANJA 1 L   |COCA COLA|2950.00|2438.02|1|2950.00|2438.02|0.00|0.00| |0.00|0.00| 
70|1|4|7790156000070|1|07790156000070|LECHE DE SOJA ADES NARANJA 1 L   |COCA COLA|2950.00|2438.02|1|2950.00|2438.02|0.00|0.00| |0.00|0.00| 
70|1|1|7790156000018|1|07790156000018|LECHE DE SOJA ADES NATURAL 1 LT|COCA COLA|3250.00|2685.95|1|3250.00|2685.95|0.00|0.00| |0.00|0.00| 
70|1|4|7790156000018|1|07790156000018|LECHE DE SOJA ADES NATURAL 1 LT|COCA COLA|3250.00|2685.95|1|3250.00|2685.95|0.00|0.00| |0.00|0.00| 
70|1|2|7790787201303|1|07790787201303|LECHE POLVO DESCREMADA ILOLAY 800|WILLINER|11860.00|11860.00|1|11860.00|11860.00|0.00|0.00| |0.00|0.00| 
70|1|1|7798095170595|1|07798095170595|LECHE POLVO DESCREMADA PURISIMA 400|LA SIBILA|3810.00|3148.76|1|3810.00|3148.76|0.00|0.00| |0.00|0.00| 
70|1|2|7798095170595|1|07798095170595|LECHE POLVO DESCREMADA PURISIMA 400|LA SIBILA|3810.00|3148.76|1|3810.00|3148.76|0.00|0.00| |0.00|0.00| 
70|1|3|7798095170595|1|07798095170595|LECHE POLVO DESCREMADA PURISIMA 400|LA SIBILA|3810.00|3148.76|1|3810.00|3148.76|0.00|0.00| |0.00|0.00| 
70|1|4|7798095170595|1|07798095170595|LECHE POLVO DESCREMADA PURISIMA 400|LA SIBILA|3810.00|3148.76|1|3810.00|3148.76|0.00|0.00| |0.00|0.00| 
70|1|3|7798095170267|1|07798095170267|LECHE POLVO DESCREMADA PURISIMA 800|LA SIBILA|7376.50|7376.50|1|7376.50|7376.50|0.00|0.00| |0.00|0.00| 
70|1|4|7798001560809|1|07798001560809|LECHE POLVO ENTERA CREMIGAL 800G.|CREMIGAL|9340.00|9340.00|1|9340.00|9340.00|0.00|0.00| |0.00|0.00| 
70|1|2|7790787201228|1|07790787201228|LECHE POLVO ENTERA ILOLAY 800G   |WILLINER|10780.00|10780.00|1|10780.00|10780.00|0.00|0.00| |0.00|0.00| 
70|1|1|7798095170823|1|07798095170823|LECHE POLVO ENTERA PURISIMA 400G. D|LA SIBILA|4610.00|4610.00|1|4610.00|4610.00|0.00|0.00| |0.00|0.00| 
70|1|2|7798095170823|1|07798095170823|LECHE POLVO ENTERA PURISIMA 400G. D|LA SIBILA|4610.00|4610.00|1|4610.00|4610.00|0.00|0.00| |0.00|0.00| 
70|1|4|7798095170823|1|07798095170823|LECHE POLVO ENTERA PURISIMA 400G. D|LA SIBILA|4610.00|4610.00|1|4610.00|4610.00|0.00|0.00| |0.00|0.00| 
70|1|1|7798095170250|1|07798095170250|LECHE POLVO ENTERA PURISIMA 800G|LA SIBILA|9020.00|9020.00|1|9020.00|9020.00|0.00|0.00| |0.00|0.00| 
70|1|2|7798095170250|1|07798095170250|LECHE POLVO ENTERA PURISIMA 800G|LA SIBILA|9020.00|9020.00|1|9020.00|9020.00|0.00|0.00| |0.00|0.00| 
70|1|3|7798095170250|1|07798095170250|LECHE POLVO ENTERA PURISIMA 800G|LA SIBILA|9020.00|9020.00|1|9020.00|9020.00|0.00|0.00| |0.00|0.00| 
70|1|4|7798095170250|1|07798095170250|LECHE POLVO ENTERA PURISIMA 800G|LA SIBILA|9020.00|9020.00|1|9020.00|9020.00|0.00|0.00| |0.00|0.00| 
70|1|4|7790742196606|1|07790742196606|LECHE POLVO LA SERENISIMA 200G.DESC|MASTELLONE HNOS S.A.|3730.00|3082.64|1|3730.00|3082.64|0.00|0.00| |0.00|0.00| 
70|1|4|7793940963001|1|07793940963001|LECHE POLVO LA SERENISIMA 200G.ENTE|MASTELLONE HNOS S.A.|3730.00|3082.64|1|3730.00|3082.64|0.00|0.00| |0.00|0.00| 
70|1|2|7790742106605|1|07790742106605|LECHE POLVO LA SERENISIMA DESC.B9 4|MASTELLONE HNOS S.A.|7030.00|5809.92|1|7030.00|5809.92|0.00|0.00| |0.00|0.00| 
70|1|4|7790742106605|1|07790742106605|LECHE POLVO LA SERENISIMA DESC.B9 4|MASTELLONE HNOS S.A.|7030.00|5809.92|1|7030.00|5809.92|0.00|0.00| |0.00|0.00| 
70|1|1|7613034612687|1|07613034612687|LECHE POLVO NIDO 3 800G.|NESTLE ARGENTINA S.A|16670.00|13776.86|1|16670.00|13776.86|0.00|0.00| |0.00|0.00| 
70|1|3|7613034612687|1|07613034612687|LECHE POLVO NIDO 3 800G.|NESTLE ARGENTINA S.A|16670.00|13776.86|1|16670.00|13776.86|0.00|0.00| |0.00|0.00| 
70|1|4|7613034612687|1|07613034612687|LECHE POLVO NIDO 3 800G.|NESTLE ARGENTINA S.A|16670.00|13776.86|1|16670.00|13776.86|0.00|0.00| |0.00|0.00| 
70|1|1|7790787002535|1|07790787002535|LECHE UAT ILOLAY DESCREMADA 1L   |WILLINER|2190.00|2190.00|1|2190.00|2190.00|0.00|0.00| |0.00|0.00| 
70|1|2|7790787002535|1|07790787002535|LECHE UAT ILOLAY DESCREMADA 1L   |WILLINER|2190.00|2190.00|1|2190.00|2190.00|0.00|0.00| |0.00|0.00| 
70|1|3|7790787002535|1|07790787002535|LECHE UAT ILOLAY DESCREMADA 1L   |WILLINER|2190.00|2190.00|1|2190.00|2190.00|0.00|0.00| |0.00|0.00| 
70|1|4|7790787002535|1|07790787002535|LECHE UAT ILOLAY DESCREMADA 1L   |WILLINER|2190.00|2190.00|1|2190.00|2190.00|0.00|0.00| |0.00|0.00| 
70|1|1|7790787002528|1|07790787002528|LECHE UAT ILOLAY ENTERA 1 LT.    |WILLINER|2190.00|2190.00|1|2190.00|2190.00|0.00|0.00| |0.00|0.00| 
70|1|2|7790787002528|1|07790787002528|LECHE UAT ILOLAY ENTERA 1 LT.    |WILLINER|2190.00|2190.00|1|2190.00|2190.00|0.00|0.00| |0.00|0.00| 
70|1|3|7790787002528|1|07790787002528|LECHE UAT ILOLAY ENTERA 1 LT.    |WILLINER|2190.00|2190.00|1|2190.00|2190.00|0.00|0.00| |0.00|0.00| 
70|1|4|7790787002528|1|07790787002528|LECHE UAT ILOLAY ENTERA 1 LT.    |WILLINER|2190.00|2190.00|1|2190.00|2190.00|0.00|0.00| |0.00|0.00| 
70|1|4|7794820015254|1|07794820015254|LECHE UAT MILKAUT ENTERA 1 LT|MILKAUT|2540.00|2540.00|1|2540.00|2540.00|0.00|0.00| |0.00|0.00| 
70|1|2|7791241000470|1|07791241000470|LECHE UAT PRIMER PRECIO DESC.1L|LA LACTEO|1460.00|1460.00|1|1460.00|1460.00|0.00|0.00| |0.00|0.00| 
70|1|3|7791241000470|1|07791241000470|LECHE UAT PRIMER PRECIO DESC.1L|LA LACTEO|1460.00|1460.00|1|1460.00|1460.00|0.00|0.00| |0.00|0.00| 
70|1|4|7791241000470|1|07791241000470|LECHE UAT PRIMER PRECIO DESC.1L|LA LACTEO|1460.00|1460.00|1|1460.00|1460.00|0.00|0.00| |0.00|0.00| 
70|1|2|7791241000463|1|07791241000463|LECHE UAT PRIMER PRECIO ENTERA 1L|LA LACTEO|1460.00|1460.00|1|1460.00|1460.00|0.00|0.00| |0.00|0.00| 
70|1|4|7791241000463|1|07791241000463|LECHE UAT PRIMER PRECIO ENTERA 1L|LA LACTEO|1460.00|1460.00|1|1460.00|1460.00|0.00|0.00| |0.00|0.00| 
70|1|4|6000001057816|1|06000001057816|LECHUGA CRESPA KG.      |VERDULERIA|6513.98|5895.00|1|6513.98|5895.00|0.00|0.00| |0.00|0.00| 
70|1|1|7798029030049|1|07798029030049|LENTEJAS ECOSAN 400 GRS|ECOSAN|1640.00|1484.16|1|1640.00|1484.16|0.00|0.00| |0.00|0.00| 
70|1|2|7798029030049|1|07798029030049|LENTEJAS ECOSAN 400 GRS|ECOSAN|1640.00|1484.16|1|1640.00|1484.16|0.00|0.00| |0.00|0.00| 
70|1|3|7798029030049|1|07798029030049|LENTEJAS ECOSAN 400 GRS|ECOSAN|1640.00|1484.16|1|1640.00|1484.16|0.00|0.00| |0.00|0.00| 
70|1|4|7798029030049|1|07798029030049|LENTEJAS ECOSAN 400 GRS|ECOSAN|1640.00|1484.16|1|1640.00|1484.16|0.00|0.00| |0.00|0.00| 
70|1|4|7793360987205|1|07793360987205|LENTEJAS LA CAMPAGNOLA 195G.|PR.VARIOS SUPERMERC.|1480.00|1223.14|1|1480.00|1223.14|0.00|0.00| |0.00|0.00| 
70|1|1|7790790000047|1|07790790000047|LENTEJAS PRIMER PRECIO 205 GR.|INALPA|990.00|818.18|1|990.00|818.18|0.00|0.00| |0.00|0.00| 
70|1|3|7790790000047|1|07790790000047|LENTEJAS PRIMER PRECIO 205 GR.|INALPA|990.00|818.18|1|990.00|818.18|0.00|0.00| |0.00|0.00| 
70|1|4|7790790000047|1|07790790000047|LENTEJAS PRIMER PRECIO 205 GR.|INALPA|990.00|818.18|1|990.00|818.18|0.00|0.00| |0.00|0.00| 
70|1|1|7790813110401|1|07790813110401|LEVADURA CALSA 50G.|CALSA |585.00|483.47|1|585.00|483.47|0.00|0.00| |0.00|0.00| 
70|1|4|7790813110401|1|07790813110401|LEVADURA CALSA 50G.|CALSA |585.00|483.47|1|585.00|483.47|0.00|0.00| |0.00|0.00| 
70|1|1|7798030710015|1|07798030710015|LEVADURA GOLONDRINA 500 GRS.|FLORA DANICA|5400.00|4462.81|1|5400.00|4462.81|0.00|0.00| |0.00|0.00| 
70|1|2|7798030710015|1|07798030710015|LEVADURA GOLONDRINA 500 GRS.|FLORA DANICA|5400.00|4462.81|1|5400.00|4462.81|0.00|0.00| |0.00|0.00| 
70|1|4|7798030710015|1|07798030710015|LEVADURA GOLONDRINA 500 GRS.|FLORA DANICA|5400.00|4462.81|1|5400.00|4462.81|0.00|0.00| |0.00|0.00| 
70|1|1|7798018850184|1|07798018850184|LEVADURA INSTANTANEA LEVEX 2 X 10GR|FLORA DANICA|880.00|727.27|1|880.00|727.27|0.00|0.00| |0.00|0.00| 
70|1|2|7798018850184|1|07798018850184|LEVADURA INSTANTANEA LEVEX 2 X 10GR|FLORA DANICA|880.00|727.27|1|880.00|727.27|0.00|0.00| |0.00|0.00| 
70|1|3|7798018850184|1|07798018850184|LEVADURA INSTANTANEA LEVEX 2 X 10GR|FLORA DANICA|880.00|727.27|1|880.00|727.27|0.00|0.00| |0.00|0.00| 
70|1|4|7798018850184|1|07798018850184|LEVADURA INSTANTANEA LEVEX 2 X 10GR|FLORA DANICA|880.00|727.27|1|880.00|727.27|0.00|0.00| |0.00|0.00| 
70|1|1|7792410000901|1|07792410000901|LICOR 8 HERMANOS ANIS AZUL 1 L   |DELLEPIANE|6000.00|4958.68|1|6000.00|4958.68|0.00|0.00| |0.00|0.00| 
70|1|2|7792410000901|1|07792410000901|LICOR 8 HERMANOS ANIS AZUL 1 L   |DELLEPIANE|6000.00|4958.68|1|6000.00|4958.68|0.00|0.00| |0.00|0.00| 
70|1|3|7792410000901|1|07792410000901|LICOR 8 HERMANOS ANIS AZUL 1 L   |DELLEPIANE|6000.00|4958.68|1|6000.00|4958.68|0.00|0.00| |0.00|0.00| 
70|1|4|7792410000901|1|07792410000901|LICOR 8 HERMANOS ANIS AZUL 1 L   |DELLEPIANE|6000.00|4958.68|1|6000.00|4958.68|0.00|0.00| |0.00|0.00| 
70|1|2|7790260012396|1|07790260012396|LICOR AL TEQUILA CONQUISTADOR 750CC|DELLEPIANE|11650.00|9628.10|1|11650.00|9628.10|0.00|0.00| |0.00|0.00| 
70|1|3|7790260012396|1|07790260012396|LICOR AL TEQUILA CONQUISTADOR 750CC|DELLEPIANE|11650.00|9628.10|1|11650.00|9628.10|0.00|0.00| |0.00|0.00| 
70|1|3|7790260015472|1|07790260015472|LICOR ALBANY CREAM 750ML.|DELLEPIANE|21100.00|17438.02|1|21100.00|17438.02|0.00|0.00| |0.00|0.00| 
70|1|1|5011013100132|1|05011013100132|LICOR BAILEYS ORIGINAL 750 C.C.|UNOB|33350.00|27561.98|1|33350.00|27561.98|0.00|0.00| |0.00|0.00| 
70|1|2|5011013100132|1|05011013100132|LICOR BAILEYS ORIGINAL 750 C.C.|UNOB|33350.00|27561.98|1|33350.00|27561.98|0.00|0.00| |0.00|0.00| 
70|1|3|5011013100132|1|05011013100132|LICOR BAILEYS ORIGINAL 750 C.C.|UNOB|33350.00|27561.98|1|33350.00|27561.98|0.00|0.00| |0.00|0.00| 
70|1|4|5011013100132|1|05011013100132|LICOR BAILEYS ORIGINAL 750 C.C.|UNOB|33350.00|27561.98|1|33350.00|27561.98|0.00|0.00| |0.00|0.00| 
70|1|1|7790121007479|1|07790121007479|LICOR BAR&PUBS 1L.BLUE CURACAO|LICORES ARGENTINOS|4280.00|3537.19|1|4280.00|3537.19|0.00|0.00| |0.00|0.00| 
70|1|2|7790121007479|1|07790121007479|LICOR BAR&PUBS 1L.BLUE CURACAO|LICORES ARGENTINOS|4280.00|3537.19|1|4280.00|3537.19|0.00|0.00| |0.00|0.00| 
70|1|3|7790121007479|1|07790121007479|LICOR BAR&PUBS 1L.BLUE CURACAO|LICORES ARGENTINOS|4280.00|3537.19|1|4280.00|3537.19|0.00|0.00| |0.00|0.00| 
70|1|4|7790121007479|1|07790121007479|LICOR BAR&PUBS 1L.BLUE CURACAO|LICORES ARGENTINOS|4280.00|3537.19|1|4280.00|3537.19|0.00|0.00| |0.00|0.00| 
70|1|1|7790121007493|1|07790121007493|LICOR BAR&PUBS 1L.CAFE AL COÑAC|LICORES ARGENTINOS|4280.00|3537.19|1|4280.00|3537.19|0.00|0.00| |0.00|0.00| 
70|1|2|7790121007493|1|07790121007493|LICOR BAR&PUBS 1L.CAFE AL COÑAC|LICORES ARGENTINOS|4280.00|3537.19|1|4280.00|3537.19|0.00|0.00| |0.00|0.00| 
70|1|4|7790121007493|1|07790121007493|LICOR BAR&PUBS 1L.CAFE AL COÑAC|LICORES ARGENTINOS|4280.00|3537.19|1|4280.00|3537.19|0.00|0.00| |0.00|0.00| 
70|1|1|7790121007387|1|07790121007387|LICOR BAR&PUBS 1L.CHOCOLATE|LICORES ARGENTINOS|4280.00|3537.19|1|4280.00|3537.19|0.00|0.00| |0.00|0.00| 
70|1|2|7790121007387|1|07790121007387|LICOR BAR&PUBS 1L.CHOCOLATE|LICORES ARGENTINOS|4280.00|3537.19|1|4280.00|3537.19|0.00|0.00| |0.00|0.00| 
70|1|3|7790121007387|1|07790121007387|LICOR BAR&PUBS 1L.CHOCOLATE|LICORES ARGENTINOS|4280.00|3537.19|1|4280.00|3537.19|0.00|0.00| |0.00|0.00| 
70|1|4|7790121007387|1|07790121007387|LICOR BAR&PUBS 1L.CHOCOLATE|LICORES ARGENTINOS|4280.00|3537.19|1|4280.00|3537.19|0.00|0.00| |0.00|0.00| 
70|1|1|7790121007394|1|07790121007394|LICOR BAR&PUBS 1L.DULCE DE LECHE|LICORES ARGENTINOS|4280.00|3537.19|1|4280.00|3537.19|0.00|0.00| |0.00|0.00| 
70|1|2|7790121007394|1|07790121007394|LICOR BAR&PUBS 1L.DULCE DE LECHE|LICORES ARGENTINOS|4280.00|3537.19|1|4280.00|3537.19|0.00|0.00| |0.00|0.00| 
70|1|3|7790121007394|1|07790121007394|LICOR BAR&PUBS 1L.DULCE DE LECHE|LICORES ARGENTINOS|4280.00|3537.19|1|4280.00|3537.19|0.00|0.00| |0.00|0.00| 
70|1|4|7790121007394|1|07790121007394|LICOR BAR&PUBS 1L.DULCE DE LECHE|LICORES ARGENTINOS|4280.00|3537.19|1|4280.00|3537.19|0.00|0.00| |0.00|0.00| 
70|1|1|7790121007455|1|07790121007455|LICOR BAR&PUBS 1L.DURAZNO|LICORES ARGENTINOS|4280.00|3537.19|1|4280.00|3537.19|0.00|0.00| |0.00|0.00| 
70|1|3|7790121007455|1|07790121007455|LICOR BAR&PUBS 1L.DURAZNO|LICORES ARGENTINOS|4280.00|3537.19|1|4280.00|3537.19|0.00|0.00| |0.00|0.00| 
70|1|4|7790121007455|1|07790121007455|LICOR BAR&PUBS 1L.DURAZNO|LICORES ARGENTINOS|4280.00|3537.19|1|4280.00|3537.19|0.00|0.00| |0.00|0.00| 
70|1|2|7790121007431|1|07790121007431|LICOR BAR&PUBS 1L.FRUTILLA|LICORES ARGENTINOS|4280.00|3537.19|1|4280.00|3537.19|0.00|0.00| |0.00|0.00| 
70|1|3|7790121007431|1|07790121007431|LICOR BAR&PUBS 1L.FRUTILLA|LICORES ARGENTINOS|4280.00|3537.19|1|4280.00|3537.19|0.00|0.00| |0.00|0.00| 
70|1|2|7790121001705|1|07790121001705|LICOR BAR&PUBS 1L.MANZANA|LICORES ARGENTINOS|4280.00|3537.19|1|4280.00|3537.19|0.00|0.00| |0.00|0.00| 
70|1|3|7790121001705|1|07790121001705|LICOR BAR&PUBS 1L.MANZANA|LICORES ARGENTINOS|4280.00|3537.19|1|4280.00|3537.19|0.00|0.00| |0.00|0.00| 
70|1|4|7790121001705|1|07790121001705|LICOR BAR&PUBS 1L.MANZANA|LICORES ARGENTINOS|4280.00|3537.19|1|4280.00|3537.19|0.00|0.00| |0.00|0.00| 
70|1|1|7790121007424|1|07790121007424|LICOR BAR&PUBS 1L.MELON|LICORES ARGENTINOS|4280.00|3537.19|1|4280.00|3537.19|0.00|0.00| |0.00|0.00| 
70|1|2|7790121007424|1|07790121007424|LICOR BAR&PUBS 1L.MELON|LICORES ARGENTINOS|4280.00|3537.19|1|4280.00|3537.19|0.00|0.00| |0.00|0.00| 
70|1|4|7790121007424|1|07790121007424|LICOR BAR&PUBS 1L.MELON|LICORES ARGENTINOS|4280.00|3537.19|1|4280.00|3537.19|0.00|0.00| |0.00|0.00| 
70|1|2|7790121007462|1|07790121007462|LICOR BAR&PUBS 1L.MENTA|LICORES ARGENTINOS|4280.00|3537.19|1|4280.00|3537.19|0.00|0.00| |0.00|0.00| 
70|1|3|7790121007462|1|07790121007462|LICOR BAR&PUBS 1L.MENTA|LICORES ARGENTINOS|4280.00|3537.19|1|4280.00|3537.19|0.00|0.00| |0.00|0.00| 
70|1|1|7790290000332|1|07790290000332|LICOR BORGHETTI CAFE 700 C.C.|FRATELLI BRANCA|14500.00|11983.47|1|14500.00|11983.47|0.00|0.00| |0.00|0.00| 
70|1|3|7790290000332|1|07790290000332|LICOR BORGHETTI CAFE 700 C.C.|FRATELLI BRANCA|14500.00|11983.47|1|14500.00|11983.47|0.00|0.00| |0.00|0.00| 
70|1|4|7790290000332|1|07790290000332|LICOR BORGHETTI CAFE 700 C.C.|FRATELLI BRANCA|14500.00|11983.47|1|14500.00|11983.47|0.00|0.00| |0.00|0.00| 
70|1|4|7792855000344|1|07792855000344|LICOR BORSA KIWI 750CC|LICORES ARGENTINOS|2690.00|2223.14|1|2690.00|2223.14|0.00|0.00| |0.00|0.00| 
70|1|1|7792410008228|1|07792410008228|LICOR CUSENIER B/CURACAO 750CC   |PERNOD RICARD ARG.|7150.00|5909.09|1|7150.00|5909.09|0.00|0.00| |0.00|0.00| 
70|1|2|7792410008228|1|07792410008228|LICOR CUSENIER B/CURACAO 750CC   |PERNOD RICARD ARG.|7150.00|5909.09|1|7150.00|5909.09|0.00|0.00| |0.00|0.00| 
70|1|3|7792410008228|1|07792410008228|LICOR CUSENIER B/CURACAO 750CC   |PERNOD RICARD ARG.|7150.00|5909.09|1|7150.00|5909.09|0.00|0.00| |0.00|0.00| 
70|1|4|7792410008228|1|07792410008228|LICOR CUSENIER B/CURACAO 750CC   |PERNOD RICARD ARG.|7150.00|5909.09|1|7150.00|5909.09|0.00|0.00| |0.00|0.00| 
70|1|1|7792410008105|1|07792410008105|LICOR CUSENIER CHOCOLATE 700CC   |PERNOD RICARD ARG.|7150.00|5909.09|1|7150.00|5909.09|0.00|0.00| |0.00|0.00| 
70|1|2|7792410008105|1|07792410008105|LICOR CUSENIER CHOCOLATE 700CC   |PERNOD RICARD ARG.|7150.00|5909.09|1|7150.00|5909.09|0.00|0.00| |0.00|0.00| 
70|1|3|7792410008105|1|07792410008105|LICOR CUSENIER CHOCOLATE 700CC   |PERNOD RICARD ARG.|7150.00|5909.09|1|7150.00|5909.09|0.00|0.00| |0.00|0.00| 
70|1|4|7792410008105|1|07792410008105|LICOR CUSENIER CHOCOLATE 700CC   |PERNOD RICARD ARG.|7150.00|5909.09|1|7150.00|5909.09|0.00|0.00| |0.00|0.00| 
70|1|3|7792410134842|1|07792410134842|LICOR CUSENIER COCO 700CC|PROV. VARIOS BEBIDAS|4750.00|3925.62|1|4750.00|3925.62|0.00|0.00| |0.00|0.00| 
70|1|1|7792410008006|1|07792410008006|LICOR CUSENIER D.LECHE 750 CC.   |PERNOD RICARD ARG.|7150.00|5909.09|1|7150.00|5909.09|0.00|0.00| |0.00|0.00| 
70|1|2|7792410008006|1|07792410008006|LICOR CUSENIER D.LECHE 750 CC.   |PERNOD RICARD ARG.|7150.00|5909.09|1|7150.00|5909.09|0.00|0.00| |0.00|0.00| 
70|1|3|7792410008006|1|07792410008006|LICOR CUSENIER D.LECHE 750 CC.   |PERNOD RICARD ARG.|7150.00|5909.09|1|7150.00|5909.09|0.00|0.00| |0.00|0.00| 
70|1|4|7792410008006|1|07792410008006|LICOR CUSENIER D.LECHE 750 CC.   |PERNOD RICARD ARG.|7150.00|5909.09|1|7150.00|5909.09|0.00|0.00| |0.00|0.00| 
70|1|2|7792410008532|1|07792410008532|LICOR CUSENIER MELON 700 C.C.|PERNOD RICARD ARG.|7150.00|5909.09|1|7150.00|5909.09|0.00|0.00| |0.00|0.00| 
70|1|3|7792410008532|1|07792410008532|LICOR CUSENIER MELON 700 C.C.|PERNOD RICARD ARG.|7150.00|5909.09|1|7150.00|5909.09|0.00|0.00| |0.00|0.00| 
70|1|1|7792410008259|1|07792410008259|LICOR CUSENIER MENTA 700 CC.     |PERNOD RICARD ARG.|7150.00|5909.09|1|7150.00|5909.09|0.00|0.00| |0.00|0.00| 
70|1|2|7792410008259|1|07792410008259|LICOR CUSENIER MENTA 700 CC.     |PERNOD RICARD ARG.|7150.00|5909.09|1|7150.00|5909.09|0.00|0.00| |0.00|0.00| 
70|1|3|7792410008259|1|07792410008259|LICOR CUSENIER MENTA 700 CC.     |PERNOD RICARD ARG.|7150.00|5909.09|1|7150.00|5909.09|0.00|0.00| |0.00|0.00| 
70|1|4|7792410008259|1|07792410008259|LICOR CUSENIER MENTA 700 CC.     |PERNOD RICARD ARG.|7150.00|5909.09|1|7150.00|5909.09|0.00|0.00| |0.00|0.00| 
70|1|1|7792410128810|1|07792410128810|LICOR MARIPOSA 750CC|DELLEPIANE|4198.00|3469.42|1|4198.00|3469.42|0.00|0.00| |0.00|0.00| 
70|1|2|7792410128810|1|07792410128810|LICOR MARIPOSA 750CC|DELLEPIANE|4198.00|3469.42|1|4198.00|3469.42|0.00|0.00| |0.00|0.00| 
70|1|3|7792410128810|1|07792410128810|LICOR MARIPOSA 750CC|DELLEPIANE|4198.00|3469.42|1|4198.00|3469.42|0.00|0.00| |0.00|0.00| 
70|1|4|7792410128810|1|07792410128810|LICOR MARIPOSA 750CC|DELLEPIANE|4198.00|3469.42|1|4198.00|3469.42|0.00|0.00| |0.00|0.00| 
70|1|2|7790163006140|1|07790163006140|LICOR PETERS MARASCHINO 700 CC   |PROV. VARIOS BEBIDAS|2700.00|2231.40|1|2700.00|2231.40|0.00|0.00| |0.00|0.00| 
70|1|1|7791560091852|1|07791560091852|LICOR TIA MARIA 690 C.C.|PERNOD RICARD ARG.|8175.00|6756.20|1|8175.00|6756.20|0.00|0.00| |0.00|0.00| 
70|1|2|7791560091852|1|07791560091852|LICOR TIA MARIA 690 C.C.|PERNOD RICARD ARG.|8175.00|6756.20|1|8175.00|6756.20|0.00|0.00| |0.00|0.00| 
70|1|3|7791560091852|1|07791560091852|LICOR TIA MARIA 690 C.C.|PERNOD RICARD ARG.|8175.00|6756.20|1|8175.00|6756.20|0.00|0.00| |0.00|0.00| 
70|1|4|7791560091852|1|07791560091852|LICOR TIA MARIA 690 C.C.|PERNOD RICARD ARG.|8175.00|6756.20|1|8175.00|6756.20|0.00|0.00| |0.00|0.00| 
70|1|1|7791560091869|1|07791560091869|LICOR TIA MARIA CREAM 690 GR.|PERNOD RICARD ARG.|11500.00|9504.13|1|11500.00|9504.13|0.00|0.00| |0.00|0.00| 
70|1|3|7791560091869|1|07791560091869|LICOR TIA MARIA CREAM 690 GR.|PERNOD RICARD ARG.|11500.00|9504.13|1|11500.00|9504.13|0.00|0.00| |0.00|0.00| 
70|1|4|7791560091869|1|07791560091869|LICOR TIA MARIA CREAM 690 GR.|PERNOD RICARD ARG.|11500.00|9504.13|1|11500.00|9504.13|0.00|0.00| |0.00|0.00| 
70|1|1|7790260013348|1|07790260013348|LICOR TRES PLUMAS BANANA D.DE LECHE|DELLEPIANE|5780.00|4776.86|1|5780.00|4776.86|0.00|0.00| |0.00|0.00| 
70|1|2|7790260013348|1|07790260013348|LICOR TRES PLUMAS BANANA D.DE LECHE|DELLEPIANE|5780.00|4776.86|1|5780.00|4776.86|0.00|0.00| |0.00|0.00| 
70|1|1|7790260002236|1|07790260002236|LICOR TRES PLUMAS CAFE AL CHOCO.750|DELLEPIANE|5250.00|4338.84|1|5250.00|4338.84|0.00|0.00| |0.00|0.00| 
70|1|2|7790260002236|1|07790260002236|LICOR TRES PLUMAS CAFE AL CHOCO.750|DELLEPIANE|5250.00|4338.84|1|5250.00|4338.84|0.00|0.00| |0.00|0.00| 
70|1|3|7790260002236|1|07790260002236|LICOR TRES PLUMAS CAFE AL CHOCO.750|DELLEPIANE|5250.00|4338.84|1|5250.00|4338.84|0.00|0.00| |0.00|0.00| 
70|1|4|7790260002236|1|07790260002236|LICOR TRES PLUMAS CAFE AL CHOCO.750|DELLEPIANE|5250.00|4338.84|1|5250.00|4338.84|0.00|0.00| |0.00|0.00| 
70|1|1|7790260002076|1|07790260002076|LICOR TRES PLUMAS CAFE AL CO/AC 750|DELLEPIANE|5250.00|4338.84|1|5250.00|4338.84|0.00|0.00| |0.00|0.00| 
70|1|2|7790260002076|1|07790260002076|LICOR TRES PLUMAS CAFE AL CO/AC 750|DELLEPIANE|5250.00|4338.84|1|5250.00|4338.84|0.00|0.00| |0.00|0.00| 
70|1|3|7790260002076|1|07790260002076|LICOR TRES PLUMAS CAFE AL CO/AC 750|DELLEPIANE|5250.00|4338.84|1|5250.00|4338.84|0.00|0.00| |0.00|0.00| 
70|1|4|7790260002076|1|07790260002076|LICOR TRES PLUMAS CAFE AL CO/AC 750|DELLEPIANE|5250.00|4338.84|1|5250.00|4338.84|0.00|0.00| |0.00|0.00| 
70|1|1|7790260002250|1|07790260002250|LICOR TRES PLUMAS CAFE AL D.LECHE75|DELLEPIANE|5250.00|4338.84|1|5250.00|4338.84|0.00|0.00| |0.00|0.00| 
70|1|2|7790260002250|1|07790260002250|LICOR TRES PLUMAS CAFE AL D.LECHE75|DELLEPIANE|5250.00|4338.84|1|5250.00|4338.84|0.00|0.00| |0.00|0.00| 
70|1|3|7790260002250|1|07790260002250|LICOR TRES PLUMAS CAFE AL D.LECHE75|DELLEPIANE|5250.00|4338.84|1|5250.00|4338.84|0.00|0.00| |0.00|0.00| 
70|1|4|7790260002250|1|07790260002250|LICOR TRES PLUMAS CAFE AL D.LECHE75|DELLEPIANE|5250.00|4338.84|1|5250.00|4338.84|0.00|0.00| |0.00|0.00| 
70|1|1|7790260002267|1|07790260002267|LICOR TRES PLUMAS CAFE AL RON 750CC|DELLEPIANE|5250.00|4338.84|1|5250.00|4338.84|0.00|0.00| |0.00|0.00| 
70|1|3|7790260002267|1|07790260002267|LICOR TRES PLUMAS CAFE AL RON 750CC|DELLEPIANE|5250.00|4338.84|1|5250.00|4338.84|0.00|0.00| |0.00|0.00| 
70|1|4|7790260002267|1|07790260002267|LICOR TRES PLUMAS CAFE AL RON 750CC|DELLEPIANE|5250.00|4338.84|1|5250.00|4338.84|0.00|0.00| |0.00|0.00| 
70|1|1|7790260002090|1|07790260002090|LICOR TRES PLUMAS CAFE AL WHISKY 75|DELLEPIANE|5250.00|4338.84|1|5250.00|4338.84|0.00|0.00| |0.00|0.00| 
70|1|3|7790260002090|1|07790260002090|LICOR TRES PLUMAS CAFE AL WHISKY 75|DELLEPIANE|5250.00|4338.84|1|5250.00|4338.84|0.00|0.00| |0.00|0.00| 
70|1|4|7790260002090|1|07790260002090|LICOR TRES PLUMAS CAFE AL WHISKY 75|DELLEPIANE|5250.00|4338.84|1|5250.00|4338.84|0.00|0.00| |0.00|0.00| 
70|1|1|7790260013232|1|07790260013232|LICOR TRES PLUMAS CHOCO ALMENDRA 70|DELLEPIANE|5780.00|4776.86|1|5780.00|4776.86|0.00|0.00| |0.00|0.00| 
70|1|3|7790260013232|1|07790260013232|LICOR TRES PLUMAS CHOCO ALMENDRA 70|DELLEPIANE|5780.00|4776.86|1|5780.00|4776.86|0.00|0.00| |0.00|0.00| 
70|1|4|7790260013232|1|07790260013232|LICOR TRES PLUMAS CHOCO ALMENDRA 70|DELLEPIANE|5780.00|4776.86|1|5780.00|4776.86|0.00|0.00| |0.00|0.00| 
70|1|1|7790260013249|1|07790260013249|LICOR TRES PLUMAS CHOCO BLANCO 700|DELLEPIANE|5780.00|4776.86|1|5780.00|4776.86|0.00|0.00| |0.00|0.00| 
70|1|3|7790260013249|1|07790260013249|LICOR TRES PLUMAS CHOCO BLANCO 700|DELLEPIANE|5780.00|4776.86|1|5780.00|4776.86|0.00|0.00| |0.00|0.00| 
70|1|4|7790260013249|1|07790260013249|LICOR TRES PLUMAS CHOCO BLANCO 700|DELLEPIANE|5780.00|4776.86|1|5780.00|4776.86|0.00|0.00| |0.00|0.00| 
70|1|1|7790260013416|1|07790260013416|LICOR TRES PLUMAS CHOCO FRUTILLA 70|DELLEPIANE|5780.00|4776.86|1|5780.00|4776.86|0.00|0.00| |0.00|0.00| 
70|1|3|7790260013416|1|07790260013416|LICOR TRES PLUMAS CHOCO FRUTILLA 70|DELLEPIANE|5780.00|4776.86|1|5780.00|4776.86|0.00|0.00| |0.00|0.00| 
70|1|4|7790260013416|1|07790260013416|LICOR TRES PLUMAS CHOCO FRUTILLA 70|DELLEPIANE|5780.00|4776.86|1|5780.00|4776.86|0.00|0.00| |0.00|0.00| 
70|1|1|7790260013225|1|07790260013225|LICOR TRES PLUMAS CHOCO MENTA 700|DELLEPIANE|5780.00|4776.86|1|5780.00|4776.86|0.00|0.00| |0.00|0.00| 
70|1|3|7790260013225|1|07790260013225|LICOR TRES PLUMAS CHOCO MENTA 700|DELLEPIANE|5780.00|4776.86|1|5780.00|4776.86|0.00|0.00| |0.00|0.00| 
70|1|4|7790260013225|1|07790260013225|LICOR TRES PLUMAS CHOCO MENTA 700|DELLEPIANE|5780.00|4776.86|1|5780.00|4776.86|0.00|0.00| |0.00|0.00| 
70|1|1|7790260013300|1|07790260013300|LICOR TRES PLUMAS CHOCO. AL D.DE LE|DELLEPIANE|5780.00|4776.86|1|5780.00|4776.86|0.00|0.00| |0.00|0.00| 
70|1|3|7790260013300|1|07790260013300|LICOR TRES PLUMAS CHOCO. AL D.DE LE|DELLEPIANE|5780.00|4776.86|1|5780.00|4776.86|0.00|0.00| |0.00|0.00| 
70|1|4|7790260013300|1|07790260013300|LICOR TRES PLUMAS CHOCO. AL D.DE LE|DELLEPIANE|5780.00|4776.86|1|5780.00|4776.86|0.00|0.00| |0.00|0.00| 
70|1|1|7790260013065|1|07790260013065|LICOR TRES PLUMAS CHOCOLATE 700CC|DELLEPIANE|5780.00|4776.86|1|5780.00|4776.86|0.00|0.00| |0.00|0.00| 
70|1|3|7790260013065|1|07790260013065|LICOR TRES PLUMAS CHOCOLATE 700CC|DELLEPIANE|5780.00|4776.86|1|5780.00|4776.86|0.00|0.00| |0.00|0.00| 
70|1|4|7790260013065|1|07790260013065|LICOR TRES PLUMAS CHOCOLATE 700CC|DELLEPIANE|5780.00|4776.86|1|5780.00|4776.86|0.00|0.00| |0.00|0.00| 
70|1|1|7790260013430|1|07790260013430|LICOR TRES PLUMAS D. DE LECHE ALMEN|DELLEPIANE|5780.00|4776.86|1|5780.00|4776.86|0.00|0.00| |0.00|0.00| 
70|1|4|7790260013430|1|07790260013430|LICOR TRES PLUMAS D. DE LECHE ALMEN|DELLEPIANE|5780.00|4776.86|1|5780.00|4776.86|0.00|0.00| |0.00|0.00| 
70|1|1|7790260013164|1|07790260013164|LICOR TRES PLUMAS DULCE DE LECHE 70|DELLEPIANE|5780.00|4776.86|1|5780.00|4776.86|0.00|0.00| |0.00|0.00| 
70|1|3|7790260013164|1|07790260013164|LICOR TRES PLUMAS DULCE DE LECHE 70|DELLEPIANE|5780.00|4776.86|1|5780.00|4776.86|0.00|0.00| |0.00|0.00| 
70|1|1|7790260013058|1|07790260013058|LICOR TRES PLUMAS HUEVO 700CC|DELLEPIANE|5780.00|4776.86|1|5780.00|4776.86|0.00|0.00| |0.00|0.00| 
70|1|1|7790260013201|1|07790260013201|LICOR TRES PLUMAS MANZANA 700CC|DELLEPIANE|5298.00|4378.51|1|5298.00|4378.51|0.00|0.00| |0.00|0.00| 
70|1|2|7790260013201|1|07790260013201|LICOR TRES PLUMAS MANZANA 700CC|DELLEPIANE|5298.00|4378.51|1|5298.00|4378.51|0.00|0.00| |0.00|0.00| 
70|1|3|7790260013201|1|07790260013201|LICOR TRES PLUMAS MANZANA 700CC|DELLEPIANE|5298.00|4378.51|1|5298.00|4378.51|0.00|0.00| |0.00|0.00| 
70|1|4|6000001058974|1|06000001058974|LIMON KG.                 |VERDULERIA|1450.00|1312.22|1|1450.00|1312.22|0.00|0.00| |0.00|0.00| 
70|1|4|7790520981967|1|07790520981967|LIMPIA HORNOS MR MUSCULO 400 C.C.|PROV.VARIOS LIMPIEZA|4195.00|3466.94|1|4195.00|3466.94|0.00|0.00| |0.00|0.00| 
70|1|2|7793253400163|1|07793253400163|LIMPIADOR AYUDIN COCINA DP 900CC|CLOROX|3670.00|3033.06|1|3670.00|3033.06|0.00|0.00| |0.00|0.00| 
70|1|3|7793253400163|1|07793253400163|LIMPIADOR AYUDIN COCINA DP 900CC|CLOROX|3670.00|3033.06|1|3670.00|3033.06|0.00|0.00| |0.00|0.00| 
70|1|4|7793253400163|1|07793253400163|LIMPIADOR AYUDIN COCINA DP 900CC|CLOROX|3670.00|3033.06|1|3670.00|3033.06|0.00|0.00| |0.00|0.00| 
70|1|1|7791290771604|1|07791290771604|LIMPIADOR CIF ANTIGRASA 900MLDP.EXP|UNILEVER.|3400.00|2809.92|1|3400.00|2809.92|0.00|0.00| |0.00|0.00| 
70|1|2|7791290771604|1|07791290771604|LIMPIADOR CIF ANTIGRASA 900MLDP.EXP|UNILEVER.|3400.00|2809.92|1|3400.00|2809.92|0.00|0.00| |0.00|0.00| 
70|1|3|7791290771604|1|07791290771604|LIMPIADOR CIF ANTIGRASA 900MLDP.EXP|UNILEVER.|3400.00|2809.92|1|3400.00|2809.92|0.00|0.00| |0.00|0.00| 
70|1|4|7791290771604|1|07791290771604|LIMPIADOR CIF ANTIGRASA 900MLDP.EXP|UNILEVER.|3400.00|2809.92|1|3400.00|2809.92|0.00|0.00| |0.00|0.00| 
70|1|1|7791290000469|1|07791290000469|LIMPIADOR CIF CREMA 375G BLANCO|UNILEVER.|2170.00|1793.39|1|2170.00|1793.39|0.00|0.00| |0.00|0.00| 
70|1|2|7791290000469|1|07791290000469|LIMPIADOR CIF CREMA 375G BLANCO|UNILEVER.|2170.00|1793.39|1|2170.00|1793.39|0.00|0.00| |0.00|0.00| 
70|1|3|7791290000469|1|07791290000469|LIMPIADOR CIF CREMA 375G BLANCO|UNILEVER.|2170.00|1793.39|1|2170.00|1793.39|0.00|0.00| |0.00|0.00| 
70|1|4|7791290000469|1|07791290000469|LIMPIADOR CIF CREMA 375G BLANCO|UNILEVER.|2170.00|1793.39|1|2170.00|1793.39|0.00|0.00| |0.00|0.00| 
70|1|4|7791290002050|1|07791290002050|LIMPIADOR CIF PISOS OXI GEL 2L|UNILEVER.|11300.00|9338.84|1|11300.00|9338.84|0.00|0.00| |0.00|0.00| 
70|1|4|7791290007260|1|07791290007260|LIMPIADOR CIF PISOS OXI GEL 750CC|UNILEVER.|4250.00|3512.40|1|4250.00|3512.40|0.00|0.00| |0.00|0.00| 
70|1|2|7791290003514|1|07791290003514|LIMPIADOR CIF PISOS PLASTIFIC.750CC|UNILEVER.|3990.00|3297.52|1|3990.00|3297.52|0.00|0.00| |0.00|0.00| 
70|1|3|7791290003514|1|07791290003514|LIMPIADOR CIF PISOS PLASTIFIC.750CC|UNILEVER.|3990.00|3297.52|1|3990.00|3297.52|0.00|0.00| |0.00|0.00| 
70|1|4|7791290003514|1|07791290003514|LIMPIADOR CIF PISOS PLASTIFIC.750CC|UNILEVER.|3990.00|3297.52|1|3990.00|3297.52|0.00|0.00| |0.00|0.00| 
70|1|1|7790828102477|1|07790828102477|LIMPIADOR GIGANTE 900CC.ALGODON|JOSE GUMA|1500.00|1239.67|1|1500.00|1239.67|0.00|0.00| |0.00|0.00| 
70|1|4|7790828102477|1|07790828102477|LIMPIADOR GIGANTE 900CC.ALGODON|JOSE GUMA|1500.00|1239.67|1|1500.00|1239.67|0.00|0.00| |0.00|0.00| 
70|1|1|7790828102460|1|07790828102460|LIMPIADOR GIGANTE 900CC.BEBE|JOSE GUMA|1500.00|1239.67|1|1500.00|1239.67|0.00|0.00| |0.00|0.00| 
70|1|4|7790828102460|1|07790828102460|LIMPIADOR GIGANTE 900CC.BEBE|JOSE GUMA|1500.00|1239.67|1|1500.00|1239.67|0.00|0.00| |0.00|0.00| 
70|1|1|7790828102071|1|07790828102071|LIMPIADOR GIGANTE 900CC.LIMON|JOSE GUMA|1500.00|1239.67|1|1500.00|1239.67|0.00|0.00| |0.00|0.00| 
70|1|2|7790828102071|1|07790828102071|LIMPIADOR GIGANTE 900CC.LIMON|JOSE GUMA|1500.00|1239.67|1|1500.00|1239.67|0.00|0.00| |0.00|0.00| 
70|1|4|7790828102071|1|07790828102071|LIMPIADOR GIGANTE 900CC.LIMON|JOSE GUMA|1500.00|1239.67|1|1500.00|1239.67|0.00|0.00| |0.00|0.00| 
70|1|1|7790828102064|1|07790828102064|LIMPIADOR GIGANTE 900CC.MARINA|JOSE GUMA|1500.00|1239.67|1|1500.00|1239.67|0.00|0.00| |0.00|0.00| 
70|1|2|7790828102064|1|07790828102064|LIMPIADOR GIGANTE 900CC.MARINA|JOSE GUMA|1500.00|1239.67|1|1500.00|1239.67|0.00|0.00| |0.00|0.00| 
70|1|3|7790828102064|1|07790828102064|LIMPIADOR GIGANTE 900CC.MARINA|JOSE GUMA|1500.00|1239.67|1|1500.00|1239.67|0.00|0.00| |0.00|0.00| 
70|1|4|7790828102064|1|07790828102064|LIMPIADOR GIGANTE 900CC.MARINA|JOSE GUMA|1500.00|1239.67|1|1500.00|1239.67|0.00|0.00| |0.00|0.00| 
70|1|1|7791130681438|1|07791130681438|LIMPIADOR HARPIC 500CC BLANCO BRIL |RECKITT LIMPIEZA|4400.00|3636.36|1|4400.00|3636.36|0.00|0.00| |0.00|0.00| 
70|1|2|7791130681438|1|07791130681438|LIMPIADOR HARPIC 500CC BLANCO BRIL |RECKITT LIMPIEZA|4400.00|3636.36|1|4400.00|3636.36|0.00|0.00| |0.00|0.00| 
70|1|3|7791130681438|1|07791130681438|LIMPIADOR HARPIC 500CC BLANCO BRIL |RECKITT LIMPIEZA|4400.00|3636.36|1|4400.00|3636.36|0.00|0.00| |0.00|0.00| 
70|1|4|7791130681438|1|07791130681438|LIMPIADOR HARPIC 500CC BLANCO BRIL |RECKITT LIMPIEZA|4400.00|3636.36|1|4400.00|3636.36|0.00|0.00| |0.00|0.00| 
70|1|1|7791130104326|1|07791130104326|LIMPIADOR HARPIC 500CC CITRUS|RECKITT LIMPIEZA|4400.00|3636.36|1|4400.00|3636.36|0.00|0.00| |0.00|0.00| 
70|1|2|7791130104326|1|07791130104326|LIMPIADOR HARPIC 500CC CITRUS|RECKITT LIMPIEZA|4400.00|3636.36|1|4400.00|3636.36|0.00|0.00| |0.00|0.00| 
70|1|3|7791130104326|1|07791130104326|LIMPIADOR HARPIC 500CC CITRUS|RECKITT LIMPIEZA|4400.00|3636.36|1|4400.00|3636.36|0.00|0.00| |0.00|0.00| 
70|1|4|7791130104326|1|07791130104326|LIMPIADOR HARPIC 500CC CITRUS|RECKITT LIMPIEZA|4400.00|3636.36|1|4400.00|3636.36|0.00|0.00| |0.00|0.00| 
70|1|1|7791130104333|1|07791130104333|LIMPIADOR HARPIC 500CC FLORAL|RECKITT LIMPIEZA|4400.00|3636.36|1|4400.00|3636.36|0.00|0.00| |0.00|0.00| 
70|1|2|7791130104333|1|07791130104333|LIMPIADOR HARPIC 500CC FLORAL|RECKITT LIMPIEZA|4400.00|3636.36|1|4400.00|3636.36|0.00|0.00| |0.00|0.00| 
70|1|3|7791130104333|1|07791130104333|LIMPIADOR HARPIC 500CC FLORAL|RECKITT LIMPIEZA|4400.00|3636.36|1|4400.00|3636.36|0.00|0.00| |0.00|0.00| 
70|1|4|7791130104333|1|07791130104333|LIMPIADOR HARPIC 500CC FLORAL|RECKITT LIMPIEZA|4400.00|3636.36|1|4400.00|3636.36|0.00|0.00| |0.00|0.00| 
70|1|1|7791130004305|1|07791130004305|LIMPIADOR HARPIC 500CC ORIGINAL|RECKITT LIMPIEZA|4400.00|3636.36|1|4400.00|3636.36|0.00|0.00| |0.00|0.00| 
70|1|2|7791130004305|1|07791130004305|LIMPIADOR HARPIC 500CC ORIGINAL|RECKITT LIMPIEZA|4400.00|3636.36|1|4400.00|3636.36|0.00|0.00| |0.00|0.00| 
70|1|3|7791130004305|1|07791130004305|LIMPIADOR HARPIC 500CC ORIGINAL|RECKITT LIMPIEZA|4400.00|3636.36|1|4400.00|3636.36|0.00|0.00| |0.00|0.00| 
70|1|4|7791130004305|1|07791130004305|LIMPIADOR HARPIC 500CC ORIGINAL|RECKITT LIMPIEZA|4400.00|3636.36|1|4400.00|3636.36|0.00|0.00| |0.00|0.00| 
70|1|1|7791130004022|1|07791130004022|LIMPIADOR HARPIC 500CC REMOVEDOR SA|RECKITT LIMPIEZA|4400.00|3636.36|1|4400.00|3636.36|0.00|0.00| |0.00|0.00| 
70|1|2|7791130004022|1|07791130004022|LIMPIADOR HARPIC 500CC REMOVEDOR SA|RECKITT LIMPIEZA|4400.00|3636.36|1|4400.00|3636.36|0.00|0.00| |0.00|0.00| 
70|1|3|7791130004022|1|07791130004022|LIMPIADOR HARPIC 500CC REMOVEDOR SA|RECKITT LIMPIEZA|4400.00|3636.36|1|4400.00|3636.36|0.00|0.00| |0.00|0.00| 
70|1|4|7791130004022|1|07791130004022|LIMPIADOR HARPIC 500CC REMOVEDOR SA|RECKITT LIMPIEZA|4400.00|3636.36|1|4400.00|3636.36|0.00|0.00| |0.00|0.00| 
70|1|1|7791130683845|1|07791130683845|LIMPIADOR LIQ.PROCENEX BCO.ORIG.1.8|RECKITT LIMPIEZA|4960.00|4099.17|1|4960.00|4099.17|0.00|0.00| |0.00|0.00| 
70|1|2|7791130683845|1|07791130683845|LIMPIADOR LIQ.PROCENEX BCO.ORIG.1.8|RECKITT LIMPIEZA|4960.00|4099.17|1|4960.00|4099.17|0.00|0.00| |0.00|0.00| 
70|1|3|7791130683845|1|07791130683845|LIMPIADOR LIQ.PROCENEX BCO.ORIG.1.8|RECKITT LIMPIEZA|4960.00|4099.17|1|4960.00|4099.17|0.00|0.00| |0.00|0.00| 
70|1|4|7791130683845|1|07791130683845|LIMPIADOR LIQ.PROCENEX BCO.ORIG.1.8|RECKITT LIMPIEZA|4960.00|4099.17|1|4960.00|4099.17|0.00|0.00| |0.00|0.00| 
70|1|1|7791130683753|1|07791130683753|LIMPIADOR LIQ.PROCENEX BCO.ORIG.900|RECKITT LIMPIEZA|2620.00|2165.29|1|2620.00|2165.29|0.00|0.00| |0.00|0.00| 
70|1|2|7791130683753|1|07791130683753|LIMPIADOR LIQ.PROCENEX BCO.ORIG.900|RECKITT LIMPIEZA|2620.00|2165.29|1|2620.00|2165.29|0.00|0.00| |0.00|0.00| 
70|1|4|7791130683753|1|07791130683753|LIMPIADOR LIQ.PROCENEX BCO.ORIG.900|RECKITT LIMPIEZA|2620.00|2165.29|1|2620.00|2165.29|0.00|0.00| |0.00|0.00| 
70|1|2|7793253000912|1|07793253000912|LIMPIADOR PINOLUZ 1,8L. PINO|CLOROX|3775.00|3119.83|1|3775.00|3119.83|0.00|0.00| |0.00|0.00| 
70|1|4|7793253000912|1|07793253000912|LIMPIADOR PINOLUZ 1,8L. PINO|CLOROX|3775.00|3119.83|1|3775.00|3119.83|0.00|0.00| |0.00|0.00| 
70|1|1|7793253000905|1|07793253000905|LIMPIADOR PINOLUZ 900 CC|CLOROX|1795.00|1483.47|1|1795.00|1483.47|0.00|0.00| |0.00|0.00| 
70|1|2|7793253000905|1|07793253000905|LIMPIADOR PINOLUZ 900 CC|CLOROX|1795.00|1483.47|1|1795.00|1483.47|0.00|0.00| |0.00|0.00| 
70|1|3|7793253000905|1|07793253000905|LIMPIADOR PINOLUZ 900 CC|CLOROX|1795.00|1483.47|1|1795.00|1483.47|0.00|0.00| |0.00|0.00| 
70|1|4|7793253000905|1|07793253000905|LIMPIADOR PINOLUZ 900 CC|CLOROX|1795.00|1483.47|1|1795.00|1483.47|0.00|0.00| |0.00|0.00| 
70|1|1|7793253000851|1|07793253000851|LIMPIADOR POETT 1.8L SOLO P TI|CLOROX|4100.00|3388.43|1|4100.00|3388.43|0.00|0.00| |0.00|0.00| 
70|1|3|7793253000851|1|07793253000851|LIMPIADOR POETT 1.8L SOLO P TI|CLOROX|4100.00|3388.43|1|4100.00|3388.43|0.00|0.00| |0.00|0.00| 
70|1|4|7793253000851|1|07793253000851|LIMPIADOR POETT 1.8L SOLO P TI|CLOROX|4100.00|3388.43|1|4100.00|3388.43|0.00|0.00| |0.00|0.00| 
70|1|1|7793253000868|1|07793253000868|LIMPIADOR POETT 4L BEBE|CLOROX|8998.00|7436.36|1|8998.00|7436.36|0.00|0.00| |0.00|0.00| 
70|1|3|7793253000868|1|07793253000868|LIMPIADOR POETT 4L BEBE|CLOROX|8998.00|7436.36|1|8998.00|7436.36|0.00|0.00| |0.00|0.00| 
70|1|4|7793253000868|1|07793253000868|LIMPIADOR POETT 4L BEBE|CLOROX|8998.00|7436.36|1|8998.00|7436.36|0.00|0.00| |0.00|0.00| 
70|1|1|7793253000899|1|07793253000899|LIMPIADOR POETT 4L SOLO PARA TI|CLOROX|8998.00|7436.36|1|8998.00|7436.36|0.00|0.00| |0.00|0.00| 
70|1|2|7793253000899|1|07793253000899|LIMPIADOR POETT 4L SOLO PARA TI|CLOROX|8998.00|7436.36|1|8998.00|7436.36|0.00|0.00| |0.00|0.00| 
70|1|3|7793253000899|1|07793253000899|LIMPIADOR POETT 4L SOLO PARA TI|CLOROX|8998.00|7436.36|1|8998.00|7436.36|0.00|0.00| |0.00|0.00| 
70|1|4|7793253000899|1|07793253000899|LIMPIADOR POETT 4L SOLO PARA TI|CLOROX|8998.00|7436.36|1|8998.00|7436.36|0.00|0.00| |0.00|0.00| 
70|1|1|7793253000776|1|07793253000776|LIMPIADOR POETT 900CC SOLO P/TI |CLOROX|1950.00|1611.57|1|1950.00|1611.57|0.00|0.00| |0.00|0.00| 
70|1|2|7793253000776|1|07793253000776|LIMPIADOR POETT 900CC SOLO P/TI |CLOROX|1950.00|1611.57|1|1950.00|1611.57|0.00|0.00| |0.00|0.00| 
70|1|3|7793253000776|1|07793253000776|LIMPIADOR POETT 900CC SOLO P/TI |CLOROX|1950.00|1611.57|1|1950.00|1611.57|0.00|0.00| |0.00|0.00| 
70|1|4|7793253000776|1|07793253000776|LIMPIADOR POETT 900CC SOLO P/TI |CLOROX|1950.00|1611.57|1|1950.00|1611.57|0.00|0.00| |0.00|0.00| 
70|1|2|7793416170063|1|07793416170063|LIMPIAVIDRIOS SALZANO C/CABO PLASTI|PROV.VARIOS LIMPIEZA|178.00|147.11|1|178.00|147.11|0.00|0.00| |0.00|0.00| 
70|1|1|7791290010079|1|07791290010079|LIQUIDO P/ROPA SKIP 3LT.DP.|UNILEVER.|12000.00|9917.36|1|12000.00|9917.36|0.00|0.00| |0.00|0.00| 
70|1|3|7791290010079|1|07791290010079|LIQUIDO P/ROPA SKIP 3LT.DP.|UNILEVER.|12000.00|9917.36|1|12000.00|9917.36|0.00|0.00| |0.00|0.00| 
70|1|4|7791290010079|1|07791290010079|LIQUIDO P/ROPA SKIP 3LT.DP.|UNILEVER.|12000.00|9917.36|1|12000.00|9917.36|0.00|0.00| |0.00|0.00| 
70|1|1|7791290011526|1|07791290011526|LIQUIDO P/ROPA SKIP 800CC.DP|UNILEVER.|3600.00|2975.21|1|3600.00|2975.21|0.00|0.00| |0.00|0.00| 
70|1|2|7791290011526|1|07791290011526|LIQUIDO P/ROPA SKIP 800CC.DP|UNILEVER.|3600.00|2975.21|1|3600.00|2975.21|0.00|0.00| |0.00|0.00| 
70|1|4|7791290011526|1|07791290011526|LIQUIDO P/ROPA SKIP 800CC.DP|UNILEVER.|3600.00|2975.21|1|3600.00|2975.21|0.00|0.00| |0.00|0.00| 
70|1|1|7790990990223|1|07790990990223|LIQUIDO P/ROPA ZORRO 3L. DP. QUITAM|DREAMCO LIMPIEZA|9050.00|7479.34|1|9050.00|7479.34|0.00|0.00| |0.00|0.00| 
70|1|2|7790990990223|1|07790990990223|LIQUIDO P/ROPA ZORRO 3L. DP. QUITAM|DREAMCO LIMPIEZA|9050.00|7479.34|1|9050.00|7479.34|0.00|0.00| |0.00|0.00| 
70|1|3|7790990990223|1|07790990990223|LIQUIDO P/ROPA ZORRO 3L. DP. QUITAM|DREAMCO LIMPIEZA|9050.00|7479.34|1|9050.00|7479.34|0.00|0.00| |0.00|0.00| 
70|1|4|7790990990223|1|07790990990223|LIQUIDO P/ROPA ZORRO 3L. DP. QUITAM|DREAMCO LIMPIEZA|9050.00|7479.34|1|9050.00|7479.34|0.00|0.00| |0.00|0.00| 
70|1|1|7790990990230|1|07790990990230|LIQUIDO P/ROPA ZORRO 3L.DP. PLUS|DREAMCO LIMPIEZA|9100.00|7520.66|1|9100.00|7520.66|0.00|0.00| |0.00|0.00| 
70|1|2|7790990990230|1|07790990990230|LIQUIDO P/ROPA ZORRO 3L.DP. PLUS|DREAMCO LIMPIEZA|9100.00|7520.66|1|9100.00|7520.66|0.00|0.00| |0.00|0.00| 
70|1|3|7790990990230|1|07790990990230|LIQUIDO P/ROPA ZORRO 3L.DP. PLUS|DREAMCO LIMPIEZA|9100.00|7520.66|1|9100.00|7520.66|0.00|0.00| |0.00|0.00| 
70|1|4|7790990990230|1|07790990990230|LIQUIDO P/ROPA ZORRO 3L.DP. PLUS|DREAMCO LIMPIEZA|9100.00|7520.66|1|9100.00|7520.66|0.00|0.00| |0.00|0.00| 
70|1|1|7790520001108|1|07790520001108|LUSTRAMUEBLES BLEM 360 CC|SCJ HOGAR|5700.00|4710.74|1|5700.00|4710.74|0.00|0.00| |0.00|0.00| 
70|1|2|7790520001108|1|07790520001108|LUSTRAMUEBLES BLEM 360 CC|SCJ HOGAR|5700.00|4710.74|1|5700.00|4710.74|0.00|0.00| |0.00|0.00| 
70|1|3|7790520001108|1|07790520001108|LUSTRAMUEBLES BLEM 360 CC|SCJ HOGAR|5700.00|4710.74|1|5700.00|4710.74|0.00|0.00| |0.00|0.00| 
70|1|4|7790520001108|1|07790520001108|LUSTRAMUEBLES BLEM 360 CC|SCJ HOGAR|5700.00|4710.74|1|5700.00|4710.74|0.00|0.00| |0.00|0.00| 
70|1|4|7790520000156|1|07790520000156|LUSTRAMUEBLES BLEM CREMA LAVANDA200|PROV.VARIOS LIMPIEZA|3453.85|2854.42|1|3453.85|2854.42|0.00|0.00| |0.00|0.00| 
70|1|4|7790520000149|1|07790520000149|LUSTRAMUEBLES BLEM CREMA ORIG,200|PROV.VARIOS LIMPIEZA|3453.85|2854.42|1|3453.85|2854.42|0.00|0.00| |0.00|0.00| 
70|1|1|7790520987297|1|07790520987297|LUSTRAMUEBLES BLEM LAVANDA 360CC|SCJ HOGAR|5700.00|4710.74|1|5700.00|4710.74|0.00|0.00| |0.00|0.00| 
70|1|2|7790520987297|1|07790520987297|LUSTRAMUEBLES BLEM LAVANDA 360CC|SCJ HOGAR|5700.00|4710.74|1|5700.00|4710.74|0.00|0.00| |0.00|0.00| 
70|1|4|7790520987297|1|07790520987297|LUSTRAMUEBLES BLEM LAVANDA 360CC|SCJ HOGAR|5700.00|4710.74|1|5700.00|4710.74|0.00|0.00| |0.00|0.00| 
70|1|1|7790520984357|1|07790520984357|LUSTRAMUEBLES BLEM NARANJA 360CC|SCJ HOGAR|5700.00|4710.74|1|5700.00|4710.74|0.00|0.00| |0.00|0.00| 
70|1|2|7790520984357|1|07790520984357|LUSTRAMUEBLES BLEM NARANJA 360CC|SCJ HOGAR|5700.00|4710.74|1|5700.00|4710.74|0.00|0.00| |0.00|0.00| 
70|1|4|7790520984357|1|07790520984357|LUSTRAMUEBLES BLEM NARANJA 360CC|SCJ HOGAR|5700.00|4710.74|1|5700.00|4710.74|0.00|0.00| |0.00|0.00| 
70|1|1|7790463000114|1|07790463000114|LUSTRAMUEBLES CERAMICOL 360CC|SCJ HOGAR|4470.00|3694.21|1|4470.00|3694.21|0.00|0.00| |0.00|0.00| 
70|1|2|7790463000114|1|07790463000114|LUSTRAMUEBLES CERAMICOL 360CC|SCJ HOGAR|4470.00|3694.21|1|4470.00|3694.21|0.00|0.00| |0.00|0.00| 
70|1|4|7790463000114|1|07790463000114|LUSTRAMUEBLES CERAMICOL 360CC|SCJ HOGAR|4470.00|3694.21|1|4470.00|3694.21|0.00|0.00| |0.00|0.00| 
70|1|1|7798029030070|1|07798029030070|MAIZ PISINGALLO ECOSAN 400 GRS|ECOSAN|845.00|764.71|1|845.00|764.71|0.00|0.00| |0.00|0.00| 
70|1|2|7798029030070|1|07798029030070|MAIZ PISINGALLO ECOSAN 400 GRS|ECOSAN|845.00|764.71|1|845.00|764.71|0.00|0.00| |0.00|0.00| 
70|1|4|7798029030070|1|07798029030070|MAIZ PISINGALLO ECOSAN 400 GRS|ECOSAN|845.00|764.71|1|845.00|764.71|0.00|0.00| |0.00|0.00| 
70|1|1|7798029030063|1|07798029030063|MAIZ QUEBRADO COLORADO ECOSAN 400|ECOSAN|860.00|710.74|1|860.00|710.74|0.00|0.00| |0.00|0.00| 
70|1|2|7798029030063|1|07798029030063|MAIZ QUEBRADO COLORADO ECOSAN 400|ECOSAN|860.00|710.74|1|860.00|710.74|0.00|0.00| |0.00|0.00| 
70|1|3|7798029030063|1|07798029030063|MAIZ QUEBRADO COLORADO ECOSAN 400|ECOSAN|860.00|710.74|1|860.00|710.74|0.00|0.00| |0.00|0.00| 
70|1|4|7798029030063|1|07798029030063|MAIZ QUEBRADO COLORADO ECOSAN 400|ECOSAN|860.00|710.74|1|860.00|710.74|0.00|0.00| |0.00|0.00| 
70|1|4|7791118000718|1|07791118000718|MALTA EL POCILLO CON LECHE 170G.|BESSONE|889.25|734.92|1|889.25|734.92|0.00|0.00| |0.00|0.00| 
70|1|4|7791118000848|1|07791118000848|MALTA EL POCILLO CON LECHE DP.125G.|BESSONE|365.30|301.90|1|365.30|301.90|0.00|0.00| |0.00|0.00| 
70|1|2|7791118000824|1|07791118000824|MALTA INSTANTANEA POCILLO 125G. DP.|BESSONE|328.50|271.49|1|328.50|271.49|0.00|0.00| |0.00|0.00| 
70|1|4|7791118000824|1|07791118000824|MALTA INSTANTANEA POCILLO 125G. DP.|BESSONE|328.50|271.49|1|328.50|271.49|0.00|0.00| |0.00|0.00| 
70|1|4|0000000074684|0|00000000074684|MALTEADAS DON PEDRO 500G.|PANIF.LA MAGA NOGOYA|1830.00|1512.40|1|1830.00|1512.40|0.00|0.00| |0.00|0.00| 
70|1|4|6000001062148|1|06000001062148|MANDARINAS KG.|VERDULERIA|1020.00|923.08|1|1020.00|923.08|0.00|0.00| |0.00|0.00| 
70|1|4|7790580105921|1|07790580105921|MANI C/CHOCOLATE COFLER BLOCK 40G.|CANDY MIX|2060.00|1702.48|1|2060.00|1702.48|0.00|0.00| |0.00|0.00| 
70|1|1|7793706005136|1|07793706005136|MANI REPELADO JULICROC 1KG.|JULICROC|6900.00|5702.48|1|6900.00|5702.48|0.00|0.00| |0.00|0.00| 
70|1|4|7793706000919|1|07793706000919|MANI REPELADO JULICROC MANTYSAL 100|JULICROC|1000.00|826.45|1|1000.00|826.45|0.00|0.00| |0.00|0.00| 
70|1|2|7793706005129|1|07793706005129|MANI TOSTADO JULICROC 1 KG.|JULICROC|6900.00|5702.48|1|6900.00|5702.48|0.00|0.00| |0.00|0.00| 
70|1|1|7793706001053|1|07793706001053|MANI TOSTADO JULICROC 100 GRS.|JULICROC|900.00|743.80|1|900.00|743.80|0.00|0.00| |0.00|0.00| 
70|1|2|7793706001053|1|07793706001053|MANI TOSTADO JULICROC 100 GRS.|JULICROC|900.00|743.80|1|900.00|743.80|0.00|0.00| |0.00|0.00| 
70|1|3|7793706001053|1|07793706001053|MANI TOSTADO JULICROC 100 GRS.|JULICROC|900.00|743.80|1|900.00|743.80|0.00|0.00| |0.00|0.00| 
70|1|4|7793706001053|1|07793706001053|MANI TOSTADO JULICROC 100 GRS.|JULICROC|900.00|743.80|1|900.00|743.80|0.00|0.00| |0.00|0.00| 
70|1|4|0000077900050|1|00000077900050|MANTECA ILOLAY 100 GRS.          |WILLINER|2050.00|1694.21|1|2050.00|1694.21|0.00|0.00| |0.00|0.00| 
70|1|1|0000077900067|1|00000077900067|MANTECA ILOLAY 200 GRS.          |WILLINER|3690.00|3049.59|1|3690.00|3049.59|0.00|0.00| |0.00|0.00| 
70|1|2|0000077900067|1|00000077900067|MANTECA ILOLAY 200 GRS.          |WILLINER|3690.00|3049.59|1|3690.00|3049.59|0.00|0.00| |0.00|0.00| 
70|1|4|0000077900067|1|00000077900067|MANTECA ILOLAY 200 GRS.          |WILLINER|3690.00|3049.59|1|3690.00|3049.59|0.00|0.00| |0.00|0.00| 
70|1|4|7793940052002|1|07793940052002|MANTECA LA SERENISIMA 100 GRS.|MASTELLONE HNOS S.A.|2430.00|2008.26|1|2430.00|2008.26|0.00|0.00| |0.00|0.00| 
70|1|2|7793940054006|1|07793940054006|MANTECA LA SERENISIMA VIT. 200G. |MASTELLONE HNOS S.A.|4190.00|3462.81|1|4190.00|3462.81|0.00|0.00| |0.00|0.00| 
70|1|4|7793940054006|1|07793940054006|MANTECA LA SERENISIMA VIT. 200G. |MASTELLONE HNOS S.A.|4190.00|3462.81|1|4190.00|3462.81|0.00|0.00| |0.00|0.00| 
70|1|4|7794820000595|1|07794820000595|MANTECA MILKAUT 100 GRS.|MILKAUT|2120.00|1752.07|1|2120.00|1752.07|0.00|0.00| |0.00|0.00| 
70|1|4|7794820000601|1|07794820000601|MANTECA MILKAUT 200 GRS.|MILKAUT|3950.00|3264.46|1|3950.00|3264.46|0.00|0.00| |0.00|0.00| 
70|1|3|7794480000225|1|07794480000225|MANTECA PRIMER PRECIO 100 GRS.|LUIS MARCOTEGUI|1050.00|867.77|1|1050.00|867.77|0.00|0.00| |0.00|0.00| 
70|1|1|7798060852068|1|07798060852068|MANTECA PRIMER PRECIO 200 GRS.|LUIS MARCOTEGUI|2125.00|1756.20|1|2125.00|1756.20|0.00|0.00| |0.00|0.00| 
70|1|4|7798060852068|1|07798060852068|MANTECA PRIMER PRECIO 200 GRS.|LUIS MARCOTEGUI|2125.00|1756.20|1|2125.00|1756.20|0.00|0.00| |0.00|0.00| 
70|1|4|6000001059414|1|06000001059414|MANZANA COMERCIAL KG.    |VERDULERIA|3800.00|3438.91|1|3800.00|3438.91|0.00|0.00| |0.00|0.00| 
70|1|1|7798054011488|1|07798054011488|MANZANA FIZZ FIESTA S/ALCOHOL 1LTS.|SUDAMERI. DE BEBIDAS|2290.00|1892.56|1|2290.00|1892.56|0.00|0.00| |0.00|0.00| 
70|1|2|7798054011488|1|07798054011488|MANZANA FIZZ FIESTA S/ALCOHOL 1LTS.|SUDAMERI. DE BEBIDAS|2290.00|1892.56|1|2290.00|1892.56|0.00|0.00| |0.00|0.00| 
70|1|4|6000001004346|1|06000001004346|MANZANA GOLDEN KG.|VERDULERIA|4160.00|3764.71|1|4160.00|3764.71|0.00|0.00| |0.00|0.00| 
70|1|4|6000001059100|1|06000001059100|MANZANA GRANNY SMITH KG.  |VERDULERIA|7300.00|6606.33|1|7300.00|6606.33|0.00|0.00| |0.00|0.00| 
70|1|4|6000001060618|1|06000001060618|MANZANA REELEGIDA KG.     |VERDULERIA|6400.00|5791.86|1|6400.00|5791.86|0.00|0.00| |0.00|0.00| 
70|1|4|6000001060854|1|06000001060854|MANZANA ROME KG|VERDULERIA|7900.00|7149.32|1|7900.00|7149.32|0.00|0.00| |0.00|0.00| 
70|1|1|7791620009803|1|07791620009803|MARGARINA DANICA CLASICA PAN 200 GR|FLORA DANICA|1650.00|1363.64|1|1650.00|1363.64|0.00|0.00| |0.00|0.00| 
70|1|3|7791620009803|1|07791620009803|MARGARINA DANICA CLASICA PAN 200 GR|FLORA DANICA|1650.00|1363.64|1|1650.00|1363.64|0.00|0.00| |0.00|0.00| 
70|1|4|7791620009803|1|07791620009803|MARGARINA DANICA CLASICA PAN 200 GR|FLORA DANICA|1650.00|1363.64|1|1650.00|1363.64|0.00|0.00| |0.00|0.00| 
70|1|1|7791620009810|1|07791620009810|MARGARINA DANICA CLASICA PAN 500GR|FLORA DANICA|3900.00|3223.14|1|3900.00|3223.14|0.00|0.00| |0.00|0.00| 
70|1|4|7791620009810|1|07791620009810|MARGARINA DANICA CLASICA PAN 500GR|FLORA DANICA|3900.00|3223.14|1|3900.00|3223.14|0.00|0.00| |0.00|0.00| 
70|1|1|7791620000398|1|07791620000398|MARGARINA DANICA SOFT 200G.POTE|FLORA DANICA|1920.00|1586.78|1|1920.00|1586.78|0.00|0.00| |0.00|0.00| 
70|1|2|7791620000398|1|07791620000398|MARGARINA DANICA SOFT 200G.POTE|FLORA DANICA|1920.00|1586.78|1|1920.00|1586.78|0.00|0.00| |0.00|0.00| 
70|1|3|7791620000398|1|07791620000398|MARGARINA DANICA SOFT 200G.POTE|FLORA DANICA|1920.00|1586.78|1|1920.00|1586.78|0.00|0.00| |0.00|0.00| 
70|1|4|7791620000398|1|07791620000398|MARGARINA DANICA SOFT 200G.POTE|FLORA DANICA|1920.00|1586.78|1|1920.00|1586.78|0.00|0.00| |0.00|0.00| 
70|1|2|7790060001538|1|07790060001538|MARGARINA MANTY  POTE 200 G.      |PUCCI DISTRIBUCIONES|52.98|43.79|1|52.98|43.79|0.00|0.00| |0.00|0.00| 
70|1|3|7791620000312|1|07791620000312|MARGARINA MARGADAN PAN 200 G.    |FLORA DANICA|1400.00|1157.02|1|1400.00|1157.02|0.00|0.00| |0.00|0.00| 
70|1|4|7791620000312|1|07791620000312|MARGARINA MARGADAN PAN 200 G.    |FLORA DANICA|1400.00|1157.02|1|1400.00|1157.02|0.00|0.00| |0.00|0.00| 
70|1|1|7791620000367|1|07791620000367|MARGARINA MARGADAN PAN 500 G.    |FLORA DANICA|3300.00|2727.27|1|3300.00|2727.27|0.00|0.00| |0.00|0.00| 
70|1|2|7791620000367|1|07791620000367|MARGARINA MARGADAN PAN 500 G.    |FLORA DANICA|3300.00|2727.27|1|3300.00|2727.27|0.00|0.00| |0.00|0.00| 
70|1|4|7791620000367|1|07791620000367|MARGARINA MARGADAN PAN 500 G.    |FLORA DANICA|3300.00|2727.27|1|3300.00|2727.27|0.00|0.00| |0.00|0.00| 
70|1|4|6000001176098|1|06000001176098|MATAMBRITO DE CERDO KG.|CARNE CERDO|16310.00|14760.18|1|16310.00|14760.18|0.00|0.00| |0.00|0.00| 
70|1|1|7790387011852|1|07790387011852|MATE COCIDO INSTAN.TARAGUI NIÑOS 20|TASA LAS MARIAS|2040.00|1685.95|1|2040.00|1685.95|0.00|0.00| |0.00|0.00| 
70|1|4|7790387011852|1|07790387011852|MATE COCIDO INSTAN.TARAGUI NIÑOS 20|TASA LAS MARIAS|2040.00|1685.95|1|2040.00|1685.95|0.00|0.00| |0.00|0.00| 
70|1|1|7790150260876|1|07790150260876|MATE COCIDO LITORAL LA VIRGI.25SC/S|LA VIRGINIA|1450.00|1198.35|1|1450.00|1198.35|0.00|0.00| |0.00|0.00| 
70|1|2|7790150260876|1|07790150260876|MATE COCIDO LITORAL LA VIRGI.25SC/S|LA VIRGINIA|1450.00|1198.35|1|1450.00|1198.35|0.00|0.00| |0.00|0.00| 
70|1|3|7790150260876|1|07790150260876|MATE COCIDO LITORAL LA VIRGI.25SC/S|LA VIRGINIA|1450.00|1198.35|1|1450.00|1198.35|0.00|0.00| |0.00|0.00| 
70|1|4|7790150260876|1|07790150260876|MATE COCIDO LITORAL LA VIRGI.25SC/S|LA VIRGINIA|1450.00|1198.35|1|1450.00|1198.35|0.00|0.00| |0.00|0.00| 
70|1|1|7790320019143|1|07790320019143|MATE COCIDO PRIMER PRECIO 50 SAQUIT|GLADER S.A.|1540.00|1272.73|1|1540.00|1272.73|0.00|0.00| |0.00|0.00| 
70|1|3|7790320019143|1|07790320019143|MATE COCIDO PRIMER PRECIO 50 SAQUIT|GLADER S.A.|1540.00|1272.73|1|1540.00|1272.73|0.00|0.00| |0.00|0.00| 
70|1|4|7790320019143|1|07790320019143|MATE COCIDO PRIMER PRECIO 50 SAQUIT|GLADER S.A.|1540.00|1272.73|1|1540.00|1272.73|0.00|0.00| |0.00|0.00| 
70|1|3|7790411000784|1|07790411000784|MATE COCIDO ROSAMONTE 25 SAQ. X 3G|HREÑUK HNOS.|1215.00|1004.13|1|1215.00|1004.13|0.00|0.00| |0.00|0.00| 
70|1|4|7790411000784|1|07790411000784|MATE COCIDO ROSAMONTE 25 SAQ. X 3G|HREÑUK HNOS.|1215.00|1004.13|1|1215.00|1004.13|0.00|0.00| |0.00|0.00| 
70|1|1|7790411000791|1|07790411000791|MATE COCIDO ROSAMONTE 50 SAQ.|HREÑUK HNOS.|1920.00|1586.78|1|1920.00|1586.78|0.00|0.00| |0.00|0.00| 
70|1|3|7790411000791|1|07790411000791|MATE COCIDO ROSAMONTE 50 SAQ.|HREÑUK HNOS.|1920.00|1586.78|1|1920.00|1586.78|0.00|0.00| |0.00|0.00| 
70|1|4|7790411000791|1|07790411000791|MATE COCIDO ROSAMONTE 50 SAQ.|HREÑUK HNOS.|1920.00|1586.78|1|1920.00|1586.78|0.00|0.00| |0.00|0.00| 
70|1|1|7790387000863|1|07790387000863|MATE COCIDO TARAGUI 100 SAQ.|TASA LAS MARIAS|3940.00|3256.20|1|3940.00|3256.20|0.00|0.00| |0.00|0.00| 
70|1|2|7790387000863|1|07790387000863|MATE COCIDO TARAGUI 100 SAQ.|TASA LAS MARIAS|3940.00|3256.20|1|3940.00|3256.20|0.00|0.00| |0.00|0.00| 
70|1|1|7790387000849|1|07790387000849|MATE COCIDO TARAGUI 25 UN|TASA LAS MARIAS|1070.00|884.30|1|1070.00|884.30|0.00|0.00| |0.00|0.00| 
70|1|2|7790387000849|1|07790387000849|MATE COCIDO TARAGUI 25 UN|TASA LAS MARIAS|1070.00|884.30|1|1070.00|884.30|0.00|0.00| |0.00|0.00| 
70|1|3|7790387000849|1|07790387000849|MATE COCIDO TARAGUI 25 UN|TASA LAS MARIAS|1070.00|884.30|1|1070.00|884.30|0.00|0.00| |0.00|0.00| 
70|1|4|7790387000849|1|07790387000849|MATE COCIDO TARAGUI 25 UN|TASA LAS MARIAS|1070.00|884.30|1|1070.00|884.30|0.00|0.00| |0.00|0.00| 
70|1|1|7790387000856|1|07790387000856|MATE COCIDO TARAGUI 50 SAQ.|TASA LAS MARIAS|1930.00|1595.04|1|1930.00|1595.04|0.00|0.00| |0.00|0.00| 
70|1|2|7790387000856|1|07790387000856|MATE COCIDO TARAGUI 50 SAQ.|TASA LAS MARIAS|1930.00|1595.04|1|1930.00|1595.04|0.00|0.00| |0.00|0.00| 
70|1|3|7790387000856|1|07790387000856|MATE COCIDO TARAGUI 50 SAQ.|TASA LAS MARIAS|1930.00|1595.04|1|1930.00|1595.04|0.00|0.00| |0.00|0.00| 
70|1|2|7790387010589|1|07790387010589|MATE COCIDO UNION 25 SAQ.|TASA LAS MARIAS|1070.00|884.30|1|1070.00|884.30|0.00|0.00| |0.00|0.00| 
70|1|4|7790387010589|1|07790387010589|MATE COCIDO UNION 25 SAQ.|TASA LAS MARIAS|1070.00|884.30|1|1070.00|884.30|0.00|0.00| |0.00|0.00| 
70|1|1|7790387010596|1|07790387010596|MATE COCIDO UNION 50 SAQ.|TASA LAS MARIAS|1930.00|1595.04|1|1930.00|1595.04|0.00|0.00| |0.00|0.00| 
70|1|2|7790387010596|1|07790387010596|MATE COCIDO UNION 50 SAQ.|TASA LAS MARIAS|1930.00|1595.04|1|1930.00|1595.04|0.00|0.00| |0.00|0.00| 
70|1|4|7790387010596|1|07790387010596|MATE COCIDO UNION 50 SAQ.|TASA LAS MARIAS|1930.00|1595.04|1|1930.00|1595.04|0.00|0.00| |0.00|0.00| 
70|1|3|7791122002074|1|07791122002074|MATE COCIDO VELEZ 25 SAQ.|EPIFANIO JIMENEZ|880.00|727.27|1|880.00|727.27|0.00|0.00| |0.00|0.00| 
70|1|1|7790550000317|1|07790550000317|MATE COCIDO YER-VITA 50 SAQUITOS|CABRALES S.A.|1930.00|1595.04|1|1930.00|1595.04|0.00|0.00| |0.00|0.00| 
70|1|1|7791866000589|1|07791866000589|MAYONESA CADA DÌA 1000CC|A.G.D.|2850.00|2355.37|1|2850.00|2355.37|0.00|0.00| |0.00|0.00| 
70|1|2|7791866000589|1|07791866000589|MAYONESA CADA DÌA 1000CC|A.G.D.|2850.00|2355.37|1|2850.00|2355.37|0.00|0.00| |0.00|0.00| 
70|1|3|7791866000589|1|07791866000589|MAYONESA CADA DÌA 1000CC|A.G.D.|2850.00|2355.37|1|2850.00|2355.37|0.00|0.00| |0.00|0.00| 
70|1|4|7791866000589|1|07791866000589|MAYONESA CADA DÌA 1000CC|A.G.D.|2850.00|2355.37|1|2850.00|2355.37|0.00|0.00| |0.00|0.00| 
70|1|3|7791866000565|1|07791866000565|MAYONESA CADA DÌA 125CC|A.G.D.|399.00|329.75|1|399.00|329.75|0.00|0.00| |0.00|0.00| 
70|1|1|7791866000558|1|07791866000558|MAYONESA CADA DÌA 250CC|A.G.D.|780.00|644.63|1|780.00|644.63|0.00|0.00| |0.00|0.00| 
70|1|2|7791866000558|1|07791866000558|MAYONESA CADA DÌA 250CC|A.G.D.|780.00|644.63|1|780.00|644.63|0.00|0.00| |0.00|0.00| 
70|1|3|7791866000558|1|07791866000558|MAYONESA CADA DÌA 250CC|A.G.D.|780.00|644.63|1|780.00|644.63|0.00|0.00| |0.00|0.00| 
70|1|4|7791866000558|1|07791866000558|MAYONESA CADA DÌA 250CC|A.G.D.|780.00|644.63|1|780.00|644.63|0.00|0.00| |0.00|0.00| 
70|1|1|7791866000572|1|07791866000572|MAYONESA CADA DÌA 500CC|A.G.D.|1500.00|1239.67|1|1500.00|1239.67|0.00|0.00| |0.00|0.00| 
70|1|2|7791866000572|1|07791866000572|MAYONESA CADA DÌA 500CC|A.G.D.|1500.00|1239.67|1|1500.00|1239.67|0.00|0.00| |0.00|0.00| 
70|1|3|7791866000572|1|07791866000572|MAYONESA CADA DÌA 500CC|A.G.D.|1500.00|1239.67|1|1500.00|1239.67|0.00|0.00| |0.00|0.00| 
70|1|4|7791866000572|1|07791866000572|MAYONESA CADA DÌA 500CC|A.G.D.|1500.00|1239.67|1|1500.00|1239.67|0.00|0.00| |0.00|0.00| 
70|1|1|7794000401372|1|07794000401372|MAYONESA HELLMANNS 1000 CC|UNILEVER BEST FOODS|4930.00|4074.38|1|4930.00|4074.38|0.00|0.00| |0.00|0.00| 
70|1|3|7794000401372|1|07794000401372|MAYONESA HELLMANNS 1000 CC|UNILEVER BEST FOODS|4930.00|4074.38|1|4930.00|4074.38|0.00|0.00| |0.00|0.00| 
70|1|4|7794000401372|1|07794000401372|MAYONESA HELLMANNS 1000 CC|UNILEVER BEST FOODS|4930.00|4074.38|1|4930.00|4074.38|0.00|0.00| |0.00|0.00| 
70|1|1|7794000960107|1|07794000960107|MAYONESA HELLMANNS 250 CC|UNILEVER BEST FOODS|1340.00|1107.44|1|1340.00|1107.44|0.00|0.00| |0.00|0.00| 
70|1|2|7794000960107|1|07794000960107|MAYONESA HELLMANNS 250 CC|UNILEVER BEST FOODS|1340.00|1107.44|1|1340.00|1107.44|0.00|0.00| |0.00|0.00| 
70|1|3|7794000960107|1|07794000960107|MAYONESA HELLMANNS 250 CC|UNILEVER BEST FOODS|1340.00|1107.44|1|1340.00|1107.44|0.00|0.00| |0.00|0.00| 
70|1|4|7794000960107|1|07794000960107|MAYONESA HELLMANNS 250 CC|UNILEVER BEST FOODS|1340.00|1107.44|1|1340.00|1107.44|0.00|0.00| |0.00|0.00| 
70|1|1|7794000960091|1|07794000960091|MAYONESA HELLMANNS 500 CC|UNILEVER BEST FOODS|2550.00|2107.44|1|2550.00|2107.44|0.00|0.00| |0.00|0.00| 
70|1|4|7794000960091|1|07794000960091|MAYONESA HELLMANNS 500 CC|UNILEVER BEST FOODS|2550.00|2107.44|1|2550.00|2107.44|0.00|0.00| |0.00|0.00| 
70|1|4|7793360674082|1|07793360674082|MAYONESA LA CAMPAGNOLA BC 1 LTS.|LA CAMPAGNOLA|4100.00|3388.43|1|4100.00|3388.43|0.00|0.00| |0.00|0.00| 
70|1|4|7793360674204|1|07793360674204|MAYONESA LA CAMPAGNOLA BC 250 CC|LA CAMPAGNOLA|1160.00|958.68|1|1160.00|958.68|0.00|0.00| |0.00|0.00| 
70|1|1|7791866003283|1|07791866003283|MAYONESA MAYOLIVA 250 C.C.|A.G.D.|2200.00|1818.18|1|2200.00|1818.18|0.00|0.00| |0.00|0.00| 
70|1|3|7791866003283|1|07791866003283|MAYONESA MAYOLIVA 250 C.C.|A.G.D.|2200.00|1818.18|1|2200.00|1818.18|0.00|0.00| |0.00|0.00| 
70|1|4|7791866003283|1|07791866003283|MAYONESA MAYOLIVA 250 C.C.|A.G.D.|2200.00|1818.18|1|2200.00|1818.18|0.00|0.00| |0.00|0.00| 
70|1|1|7791866001579|1|07791866001579|MAYONESA MAYOLIVA 500 C.C.|A.G.D.|4290.00|3545.45|1|4290.00|3545.45|0.00|0.00| |0.00|0.00| 
70|1|2|7791866001579|1|07791866001579|MAYONESA MAYOLIVA 500 C.C.|A.G.D.|4290.00|3545.45|1|4290.00|3545.45|0.00|0.00| |0.00|0.00| 
70|1|3|7791866001579|1|07791866001579|MAYONESA MAYOLIVA 500 C.C.|A.G.D.|4290.00|3545.45|1|4290.00|3545.45|0.00|0.00| |0.00|0.00| 
70|1|4|7791866001579|1|07791866001579|MAYONESA MAYOLIVA 500 C.C.|A.G.D.|4290.00|3545.45|1|4290.00|3545.45|0.00|0.00| |0.00|0.00| 
70|1|1|7791866001357|1|07791866001357|MAYONESA NATURA 1000 CC|A.G.D.|5320.00|4396.69|1|5320.00|4396.69|0.00|0.00| |0.00|0.00| 
70|1|2|7791866001357|1|07791866001357|MAYONESA NATURA 1000 CC|A.G.D.|5320.00|4396.69|1|5320.00|4396.69|0.00|0.00| |0.00|0.00| 
70|1|3|7791866001357|1|07791866001357|MAYONESA NATURA 1000 CC|A.G.D.|5320.00|4396.69|1|5320.00|4396.69|0.00|0.00| |0.00|0.00| 
70|1|4|7791866001357|1|07791866001357|MAYONESA NATURA 1000 CC|A.G.D.|5320.00|4396.69|1|5320.00|4396.69|0.00|0.00| |0.00|0.00| 
70|1|1|7791866001197|1|07791866001197|MAYONESA NATURA 125 C.C.|A.G.D.|660.00|545.45|1|660.00|545.45|0.00|0.00| |0.00|0.00| 
70|1|2|7791866001197|1|07791866001197|MAYONESA NATURA 125 C.C.|A.G.D.|660.00|545.45|1|660.00|545.45|0.00|0.00| |0.00|0.00| 
70|1|3|7791866001197|1|07791866001197|MAYONESA NATURA 125 C.C.|A.G.D.|660.00|545.45|1|660.00|545.45|0.00|0.00| |0.00|0.00| 
70|1|4|7791866001197|1|07791866001197|MAYONESA NATURA 125 C.C.|A.G.D.|660.00|545.45|1|660.00|545.45|0.00|0.00| |0.00|0.00| 
70|1|1|7791866001203|1|07791866001203|MAYONESA NATURA 250 CC.          |A.G.D.|1380.00|1140.50|1|1380.00|1140.50|0.00|0.00| |0.00|0.00| 
70|1|2|7791866001203|1|07791866001203|MAYONESA NATURA 250 CC.          |A.G.D.|1380.00|1140.50|1|1380.00|1140.50|0.00|0.00| |0.00|0.00| 
70|1|3|7791866001203|1|07791866001203|MAYONESA NATURA 250 CC.          |A.G.D.|1380.00|1140.50|1|1380.00|1140.50|0.00|0.00| |0.00|0.00| 
70|1|4|7791866001203|1|07791866001203|MAYONESA NATURA 250 CC.          |A.G.D.|1380.00|1140.50|1|1380.00|1140.50|0.00|0.00| |0.00|0.00| 
70|1|1|7791866003276|1|07791866003276|MAYONESA NATURA 2900 C.C.|A.G.D.|16190.00|13380.17|1|16190.00|13380.17|0.00|0.00| |0.00|0.00| 
70|1|2|7791866003276|1|07791866003276|MAYONESA NATURA 2900 C.C.|A.G.D.|16190.00|13380.17|1|16190.00|13380.17|0.00|0.00| |0.00|0.00| 
70|1|3|7791866003276|1|07791866003276|MAYONESA NATURA 2900 C.C.|A.G.D.|16190.00|13380.17|1|16190.00|13380.17|0.00|0.00| |0.00|0.00| 
70|1|4|7791866003276|1|07791866003276|MAYONESA NATURA 2900 C.C.|A.G.D.|16190.00|13380.17|1|16190.00|13380.17|0.00|0.00| |0.00|0.00| 
70|1|1|7791866001364|1|07791866001364|MAYONESA NATURA 500 CC|A.G.D.|2990.00|2471.07|1|2990.00|2471.07|0.00|0.00| |0.00|0.00| 
70|1|3|7791866001364|1|07791866001364|MAYONESA NATURA 500 CC|A.G.D.|2990.00|2471.07|1|2990.00|2471.07|0.00|0.00| |0.00|0.00| 
70|1|4|7791866001364|1|07791866001364|MAYONESA NATURA 500 CC|A.G.D.|2990.00|2471.07|1|2990.00|2471.07|0.00|0.00| |0.00|0.00| 
70|1|4|0000077947505|1|00000077947505|MEDALLON MENTA AGUILA 15G.|CANDY MIX|910.00|752.07|1|910.00|752.07|0.00|0.00| |0.00|0.00| 
70|1|4|7790580509309|1|07790580509309|MERMELADA ARCOR CIRUELA 454 GRS|ARCOR S.A.|2750.00|2272.73|1|2750.00|2272.73|0.00|0.00| |0.00|0.00| 
70|1|1|7790580509408|1|07790580509408|MERMELADA ARCOR DAMASCO 454 GRS|ARCOR S.A.|2750.00|2272.73|1|2750.00|2272.73|0.00|0.00| |0.00|0.00| 
70|1|4|7790580509408|1|07790580509408|MERMELADA ARCOR DAMASCO 454 GRS|ARCOR S.A.|2750.00|2272.73|1|2750.00|2272.73|0.00|0.00| |0.00|0.00| 
70|1|4|7790580509606|1|07790580509606|MERMELADA ARCOR FRUTILLA 454 G   |ARCOR S.A.|3650.00|3016.53|1|3650.00|3016.53|0.00|0.00| |0.00|0.00| 
70|1|4|7790580511500|1|07790580511500|MERMELADA ARCOR LIGHT CIR.390GRS |ARCOR S.A.|2990.00|2471.07|1|2990.00|2471.07|0.00|0.00| |0.00|0.00| 
70|1|4|7790580511401|1|07790580511401|MERMELADA ARCOR LIGHT DAMAS. 390GRS|ARCOR S.A.|2990.00|2471.07|1|2990.00|2471.07|0.00|0.00| |0.00|0.00| 
70|1|4|7790580511302|1|07790580511302|MERMELADA ARCOR LIGHT DURAZ. 390GRS|ARCOR S.A.|2990.00|2471.07|1|2990.00|2471.07|0.00|0.00| |0.00|0.00| 
70|1|4|7790580511708|1|07790580511708|MERMELADA ARCOR LIGHT FRUT. 390GRS|ARCOR S.A.|4130.00|3413.22|1|4130.00|3413.22|0.00|0.00| |0.00|0.00| 
70|1|4|7790580511609|1|07790580511609|MERMELADA ARCOR LIGHT NARAN.390GRS|ARCOR S.A.|2990.00|2471.07|1|2990.00|2471.07|0.00|0.00| |0.00|0.00| 
70|1|1|7790580509804|1|07790580509804|MERMELADA ARCOR NARANJA 454 GRS|ARCOR S.A.|2750.00|2272.73|1|2750.00|2272.73|0.00|0.00| |0.00|0.00| 
70|1|1|7793360004810|1|07793360004810|MERMELADA CAMPAGNOLA BC CI.390   |LA CAMPAGNOLA|3350.00|2768.60|1|3350.00|2768.60|0.00|0.00| |0.00|0.00| 
70|1|4|7793360004810|1|07793360004810|MERMELADA CAMPAGNOLA BC CI.390   |LA CAMPAGNOLA|3350.00|2768.60|1|3350.00|2768.60|0.00|0.00| |0.00|0.00| 
70|1|4|7793360816505|1|07793360816505|MERMELADA CAMPAGNOLA BC DAMASCO 390|LA CAMPAGNOLA|3350.00|2768.60|1|3350.00|2768.60|0.00|0.00| |0.00|0.00| 
70|1|4|7793360811401|1|07793360811401|MERMELADA CAMPAGNOLA BC DURAZ.390GR|LA CAMPAGNOLA|3350.00|2768.60|1|3350.00|2768.60|0.00|0.00| |0.00|0.00| 
70|1|1|7793360812101|1|07793360812101|MERMELADA CAMPAGNOLA BC FRUT.390GRS|LA CAMPAGNOLA|4270.00|3528.93|1|4270.00|3528.93|0.00|0.00| |0.00|0.00| 
70|1|4|7793360812101|1|07793360812101|MERMELADA CAMPAGNOLA BC FRUT.390GRS|LA CAMPAGNOLA|4270.00|3528.93|1|4270.00|3528.93|0.00|0.00| |0.00|0.00| 
70|1|1|7793360004100|1|07793360004100|MERMELADA CAMPAGNOLA CIRUELA 454 GR|LA CAMPAGNOLA|3300.00|2727.27|1|3300.00|2727.27|0.00|0.00| |0.00|0.00| 
70|1|4|7793360004100|1|07793360004100|MERMELADA CAMPAGNOLA CIRUELA 454 GR|LA CAMPAGNOLA|3300.00|2727.27|1|3300.00|2727.27|0.00|0.00| |0.00|0.00| 
70|1|1|7793360004155|1|07793360004155|MERMELADA CAMPAGNOLA DAMAS.454   |LA CAMPAGNOLA|3300.00|2727.27|1|3300.00|2727.27|0.00|0.00| |0.00|0.00| 
70|1|4|7793360004155|1|07793360004155|MERMELADA CAMPAGNOLA DAMAS.454   |LA CAMPAGNOLA|3300.00|2727.27|1|3300.00|2727.27|0.00|0.00| |0.00|0.00| 
70|1|4|7793360004209|1|07793360004209|MERMELADA CAMPAGNOLA DURAZNO 454 GR|LA CAMPAGNOLA|3300.00|2727.27|1|3300.00|2727.27|0.00|0.00| |0.00|0.00| 
70|1|1|7793360004308|1|07793360004308|MERMELADA CAMPAGNOLA FRUTI.454   |LA CAMPAGNOLA|4130.00|3413.22|1|4130.00|3413.22|0.00|0.00| |0.00|0.00| 
70|1|4|7793360004308|1|07793360004308|MERMELADA CAMPAGNOLA FRUTI.454   |LA CAMPAGNOLA|4130.00|3413.22|1|4130.00|3413.22|0.00|0.00| |0.00|0.00| 
70|1|4|7793046007722|1|07793046007722|MERMELADA CORMILLOT 390G.ARANDANO|DULCOR|3000.00|2479.34|1|3000.00|2479.34|0.00|0.00| |0.00|0.00| 
70|1|4|7793046007777|1|07793046007777|MERMELADA CORMILLOT 390G.CIRUELA|DULCOR|2350.00|1942.15|1|2350.00|1942.15|0.00|0.00| |0.00|0.00| 
70|1|4|7793046007791|1|07793046007791|MERMELADA CORMILLOT 390G.FRUTILLA|DULCOR|3000.00|2479.34|1|3000.00|2479.34|0.00|0.00| |0.00|0.00| 
70|1|4|7793046007739|1|07793046007739|MERMELADA CORMILLOT 390G.NARANJA|DULCOR|2350.00|1942.15|1|2350.00|1942.15|0.00|0.00| |0.00|0.00| 
70|1|1|7793046007364|1|07793046007364|MERMELADA CORMILLOT S/AZ.390G.FRAMB|DULCOR|4840.00|4000.00|1|4840.00|4000.00|0.00|0.00| |0.00|0.00| 
70|1|4|7793046007364|1|07793046007364|MERMELADA CORMILLOT S/AZ.390G.FRAMB|DULCOR|4840.00|4000.00|1|4840.00|4000.00|0.00|0.00| |0.00|0.00| 
70|1|1|7793046007296|1|07793046007296|MERMELADA CORMILLOT S/AZ.390G.FRUTI|DULCOR|4070.00|3363.64|1|4070.00|3363.64|0.00|0.00| |0.00|0.00| 
70|1|4|7793046007296|1|07793046007296|MERMELADA CORMILLOT S/AZ.390G.FRUTI|DULCOR|4070.00|3363.64|1|4070.00|3363.64|0.00|0.00| |0.00|0.00| 
70|1|1|7793046007340|1|07793046007340|MERMELADA CORMILLOT S/AZ.390G.HIGO|DULCOR|3070.00|2537.19|1|3070.00|2537.19|0.00|0.00| |0.00|0.00| 
70|1|3|7793046008477|1|07793046008477|MERMELADA DULCOR 454G.CIRUELA|DULCOR|2130.00|1760.33|1|2130.00|1760.33|0.00|0.00| |0.00|0.00| 
70|1|4|7793046008477|1|07793046008477|MERMELADA DULCOR 454G.CIRUELA|DULCOR|2130.00|1760.33|1|2130.00|1760.33|0.00|0.00| |0.00|0.00| 
70|1|1|7793046008453|1|07793046008453|MERMELADA DULCOR 454G.DAMASCO|DULCOR|2130.00|1760.33|1|2130.00|1760.33|0.00|0.00| |0.00|0.00| 
70|1|3|7793046008453|1|07793046008453|MERMELADA DULCOR 454G.DAMASCO|DULCOR|2130.00|1760.33|1|2130.00|1760.33|0.00|0.00| |0.00|0.00| 
70|1|4|7793046008453|1|07793046008453|MERMELADA DULCOR 454G.DAMASCO|DULCOR|2130.00|1760.33|1|2130.00|1760.33|0.00|0.00| |0.00|0.00| 
70|1|1|7793046008415|1|07793046008415|MERMELADA DULCOR 454G.DURAZNO|DULCOR|2130.00|1760.33|1|2130.00|1760.33|0.00|0.00| |0.00|0.00| 
70|1|4|7793046008415|1|07793046008415|MERMELADA DULCOR 454G.DURAZNO|DULCOR|2130.00|1760.33|1|2130.00|1760.33|0.00|0.00| |0.00|0.00| 
70|1|1|7793046008491|1|07793046008491|MERMELADA DULCOR 454G.FRUTILLA|DULCOR|2730.00|2256.20|1|2730.00|2256.20|0.00|0.00| |0.00|0.00| 
70|1|3|7793046008491|1|07793046008491|MERMELADA DULCOR 454G.FRUTILLA|DULCOR|2730.00|2256.20|1|2730.00|2256.20|0.00|0.00| |0.00|0.00| 
70|1|1|7793046008446|1|07793046008446|MERMELADA DULCOR 454G.HIGO|DULCOR|2730.00|2256.20|1|2730.00|2256.20|0.00|0.00| |0.00|0.00| 
70|1|3|7793046008446|1|07793046008446|MERMELADA DULCOR 454G.HIGO|DULCOR|2730.00|2256.20|1|2730.00|2256.20|0.00|0.00| |0.00|0.00| 
70|1|4|7793046008446|1|07793046008446|MERMELADA DULCOR 454G.HIGO|DULCOR|2730.00|2256.20|1|2730.00|2256.20|0.00|0.00| |0.00|0.00| 
70|1|1|7793046008439|1|07793046008439|MERMELADA DULCOR 454G.NARANJA|DULCOR|2130.00|1760.33|1|2130.00|1760.33|0.00|0.00| |0.00|0.00| 
70|1|3|7793046008439|1|07793046008439|MERMELADA DULCOR 454G.NARANJA|DULCOR|2130.00|1760.33|1|2130.00|1760.33|0.00|0.00| |0.00|0.00| 
70|1|1|7793046008422|1|07793046008422|MERMELADA DULCOR 454G.ZAPALLO|DULCOR|2130.00|1760.33|1|2130.00|1760.33|0.00|0.00| |0.00|0.00| 
70|1|3|7793046008422|1|07793046008422|MERMELADA DULCOR 454G.ZAPALLO|DULCOR|2130.00|1760.33|1|2130.00|1760.33|0.00|0.00| |0.00|0.00| 
70|1|4|7793046008422|1|07793046008422|MERMELADA DULCOR 454G.ZAPALLO|DULCOR|2130.00|1760.33|1|2130.00|1760.33|0.00|0.00| |0.00|0.00| 
70|1|1|7793046008071|1|07793046008071|MERMELADA DULCOR 500G.CIRUELA|DULCOR|1380.00|1140.50|1|1380.00|1140.50|0.00|0.00| |0.00|0.00| 
70|1|2|7793046008071|1|07793046008071|MERMELADA DULCOR 500G.CIRUELA|DULCOR|1380.00|1140.50|1|1380.00|1140.50|0.00|0.00| |0.00|0.00| 
70|1|3|7793046008071|1|07793046008071|MERMELADA DULCOR 500G.CIRUELA|DULCOR|1380.00|1140.50|1|1380.00|1140.50|0.00|0.00| |0.00|0.00| 
70|1|4|7793046008071|1|07793046008071|MERMELADA DULCOR 500G.CIRUELA|DULCOR|1380.00|1140.50|1|1380.00|1140.50|0.00|0.00| |0.00|0.00| 
70|1|1|7793046008057|1|07793046008057|MERMELADA DULCOR 500G.DAMASCO|DULCOR|1380.00|1140.50|1|1380.00|1140.50|0.00|0.00| |0.00|0.00| 
70|1|3|7793046008057|1|07793046008057|MERMELADA DULCOR 500G.DAMASCO|DULCOR|1380.00|1140.50|1|1380.00|1140.50|0.00|0.00| |0.00|0.00| 
70|1|4|7793046008057|1|07793046008057|MERMELADA DULCOR 500G.DAMASCO|DULCOR|1380.00|1140.50|1|1380.00|1140.50|0.00|0.00| |0.00|0.00| 
70|1|3|7793046008019|1|07793046008019|MERMELADA DULCOR 500G.DURAZNO|DULCOR|1380.00|1140.50|1|1380.00|1140.50|0.00|0.00| |0.00|0.00| 
70|1|4|7793046008019|1|07793046008019|MERMELADA DULCOR 500G.DURAZNO|DULCOR|1380.00|1140.50|1|1380.00|1140.50|0.00|0.00| |0.00|0.00| 
70|1|1|7793046008095|1|07793046008095|MERMELADA DULCOR 500G.FRUTILLA|DULCOR|1720.00|1421.49|1|1720.00|1421.49|0.00|0.00| |0.00|0.00| 
70|1|2|7793046008095|1|07793046008095|MERMELADA DULCOR 500G.FRUTILLA|DULCOR|1720.00|1421.49|1|1720.00|1421.49|0.00|0.00| |0.00|0.00| 
70|1|3|7793046008095|1|07793046008095|MERMELADA DULCOR 500G.FRUTILLA|DULCOR|1720.00|1421.49|1|1720.00|1421.49|0.00|0.00| |0.00|0.00| 
70|1|4|7793046008095|1|07793046008095|MERMELADA DULCOR 500G.FRUTILLA|DULCOR|1720.00|1421.49|1|1720.00|1421.49|0.00|0.00| |0.00|0.00| 
70|1|1|7793046008033|1|07793046008033|MERMELADA DULCOR 500G.NARANJA|DULCOR|1380.00|1140.50|1|1380.00|1140.50|0.00|0.00| |0.00|0.00| 
70|1|2|7793046008033|1|07793046008033|MERMELADA DULCOR 500G.NARANJA|DULCOR|1380.00|1140.50|1|1380.00|1140.50|0.00|0.00| |0.00|0.00| 
70|1|3|7793046008033|1|07793046008033|MERMELADA DULCOR 500G.NARANJA|DULCOR|1380.00|1140.50|1|1380.00|1140.50|0.00|0.00| |0.00|0.00| 
70|1|4|7793046008033|1|07793046008033|MERMELADA DULCOR 500G.NARANJA|DULCOR|1380.00|1140.50|1|1380.00|1140.50|0.00|0.00| |0.00|0.00| 
70|1|1|7793046008026|1|07793046008026|MERMELADA DULCOR 500G.ZAPALLO|DULCOR|1380.00|1140.50|1|1380.00|1140.50|0.00|0.00| |0.00|0.00| 
70|1|3|7793046008026|1|07793046008026|MERMELADA DULCOR 500G.ZAPALLO|DULCOR|1380.00|1140.50|1|1380.00|1140.50|0.00|0.00| |0.00|0.00| 
70|1|4|7793046008026|1|07793046008026|MERMELADA DULCOR 500G.ZAPALLO|DULCOR|1380.00|1140.50|1|1380.00|1140.50|0.00|0.00| |0.00|0.00| 
70|1|1|7793046008613|1|07793046008613|MERMELADA DULCOR DIET 420G.DURAZNO|DULCOR|1560.00|1289.26|1|1560.00|1289.26|0.00|0.00| |0.00|0.00| 
70|1|3|7793046008613|1|07793046008613|MERMELADA DULCOR DIET 420G.DURAZNO|DULCOR|1560.00|1289.26|1|1560.00|1289.26|0.00|0.00| |0.00|0.00| 
70|1|4|7793046008613|1|07793046008613|MERMELADA DULCOR DIET 420G.DURAZNO|DULCOR|1560.00|1289.26|1|1560.00|1289.26|0.00|0.00| |0.00|0.00| 
70|1|4|7793046008699|1|07793046008699|MERMELADA DULCOR DIET 420G.FRUTILLA|DULCOR|2000.00|1652.89|1|2000.00|1652.89|0.00|0.00| |0.00|0.00| 
70|1|4|7790070506641|1|07790070506641|MEZCLA P/PIZZA CASERA LUCCHETTI 500|PR.VARIOS SUPERMERC.|89.50|73.97|1|89.50|73.97|0.00|0.00| |0.00|0.00| 
70|1|1|7790070508058|1|07790070508058|MEZCLA P/TORTA FRITAS LUCCHETTI 500|MOLINOS RIO DL.PLATA|2040.00|1685.95|1|2040.00|1685.95|0.00|0.00| |0.00|0.00| 
70|1|4|7790070508058|1|07790070508058|MEZCLA P/TORTA FRITAS LUCCHETTI 500|MOLINOS RIO DL.PLATA|2040.00|1685.95|1|2040.00|1685.95|0.00|0.00| |0.00|0.00| 
70|1|1|7798126550020|1|07798126550020|MIEL SOLO MIEL 1 KG.|SOLO MIEL IKERT|6975.00|5764.46|1|6975.00|5764.46|0.00|0.00| |0.00|0.00| 
70|1|3|7798126550020|1|07798126550020|MIEL SOLO MIEL 1 KG.|SOLO MIEL IKERT|6975.00|5764.46|1|6975.00|5764.46|0.00|0.00| |0.00|0.00| 
70|1|4|7798126550020|1|07798126550020|MIEL SOLO MIEL 1 KG.|SOLO MIEL IKERT|6975.00|5764.46|1|6975.00|5764.46|0.00|0.00| |0.00|0.00| 
70|1|1|7798126550013|1|07798126550013|MIEL SOLO MIEL 500 GRS.|SOLO MIEL IKERT|4280.00|3537.19|1|4280.00|3537.19|0.00|0.00| |0.00|0.00| 
70|1|3|7798126550013|1|07798126550013|MIEL SOLO MIEL 500 GRS.|SOLO MIEL IKERT|4280.00|3537.19|1|4280.00|3537.19|0.00|0.00| |0.00|0.00| 
70|1|4|7798126550013|1|07798126550013|MIEL SOLO MIEL 500 GRS.|SOLO MIEL IKERT|4280.00|3537.19|1|4280.00|3537.19|0.00|0.00| |0.00|0.00| 
70|1|4|7798029030209|1|07798029030209|MIJO ECOSAN 400 GRS|ECOSAN|610.00|552.04|1|610.00|552.04|0.00|0.00| |0.00|0.00| 
70|1|4|7790310001011|1|07790310001011|MINI TOSTADITAS TWISTOS JAMON 155G.|PEPSICO SNACKS|4220.00|3487.60|1|4220.00|3487.60|0.00|0.00| |0.00|0.00| 
70|1|2|7790310003039|1|07790310003039|MINI TOSTADITAS TWISTOS QUESOS 100G|PEPSICO SNACKS|2166.55|1790.54|1|2166.55|1790.54|0.00|0.00| |0.00|0.00| 
70|1|1|7793706000964|1|07793706000964|MIX JULICROC  180G.|JULICROC|2670.00|2206.61|1|2670.00|2206.61|0.00|0.00| |0.00|0.00| 
70|1|3|7793706000964|1|07793706000964|MIX JULICROC  180G.|JULICROC|2670.00|2206.61|1|2670.00|2206.61|0.00|0.00| |0.00|0.00| 
70|1|4|7793706000964|1|07793706000964|MIX JULICROC  180G.|JULICROC|2670.00|2206.61|1|2670.00|2206.61|0.00|0.00| |0.00|0.00| 
70|1|1|7793706000179|1|07793706000179|MIX JULICROC 45G.|JULICROC|650.00|537.19|1|650.00|537.19|0.00|0.00| |0.00|0.00| 
70|1|4|7793706000179|1|07793706000179|MIX JULICROC 45G.|JULICROC|650.00|537.19|1|650.00|537.19|0.00|0.00| |0.00|0.00| 
70|1|2|6000001004728|1|06000001004728|MORCILLA BLANCA LAR KG.|FIAMBRES LAR.|7250.00|5991.74|1|7250.00|5991.74|0.00|0.00| |0.00|0.00| 
70|1|4|6000001004728|1|06000001004728|MORCILLA BLANCA LAR KG.|FIAMBRES LAR.|7250.00|5991.74|1|7250.00|5991.74|0.00|0.00| |0.00|0.00| 
70|1|2|6000001068492|1|06000001068492|MORCILLA NEGRA PARRILLERA LAR KG.|FIAMBRES LAR.|6300.00|5206.61|1|6300.00|5206.61|0.00|0.00| |0.00|0.00| 
70|1|4|7794110765135|1|07794110765135|MORTADELA LA CASONA 300 GRS.|SODECAR|3690.00|3049.59|1|3690.00|3049.59|0.00|0.00| |0.00|0.00| 
70|1|1|7790079001031|1|07790079001031|MORTADELA PALADINI 300G.|FRIGORIFICO PALADINI|4020.00|3322.31|1|4020.00|3322.31|0.00|0.00| |0.00|0.00| 
70|1|3|7790079001031|1|07790079001031|MORTADELA PALADINI 300G.|FRIGORIFICO PALADINI|4020.00|3322.31|1|4020.00|3322.31|0.00|0.00| |0.00|0.00| 
70|1|4|7790079001031|1|07790079001031|MORTADELA PALADINI 300G.|FRIGORIFICO PALADINI|4020.00|3322.31|1|4020.00|3322.31|0.00|0.00| |0.00|0.00| 
70|1|1|7790079000904|1|07790079000904|MORTADELA PALADINI 500 GRS.|FRIGORIFICO PALADINI|6690.00|5528.93|1|6690.00|5528.93|0.00|0.00| |0.00|0.00| 
70|1|4|7790079000904|1|07790079000904|MORTADELA PALADINI 500 GRS.|FRIGORIFICO PALADINI|6690.00|5528.93|1|6690.00|5528.93|0.00|0.00| |0.00|0.00| 
70|1|3|6000001055072|1|06000001055072|MORTADELA PALADINI KG.         |FRIGORIFICO PALADINI|13190.00|10900.83|1|13190.00|10900.83|0.00|0.00| |0.00|0.00| 
70|1|4|6000001055072|1|06000001055072|MORTADELA PALADINI KG.         |FRIGORIFICO PALADINI|13190.00|10900.83|1|13190.00|10900.83|0.00|0.00| |0.00|0.00| 
70|1|1|7798116160147|1|07798116160147|MOSTAZA AHUMADA TAHITI 285G.|TAHITI |2535.00|2095.04|1|2535.00|2095.04|0.00|0.00| |0.00|0.00| 
70|1|1|7791620002019|1|07791620002019|MOSTAZA DANICA 220 GRS.|FLORA DANICA|870.00|719.01|1|870.00|719.01|0.00|0.00| |0.00|0.00| 
70|1|3|7791620002019|1|07791620002019|MOSTAZA DANICA 220 GRS.|FLORA DANICA|870.00|719.01|1|870.00|719.01|0.00|0.00| |0.00|0.00| 
70|1|4|7791620002019|1|07791620002019|MOSTAZA DANICA 220 GRS.|FLORA DANICA|870.00|719.01|1|870.00|719.01|0.00|0.00| |0.00|0.00| 
70|1|1|7791866000435|1|07791866000435|MOSTAZA NATURA 250G.|A.G.D.|990.00|818.18|1|990.00|818.18|0.00|0.00| |0.00|0.00| 
70|1|3|7791866000435|1|07791866000435|MOSTAZA NATURA 250G.|A.G.D.|990.00|818.18|1|990.00|818.18|0.00|0.00| |0.00|0.00| 
70|1|1|7790070408600|1|07790070408600|MOUSSE EXQUISITA CHOCOLATE 95G.|MOLINOS RIO DL.PLATA|1940.00|1603.31|1|1940.00|1603.31|0.00|0.00| |0.00|0.00| 
70|1|2|7622300739621|1|07622300739621|MOUSSE ROYAL SOBRE CHOCOLATE 65G|KRAFT FOODS ARGENTIN|2200.00|1818.18|1|2200.00|1818.18|0.00|0.00| |0.00|0.00| 
70|1|4|7622300739683|1|07622300739683|MOUSSE ROYAL SOBRE M.LIGHT CHOCO.40|KRAFT FOODS ARGENTIN|2200.00|1818.18|1|2200.00|1818.18|0.00|0.00| |0.00|0.00| 
70|1|4|7791600062743|1|07791600062743|MUJERCITAS COLONIA FUNNY 40 C.C.|UNIVEN|7614.40|6292.89|1|7614.40|6292.89|0.00|0.00| |0.00|0.00| 
70|1|4|7791600062521|1|07791600062521|MUJERCITAS COLONIA SUNNY 40 C.C.|UNIVEN|7614.40|6292.89|1|7614.40|6292.89|0.00|0.00| |0.00|0.00| 
70|1|1|7791600033545|1|07791600033545|MUJERCITAS DESODORANTE 123 CC|UNIVEN|3604.80|2979.17|1|3604.80|2979.17|0.00|0.00| |0.00|0.00| 
70|1|4|7791600033545|1|07791600033545|MUJERCITAS DESODORANTE 123 CC|UNIVEN|3604.80|2979.17|1|3604.80|2979.17|0.00|0.00| |0.00|0.00| 
70|1|1|7791600062859|1|07791600062859|MUJERCITAS DESODORANTE FUNNY 50CC|UNIVEN|2972.35|2456.49|1|2972.35|2456.49|0.00|0.00| |0.00|0.00| 
70|1|4|7791600062859|1|07791600062859|MUJERCITAS DESODORANTE FUNNY 50CC|UNIVEN|2972.35|2456.49|1|2972.35|2456.49|0.00|0.00| |0.00|0.00| 
70|1|4|7791600062637|1|07791600062637|MUJERCITAS DESODORANTE SUNNY 50CC|UNIVEN|2972.35|2456.49|1|2972.35|2456.49|0.00|0.00| |0.00|0.00| 
70|1|4|7791600330149|1|07791600330149|MUJERCITAS LOCION 40 CC|UNIVEN|6713.75|5548.55|1|6713.75|5548.55|0.00|0.00| |0.00|0.00| 
70|1|4|7791600033088|1|07791600033088|MUJERCITAS LOCION 80 CC|UNIVEN|8187.50|6766.53|1|8187.50|6766.53|0.00|0.00| |0.00|0.00| 
70|1|4|6000001062070|1|06000001062070|NARANJA KG.|VERDULERIA|2000.00|1809.95|1|2000.00|1809.95|0.00|0.00| |0.00|0.00| 
70|1|2|4005900071279|1|04005900071279|NIVEA MEN ESPUMA AFEITAR HIDRATANTE|BEIERSDORF|8470.35|7000.29|1|8470.35|7000.29|0.00|0.00| |0.00|0.00| 
70|1|1|7791584000410|1|07791584000410|NUEZ MOSCADA LAR 25 GRS.|ESPECIAS LAR|870.00|719.01|1|870.00|719.01|0.00|0.00| |0.00|0.00| 
70|1|3|7791584000410|1|07791584000410|NUEZ MOSCADA LAR 25 GRS.|ESPECIAS LAR|870.00|719.01|1|870.00|719.01|0.00|0.00| |0.00|0.00| 
70|1|4|7791584000410|1|07791584000410|NUEZ MOSCADA LAR 25 GRS.|ESPECIAS LAR|870.00|719.01|1|870.00|719.01|0.00|0.00| |0.00|0.00| 
70|1|1|7791584000571|1|07791584000571|NUEZ MOSCADA MOL.CALIDAD P.PRECIO25|PRODUCTO P.PRECIO VT|880.00|727.27|1|880.00|727.27|0.00|0.00| |0.00|0.00| 
70|1|2|7791584000571|1|07791584000571|NUEZ MOSCADA MOL.CALIDAD P.PRECIO25|PRODUCTO P.PRECIO VT|880.00|727.27|1|880.00|727.27|0.00|0.00| |0.00|0.00| 
70|1|3|7791584000571|1|07791584000571|NUEZ MOSCADA MOL.CALIDAD P.PRECIO25|PRODUCTO P.PRECIO VT|880.00|727.27|1|880.00|727.27|0.00|0.00| |0.00|0.00| 
70|1|4|7791584000571|1|07791584000571|NUEZ MOSCADA MOL.CALIDAD P.PRECIO25|PRODUCTO P.PRECIO VT|880.00|727.27|1|880.00|727.27|0.00|0.00| |0.00|0.00| 
70|1|4|7791584000786|1|07791584000786|NUEZ PECAN CALANDRIA S/CAS.MIXTA 15|PRODUCTOS LAR|324.04|267.80|1|324.04|267.80|0.00|0.00| |0.00|0.00| 
70|1|4|6000001088988|1|06000001088988|NUEZ PECAN LAR C/CASCARA KG.|PRODUCTOS LAR|9400.00|8506.79|1|9400.00|8506.79|0.00|0.00| |0.00|0.00| 
70|1|4|6000001045004|1|06000001045004|NUEZ PECAN LAR S/CASCARA ENTERA KG|PRODUCTOS LAR|23800.00|19669.42|1|23800.00|19669.42|0.00|0.00| |0.00|0.00| 
70|1|4|7795323772286|1|07795323772286|NUTRILON PREM. 1 800 GR.|NUTRICIA BAGO S.A.|55180.00|45603.31|1|55180.00|45603.31|0.00|0.00| |0.00|0.00| 
70|1|4|7795323772293|1|07795323772293|NUTRILON PREM. 2 800 GR.|NUTRICIA BAGO S.A.|51300.00|42396.69|1|51300.00|42396.69|0.00|0.00| |0.00|0.00| 
70|1|1|7790580346614|1|07790580346614|OBLEA BON O BON BLANCO 30 GRS.|CANDY MIX|990.00|818.18|1|990.00|818.18|0.00|0.00| |0.00|0.00| 
70|1|4|7790580346614|1|07790580346614|OBLEA BON O BON BLANCO 30 GRS.|CANDY MIX|990.00|818.18|1|990.00|818.18|0.00|0.00| |0.00|0.00| 
70|1|1|7790580346515|1|07790580346515|OBLEA BON O BON LECHE 30 GRS.|CANDY MIX|990.00|818.18|1|990.00|818.18|0.00|0.00| |0.00|0.00| 
70|1|4|7790580346515|1|07790580346515|OBLEA BON O BON LECHE 30 GRS.|CANDY MIX|990.00|818.18|1|990.00|818.18|0.00|0.00| |0.00|0.00| 
70|1|4|7790580109646|1|07790580109646|OBLEA BON O BON XL LECHE 45G.|CANDY MIX|1520.00|1256.20|1|1520.00|1256.20|0.00|0.00| |0.00|0.00| 
70|1|1|7790070411952|1|07790070411952|OBLEA DE ARROZ GALLO 20G. |CHOCOARROZ|750.00|619.83|1|750.00|619.83|0.00|0.00| |0.00|0.00| 
70|1|3|7622300989354|1|07622300989354|OBLEA MILKA CHOCO PAUSE 45G|KRAFT FOODS ARGENTIN|1900.00|1570.25|1|1900.00|1570.25|0.00|0.00| |0.00|0.00| 
70|1|1|7798074490126|1|07798074490126|OBLEAS ATB CHOCOLATE 92G.|ATB |570.00|471.07|1|570.00|471.07|0.00|0.00| |0.00|0.00| 
70|1|4|7798074490126|1|07798074490126|OBLEAS ATB CHOCOLATE 92G.|ATB |570.00|471.07|1|570.00|471.07|0.00|0.00| |0.00|0.00| 
70|1|1|7798074490096|1|07798074490096|OBLEAS ATB FRUTILLA 92G.|ATB |570.00|471.07|1|570.00|471.07|0.00|0.00| |0.00|0.00| 
70|1|4|7798074490096|1|07798074490096|OBLEAS ATB FRUTILLA 92G.|ATB |570.00|471.07|1|570.00|471.07|0.00|0.00| |0.00|0.00| 
70|1|1|7798074490119|1|07798074490119|OBLEAS ATB LIMON 92G.|ATB |570.00|471.07|1|570.00|471.07|0.00|0.00| |0.00|0.00| 
70|1|4|7798074490119|1|07798074490119|OBLEAS ATB LIMON 92G.|ATB |570.00|471.07|1|570.00|471.07|0.00|0.00| |0.00|0.00| 
70|1|1|7798074490102|1|07798074490102|OBLEAS ATB VAINILLA 92G.|ATB |570.00|471.07|1|570.00|471.07|0.00|0.00| |0.00|0.00| 
70|1|2|7798074490102|1|07798074490102|OBLEAS ATB VAINILLA 92G.|ATB |570.00|471.07|1|570.00|471.07|0.00|0.00| |0.00|0.00| 
70|1|3|7798074490102|1|07798074490102|OBLEAS ATB VAINILLA 92G.|ATB |570.00|471.07|1|570.00|471.07|0.00|0.00| |0.00|0.00| 
70|1|4|7798074490102|1|07798074490102|OBLEAS ATB VAINILLA 92G.|ATB |570.00|471.07|1|570.00|471.07|0.00|0.00| |0.00|0.00| 
70|1|1|7795733000511|1|07795733000511|OBLEAS RECITAL DJ 100G. CHOCOLATE|KOKIS |780.00|644.63|1|780.00|644.63|0.00|0.00| |0.00|0.00| 
70|1|3|7795733000511|1|07795733000511|OBLEAS RECITAL DJ 100G. CHOCOLATE|KOKIS |780.00|644.63|1|780.00|644.63|0.00|0.00| |0.00|0.00| 
70|1|1|7795733000528|1|07795733000528|OBLEAS RECITAL DJ 100G. CLASICAS|KOKIS |780.00|644.63|1|780.00|644.63|0.00|0.00| |0.00|0.00| 
70|1|1|7795733000474|1|07795733000474|OBLEAS RECITAL DJ 100G. FRUTILLA|KOKIS |780.00|644.63|1|780.00|644.63|0.00|0.00| |0.00|0.00| 
70|1|3|7795733000474|1|07795733000474|OBLEAS RECITAL DJ 100G. FRUTILLA|KOKIS |780.00|644.63|1|780.00|644.63|0.00|0.00| |0.00|0.00| 
70|1|1|7795733000504|1|07795733000504|OBLEAS RECITAL DJ 100G. VAINILLA|KOKIS |780.00|644.63|1|780.00|644.63|0.00|0.00| |0.00|0.00| 
70|1|3|7795733000504|1|07795733000504|OBLEAS RECITAL DJ 100G. VAINILLA|KOKIS |780.00|644.63|1|780.00|644.63|0.00|0.00| |0.00|0.00| 
70|1|4|7795733000504|1|07795733000504|OBLEAS RECITAL DJ 100G. VAINILLA|KOKIS |780.00|644.63|1|780.00|644.63|0.00|0.00| |0.00|0.00| 
70|1|1|7795733000412|1|07795733000412|OBLEAS RECITAL DJ 150G. CLASICA|KOKIS |1070.00|884.30|1|1070.00|884.30|0.00|0.00| |0.00|0.00| 
70|1|1|7795733000429|1|07795733000429|OBLEAS RECITAL DJ 150G. FRUTILLA|KOKIS |1140.00|942.15|1|1140.00|942.15|0.00|0.00| |0.00|0.00| 
70|1|4|7795733000429|1|07795733000429|OBLEAS RECITAL DJ 150G. FRUTILLA|KOKIS |1140.00|942.15|1|1140.00|942.15|0.00|0.00| |0.00|0.00| 
70|1|1|7795733000405|1|07795733000405|OBLEAS RECITAL DJ 150G. VAINILLA|KOKIS |1070.00|884.30|1|1070.00|884.30|0.00|0.00| |0.00|0.00| 
70|1|3|7795733000405|1|07795733000405|OBLEAS RECITAL DJ 150G. VAINILLA|KOKIS |1070.00|884.30|1|1070.00|884.30|0.00|0.00| |0.00|0.00| 
70|1|4|7790371005461|1|07790371005461|OLEO CALCAREO VIDOL BEBE 500 GRS.|DCC S.A.|6422.85|5308.14|1|6422.85|5308.14|0.00|0.00| |0.00|0.00| 
70|1|1|7791584000250|1|07791584000250|OREGANO LAR 25 GRS.|ESPECIAS LAR|495.00|409.09|1|495.00|409.09|0.00|0.00| |0.00|0.00| 
70|1|2|7791584000250|1|07791584000250|OREGANO LAR 25 GRS.|ESPECIAS LAR|495.00|409.09|1|495.00|409.09|0.00|0.00| |0.00|0.00| 
70|1|3|7791584000250|1|07791584000250|OREGANO LAR 25 GRS.|ESPECIAS LAR|495.00|409.09|1|495.00|409.09|0.00|0.00| |0.00|0.00| 
70|1|4|7791584000250|1|07791584000250|OREGANO LAR 25 GRS.|ESPECIAS LAR|495.00|409.09|1|495.00|409.09|0.00|0.00| |0.00|0.00| 
70|1|1|7791229152931|1|07791229152931|PA/AL DESC.COMODIN ANAT. ADULTOS EG|HISAN S.A.|6367.20|5262.15|1|6367.20|5262.15|0.00|0.00| |0.00|0.00| 
70|1|1|7791229000447|1|07791229000447|PA/AL DESC.COMODIN JUVENIL CH.10UNI|HISAN S.A.|6159.85|5090.79|1|6159.85|5090.79|0.00|0.00| |0.00|0.00| 
70|1|1|7790770008827|1|07790770008827|PA/AL GERIATRICO PRIMER PRECIO EG10|LENTERDIT S.A.|5100.00|4214.88|1|5100.00|4214.88|0.00|0.00| |0.00|0.00| 
70|1|2|7790770008827|1|07790770008827|PA/AL GERIATRICO PRIMER PRECIO EG10|LENTERDIT S.A.|5100.00|4214.88|1|5100.00|4214.88|0.00|0.00| |0.00|0.00| 
70|1|1|7790770008834|1|07790770008834|PA/AL GERIATRICO PRIMER PRECIO GR10|LENTERDIT S.A.|4770.00|3942.15|1|4770.00|3942.15|0.00|0.00| |0.00|0.00| 
70|1|2|7790770008834|1|07790770008834|PA/AL GERIATRICO PRIMER PRECIO GR10|LENTERDIT S.A.|4770.00|3942.15|1|4770.00|3942.15|0.00|0.00| |0.00|0.00| 
70|1|4|7790770008834|1|07790770008834|PA/AL GERIATRICO PRIMER PRECIO GR10|LENTERDIT S.A.|4770.00|3942.15|1|4770.00|3942.15|0.00|0.00| |0.00|0.00| 
70|1|1|7798079340082|1|07798079340082|PA/O P/PISO PRIMER PRECIO 1 UNID.|PP.FAESPO SRL|1340.00|1107.44|1|1340.00|1107.44|0.00|0.00| |0.00|0.00| 
70|1|4|7798079340082|1|07798079340082|PA/O P/PISO PRIMER PRECIO 1 UNID.|PP.FAESPO SRL|1340.00|1107.44|1|1340.00|1107.44|0.00|0.00| |0.00|0.00| 
70|1|4|7793315000256|1|07793315000256|PA/O PARA PISO TEXTISOL X 1 UNID.|PAMPA|38.49|31.81|1|38.49|31.81|0.00|0.00| |0.00|0.00| 
70|1|1|7791600055523|1|07791600055523|PACO DESODORANTE 150 CC|UNIVEN|3659.00|3023.97|1|3659.00|3023.97|0.00|0.00| |0.00|0.00| 
70|1|4|7791600055523|1|07791600055523|PACO DESODORANTE 150 CC|UNIVEN|3659.00|3023.97|1|3659.00|3023.97|0.00|0.00| |0.00|0.00| 
70|1|4|7791600058104|1|07791600058104|PACO FUTBOL COLONIA 60 CC|UNIVEN|10316.25|8525.83|1|10316.25|8525.83|0.00|0.00| |0.00|0.00| 
70|1|4|7791600058272|1|07791600058272|PACO FUTBOL DESODORANTE 150 CC|UNIVEN|3659.00|3023.97|1|3659.00|3023.97|0.00|0.00| |0.00|0.00| 
70|1|4|7791600127237|1|07791600127237|PACO SURF DESODORNATE 150ML|UNIVEN|3659.00|3023.97|1|3659.00|3023.97|0.00|0.00| |0.00|0.00| 
70|1|2|6000001070822|1|06000001070822|PALETA COCIDA LAR KG.            |FIAMBRES LAR.|14500.00|11983.47|1|14500.00|11983.47|0.00|0.00| |0.00|0.00| 
70|1|4|6000001070822|1|06000001070822|PALETA COCIDA LAR KG.            |FIAMBRES LAR.|14500.00|11983.47|1|14500.00|11983.47|0.00|0.00| |0.00|0.00| 
70|1|1|7793706000988|1|07793706000988|PALITOS DE MAIZ JULICROC 180G.E.QUE|JULICROC|1920.00|1586.78|1|1920.00|1586.78|0.00|0.00| |0.00|0.00| 
70|1|3|7793706000988|1|07793706000988|PALITOS DE MAIZ JULICROC 180G.E.QUE|JULICROC|1920.00|1586.78|1|1920.00|1586.78|0.00|0.00| |0.00|0.00| 
70|1|4|7793706000988|1|07793706000988|PALITOS DE MAIZ JULICROC 180G.E.QUE|JULICROC|1920.00|1586.78|1|1920.00|1586.78|0.00|0.00| |0.00|0.00| 
70|1|3|0000000055467|0|00000000055467|PALITOS DE MAIZ JULICROC 1KG.|JULICROC|5300.00|4380.17|1|5300.00|4380.17|0.00|0.00| |0.00|0.00| 
70|1|4|0000000055467|0|00000000055467|PALITOS DE MAIZ JULICROC 1KG.|JULICROC|5300.00|4380.17|1|5300.00|4380.17|0.00|0.00| |0.00|0.00| 
70|1|1|7793706000230|1|07793706000230|PALITOS DE MAIZ JULICROC 200 G   |JULICROC|1440.00|1190.08|1|1440.00|1190.08|0.00|0.00| |0.00|0.00| 
70|1|3|7793706000230|1|07793706000230|PALITOS DE MAIZ JULICROC 200 G   |JULICROC|1440.00|1190.08|1|1440.00|1190.08|0.00|0.00| |0.00|0.00| 
70|1|4|7793706000230|1|07793706000230|PALITOS DE MAIZ JULICROC 200 G   |JULICROC|1440.00|1190.08|1|1440.00|1190.08|0.00|0.00| |0.00|0.00| 
70|1|1|7793706000247|1|07793706000247|PALITOS DE MAIZ JULICROC 400 G   |JULICROC|2550.00|2107.44|1|2550.00|2107.44|0.00|0.00| |0.00|0.00| 
70|1|3|7793706000247|1|07793706000247|PALITOS DE MAIZ JULICROC 400 G   |JULICROC|2550.00|2107.44|1|2550.00|2107.44|0.00|0.00| |0.00|0.00| 
70|1|4|7793706000247|1|07793706000247|PALITOS DE MAIZ JULICROC 400 G   |JULICROC|2550.00|2107.44|1|2550.00|2107.44|0.00|0.00| |0.00|0.00| 
70|1|1|7793706000216|1|07793706000216|PALITOS DE MAIZ JULICROC 45 GRS|JULICROC|430.00|355.37|1|430.00|355.37|0.00|0.00| |0.00|0.00| 
70|1|2|7793706000971|1|07793706000971|PALITOS DE MAIZ JULICROC 65G.|JULICROC|880.00|727.27|1|880.00|727.27|0.00|0.00| |0.00|0.00| 
70|1|3|7793706000971|1|07793706000971|PALITOS DE MAIZ JULICROC 65G.|JULICROC|880.00|727.27|1|880.00|727.27|0.00|0.00| |0.00|0.00| 
70|1|4|7793706000971|1|07793706000971|PALITOS DE MAIZ JULICROC 65G.|JULICROC|880.00|727.27|1|880.00|727.27|0.00|0.00| |0.00|0.00| 
70|1|1|7793706000223|1|07793706000223|PALITOS DE MAIZ JULICROC 80 G.   |JULICROC|720.00|595.04|1|720.00|595.04|0.00|0.00| |0.00|0.00| 
70|1|4|7793706000223|1|07793706000223|PALITOS DE MAIZ JULICROC 80 G.   |JULICROC|720.00|595.04|1|720.00|595.04|0.00|0.00| |0.00|0.00| 
70|1|2|7794520101509|1|07794520101509|PALITOS DE MAIZ P.PRECIO 150 G.|LOS 5 HISPANOS S.A.|34.70|28.68|1|34.70|28.68|0.00|0.00| |0.00|0.00| 
70|1|1|7793706001329|1|07793706001329|PALITOS SALADOS JULICROC 1 KG.|JULICROC|4850.00|4008.26|1|4850.00|4008.26|0.00|0.00| |0.00|0.00| 
70|1|3|7793706001329|1|07793706001329|PALITOS SALADOS JULICROC 1 KG.|JULICROC|4850.00|4008.26|1|4850.00|4008.26|0.00|0.00| |0.00|0.00| 
70|1|4|7793706001329|1|07793706001329|PALITOS SALADOS JULICROC 1 KG.|JULICROC|4850.00|4008.26|1|4850.00|4008.26|0.00|0.00| |0.00|0.00| 
70|1|1|7793706000278|1|07793706000278|PALITOS SALADOS JULICROC 150 G   |JULICROC|1050.00|867.77|1|1050.00|867.77|0.00|0.00| |0.00|0.00| 
70|1|3|7793706000278|1|07793706000278|PALITOS SALADOS JULICROC 150 G   |JULICROC|1050.00|867.77|1|1050.00|867.77|0.00|0.00| |0.00|0.00| 
70|1|4|7793706000278|1|07793706000278|PALITOS SALADOS JULICROC 150 G   |JULICROC|1050.00|867.77|1|1050.00|867.77|0.00|0.00| |0.00|0.00| 
70|1|1|7793706000322|1|07793706000322|PALITOS SALADOS JULICROC 450 G   |JULICROC|2630.00|2173.55|1|2630.00|2173.55|0.00|0.00| |0.00|0.00| 
70|1|3|7793706000322|1|07793706000322|PALITOS SALADOS JULICROC 450 G   |JULICROC|2630.00|2173.55|1|2630.00|2173.55|0.00|0.00| |0.00|0.00| 
70|1|4|7793706000322|1|07793706000322|PALITOS SALADOS JULICROC 450 G   |JULICROC|2630.00|2173.55|1|2630.00|2173.55|0.00|0.00| |0.00|0.00| 
70|1|2|7793450000487|1|07793450000487|PALMERITAS PRIMER PRECIO DULCES 150|INVERSIONES PAMA|275.00|227.27|1|275.00|227.27|0.00|0.00| |0.00|0.00| 
70|1|4|7793450000487|1|07793450000487|PALMERITAS PRIMER PRECIO DULCES 150|INVERSIONES PAMA|275.00|227.27|1|275.00|227.27|0.00|0.00| |0.00|0.00| 
70|1|1|7791102008294|1|07791102008294|PALMITOS COOPERATIVA ENTEROS 220G|COOP.OBRERA BAHIA BL|4000.00|3305.79|1|4000.00|3305.79|0.00|0.00| |0.00|0.00| 
70|1|3|7791102008294|1|07791102008294|PALMITOS COOPERATIVA ENTEROS 220G|COOP.OBRERA BAHIA BL|4000.00|3305.79|1|4000.00|3305.79|0.00|0.00| |0.00|0.00| 
70|1|1|7791102008317|1|07791102008317|PALMITOS COOPERATIVA TROZOS 236G.|COOP.OBRERA BAHIA BL|2369.00|1957.85|1|2369.00|1957.85|0.00|0.00| |0.00|0.00| 
70|1|2|7791102008317|1|07791102008317|PALMITOS COOPERATIVA TROZOS 236G.|COOP.OBRERA BAHIA BL|2369.00|1957.85|1|2369.00|1957.85|0.00|0.00| |0.00|0.00| 
70|1|4|7791102008317|1|07791102008317|PALMITOS COOPERATIVA TROZOS 236G.|COOP.OBRERA BAHIA BL|2369.00|1957.85|1|2369.00|1957.85|0.00|0.00| |0.00|0.00| 
70|1|2|7791885000423|1|07791885000423|PALMITOS CUMANA ENTERO 220G.|BAVOSI S.A.|3920.00|3239.67|1|3920.00|3239.67|0.00|0.00| |0.00|0.00| 
70|1|4|7791885000423|1|07791885000423|PALMITOS CUMANA ENTERO 220G.|BAVOSI S.A.|3920.00|3239.67|1|3920.00|3239.67|0.00|0.00| |0.00|0.00| 
70|1|1|7791885000799|1|07791885000799|PALMITOS CUMANA ENTEROS 500G.|BAVOSI S.A.|7670.00|6338.84|1|7670.00|6338.84|0.00|0.00| |0.00|0.00| 
70|1|2|7791885000799|1|07791885000799|PALMITOS CUMANA ENTEROS 500G.|BAVOSI S.A.|7670.00|6338.84|1|7670.00|6338.84|0.00|0.00| |0.00|0.00| 
70|1|4|7791885000799|1|07791885000799|PALMITOS CUMANA ENTEROS 500G.|BAVOSI S.A.|7670.00|6338.84|1|7670.00|6338.84|0.00|0.00| |0.00|0.00| 
70|1|4|7791885000829|1|07791885000829|PALMITOS CUMANA TROZO 500G.|BAVOSI S.A.|3400.00|2809.92|1|3400.00|2809.92|0.00|0.00| |0.00|0.00| 
70|1|4|6000001079382|1|06000001079382|PALTA KG.          |VERDULERIA|2600.00|2352.94|1|2600.00|2352.94|0.00|0.00| |0.00|0.00| 
70|1|4|0000000120831|0|00000000120831|PAN CONGELADO KG.|PANIF. SAN JOSE|2730.00|2256.20|1|2730.00|2256.20|0.00|0.00| |0.00|0.00| 
70|1|4|7791708001477|1|07791708001477|PAN CORMILLOT INTEGRAL C/SALV.630G.|VENEZIANA |3230.00|2669.42|1|3230.00|2669.42|0.00|0.00| |0.00|0.00| 
70|1|4|7797443000195|1|07797443000195|PAN CRESPAN REBANADO BLANCO 300G|PANIF. BELGRANO|1700.00|1404.96|1|1700.00|1404.96|0.00|0.00| |0.00|0.00| 
70|1|4|7798007800329|1|07798007800329|PAN CRESPAN REBANADO SALVADO 300G|PANIF. BELGRANO|1700.00|1404.96|1|1700.00|1404.96|0.00|0.00| |0.00|0.00| 
70|1|4|7797443000027|1|07797443000027|PAN DE MIGA CRESPAN 330G|PANIF. BELGRANO|2190.00|1809.92|1|2190.00|1809.92|0.00|0.00| |0.00|0.00| 
70|1|4|7790566000141|1|07790566000141|PAN DE MIGA LA NUEVA 8 FETAS|PANIF. LA NUEVA|2310.00|1909.09|1|2310.00|1909.09|0.00|0.00| |0.00|0.00| 
70|1|4|7798005170103|1|07798005170103|PAN DULCE MYLEN C/FRUTAS 400G.|ANGELITA|1698.00|1403.31|1|1698.00|1403.31|0.00|0.00| |0.00|0.00| 
70|1|4|7798084684133|1|07798084684133|PAN LA NUEVA REBANADO 380G.|PANIF. LA NUEVA|1900.00|1570.25|1|1900.00|1570.25|0.00|0.00| |0.00|0.00| 
70|1|4|7790352000171|1|07790352000171|PAN LACTAL HAMBURGUESAS 4 UNID.|FARGO|2620.00|2165.29|1|2620.00|2165.29|0.00|0.00| |0.00|0.00| 
70|1|4|7790352000164|1|07790352000164|PAN LACTAL PARA PANCHOS 6 UNID.|FARGO|2620.00|2165.29|1|2620.00|2165.29|0.00|0.00| |0.00|0.00| 
70|1|4|7793640215523|1|07793640215523|PAN P/PANCHO LA NUEVA 6U.|PANIF. LA NUEVA|1200.00|991.74|1|1200.00|991.74|0.00|0.00| |0.00|0.00| 
70|1|4|6000000073732|1|06000000073732|PAN P/SUPER PANCHOS CRESPAN 6U.|PANIF. BELGRANO|1990.00|1644.63|1|1990.00|1644.63|0.00|0.00| |0.00|0.00| 
70|1|4|6000000080754|1|06000000080754|PAN RALLADO CRESPAN 500 GRS|PANIF. BELGRANO|980.00|809.92|1|980.00|809.92|0.00|0.00| |0.00|0.00| 
70|1|1|7790060012022|1|07790060012022|PAN RALLADO PREFERIDO 1 KG.      |MOLINOS RIO DL.PLATA|2800.00|2314.05|1|2800.00|2314.05|0.00|0.00| |0.00|0.00| 
70|1|2|7790060012022|1|07790060012022|PAN RALLADO PREFERIDO 1 KG.      |MOLINOS RIO DL.PLATA|2800.00|2314.05|1|2800.00|2314.05|0.00|0.00| |0.00|0.00| 
70|1|3|7790060012022|1|07790060012022|PAN RALLADO PREFERIDO 1 KG.      |MOLINOS RIO DL.PLATA|2800.00|2314.05|1|2800.00|2314.05|0.00|0.00| |0.00|0.00| 
70|1|4|7790060012022|1|07790060012022|PAN RALLADO PREFERIDO 1 KG.      |MOLINOS RIO DL.PLATA|2800.00|2314.05|1|2800.00|2314.05|0.00|0.00| |0.00|0.00| 
70|1|1|7790060004348|1|07790060004348|PAN RALLADO PREFERIDO 500 G.     |MOLINOS RIO DL.PLATA|1470.00|1214.88|1|1470.00|1214.88|0.00|0.00| |0.00|0.00| 
70|1|2|7790060004348|1|07790060004348|PAN RALLADO PREFERIDO 500 G.     |MOLINOS RIO DL.PLATA|1470.00|1214.88|1|1470.00|1214.88|0.00|0.00| |0.00|0.00| 
70|1|4|7790060004348|1|07790060004348|PAN RALLADO PREFERIDO 500 G.     |MOLINOS RIO DL.PLATA|1470.00|1214.88|1|1470.00|1214.88|0.00|0.00| |0.00|0.00| 
70|1|1|7791422000503|1|07791422000503|PAN RALLADO PRIMER PRECIO 400 GRS.|ARAUJO SRL|766.41|633.40|1|766.41|633.40|0.00|0.00| |0.00|0.00| 
70|1|3|7791422000503|1|07791422000503|PAN RALLADO PRIMER PRECIO 400 GRS.|ARAUJO SRL|766.41|633.40|1|766.41|633.40|0.00|0.00| |0.00|0.00| 
70|1|4|7791422000503|1|07791422000503|PAN RALLADO PRIMER PRECIO 400 GRS.|ARAUJO SRL|766.41|633.40|1|766.41|633.40|0.00|0.00| |0.00|0.00| 
70|1|4|7791422000077|1|07791422000077|PAN RALLADO SILVINA 25KG.|ARAUJO SRL|48990.00|40487.60|1|48990.00|40487.60|0.00|0.00| |0.00|0.00| 
70|1|4|7791708001231|1|07791708001231|PAN VENEZIANA HAMB. SESAMO 4 UNID|VENEZIANA |1225.00|1012.40|1|1225.00|1012.40|0.00|0.00| |0.00|0.00| 
70|1|4|7791708001484|1|07791708001484|PAN VENEZIANA INTEGRAL 360G|VENEZIANA |1920.00|1586.78|1|1920.00|1586.78|0.00|0.00| |0.00|0.00| 
70|1|4|7791708001514|1|07791708001514|PAN VENEZIANA LACTEADO 600G|VENEZIANA |2570.00|2123.97|1|2570.00|2123.97|0.00|0.00| |0.00|0.00| 
70|1|4|7791708001378|1|07791708001378|PAN VENEZIANA P/PANCHOS 6 UNID.|VENEZIANA |1160.00|958.68|1|1160.00|958.68|0.00|0.00| |0.00|0.00| 
70|1|2|7790250044239|1|07790250044239|PAÑAL DESC.BABYSEC U.SEC XG 8U|PR.VARIOS PERFUMERIA|1970.00|1628.10|1|1970.00|1628.10|0.00|0.00| |0.00|0.00| 
70|1|2|7790250044246|1|07790250044246|PAÑAL DESC.BABYSEC U.SEC XXG 8U|PR.VARIOS PERFUMERIA|1970.00|1628.10|1|1970.00|1628.10|0.00|0.00| |0.00|0.00| 
70|1|2|7790250044215|1|07790250044215|PAÑAL DESC.BABYSEC ULTRASEC M,10U|PR.VARIOS PERFUMERIA|200.00|165.29|1|200.00|165.29|0.00|0.00| |0.00|0.00| 
70|1|1|6000001072598|1|06000001072598|PANCETA SALADA LAR KG.           |FIAMBRES LAR.|19200.00|15867.77|1|19200.00|15867.77|0.00|0.00| |0.00|0.00| 
70|1|4|7798084052505|1|07798084052505|PAÑO MICROFIBRA K78 MULTIUSO|K78 CHEMICAL|3306.65|2732.77|1|3306.65|2732.77|0.00|0.00| |0.00|0.00| 
70|1|1|7793253000523|1|07793253000523|PAÑO MULTIUSO MORTIMER 3U. MULTICOL|CLOROX|3560.00|2942.15|1|3560.00|2942.15|0.00|0.00| |0.00|0.00| 
70|1|2|7793253000523|1|07793253000523|PAÑO MULTIUSO MORTIMER 3U. MULTICOL|CLOROX|3560.00|2942.15|1|3560.00|2942.15|0.00|0.00| |0.00|0.00| 
70|1|4|7793253000523|1|07793253000523|PAÑO MULTIUSO MORTIMER 3U. MULTICOL|CLOROX|3560.00|2942.15|1|3560.00|2942.15|0.00|0.00| |0.00|0.00| 
70|1|1|7793253388904|1|07793253388904|PAÑO MULTIUSO MORTIMER X 3 UNID|CLOROX|3680.00|3041.32|1|3680.00|3041.32|0.00|0.00| |0.00|0.00| 
70|1|2|7793253388904|1|07793253388904|PAÑO MULTIUSO MORTIMER X 3 UNID|CLOROX|3680.00|3041.32|1|3680.00|3041.32|0.00|0.00| |0.00|0.00| 
70|1|1|7798079340068|1|07798079340068|PAÑO MULTIUSO PRIMER PRECIO X 3UNID|PP.FAESPO SRL|1190.00|983.47|1|1190.00|983.47|0.00|0.00| |0.00|0.00| 
70|1|2|7798079340068|1|07798079340068|PAÑO MULTIUSO PRIMER PRECIO X 3UNID|PP.FAESPO SRL|1190.00|983.47|1|1190.00|983.47|0.00|0.00| |0.00|0.00| 
70|1|4|7798079340068|1|07798079340068|PAÑO MULTIUSO PRIMER PRECIO X 3UNID|PP.FAESPO SRL|1190.00|983.47|1|1190.00|983.47|0.00|0.00| |0.00|0.00| 
70|1|4|7794440005109|1|07794440005109|PAÑO MULTIUSO TWIST 1 UNID. ART.510|VIRULANA|1000.00|826.45|1|1000.00|826.45|0.00|0.00| |0.00|0.00| 
70|1|2|7798184230049|1|07798184230049|PAÑUELOS ACHISS 6X10UNID|PR.VARIOS PERFUMERIA|39.90|32.98|1|39.90|32.98|0.00|0.00| |0.00|0.00| 
70|1|2|7798184230391|1|07798184230391|PAÑUELOS ACHISS DISEÑO 75U. BOX|PR.VARIOS PERFUMERIA|28.65|23.68|1|28.65|23.68|0.00|0.00| |0.00|0.00| 
70|1|2|7791102002544|1|07791102002544|PAÑUELOS COOPERATIVA 6X10U.|PR.VARIOS PERFUMERIA|20.10|16.61|1|20.10|16.61|0.00|0.00| |0.00|0.00| 
70|1|2|7790250054726|1|07790250054726|PAÑUELOS ELITE 6X10U.|SOFTYS PAPELES|1420.00|1173.55|1|1420.00|1173.55|0.00|0.00| |0.00|0.00| 
70|1|2|7790250054283|1|07790250054283|PAÑUELOS ELITE BOX X 75U. C/EXTRACT|PROV.VARIOS LIMPIEZA|313.95|259.46|1|313.95|259.46|0.00|0.00| |0.00|0.00| 
70|1|2|7791388988020|1|07791388988020|PAÑUELOS PRIMER PRECIO 6X10UN.|PAÑUELOS DEL SUR SRL|1018.00|841.32|1|1018.00|841.32|0.00|0.00| |0.00|0.00| 
70|1|1|7791070003994|1|07791070003994|PAÑUELOS PRIMER PRECIO BOX 75 UNI.|PAÑUELOS DEL SUR SRL|1111.74|918.79|1|1111.74|918.79|0.00|0.00| |0.00|0.00| 
70|1|2|7791070003994|1|07791070003994|PAÑUELOS PRIMER PRECIO BOX 75 UNI.|PAÑUELOS DEL SUR SRL|1111.74|918.79|1|1111.74|918.79|0.00|0.00| |0.00|0.00| 
70|1|3|7791070003994|1|07791070003994|PAÑUELOS PRIMER PRECIO BOX 75 UNI.|PAÑUELOS DEL SUR SRL|1111.74|918.79|1|1111.74|918.79|0.00|0.00| |0.00|0.00| 
70|1|4|7791070003994|1|07791070003994|PAÑUELOS PRIMER PRECIO BOX 75 UNI.|PAÑUELOS DEL SUR SRL|1111.74|918.79|1|1111.74|918.79|0.00|0.00| |0.00|0.00| 
70|1|2|7791828660059|1|07791828660059|PAÑUELOS SWEETY BOX 75U.|PROV.VARIOS LIMPIEZA|19.80|16.36|1|19.80|16.36|0.00|0.00| |0.00|0.00| 
70|1|2|7791828660042|1|07791828660042|PAÑUELOS SWEETY SOFT 6X10U.|PROV.VARIOS LIMPIEZA|19.65|16.24|1|19.65|16.24|0.00|0.00| |0.00|0.00| 
70|1|4|6000001027284|1|06000001027284|PAPA LAVADA KG.|VERDULERIA|1798.00|1627.15|1|1798.00|1627.15|0.00|0.00| |0.00|0.00| 
70|1|1|7793706000902|1|07793706000902|PAPAS FRITAS JULI CROC 1 KG|JULICROC|12770.00|10553.72|1|12770.00|10553.72|0.00|0.00| |0.00|0.00| 
70|1|3|7793706000902|1|07793706000902|PAPAS FRITAS JULI CROC 1 KG|JULICROC|12770.00|10553.72|1|12770.00|10553.72|0.00|0.00| |0.00|0.00| 
70|1|4|7793706000902|1|07793706000902|PAPAS FRITAS JULI CROC 1 KG|JULICROC|12770.00|10553.72|1|12770.00|10553.72|0.00|0.00| |0.00|0.00| 
70|1|1|7793706000162|1|07793706000162|PAPAS FRITAS JULI CROC PAY 330G.|JULICROC|4210.00|3479.34|1|4210.00|3479.34|0.00|0.00| |0.00|0.00| 
70|1|2|7793706000162|1|07793706000162|PAPAS FRITAS JULI CROC PAY 330G.|JULICROC|4210.00|3479.34|1|4210.00|3479.34|0.00|0.00| |0.00|0.00| 
70|1|4|7793706000162|1|07793706000162|PAPAS FRITAS JULI CROC PAY 330G.|JULICROC|4210.00|3479.34|1|4210.00|3479.34|0.00|0.00| |0.00|0.00| 
70|1|1|7793706000957|1|07793706000957|PAPAS FRITAS JULICROC 160G.|JULICROC|2460.00|2033.06|1|2460.00|2033.06|0.00|0.00| |0.00|0.00| 
70|1|3|7793706000957|1|07793706000957|PAPAS FRITAS JULICROC 160G.|JULICROC|2460.00|2033.06|1|2460.00|2033.06|0.00|0.00| |0.00|0.00| 
70|1|4|7793706000957|1|07793706000957|PAPAS FRITAS JULICROC 160G.|JULICROC|2460.00|2033.06|1|2460.00|2033.06|0.00|0.00| |0.00|0.00| 
70|1|1|7793706000292|1|07793706000292|PAPAS FRITAS JULICROC 250 GR.|JULICROC|3520.00|2909.09|1|3520.00|2909.09|0.00|0.00| |0.00|0.00| 
70|1|3|7793706000292|1|07793706000292|PAPAS FRITAS JULICROC 250 GR.|JULICROC|3520.00|2909.09|1|3520.00|2909.09|0.00|0.00| |0.00|0.00| 
70|1|4|7793706000292|1|07793706000292|PAPAS FRITAS JULICROC 250 GR.|JULICROC|3520.00|2909.09|1|3520.00|2909.09|0.00|0.00| |0.00|0.00| 
70|1|1|7793706000155|1|07793706000155|PAPAS FRITAS JULICROC 330G.|JULICROC|4210.00|3479.34|1|4210.00|3479.34|0.00|0.00| |0.00|0.00| 
70|1|3|7793706000155|1|07793706000155|PAPAS FRITAS JULICROC 330G.|JULICROC|4210.00|3479.34|1|4210.00|3479.34|0.00|0.00| |0.00|0.00| 
70|1|4|7793706000155|1|07793706000155|PAPAS FRITAS JULICROC 330G.|JULICROC|4210.00|3479.34|1|4210.00|3479.34|0.00|0.00| |0.00|0.00| 
70|1|1|7793706000254|1|07793706000254|PAPAS FRITAS JULICROC 70 G.      |JULICROC|1170.00|966.94|1|1170.00|966.94|0.00|0.00| |0.00|0.00| 
70|1|4|7793706000254|1|07793706000254|PAPAS FRITAS JULICROC 70 G.      |JULICROC|1170.00|966.94|1|1170.00|966.94|0.00|0.00| |0.00|0.00| 
70|1|1|7793706000940|1|07793706000940|PAPAS FRITAS JULICROC 70G. ASADO CR|JULICROC|1350.00|1115.70|1|1350.00|1115.70|0.00|0.00| |0.00|0.00| 
70|1|3|7793706000940|1|07793706000940|PAPAS FRITAS JULICROC 70G. ASADO CR|JULICROC|1350.00|1115.70|1|1350.00|1115.70|0.00|0.00| |0.00|0.00| 
70|1|4|7793706000940|1|07793706000940|PAPAS FRITAS JULICROC 70G. ASADO CR|JULICROC|1350.00|1115.70|1|1350.00|1115.70|0.00|0.00| |0.00|0.00| 
70|1|1|7793706000193|1|07793706000193|PAPAS FRITAS JULICROC PAY 100G.|JULICROC|1540.00|1272.73|1|1540.00|1272.73|0.00|0.00| |0.00|0.00| 
70|1|4|7793706000193|1|07793706000193|PAPAS FRITAS JULICROC PAY 100G.|JULICROC|1540.00|1272.73|1|1540.00|1272.73|0.00|0.00| |0.00|0.00| 
70|1|1|7790250024101|1|07790250024101|PAPEL HIGIENICO ELITE CLASICO H.S.6|SOFTYS PAPELES|2750.00|2272.73|1|2750.00|2272.73|0.00|0.00| |0.00|0.00| 
70|1|4|7790250024101|1|07790250024101|PAPEL HIGIENICO ELITE CLASICO H.S.6|SOFTYS PAPELES|2750.00|2272.73|1|2750.00|2272.73|0.00|0.00| |0.00|0.00| 
70|1|1|7791828000046|1|07791828000046|PAPEL HIGIENICO FELPITA 4X30M|PAPELERA S.ANDRES GI|1560.00|1289.26|1|1560.00|1289.26|0.00|0.00| |0.00|0.00| 
70|1|2|7791828000046|1|07791828000046|PAPEL HIGIENICO FELPITA 4X30M|PAPELERA S.ANDRES GI|1560.00|1289.26|1|1560.00|1289.26|0.00|0.00| |0.00|0.00| 
70|1|3|7791828000046|1|07791828000046|PAPEL HIGIENICO FELPITA 4X30M|PAPELERA S.ANDRES GI|1560.00|1289.26|1|1560.00|1289.26|0.00|0.00| |0.00|0.00| 
70|1|4|7791828000046|1|07791828000046|PAPEL HIGIENICO FELPITA 4X30M|PAPELERA S.ANDRES GI|1560.00|1289.26|1|1560.00|1289.26|0.00|0.00| |0.00|0.00| 
70|1|1|7791828000657|1|07791828000657|PAPEL HIGIENICO FELPITA 4X80M|PAPELERA S.ANDRES GI|3520.00|2909.09|1|3520.00|2909.09|0.00|0.00| |0.00|0.00| 
70|1|2|7791828000657|1|07791828000657|PAPEL HIGIENICO FELPITA 4X80M|PAPELERA S.ANDRES GI|3520.00|2909.09|1|3520.00|2909.09|0.00|0.00| |0.00|0.00| 
70|1|3|7791828000657|1|07791828000657|PAPEL HIGIENICO FELPITA 4X80M|PAPELERA S.ANDRES GI|3520.00|2909.09|1|3520.00|2909.09|0.00|0.00| |0.00|0.00| 
70|1|4|7791828000657|1|07791828000657|PAPEL HIGIENICO FELPITA 4X80M|PAPELERA S.ANDRES GI|3520.00|2909.09|1|3520.00|2909.09|0.00|0.00| |0.00|0.00| 
70|1|4|7790250014904|1|07790250014904|PAPEL HIGIENICO HIGIENOL EXP.PLUS 4|PROV.VARIOS LIMPIEZA|1500.00|1239.67|1|1500.00|1239.67|0.00|0.00| |0.00|0.00| 
70|1|1|7798130880281|1|07798130880281|PAPEL HIGIENICO P.PRECIO SH 4X80M|CELUPAPER|3250.00|2685.95|1|3250.00|2685.95|0.00|0.00| |0.00|0.00| 
70|1|2|7798130880281|1|07798130880281|PAPEL HIGIENICO P.PRECIO SH 4X80M|CELUPAPER|3250.00|2685.95|1|3250.00|2685.95|0.00|0.00| |0.00|0.00| 
70|1|3|7798130880281|1|07798130880281|PAPEL HIGIENICO P.PRECIO SH 4X80M|CELUPAPER|3250.00|2685.95|1|3250.00|2685.95|0.00|0.00| |0.00|0.00| 
70|1|4|7798130880281|1|07798130880281|PAPEL HIGIENICO P.PRECIO SH 4X80M|CELUPAPER|3250.00|2685.95|1|3250.00|2685.95|0.00|0.00| |0.00|0.00| 
70|1|1|7791818000834|1|07791818000834|PAPEL HIGIENICO RITZ 4 UN.|YAPUR S.A.|1225.00|1012.40|1|1225.00|1012.40|0.00|0.00| |0.00|0.00| 
70|1|2|7791818000834|1|07791818000834|PAPEL HIGIENICO RITZ 4 UN.|YAPUR S.A.|1225.00|1012.40|1|1225.00|1012.40|0.00|0.00| |0.00|0.00| 
70|1|3|7791818000834|1|07791818000834|PAPEL HIGIENICO RITZ 4 UN.|YAPUR S.A.|1225.00|1012.40|1|1225.00|1012.40|0.00|0.00| |0.00|0.00| 
70|1|4|7791818000834|1|07791818000834|PAPEL HIGIENICO RITZ 4 UN.|YAPUR S.A.|1225.00|1012.40|1|1225.00|1012.40|0.00|0.00| |0.00|0.00| 
70|1|1|7791818000971|1|07791818000971|PAPEL HIGIENICO RITZ 6 UN.|YAPUR S.A.|1850.00|1528.93|1|1850.00|1528.93|0.00|0.00| |0.00|0.00| 
70|1|2|7791818000971|1|07791818000971|PAPEL HIGIENICO RITZ 6 UN.|YAPUR S.A.|1850.00|1528.93|1|1850.00|1528.93|0.00|0.00| |0.00|0.00| 
70|1|3|7791818000971|1|07791818000971|PAPEL HIGIENICO RITZ 6 UN.|YAPUR S.A.|1850.00|1528.93|1|1850.00|1528.93|0.00|0.00| |0.00|0.00| 
70|1|4|7791818000971|1|07791818000971|PAPEL HIGIENICO RITZ 6 UN.|YAPUR S.A.|1850.00|1528.93|1|1850.00|1528.93|0.00|0.00| |0.00|0.00| 
70|1|4|7790380037774|1|07790380037774|PASAS DE UVA C/CHOCO.GEORGALOS 80G.|GEORGALOS FIESTAS|2176.00|1798.35|1|2176.00|1798.35|0.00|0.00| |0.00|0.00| 
70|1|2|0000000100231|0|00000000100231|PASAS DE UVAS SIN SEMILLAS KG.|ZYMA|7300.00|6033.06|1|7300.00|6033.06|0.00|0.00| |0.00|0.00| 
70|1|4|0000000100231|0|00000000100231|PASAS DE UVAS SIN SEMILLAS KG.|ZYMA|7300.00|6033.06|1|7300.00|6033.06|0.00|0.00| |0.00|0.00| 
70|1|4|7792902000051|1|07792902000051|PASCUALINA DELI TAP 380G.|PANIF. TESSORE HNOS.|1640.00|1355.37|1|1640.00|1355.37|0.00|0.00| |0.00|0.00| 
70|1|4|7792902000037|1|07792902000037|PASCUALINA DON LUCAS 460G.|PANIF. TESSORE HNOS.|2160.00|1785.12|1|2160.00|1785.12|0.00|0.00| |0.00|0.00| 
70|1|2|7795145000123|1|07795145000123|PASCUALINA LA BIANCA 34            |PASTAS LA BIANCA|1450.00|1198.35|1|1450.00|1198.35|0.00|0.00| |0.00|0.00| 
70|1|4|7795145000123|1|07795145000123|PASCUALINA LA BIANCA 34            |PASTAS LA BIANCA|1450.00|1198.35|1|1450.00|1198.35|0.00|0.00| |0.00|0.00| 
70|1|4|0000000068038|0|00000000068038|PASCUALINA LA MORENITA 380G.|PASTAS LA MORENITA|1250.00|1033.06|1|1250.00|1033.06|0.00|0.00| |0.00|0.00| 
70|1|4|7798140400035|1|07798140400035|PASCUALINA LA REINA |LA REINA|1460.00|1206.61|1|1460.00|1206.61|0.00|0.00| |0.00|0.00| 
70|1|4|7898024394181|1|07898024394181|PASTA NUTELLA AVELLANA Y CACAO 350G|FERRERO ROCHER|13980.00|11553.72|1|13980.00|11553.72|0.00|0.00| |0.00|0.00| 
70|1|1|6000001074196|1|06000001074196|PASTRON LAR KG.                  |FIAMBRES LAR.|22100.00|18264.46|1|22100.00|18264.46|0.00|0.00| |0.00|0.00| 
70|1|1|7790360720382|1|07790360720382|PATE DE FOIE SWIFT 90G   |SWIFT|940.00|776.86|1|940.00|776.86|0.00|0.00| |0.00|0.00| 
70|1|4|7791600173746|1|07791600173746|PAULA AGUA COLONIA BOSQUE 170CC|UNIVEN|16567.65|13692.27|1|16567.65|13692.27|0.00|0.00| |0.00|0.00| 
70|1|4|7791600173630|1|07791600173630|PAULA AGUA COLONIA FLORES 170CC|UNIVEN|16567.65|13692.27|1|16567.65|13692.27|0.00|0.00| |0.00|0.00| 
70|1|4|7791600173524|1|07791600173524|PAULA AGUA COLONIA SUE/OS 170CC|UNIVEN|16567.65|13692.27|1|16567.65|13692.27|0.00|0.00| |0.00|0.00| 
70|1|1|7791600843250|1|07791600843250|PAULA ALMA DESODORANTE 123ML|UNIVEN|4175.65|3450.95|1|4175.65|3450.95|0.00|0.00| |0.00|0.00| 
70|1|4|7791600843250|1|07791600843250|PAULA ALMA DESODORANTE 123ML|UNIVEN|4175.65|3450.95|1|4175.65|3450.95|0.00|0.00| |0.00|0.00| 
70|1|4|7791600843038|1|07791600843038|PAULA CAHEN D'ANVERS ALMA COLONIA 6|UNIVEN|25352.40|20952.40|1|25352.40|20952.40|0.00|0.00| |0.00|0.00| 
70|1|4|7790310920398|1|07790310920398|PEP RUEDITAS 40G.PIZZA|PEPSICO SNACKS|950.00|785.12|1|950.00|785.12|0.00|0.00| |0.00|0.00| 
70|1|2|7790310006993|1|07790310006993|PEP RUEDITAS 84G.|PEPSICO SNACKS|1590.75|1314.67|1|1590.75|1314.67|0.00|0.00| |0.00|0.00| 
70|1|3|7790310006993|1|07790310006993|PEP RUEDITAS 84G.|PEPSICO SNACKS|1590.75|1314.67|1|1590.75|1314.67|0.00|0.00| |0.00|0.00| 
70|1|4|7790310006993|1|07790310006993|PEP RUEDITAS 84G.|PEPSICO SNACKS|1590.75|1314.67|1|1590.75|1314.67|0.00|0.00| |0.00|0.00| 
70|1|1|7790127756180|1|07790127756180|PEPINILLOS VANOLI 150G DP|VANOLI|2370.00|1958.68|1|2370.00|1958.68|0.00|0.00| |0.00|0.00| 
70|1|2|7790127756180|1|07790127756180|PEPINILLOS VANOLI 150G DP|VANOLI|2370.00|1958.68|1|2370.00|1958.68|0.00|0.00| |0.00|0.00| 
70|1|3|7790127756180|1|07790127756180|PEPINILLOS VANOLI 150G DP|VANOLI|2370.00|1958.68|1|2370.00|1958.68|0.00|0.00| |0.00|0.00| 
70|1|4|6000001063442|1|06000001063442|PEPINO KG.              |VERDULERIA|2300.00|2081.45|1|2300.00|2081.45|0.00|0.00| |0.00|0.00| 
70|1|4|7795024000268|1|07795024000268|PEPINOS AGRIDULCES F.DE JARDIN 360G|COOP. JARDIN AMERICA|7590.00|6272.73|1|7590.00|6272.73|0.00|0.00| |0.00|0.00| 
70|1|4|6000001063374|1|06000001063374|PERA KG.                 |VERDULERIA|3400.00|3076.92|1|3400.00|3076.92|0.00|0.00| |0.00|0.00| 
70|1|4|6000001045554|1|06000001045554|PERA MORADA KG.|VERDULERIA|3400.00|3076.92|1|3400.00|3076.92|0.00|0.00| |0.00|0.00| 
70|1|2|7790088000025|1|07790088000025|PERAS AL NATURAL ALCO 820 G.     |INDUSTRIA ALI.MENDOC|2560.00|2115.70|1|2560.00|2115.70|0.00|0.00| |0.00|0.00| 
70|1|4|7790088000025|1|07790088000025|PERAS AL NATURAL ALCO 820 G.     |INDUSTRIA ALI.MENDOC|2560.00|2115.70|1|2560.00|2115.70|0.00|0.00| |0.00|0.00| 
70|1|3|7791885004520|1|07791885004520|PERAS EN MITADES CUMANA 820G.|BAVOSI S.A.|3350.00|2768.60|1|3350.00|2768.60|0.00|0.00| |0.00|0.00| 
70|1|1|7791584000618|1|07791584000618|PEREJIL CALIDAD P.PRECIO 25 GRS.|PRODUCTO P.PRECIO VT|590.00|487.60|1|590.00|487.60|0.00|0.00| |0.00|0.00| 
70|1|4|7791584000618|1|07791584000618|PEREJIL CALIDAD P.PRECIO 25 GRS.|PRODUCTO P.PRECIO VT|590.00|487.60|1|590.00|487.60|0.00|0.00| |0.00|0.00| 
70|1|1|7791584000267|1|07791584000267|PEREJIL LAR 25 GRS.|ESPECIAS LAR|510.00|421.49|1|510.00|421.49|0.00|0.00| |0.00|0.00| 
70|1|2|7791584000267|1|07791584000267|PEREJIL LAR 25 GRS.|ESPECIAS LAR|510.00|421.49|1|510.00|421.49|0.00|0.00| |0.00|0.00| 
70|1|3|7791584000267|1|07791584000267|PEREJIL LAR 25 GRS.|ESPECIAS LAR|510.00|421.49|1|510.00|421.49|0.00|0.00| |0.00|0.00| 
70|1|4|7791584000267|1|07791584000267|PEREJIL LAR 25 GRS.|ESPECIAS LAR|510.00|421.49|1|510.00|421.49|0.00|0.00| |0.00|0.00| 
70|1|2|7793253099077|1|07793253099077|PERFUME P/TELA POETT 450CC ALGODÒN|CLOROX|6190.00|5115.70|1|6190.00|5115.70|0.00|0.00| |0.00|0.00| 
70|1|4|7793253099077|1|07793253099077|PERFUME P/TELA POETT 450CC ALGODÒN|CLOROX|6190.00|5115.70|1|6190.00|5115.70|0.00|0.00| |0.00|0.00| 
70|1|1|7793253099084|1|07793253099084|PERFUME P/TELA POETT 450CC BEBE|CLOROX|6190.00|5115.70|1|6190.00|5115.70|0.00|0.00| |0.00|0.00| 
70|1|2|7793253099084|1|07793253099084|PERFUME P/TELA POETT 450CC BEBE|CLOROX|6190.00|5115.70|1|6190.00|5115.70|0.00|0.00| |0.00|0.00| 
70|1|4|7793253099084|1|07793253099084|PERFUME P/TELA POETT 450CC BEBE|CLOROX|6190.00|5115.70|1|6190.00|5115.70|0.00|0.00| |0.00|0.00| 
70|1|1|7793253099060|1|07793253099060|PERFUME P/TELA POETT 450CC PRIMAVER|CLOROX|6190.00|5115.70|1|6190.00|5115.70|0.00|0.00| |0.00|0.00| 
70|1|2|7793253099060|1|07793253099060|PERFUME P/TELA POETT 450CC PRIMAVER|CLOROX|6190.00|5115.70|1|6190.00|5115.70|0.00|0.00| |0.00|0.00| 
70|1|1|7791584000373|1|07791584000373|PESTO LAR 25 GRS.|ESPECIAS LAR|465.00|384.30|1|465.00|384.30|0.00|0.00| |0.00|0.00| 
70|1|2|7791584000373|1|07791584000373|PESTO LAR 25 GRS.|ESPECIAS LAR|465.00|384.30|1|465.00|384.30|0.00|0.00| |0.00|0.00| 
70|1|3|7791584000373|1|07791584000373|PESTO LAR 25 GRS.|ESPECIAS LAR|465.00|384.30|1|465.00|384.30|0.00|0.00| |0.00|0.00| 
70|1|4|7791584000373|1|07791584000373|PESTO LAR 25 GRS.|ESPECIAS LAR|465.00|384.30|1|465.00|384.30|0.00|0.00| |0.00|0.00| 
70|1|2|7790989003163|1|07790989003163|PICADILLO CHANGUITO 90 GRS.|LA MERE MICHELLE|640.00|528.93|1|640.00|528.93|0.00|0.00| |0.00|0.00| 
70|1|3|7790989003163|1|07790989003163|PICADILLO CHANGUITO 90 GRS.|LA MERE MICHELLE|640.00|528.93|1|640.00|528.93|0.00|0.00| |0.00|0.00| 
70|1|4|7790989003163|1|07790989003163|PICADILLO CHANGUITO 90 GRS.|LA MERE MICHELLE|640.00|528.93|1|640.00|528.93|0.00|0.00| |0.00|0.00| 
70|1|1|7790079011078|1|07790079011078|PICADILLO PALADINI 90 GRS.|FRIGORIFICO PALADINI|1200.00|991.74|1|1200.00|991.74|0.00|0.00| |0.00|0.00| 
70|1|3|7790079011078|1|07790079011078|PICADILLO PALADINI 90 GRS.|FRIGORIFICO PALADINI|1200.00|991.74|1|1200.00|991.74|0.00|0.00| |0.00|0.00| 
70|1|4|7790079011078|1|07790079011078|PICADILLO PALADINI 90 GRS.|FRIGORIFICO PALADINI|1200.00|991.74|1|1200.00|991.74|0.00|0.00| |0.00|0.00| 
70|1|1|7790360720115|1|07790360720115|PICADILLO SWIFT 90 GRS.          |SWIFT|940.00|776.86|1|940.00|776.86|0.00|0.00| |0.00|0.00| 
70|1|3|7790360720115|1|07790360720115|PICADILLO SWIFT 90 GRS.          |SWIFT|940.00|776.86|1|940.00|776.86|0.00|0.00| |0.00|0.00| 
70|1|4|7790360720115|1|07790360720115|PICADILLO SWIFT 90 GRS.          |SWIFT|940.00|776.86|1|940.00|776.86|0.00|0.00| |0.00|0.00| 
70|1|4|7790127000016|1|07790127000016|PICKLES MIXTOS VANOLI 200G FRASCO|VANOLI|2740.00|2264.46|1|2740.00|2264.46|0.00|0.00| |0.00|0.00| 
70|1|2|7792070002321|1|07792070002321|PICKLES NUCETE  DP. 300 GR.|AGRO ACEITUNERA|2460.00|2033.06|1|2460.00|2033.06|0.00|0.00| |0.00|0.00| 
70|1|3|7792070002321|1|07792070002321|PICKLES NUCETE  DP. 300 GR.|AGRO ACEITUNERA|2460.00|2033.06|1|2460.00|2033.06|0.00|0.00| |0.00|0.00| 
70|1|4|7792070002321|1|07792070002321|PICKLES NUCETE  DP. 300 GR.|AGRO ACEITUNERA|2460.00|2033.06|1|2460.00|2033.06|0.00|0.00| |0.00|0.00| 
70|1|1|7792070000686|1|07792070000686|PICKLES NUCETE  FRASCO 220G. MIXTOS|AGRO ACEITUNERA|3940.00|3256.20|1|3940.00|3256.20|0.00|0.00| |0.00|0.00| 
70|1|2|7792070000686|1|07792070000686|PICKLES NUCETE  FRASCO 220G. MIXTOS|AGRO ACEITUNERA|3940.00|3256.20|1|3940.00|3256.20|0.00|0.00| |0.00|0.00| 
70|1|4|7792070000686|1|07792070000686|PICKLES NUCETE  FRASCO 220G. MIXTOS|AGRO ACEITUNERA|3940.00|3256.20|1|3940.00|3256.20|0.00|0.00| |0.00|0.00| 
70|1|4|7792070008484|1|07792070008484|PICKLES PRIMER PRECIO 220GRS.FRASCO|PP.VANOLI|392.47|324.36|1|392.47|324.36|0.00|0.00| |0.00|0.00| 
70|1|3|7790127742183|1|07790127742183|PICKLES VANOLI 300G. SACHET|VANOLI|1570.00|1297.52|1|1570.00|1297.52|0.00|0.00| |0.00|0.00| 
70|1|4|7790127742183|1|07790127742183|PICKLES VANOLI 300G. SACHET|VANOLI|1570.00|1297.52|1|1570.00|1297.52|0.00|0.00| |0.00|0.00| 
70|1|1|7791584000380|1|07791584000380|PIMENTON EXTRA LAR 25 GRS|ESPECIAS LAR|495.00|409.09|1|495.00|409.09|0.00|0.00| |0.00|0.00| 
70|1|2|7791584000380|1|07791584000380|PIMENTON EXTRA LAR 25 GRS|ESPECIAS LAR|495.00|409.09|1|495.00|409.09|0.00|0.00| |0.00|0.00| 
70|1|3|7791584000380|1|07791584000380|PIMENTON EXTRA LAR 25 GRS|ESPECIAS LAR|495.00|409.09|1|495.00|409.09|0.00|0.00| |0.00|0.00| 
70|1|4|7791584000380|1|07791584000380|PIMENTON EXTRA LAR 25 GRS|ESPECIAS LAR|495.00|409.09|1|495.00|409.09|0.00|0.00| |0.00|0.00| 
70|1|1|7791584000519|1|07791584000519|PIMIENTA BLANCA CALIDAD P.PRECIO25G|PRODUCTO P.PRECIO VT|1250.00|1033.06|1|1250.00|1033.06|0.00|0.00| |0.00|0.00| 
70|1|2|7791122001329|1|07791122001329|PIMIENTA BLANCA GRANO VELEZ 25GRS|EPIFANIO JIMENEZ|1250.00|1033.06|1|1250.00|1033.06|0.00|0.00| |0.00|0.00| 
70|1|4|7791122001329|1|07791122001329|PIMIENTA BLANCA GRANO VELEZ 25GRS|EPIFANIO JIMENEZ|1250.00|1033.06|1|1250.00|1033.06|0.00|0.00| |0.00|0.00| 
70|1|1|7791584000427|1|07791584000427|PIMIENTA BLANCA MOLIDA LAR 25 GRS.|ESPECIAS LAR|1160.00|958.68|1|1160.00|958.68|0.00|0.00| |0.00|0.00| 
70|1|2|7791584000427|1|07791584000427|PIMIENTA BLANCA MOLIDA LAR 25 GRS.|ESPECIAS LAR|1160.00|958.68|1|1160.00|958.68|0.00|0.00| |0.00|0.00| 
70|1|3|7791584000427|1|07791584000427|PIMIENTA BLANCA MOLIDA LAR 25 GRS.|ESPECIAS LAR|1160.00|958.68|1|1160.00|958.68|0.00|0.00| |0.00|0.00| 
70|1|4|7791584000427|1|07791584000427|PIMIENTA BLANCA MOLIDA LAR 25 GRS.|ESPECIAS LAR|1160.00|958.68|1|1160.00|958.68|0.00|0.00| |0.00|0.00| 
70|1|1|7791584000526|1|07791584000526|PIMIENTA NEGRA CALIDAD P.PRECIO 25G|PRODUCTO P.PRECIO VT|750.00|619.83|1|750.00|619.83|0.00|0.00| |0.00|0.00| 
70|1|1|7791584000335|1|07791584000335|PIMIENTA NEGRA MOLIDA LAR 25 GRS.|ESPECIAS LAR|775.00|640.50|1|775.00|640.50|0.00|0.00| |0.00|0.00| 
70|1|2|7791584000335|1|07791584000335|PIMIENTA NEGRA MOLIDA LAR 25 GRS.|ESPECIAS LAR|775.00|640.50|1|775.00|640.50|0.00|0.00| |0.00|0.00| 
70|1|3|7791584000335|1|07791584000335|PIMIENTA NEGRA MOLIDA LAR 25 GRS.|ESPECIAS LAR|775.00|640.50|1|775.00|640.50|0.00|0.00| |0.00|0.00| 
70|1|4|7791584000335|1|07791584000335|PIMIENTA NEGRA MOLIDA LAR 25 GRS.|ESPECIAS LAR|775.00|640.50|1|775.00|640.50|0.00|0.00| |0.00|0.00| 
70|1|4|6000001022234|1|06000001022234|PIMIENTO AMARILLO KG.|VERDULERIA|5500.00|4977.38|1|5500.00|4977.38|0.00|0.00| |0.00|0.00| 
70|1|4|6000001062452|1|06000001062452|PIMIENTO ROJO KG|VERDULERIA|5500.00|4977.38|1|5500.00|4977.38|0.00|0.00| |0.00|0.00| 
70|1|4|6000001062384|1|06000001062384|PIMIENTO VERDE KG|VERDULERIA|4200.00|3800.90|1|4200.00|3800.90|0.00|0.00| |0.00|0.00| 
70|1|1|7791885000416|1|07791885000416|PIMIENTOS MORRONES CUMANA 500G|BAVOSI S.A.|4395.00|3632.23|1|4395.00|3632.23|0.00|0.00| |0.00|0.00| 
70|1|3|7791885000416|1|07791885000416|PIMIENTOS MORRONES CUMANA 500G|BAVOSI S.A.|4395.00|3632.23|1|4395.00|3632.23|0.00|0.00| |0.00|0.00| 
70|1|4|7791885000416|1|07791885000416|PIMIENTOS MORRONES CUMANA 500G|BAVOSI S.A.|4395.00|3632.23|1|4395.00|3632.23|0.00|0.00| |0.00|0.00| 
70|1|4|7797443000492|1|07797443000492|PIONONO CRESPAN 150 GRS.|PANIF. BELGRANO|2160.00|1785.12|1|2160.00|1785.12|0.00|0.00| |0.00|0.00| 
70|1|2|7791473001405|1|07791473001405|PIONONO PRIMER PRECIO CHOCOLATE 180|BON MASE S.A.|46.00|38.02|1|46.00|38.02|0.00|0.00| |0.00|0.00| 
70|1|2|7791473000101|1|07791473000101|PIONONO PRIMER PRECIO SALADO 180 GR|BON MASE S.A.|46.00|38.02|1|46.00|38.02|0.00|0.00| |0.00|0.00| 
70|1|2|7792358000445|1|07792358000445|PIONONO PRIMER PRECIO VAINILLA 180G|BON MASE S.A.|46.00|38.02|1|46.00|38.02|0.00|0.00| |0.00|0.00| 
70|1|2|7791708610815|1|07791708610815|PIONONO VENEZIANA SALADO 180G|VENEZIANA |2050.00|1694.21|1|2050.00|1694.21|0.00|0.00| |0.00|0.00| 
70|1|2|7790659080647|1|07790659080647|PLUMERO DUNCANITO Nº22|NUEVA LUZ SRL|1510.68|1248.50|1|1510.68|1248.50|0.00|0.00| |0.00|0.00| 
70|1|2|7790659080654|1|07790659080654|PLUMERO DUNCANITO Nº30|NUEVA LUZ SRL|1801.93|1489.20|1|1801.93|1489.20|0.00|0.00| |0.00|0.00| 
70|1|2|7798071000533|1|07798071000533|PLUMERO PRIMER PRECIO N°28|LA SAMPEDRINA|111.26|91.95|1|111.26|91.95|0.00|0.00| |0.00|0.00| 
70|1|4|6000001183782|1|06000001183782|POLLO FILET PECHUGA KG|FRIGORIFICO S.ISABEL|9790.00|8859.73|1|9790.00|8859.73|0.00|0.00| |0.00|0.00| 
70|1|4|6000000119386|1|06000000119386|POLLO SANTA ISABEL KG.|FRIGORIFICO S.ISABEL|4830.00|4371.04|1|4830.00|4371.04|0.00|0.00| |0.00|0.00| 
70|1|2|7791290005273|1|07791290005273|POLVO ALA 400G. MATIC|PROV.VARIOS LIMPIEZA|1100.00|909.09|1|1100.00|909.09|0.00|0.00| |0.00|0.00| 
70|1|2|7791274196416|1|07791274196416|POLVO DESOD.ALGABO FOOT 200G DOYPAC|ALGABO PERFUMERIA|2078.15|1717.48|1|2078.15|1717.48|0.00|0.00| |0.00|0.00| 
70|1|4|7791274196416|1|07791274196416|POLVO DESOD.ALGABO FOOT 200G DOYPAC|ALGABO PERFUMERIA|2078.15|1717.48|1|2078.15|1717.48|0.00|0.00| |0.00|0.00| 
70|1|2|7791274004377|1|07791274004377|POLVO DESOD.ALGABO FOOT FEM 100G TA|ALGABO PERFUMERIA|1570.15|1297.64|1|1570.15|1297.64|0.00|0.00| |0.00|0.00| 
70|1|4|7791520009705|1|07791520009705|POLVO DESOD.VERITAS 120G. FRESCO|LA FARMACO ARGENTINA|3093.25|2556.40|1|3093.25|2556.40|0.00|0.00| |0.00|0.00| 
70|1|4|7791520009729|1|07791520009729|POLVO DESOD.VERITAS CLASICO 180G|LA FARMACO ARGENTINA|3813.60|3151.74|1|3813.60|3151.74|0.00|0.00| |0.00|0.00| 
70|1|2|7791520009767|1|07791520009767|POLVO DESOD.VERITAS PEDICO 180G|LA FARMACO ARGENTINA|4279.10|3536.45|1|4279.10|3536.45|0.00|0.00| |0.00|0.00| 
70|1|4|7791274003110|1|07791274003110|POLVO DESODORANTE P/PIES 60G TALQUE|ALGABO PERFUMERIA|1508.60|1246.78|1|1508.60|1246.78|0.00|0.00| |0.00|0.00| 
70|1|1|7790990992401|1|07790990992401|POLVO ZORRO 800G BE CLASICO|DREAMCO LIMPIEZA|2050.00|1694.21|1|2050.00|1694.21|0.00|0.00| |0.00|0.00| 
70|1|2|7790990992401|1|07790990992401|POLVO ZORRO 800G BE CLASICO|DREAMCO LIMPIEZA|2050.00|1694.21|1|2050.00|1694.21|0.00|0.00| |0.00|0.00| 
70|1|4|7790990992401|1|07790990992401|POLVO ZORRO 800G BE CLASICO|DREAMCO LIMPIEZA|2050.00|1694.21|1|2050.00|1694.21|0.00|0.00| |0.00|0.00| 
70|1|4|7798024290639|1|07798024290639|POLVORONES P.PRECIO C/CHIPS 300G.|TRIMAK|1500.00|1239.67|1|1500.00|1239.67|0.00|0.00| |0.00|0.00| 
70|1|4|7798024290646|1|07798024290646|POLVORONES P.PRECIO LIMON 360G.|TRIMAK|1500.00|1239.67|1|1500.00|1239.67|0.00|0.00| |0.00|0.00| 
70|1|1|7791130001670|1|07791130001670|POMADA CALZADO COBRA MARRON 30G.|RECKITT LIMPIEZA|3425.00|2830.58|1|3425.00|2830.58|0.00|0.00| |0.00|0.00| 
70|1|3|7791130001670|1|07791130001670|POMADA CALZADO COBRA MARRON 30G.|RECKITT LIMPIEZA|3425.00|2830.58|1|3425.00|2830.58|0.00|0.00| |0.00|0.00| 
70|1|4|7791130001670|1|07791130001670|POMADA CALZADO COBRA MARRON 30G.|RECKITT LIMPIEZA|3425.00|2830.58|1|3425.00|2830.58|0.00|0.00| |0.00|0.00| 
70|1|1|7791130001663|1|07791130001663|POMADA CALZADO COBRA NEGRO 30G.|RECKITT LIMPIEZA|3425.00|2830.58|1|3425.00|2830.58|0.00|0.00| |0.00|0.00| 
70|1|2|7791130001663|1|07791130001663|POMADA CALZADO COBRA NEGRO 30G.|RECKITT LIMPIEZA|3425.00|2830.58|1|3425.00|2830.58|0.00|0.00| |0.00|0.00| 
70|1|3|7791130001663|1|07791130001663|POMADA CALZADO COBRA NEGRO 30G.|RECKITT LIMPIEZA|3425.00|2830.58|1|3425.00|2830.58|0.00|0.00| |0.00|0.00| 
70|1|4|7791130001663|1|07791130001663|POMADA CALZADO COBRA NEGRO 30G.|RECKITT LIMPIEZA|3425.00|2830.58|1|3425.00|2830.58|0.00|0.00| |0.00|0.00| 
70|1|4|7793350000440|1|07793350000440|POMADA LIQUIDA WASSINGTON BLANCO 60|WASSINGTON S.A.|3800.00|3140.50|1|3800.00|3140.50|0.00|0.00| |0.00|0.00| 
70|1|4|7793350000433|1|07793350000433|POMADA LIQUIDA WASSINGTON INCOLOR60|WASSINGTON S.A.|3800.00|3140.50|1|3800.00|3140.50|0.00|0.00| |0.00|0.00| 
70|1|4|7793350000419|1|07793350000419|POMADA LIQUIDA WASSINGTON MARRON 60|WASSINGTON S.A.|3800.00|3140.50|1|3800.00|3140.50|0.00|0.00| |0.00|0.00| 
70|1|2|7793350000402|1|07793350000402|POMADA LIQUIDA WASSINGTON NEGRO 60C|WASSINGTON S.A.|3800.00|3140.50|1|3800.00|3140.50|0.00|0.00| |0.00|0.00| 
70|1|4|7793350000402|1|07793350000402|POMADA LIQUIDA WASSINGTON NEGRO 60C|WASSINGTON S.A.|3800.00|3140.50|1|3800.00|3140.50|0.00|0.00| |0.00|0.00| 
70|1|2|7793350000495|1|07793350000495|POMADA WASSINGTON 65G NEGRO PREMIUM|PR.VARIOS SUPERMERC.|65.00|53.72|1|65.00|53.72|0.00|0.00| |0.00|0.00| 
70|1|4|6000001064296|1|06000001064296|POMELO KG.               |VERDULERIA|2100.00|1900.45|1|2100.00|1900.45|0.00|0.00| |0.00|0.00| 
70|1|1|7790580980900|1|07790580980900|POROTOS ALUBIA ARCOR SEC.REM.300G|ARCOR S.A.|1450.00|1198.35|1|1450.00|1198.35|0.00|0.00| |0.00|0.00| 
70|1|4|7790580980900|1|07790580980900|POROTOS ALUBIA ARCOR SEC.REM.300G|ARCOR S.A.|1450.00|1198.35|1|1450.00|1198.35|0.00|0.00| |0.00|0.00| 
70|1|4|7793360986406|1|07793360986406|POROTOS ALUBIA CAMPAGNOLA 210G.|PR.VARIOS SUPERMERC.|301.10|248.84|1|301.10|248.84|0.00|0.00| |0.00|0.00| 
70|1|1|7798029030087|1|07798029030087|POROTOS ALUBIA ECOSAN 400 GRS|ECOSAN|1740.00|1574.66|1|1740.00|1574.66|0.00|0.00| |0.00|0.00| 
70|1|4|7798029030087|1|07798029030087|POROTOS ALUBIA ECOSAN 400 GRS|ECOSAN|1740.00|1574.66|1|1740.00|1574.66|0.00|0.00| |0.00|0.00| 
70|1|4|7790681001313|1|07790681001313|POROTOS ALUBIAS LAS ACHIRAS 500GRS|LA EGIPCIANA|27.80|25.16|1|27.80|25.16|0.00|0.00| |0.00|0.00| 
70|1|4|7794974000045|1|07794974000045|POROTOS ALUBIAS LEGUMPACK 400GRS|TOTAL ALIMENTOS|78.55|71.09|1|78.55|71.09|0.00|0.00| |0.00|0.00| 
70|1|4|7794974000069|1|07794974000069|POROTOS MANTECA LEGUMPACK 400G|TOTAL ALIMENTOS|39.30|35.57|1|39.30|35.57|0.00|0.00| |0.00|0.00| 
70|1|1|7790790000023|1|07790790000023|POROTOS PRIMER PRECIO 202 GRS.|INALPA|1090.00|900.83|1|1090.00|900.83|0.00|0.00| |0.00|0.00| 
70|1|2|7790790000023|1|07790790000023|POROTOS PRIMER PRECIO 202 GRS.|INALPA|1090.00|900.83|1|1090.00|900.83|0.00|0.00| |0.00|0.00| 
70|1|3|7790790000023|1|07790790000023|POROTOS PRIMER PRECIO 202 GRS.|INALPA|1090.00|900.83|1|1090.00|900.83|0.00|0.00| |0.00|0.00| 
70|1|4|7790790000023|1|07790790000023|POROTOS PRIMER PRECIO 202 GRS.|INALPA|1090.00|900.83|1|1090.00|900.83|0.00|0.00| |0.00|0.00| 
70|1|4|7798001560489|1|07798001560489|POSTRE CREMIGAL CHOCOLATE 125 GRS.|CREMIGAL|640.00|528.93|1|640.00|528.93|0.00|0.00| |0.00|0.00| 
70|1|1|7798001560496|1|07798001560496|POSTRE CREMIGAL DULCE DE LECHE 125G|CREMIGAL|640.00|528.93|1|640.00|528.93|0.00|0.00| |0.00|0.00| 
70|1|4|7798001560496|1|07798001560496|POSTRE CREMIGAL DULCE DE LECHE 125G|CREMIGAL|640.00|528.93|1|640.00|528.93|0.00|0.00| |0.00|0.00| 
70|1|1|7798001560472|1|07798001560472|POSTRE CREMIGAL VAINILLA 125 GRS.|CREMIGAL|640.00|528.93|1|640.00|528.93|0.00|0.00| |0.00|0.00| 
70|1|4|7798001560472|1|07798001560472|POSTRE CREMIGAL VAINILLA 125 GRS.|CREMIGAL|640.00|528.93|1|640.00|528.93|0.00|0.00| |0.00|0.00| 
70|1|4|7793046006534|1|07793046006534|POSTRE DULCOR BATATA C/D.LECHE 5 KG|PR.VARIOS SUPERMERC.|2600.00|2148.76|1|2600.00|2148.76|0.00|0.00| |0.00|0.00| 
70|1|1|7790070408556|1|07790070408556|POSTRE EXQUISITA CHOCOLATE 80G.|MOLINOS RIO DL.PLATA|1130.00|933.88|1|1130.00|933.88|0.00|0.00| |0.00|0.00| 
70|1|3|7790070408556|1|07790070408556|POSTRE EXQUISITA CHOCOLATE 80G.|MOLINOS RIO DL.PLATA|1130.00|933.88|1|1130.00|933.88|0.00|0.00| |0.00|0.00| 
70|1|1|7790070408570|1|07790070408570|POSTRE EXQUISITA DULCE DE LECHE 80G|MOLINOS RIO DL.PLATA|850.00|702.48|1|850.00|702.48|0.00|0.00| |0.00|0.00| 
70|1|2|7790070408570|1|07790070408570|POSTRE EXQUISITA DULCE DE LECHE 80G|MOLINOS RIO DL.PLATA|850.00|702.48|1|850.00|702.48|0.00|0.00| |0.00|0.00| 
70|1|3|7790070408570|1|07790070408570|POSTRE EXQUISITA DULCE DE LECHE 80G|MOLINOS RIO DL.PLATA|850.00|702.48|1|850.00|702.48|0.00|0.00| |0.00|0.00| 
70|1|4|7790070408570|1|07790070408570|POSTRE EXQUISITA DULCE DE LECHE 80G|MOLINOS RIO DL.PLATA|850.00|702.48|1|850.00|702.48|0.00|0.00| |0.00|0.00| 
70|1|1|7790070408181|1|07790070408181|POSTRE EXQUISITA LIGHT CHOCOLATE 65|MOLINOS RIO DL.PLATA|1160.00|958.68|1|1160.00|958.68|0.00|0.00| |0.00|0.00| 
70|1|4|7790070408181|1|07790070408181|POSTRE EXQUISITA LIGHT CHOCOLATE 65|MOLINOS RIO DL.PLATA|1160.00|958.68|1|1160.00|958.68|0.00|0.00| |0.00|0.00| 
70|1|3|7790070408198|1|07790070408198|POSTRE EXQUISITA LIGHT D.LECHE 60GR|MOLINOS RIO DL.PLATA|850.00|702.48|1|850.00|702.48|0.00|0.00| |0.00|0.00| 
70|1|1|7790070408532|1|07790070408532|POSTRE EXQUISITA VAINILLA 80G.|MOLINOS RIO DL.PLATA|870.00|719.01|1|870.00|719.01|0.00|0.00| |0.00|0.00| 
70|1|2|7790070408532|1|07790070408532|POSTRE EXQUISITA VAINILLA 80G.|MOLINOS RIO DL.PLATA|870.00|719.01|1|870.00|719.01|0.00|0.00| |0.00|0.00| 
70|1|3|7790070408532|1|07790070408532|POSTRE EXQUISITA VAINILLA 80G.|MOLINOS RIO DL.PLATA|870.00|719.01|1|870.00|719.01|0.00|0.00| |0.00|0.00| 
70|1|4|7790070408532|1|07790070408532|POSTRE EXQUISITA VAINILLA 80G.|MOLINOS RIO DL.PLATA|870.00|719.01|1|870.00|719.01|0.00|0.00| |0.00|0.00| 
70|1|4|7790787087174|1|07790787087174|POSTRE ILOLAY KIDS CHOCOLATE 120GRS|WILLINER|1120.00|925.62|1|1120.00|925.62|0.00|0.00| |0.00|0.00| 
70|1|4|7790787087204|1|07790787087204|POSTRE ILOLAY KIDS CONFITES 120GRS|WILLINER|2060.00|1702.48|1|2060.00|1702.48|0.00|0.00| |0.00|0.00| 
70|1|4|7790787087198|1|07790787087198|POSTRE ILOLAY KIDS D.LECHE 120GRS|WILLINER|1120.00|925.62|1|1120.00|925.62|0.00|0.00| |0.00|0.00| 
70|1|4|7790787087181|1|07790787087181|POSTRE ILOLAY KIDS VAIN.D.LECHE 120|WILLINER|1120.00|925.62|1|1120.00|925.62|0.00|0.00| |0.00|0.00| 
70|1|4|7790787087167|1|07790787087167|POSTRE ILOLAY KIDS VAINILLA 120GRS|WILLINER|1120.00|925.62|1|1120.00|925.62|0.00|0.00| |0.00|0.00| 
70|1|4|7791249985915|1|07791249985915|POSTRE MANTECOL 250 GRS.|CADBURY|255.90|211.49|1|255.90|211.49|0.00|0.00| |0.00|0.00| 
70|1|4|7791249420874|1|07791249420874|POSTRE MANTECOL 400 G.|CADBURY|384.40|317.69|1|384.40|317.69|0.00|0.00| |0.00|0.00| 
70|1|1|7622300739249|1|07622300739249|POSTRE ROYAL SOBRE CHOCOLATE 65G.|KRAFT FOODS ARGENTIN|1170.00|966.94|1|1170.00|966.94|0.00|0.00| |0.00|0.00| 
70|1|2|7622300739249|1|07622300739249|POSTRE ROYAL SOBRE CHOCOLATE 65G.|KRAFT FOODS ARGENTIN|1170.00|966.94|1|1170.00|966.94|0.00|0.00| |0.00|0.00| 
70|1|4|7622300739249|1|07622300739249|POSTRE ROYAL SOBRE CHOCOLATE 65G.|KRAFT FOODS ARGENTIN|1170.00|966.94|1|1170.00|966.94|0.00|0.00| |0.00|0.00| 
70|1|1|7622300813802|1|07622300813802|POSTRE ROYAL SOBRE D.DE LECHE 75G.|KRAFT FOODS ARGENTIN|1170.00|966.94|1|1170.00|966.94|0.00|0.00| |0.00|0.00| 
70|1|2|7622300813802|1|07622300813802|POSTRE ROYAL SOBRE D.DE LECHE 75G.|KRAFT FOODS ARGENTIN|1170.00|966.94|1|1170.00|966.94|0.00|0.00| |0.00|0.00| 
70|1|4|7622300813802|1|07622300813802|POSTRE ROYAL SOBRE D.DE LECHE 75G.|KRAFT FOODS ARGENTIN|1170.00|966.94|1|1170.00|966.94|0.00|0.00| |0.00|0.00| 
70|1|1|7622300739331|1|07622300739331|POSTRE ROYAL SOBRE FRUTILLA 75G.|KRAFT FOODS ARGENTIN|1170.00|966.94|1|1170.00|966.94|0.00|0.00| |0.00|0.00| 
70|1|2|7622300739331|1|07622300739331|POSTRE ROYAL SOBRE FRUTILLA 75G.|KRAFT FOODS ARGENTIN|1170.00|966.94|1|1170.00|966.94|0.00|0.00| |0.00|0.00| 
70|1|4|7622300739331|1|07622300739331|POSTRE ROYAL SOBRE FRUTILLA 75G.|KRAFT FOODS ARGENTIN|1170.00|966.94|1|1170.00|966.94|0.00|0.00| |0.00|0.00| 
70|1|3|7622300739447|1|07622300739447|POSTRE ROYAL SOBRE LIGHT CHOCOLATE |KRAFT FOODS ARGENTIN|1170.00|966.94|1|1170.00|966.94|0.00|0.00| |0.00|0.00| 
70|1|4|7622300739447|1|07622300739447|POSTRE ROYAL SOBRE LIGHT CHOCOLATE |KRAFT FOODS ARGENTIN|1170.00|966.94|1|1170.00|966.94|0.00|0.00| |0.00|0.00| 
70|1|4|7622300813833|1|07622300813833|POSTRE ROYAL SOBRE LIGHT DULCE DE L|PR.VARIOS SUPERMERC.|257.35|212.69|1|257.35|212.69|0.00|0.00| |0.00|0.00| 
70|1|1|7622300739287|1|07622300739287|POSTRE ROYAL SOBRE VAINILLA 75G.|KRAFT FOODS ARGENTIN|1170.00|966.94|1|1170.00|966.94|0.00|0.00| |0.00|0.00| 
70|1|2|7622300739287|1|07622300739287|POSTRE ROYAL SOBRE VAINILLA 75G.|KRAFT FOODS ARGENTIN|1170.00|966.94|1|1170.00|966.94|0.00|0.00| |0.00|0.00| 
70|1|3|7622300739287|1|07622300739287|POSTRE ROYAL SOBRE VAINILLA 75G.|KRAFT FOODS ARGENTIN|1170.00|966.94|1|1170.00|966.94|0.00|0.00| |0.00|0.00| 
70|1|4|7622300739287|1|07622300739287|POSTRE ROYAL SOBRE VAINILLA 75G.|KRAFT FOODS ARGENTIN|1170.00|966.94|1|1170.00|966.94|0.00|0.00| |0.00|0.00| 
70|1|4|7791337304017|1|07791337304017|POSTRE SERENITO C/CONFITES VAINI120|DANONE ARGENTINA SA|1125.00|929.75|1|1125.00|929.75|0.00|0.00| |0.00|0.00| 
70|1|4|7791337409019|1|07791337409019|POSTRE SERENITO CHOCOBOMBAS VAIN118|LA SERENISIMA|25.35|20.95|1|25.35|20.95|0.00|0.00| |0.00|0.00| 
70|1|4|7793940034169|1|07793940034169|POSTRE SERENITO COMB.V/D/L 120GRS|DANONE ARGENTINA SA|398.00|328.93|1|398.00|328.93|0.00|0.00| |0.00|0.00| 
70|1|4|7793940095405|1|07793940095405|POSTRE SERENITO VAINILLA 120GR|DANONE ARGENTINA SA|398.00|328.93|1|398.00|328.93|0.00|0.00| |0.00|0.00| 
70|1|4|7798160700054|1|07798160700054|PREMEZCLA DELICEL PAN 500G.|DELICEL |2900.00|2396.69|1|2900.00|2396.69|0.00|0.00| |0.00|0.00| 
70|1|4|7798075280283|1|07798075280283|PREMEZCLA GLUTAL P/PANIFICADO 1KG|GLUTAL S.A.|5230.00|4322.31|1|5230.00|4322.31|0.00|0.00| |0.00|0.00| 
70|1|4|7798082000201|1|07798082000201|PREMEZCLA NATURZEN P/PIZZA 450G|CEREALES NATURALES|3170.00|2619.83|1|3170.00|2619.83|0.00|0.00| |0.00|0.00| 
70|1|4|7798082000188|1|07798082000188|PREMEZCLA NATUZEN PANA. Y REPO.450|CEREALES NATURALES|2440.00|2016.53|1|2440.00|2016.53|0.00|0.00| |0.00|0.00| 
70|1|1|7792180006752|1|07792180006752|PREMEZCLA P/ÑOQUIS PAPA CAÑUELAS 40|MOLINO CAÑUELAS|2910.00|2404.96|1|2910.00|2404.96|0.00|0.00| |0.00|0.00| 
70|1|3|7792180006752|1|07792180006752|PREMEZCLA P/ÑOQUIS PAPA CAÑUELAS 40|MOLINO CAÑUELAS|2910.00|2404.96|1|2910.00|2404.96|0.00|0.00| |0.00|0.00| 
70|1|4|7792180006752|1|07792180006752|PREMEZCLA P/ÑOQUIS PAPA CAÑUELAS 40|MOLINO CAÑUELAS|2910.00|2404.96|1|2910.00|2404.96|0.00|0.00| |0.00|0.00| 
70|1|1|7792180004833|1|07792180004833|PREMEZCLA P/PIZZA CAÑUELAS 500G.|MOLINO CAÑUELAS|1590.00|1314.05|1|1590.00|1314.05|0.00|0.00| |0.00|0.00| 
70|1|4|7792180004833|1|07792180004833|PREMEZCLA P/PIZZA CAÑUELAS 500G.|MOLINO CAÑUELAS|1590.00|1314.05|1|1590.00|1314.05|0.00|0.00| |0.00|0.00| 
70|1|4|7797443000522|1|07797443000522|PREPIZZA CRESPAN           |PANIF. BELGRANO|1240.00|1024.79|1|1240.00|1024.79|0.00|0.00| |0.00|0.00| 
70|1|4|7797443000539|1|07797443000539|PREPIZZA CRESPAN 2UNID,|PANIF. BELGRANO|2070.00|1710.74|1|2070.00|1710.74|0.00|0.00| |0.00|0.00| 
70|1|4|0000000074679|0|00000000074679|PREPIZZA DOBLE LA MAGA |PANIF.LA MAGA NOGOYA|1830.00|1512.40|1|1830.00|1512.40|0.00|0.00| |0.00|0.00| 
70|1|4|0000000074678|0|00000000074678|PREPIZZA SIMPLES LA MAGA|PANIF.LA MAGA NOGOYA|1310.00|1082.64|1|1310.00|1082.64|0.00|0.00| |0.00|0.00| 
70|1|1|7790940235435|1|07790940235435|PROTECTOR DIARIO P.PRECIO 20U|LENTERDIT S.A.|710.00|586.78|1|710.00|586.78|0.00|0.00| |0.00|0.00| 
70|1|2|7790940235435|1|07790940235435|PROTECTOR DIARIO P.PRECIO 20U|LENTERDIT S.A.|710.00|586.78|1|710.00|586.78|0.00|0.00| |0.00|0.00| 
70|1|3|7790940235435|1|07790940235435|PROTECTOR DIARIO P.PRECIO 20U|LENTERDIT S.A.|710.00|586.78|1|710.00|586.78|0.00|0.00| |0.00|0.00| 
70|1|4|7790940235435|1|07790940235435|PROTECTOR DIARIO P.PRECIO 20U|LENTERDIT S.A.|710.00|586.78|1|710.00|586.78|0.00|0.00| |0.00|0.00| 
70|1|1|7790940235442|1|07790940235442|PROTECTOR DIARIO P.PRECIO 40U|LENTERDIT S.A.|1430.00|1181.82|1|1430.00|1181.82|0.00|0.00| |0.00|0.00| 
70|1|2|7790940235442|1|07790940235442|PROTECTOR DIARIO P.PRECIO 40U|LENTERDIT S.A.|1430.00|1181.82|1|1430.00|1181.82|0.00|0.00| |0.00|0.00| 
70|1|4|7790940235442|1|07790940235442|PROTECTOR DIARIO P.PRECIO 40U|LENTERDIT S.A.|1430.00|1181.82|1|1430.00|1181.82|0.00|0.00| |0.00|0.00| 
70|1|4|7793742032615|1|07793742032615|PROTECTOR SOLAR DERMAGLOS FPS 30 38|RAFAEL GALLEGO SRL|2932.75|2423.76|1|2932.75|2423.76|0.00|0.00| |0.00|0.00| 
70|1|2|7796045109022|1|07796045109022|PROTECTOR SOLAR R. DE SOL SPRAY F30|RAYITO DE SOL|16969.94|14024.74|1|16969.94|14024.74|0.00|0.00| |0.00|0.00| 
70|1|4|7796045109022|1|07796045109022|PROTECTOR SOLAR R. DE SOL SPRAY F30|RAYITO DE SOL|16969.94|14024.74|1|16969.94|14024.74|0.00|0.00| |0.00|0.00| 
70|1|2|7796045102276|1|07796045102276|PROTECTOR SOLAR R.DE SOL BABY F65 9|RAYITO DE SOL|15004.67|12400.55|1|15004.67|12400.55|0.00|0.00| |0.00|0.00| 
70|1|2|7796045102337|1|07796045102337|PROTECTOR SOLAR RAYITO DE SOL FPS30|RAYITO DE SOL|14809.94|12239.62|1|14809.94|12239.62|0.00|0.00| |0.00|0.00| 
70|1|4|7796045102337|1|07796045102337|PROTECTOR SOLAR RAYITO DE SOL FPS30|RAYITO DE SOL|14809.94|12239.62|1|14809.94|12239.62|0.00|0.00| |0.00|0.00| 
70|1|4|7796045102399|1|07796045102399|PROTECTOR SOLAR RAYITO DE SOL FPS30|RAYITO DE SOL|13841.10|11438.93|1|13841.10|11438.93|0.00|0.00| |0.00|0.00| 
70|1|2|7796045102344|1|07796045102344|PROTECTOR SOLAR RAYITO DE SOL FPS40|RAYITO DE SOL|16611.93|13728.87|1|16611.93|13728.87|0.00|0.00| |0.00|0.00| 
70|1|4|7796045102344|1|07796045102344|PROTECTOR SOLAR RAYITO DE SOL FPS40|RAYITO DE SOL|16611.93|13728.87|1|16611.93|13728.87|0.00|0.00| |0.00|0.00| 
70|1|4|7790250096481|1|07790250096481|PROTECTORES LADYSOFT 20U.9726|LA PAPELERA DEL PLAT|645.00|533.06|1|645.00|533.06|0.00|0.00| |0.00|0.00| 
70|1|1|7791584000557|1|07791584000557|PROVENZAL CALIDAD P.PRECIO 25GRS|PRODUCTO P.PRECIO VT|600.00|495.87|1|600.00|495.87|0.00|0.00| |0.00|0.00| 
70|1|2|7791584000557|1|07791584000557|PROVENZAL CALIDAD P.PRECIO 25GRS|PRODUCTO P.PRECIO VT|600.00|495.87|1|600.00|495.87|0.00|0.00| |0.00|0.00| 
70|1|4|7791584000557|1|07791584000557|PROVENZAL CALIDAD P.PRECIO 25GRS|PRODUCTO P.PRECIO VT|600.00|495.87|1|600.00|495.87|0.00|0.00| |0.00|0.00| 
70|1|2|7791584000564|1|07791584000564|PROVENZAL CALIDAD P.PRECIO 50GRS|PRODUCTO P.PRECIO VT|1080.00|892.56|1|1080.00|892.56|0.00|0.00| |0.00|0.00| 
70|1|4|7791584000564|1|07791584000564|PROVENZAL CALIDAD P.PRECIO 50GRS|PRODUCTO P.PRECIO VT|1080.00|892.56|1|1080.00|892.56|0.00|0.00| |0.00|0.00| 
70|1|1|7791584000229|1|07791584000229|PROVENZAL LAR 25 GRS.|ESPECIAS LAR|540.00|446.28|1|540.00|446.28|0.00|0.00| |0.00|0.00| 
70|1|2|7791584000229|1|07791584000229|PROVENZAL LAR 25 GRS.|ESPECIAS LAR|540.00|446.28|1|540.00|446.28|0.00|0.00| |0.00|0.00| 
70|1|3|7791584000229|1|07791584000229|PROVENZAL LAR 25 GRS.|ESPECIAS LAR|540.00|446.28|1|540.00|446.28|0.00|0.00| |0.00|0.00| 
70|1|4|7791584000229|1|07791584000229|PROVENZAL LAR 25 GRS.|ESPECIAS LAR|540.00|446.28|1|540.00|446.28|0.00|0.00| |0.00|0.00| 
70|1|1|7795933202029|1|07795933202029|PULPA DE ANANA BAHIA 850 GRS.|REGIONAL TRADE|4080.00|3371.90|1|4080.00|3371.90|0.00|0.00| |0.00|0.00| 
70|1|2|7795933202029|1|07795933202029|PULPA DE ANANA BAHIA 850 GRS.|REGIONAL TRADE|4080.00|3371.90|1|4080.00|3371.90|0.00|0.00| |0.00|0.00| 
70|1|4|7795933202029|1|07795933202029|PULPA DE ANANA BAHIA 850 GRS.|REGIONAL TRADE|4080.00|3371.90|1|4080.00|3371.90|0.00|0.00| |0.00|0.00| 
70|1|4|6000001022548|1|06000001022548|PULPA DE CERDO KG.|CARNE CERDO|10210.00|9239.82|1|10210.00|9239.82|0.00|0.00| |0.00|0.00| 
70|1|1|7795933207017|1|07795933207017|PULPA DE DURAZNO BAHIA 850 GRS.|REGIONAL TRADE|3630.00|3000.00|1|3630.00|3000.00|0.00|0.00| |0.00|0.00| 
70|1|2|7795933207017|1|07795933207017|PULPA DE DURAZNO BAHIA 850 GRS.|REGIONAL TRADE|3630.00|3000.00|1|3630.00|3000.00|0.00|0.00| |0.00|0.00| 
70|1|3|7795933207017|1|07795933207017|PULPA DE DURAZNO BAHIA 850 GRS.|REGIONAL TRADE|3630.00|3000.00|1|3630.00|3000.00|0.00|0.00| |0.00|0.00| 
70|1|4|7795933207017|1|07795933207017|PULPA DE DURAZNO BAHIA 850 GRS.|REGIONAL TRADE|3630.00|3000.00|1|3630.00|3000.00|0.00|0.00| |0.00|0.00| 
70|1|1|7795933000526|1|07795933000526|PULPA DE FRUTILLA BAHIA 850 GRS.|REGIONAL TRADE|3540.00|2925.62|1|3540.00|2925.62|0.00|0.00| |0.00|0.00| 
70|1|2|7795933000526|1|07795933000526|PULPA DE FRUTILLA BAHIA 850 GRS.|REGIONAL TRADE|3540.00|2925.62|1|3540.00|2925.62|0.00|0.00| |0.00|0.00| 
70|1|3|7795933000526|1|07795933000526|PULPA DE FRUTILLA BAHIA 850 GRS.|REGIONAL TRADE|3540.00|2925.62|1|3540.00|2925.62|0.00|0.00| |0.00|0.00| 
70|1|4|7795933000526|1|07795933000526|PULPA DE FRUTILLA BAHIA 850 GRS.|REGIONAL TRADE|3540.00|2925.62|1|3540.00|2925.62|0.00|0.00| |0.00|0.00| 
70|1|4|7795933203170|1|07795933203170|PULPA DE FRUTILLA P/REPOSTERIA BAHI|REGIONAL TRADE|2608.15|2155.50|1|2608.15|2155.50|0.00|0.00| |0.00|0.00| 
70|1|4|7795933209028|1|07795933209028|PULPA DE GUARANA BAHIA 420G.|REGIONAL TRADE|1722.85|1423.84|1|1722.85|1423.84|0.00|0.00| |0.00|0.00| 
70|1|1|7795933206010|1|07795933206010|PULPA DE MARACUYA BAHIA 420G.|REGIONAL TRADE|2670.00|2206.61|1|2670.00|2206.61|0.00|0.00| |0.00|0.00| 
70|1|1|7794000592506|1|07794000592506|PURE DE PAPAS KNORR 125G|UNILEVER BEST FOODS|2230.00|1842.98|1|2230.00|1842.98|0.00|0.00| |0.00|0.00| 
70|1|3|7794000592506|1|07794000592506|PURE DE PAPAS KNORR 125G|UNILEVER BEST FOODS|2230.00|1842.98|1|2230.00|1842.98|0.00|0.00| |0.00|0.00| 
70|1|4|7794000592506|1|07794000592506|PURE DE PAPAS KNORR 125G|UNILEVER BEST FOODS|2230.00|1842.98|1|2230.00|1842.98|0.00|0.00| |0.00|0.00| 
70|1|1|7793360000485|1|07793360000485|PURE TOMATE CAMPAGNOLA 530G.   |LA CAMPAGNOLA|1150.00|950.41|1|1150.00|950.41|0.00|0.00| |0.00|0.00| 
70|1|4|7793360000485|1|07793360000485|PURE TOMATE CAMPAGNOLA 530G.   |LA CAMPAGNOLA|1150.00|950.41|1|1150.00|950.41|0.00|0.00| |0.00|0.00| 
70|1|1|7798156760093|1|07798156760093|PURE TOMATE PRIMER PRECIO 520 GRS|LA ESPAÑOLA|660.00|545.45|1|660.00|545.45|0.00|0.00| |0.00|0.00| 
70|1|2|7798156760093|1|07798156760093|PURE TOMATE PRIMER PRECIO 520 GRS|LA ESPAÑOLA|660.00|545.45|1|660.00|545.45|0.00|0.00| |0.00|0.00| 
70|1|3|7798156760093|1|07798156760093|PURE TOMATE PRIMER PRECIO 520 GRS|LA ESPAÑOLA|660.00|545.45|1|660.00|545.45|0.00|0.00| |0.00|0.00| 
70|1|4|7798156760093|1|07798156760093|PURE TOMATE PRIMER PRECIO 520 GRS|LA ESPAÑOLA|660.00|545.45|1|660.00|545.45|0.00|0.00| |0.00|0.00| 
70|1|1|7790123001109|1|07790123001109|PURE TOMATE VIGENTE 520G.|LA ESPAÑOLA|700.00|578.51|1|700.00|578.51|0.00|0.00| |0.00|0.00| 
70|1|2|7790123001109|1|07790123001109|PURE TOMATE VIGENTE 520G.|LA ESPAÑOLA|700.00|578.51|1|700.00|578.51|0.00|0.00| |0.00|0.00| 
70|1|3|7790123001109|1|07790123001109|PURE TOMATE VIGENTE 520G.|LA ESPAÑOLA|700.00|578.51|1|700.00|578.51|0.00|0.00| |0.00|0.00| 
70|1|4|7790123001109|1|07790123001109|PURE TOMATE VIGENTE 520G.|LA ESPAÑOLA|700.00|578.51|1|700.00|578.51|0.00|0.00| |0.00|0.00| 
70|1|4|7891143018396|1|07891143018396|QUESO ADLER FETAS CHEDDAR 144G.|MILKAUT|3720.00|3074.38|1|3720.00|3074.38|0.00|0.00| |0.00|0.00| 
70|1|4|7791564013355|1|07791564013355|QUESO ADLER GRUYERE 100 G.|MILKAUT|2700.00|2231.40|1|2700.00|2231.40|0.00|0.00| |0.00|0.00| 
70|1|4|7791564012488|1|07791564012488|QUESO ADLER JAMON 100 GRS.|MILKAUT|2700.00|2231.40|1|2700.00|2231.40|0.00|0.00| |0.00|0.00| 
70|1|4|6000001026362|1|06000001026362|QUESO CREMIGAL CREMOSO KG.|CREMIGAL|10070.00|8322.31|1|10070.00|8322.31|0.00|0.00| |0.00|0.00| 
70|1|4|6000001042102|1|06000001042102|QUESO CREMIGAL P.SALUD S/SAL KG.|CREMIGAL|11280.00|9322.31|1|11280.00|9322.31|0.00|0.00| |0.00|0.00| 
70|1|4|6000001038792|1|06000001038792|QUESO CREMIGAL PORT SALUD KG.|CREMIGAL|10620.00|8776.86|1|10620.00|8776.86|0.00|0.00| |0.00|0.00| 
70|1|4|6000001086694|1|06000001086694|QUESO CREMIGAL REGGIANITO KG.|CREMIGAL|16890.00|13958.68|1|16890.00|13958.68|0.00|0.00| |0.00|0.00| 
70|1|4|7790742161802|1|07790742161802|QUESO FINLANDIA LIGHT VIT. 200G.|MASTELLONE HNOS S.A.|131.40|108.60|1|131.40|108.60|0.00|0.00| |0.00|0.00| 
70|1|4|7790742163509|1|07790742163509|QUESO FINLANDIA LIGHT VIT. 300G. |MASTELLONE HNOS S.A.|196.71|162.57|1|196.71|162.57|0.00|0.00| |0.00|0.00| 
70|1|4|7790742161703|1|07790742161703|QUESO FINLANDIA VIT. 200G.|MASTELLONE HNOS S.A.|131.40|108.60|1|131.40|108.60|0.00|0.00| |0.00|0.00| 
70|1|4|7790742163905|1|07790742163905|QUESO FINLANDIA VIT. 300G.|MASTELLONE HNOS S.A.|196.71|162.57|1|196.71|162.57|0.00|0.00| |0.00|0.00| 
70|1|4|7790742167705|1|07790742167705|QUESO FINLANDIA VIT. CHEDAR 200G.|MASTELLONE HNOS S.A.|131.40|108.60|1|131.40|108.60|0.00|0.00| |0.00|0.00| 
70|1|4|7790742176707|1|07790742176707|QUESO FINLANDIA VIT. PARMESANO 200G|MASTELLONE HNOS S.A.|131.40|108.60|1|131.40|108.60|0.00|0.00| |0.00|0.00| 
70|1|2|7790787002931|1|07790787002931|QUESO ILOLAY RALLADO 120G. |WILLINER|4510.00|3727.27|1|4510.00|3727.27|0.00|0.00| |0.00|0.00| 
70|1|4|7790787002931|1|07790787002931|QUESO ILOLAY RALLADO 120G. |WILLINER|4510.00|3727.27|1|4510.00|3727.27|0.00|0.00| |0.00|0.00| 
70|1|4|7790787251780|1|07790787251780|QUESO ILOLAY RALLADO 40 G.       |WILLINER|1600.00|1322.31|1|1600.00|1322.31|0.00|0.00| |0.00|0.00| 
70|1|1|7790787004416|1|07790787004416|QUESO ILOLAY UNTABLE CLASICO 190|WILLINER|2330.00|1925.62|1|2330.00|1925.62|0.00|0.00| |0.00|0.00| 
70|1|4|7790787004416|1|07790787004416|QUESO ILOLAY UNTABLE CLASICO 190|WILLINER|2330.00|1925.62|1|2330.00|1925.62|0.00|0.00| |0.00|0.00| 
70|1|4|7790787004430|1|07790787004430|QUESO ILOLAY UNTABLE JAMON 190|WILLINER|2330.00|1925.62|1|2330.00|1925.62|0.00|0.00| |0.00|0.00| 
70|1|1|7790787003525|1|07790787003525|QUESO ILOLAY UNTABLE P.SALUT BALANC|WILLINER|2330.00|1925.62|1|2330.00|1925.62|0.00|0.00| |0.00|0.00| 
70|1|4|7790787003525|1|07790787003525|QUESO ILOLAY UNTABLE P.SALUT BALANC|WILLINER|2330.00|1925.62|1|2330.00|1925.62|0.00|0.00| |0.00|0.00| 
70|1|4|6000001057984|1|06000001057984|QUESO LS CREMON KG.|MASTELLONE HNOS S.A.|13440.00|11107.44|1|13440.00|11107.44|0.00|0.00| |0.00|0.00| 
70|1|2|0000000100290|0|00000000100290|QUESO LS CREMON LIGHT FRACC.KG.|MASTELLONE HNOS S.A.|16150.00|13347.11|1|16150.00|13347.11|0.00|0.00| |0.00|0.00| 
70|1|4|0000000100290|0|00000000100290|QUESO LS CREMON LIGHT FRACC.KG.|MASTELLONE HNOS S.A.|16150.00|13347.11|1|16150.00|13347.11|0.00|0.00| |0.00|0.00| 
70|1|4|0000000100289|0|00000000100289|QUESO LS CREMON LIGHT KG.|MASTELLONE HNOS S.A.|14930.00|12338.84|1|14930.00|12338.84|0.00|0.00| |0.00|0.00| 
70|1|2|6000001064432|1|06000001064432|QUESO LS P.SALUT S/SAL KG|MASTELLONE HNOS S.A.|20160.00|16661.16|1|20160.00|16661.16|0.00|0.00| |0.00|0.00| 
70|1|4|6000001049200|1|06000001049200|QUESO MARIA LUISA BARRA KG.|LACTEOS DOÑA LUISA|10740.00|8876.03|1|10740.00|8876.03|0.00|0.00| |0.00|0.00| 
70|1|4|6000001048838|1|06000001048838|QUESO MARIA LUISA CREMOSO KG.|LACTEOS DOÑA LUISA|8520.00|7041.32|1|8520.00|7041.32|0.00|0.00| |0.00|0.00| 
70|1|4|7794820000304|1|07794820000304|QUESO MILKAUT RALLADO 40 GRS.|MILKAUT|1770.00|1462.81|1|1770.00|1462.81|0.00|0.00| |0.00|0.00| 
70|1|4|7794820014981|1|07794820014981|QUESO MILKAUT UNTABLE JAMON 190GRS|MILKAUT|2650.00|2190.08|1|2650.00|2190.08|0.00|0.00| |0.00|0.00| 
70|1|4|7794820015001|1|07794820015001|QUESO MILKAUT UNTABLE ROQUEFORT 190|MILKAUT|2650.00|2190.08|1|2650.00|2190.08|0.00|0.00| |0.00|0.00| 
70|1|4|7794820014967|1|07794820014967|QUESO MILKAUT UNTABLE TRADICIO. 190|MILKAUT|2650.00|2190.08|1|2650.00|2190.08|0.00|0.00| |0.00|0.00| 
70|1|3|7798039870055|1|07798039870055|QUESO RALLADO CHEF CHEESE 120 |HECK LETICIA|1325.00|1095.04|1|1325.00|1095.04|0.00|0.00| |0.00|0.00| 
70|1|3|7798039870048|1|07798039870048|QUESO RALLADO CHEF CHESSE 35 GRS|HECK LETICIA|398.00|328.93|1|398.00|328.93|0.00|0.00| |0.00|0.00| 
70|1|1|7798112960017|1|07798112960017|QUESO RALLADO DON JOSE 30 GR.|HECK LETICIA|350.00|289.26|1|350.00|289.26|0.00|0.00| |0.00|0.00| 
70|1|4|7798112960017|1|07798112960017|QUESO RALLADO DON JOSE 30 GR.|HECK LETICIA|350.00|289.26|1|350.00|289.26|0.00|0.00| |0.00|0.00| 
70|1|1|6000001052248|1|06000001052248|QUESO TONUTTI CREMOSO KG.        |LACTEOS TONUTTI HNOS|9060.00|7487.60|1|9060.00|7487.60|0.00|0.00| |0.00|0.00| 
70|1|3|6000001052248|1|06000001052248|QUESO TONUTTI CREMOSO KG.        |LACTEOS TONUTTI HNOS|9060.00|7487.60|1|9060.00|7487.60|0.00|0.00| |0.00|0.00| 
70|1|4|6000001052248|1|06000001052248|QUESO TONUTTI CREMOSO KG.        |LACTEOS TONUTTI HNOS|9060.00|7487.60|1|9060.00|7487.60|0.00|0.00| |0.00|0.00| 
70|1|1|0000000100305|0|00000000100305|QUESO TONUTTI DANBO KG.|LACTEOS TONUTTI HNOS|11320.00|9355.37|1|11320.00|9355.37|0.00|0.00| |0.00|0.00| 
70|1|1|6000001151170|1|06000001151170|QUESO TONUTTI HOLANDA KG.|LACTEOS TONUTTI HNOS|13980.00|11553.72|1|13980.00|11553.72|0.00|0.00| |0.00|0.00| 
70|1|1|6000001154690|1|06000001154690|QUESO TONUTTI MAGRO KG.          |LACTEOS TONUTTI HNOS|10420.00|8611.57|1|10420.00|8611.57|0.00|0.00| |0.00|0.00| 
70|1|4|6000001154690|1|06000001154690|QUESO TONUTTI MAGRO KG.          |LACTEOS TONUTTI HNOS|10420.00|8611.57|1|10420.00|8611.57|0.00|0.00| |0.00|0.00| 
70|1|1|6000001153532|1|06000001153532|QUESO TONUTTI MOZZARELLA KG.|LACTEOS TONUTTI HNOS|11320.00|9355.37|1|11320.00|9355.37|0.00|0.00| |0.00|0.00| 
70|1|1|0000000100326|0|00000000100326|QUESO TONUTTI MOZZARELLA TUBO KG.|LACTEOS TONUTTI HNOS|10500.00|8677.69|1|10500.00|8677.69|0.00|0.00| |0.00|0.00| 
70|1|1|6000001088360|1|06000001088360|QUESO TONUTTI PORT SALUT KG.|LACTEOS TONUTTI HNOS|9800.00|8099.17|1|9800.00|8099.17|0.00|0.00| |0.00|0.00| 
70|1|4|6000001088360|1|06000001088360|QUESO TONUTTI PORT SALUT KG.|LACTEOS TONUTTI HNOS|9800.00|8099.17|1|9800.00|8099.17|0.00|0.00| |0.00|0.00| 
70|1|1|6000001068638|1|06000001068638|QUESO TONUTTI ROMANO KG.|LACTEOS TONUTTI HNOS|17980.00|14859.50|1|17980.00|14859.50|0.00|0.00| |0.00|0.00| 
70|1|1|6000001031380|1|06000001031380|QUESO TONUTTI SARDO KG.|LACTEOS TONUTTI HNOS|16000.00|13223.14|1|16000.00|13223.14|0.00|0.00| |0.00|0.00| 
70|1|3|6000001031380|1|06000001031380|QUESO TONUTTI SARDO KG.|LACTEOS TONUTTI HNOS|16000.00|13223.14|1|16000.00|13223.14|0.00|0.00| |0.00|0.00| 
70|1|4|6000001031380|1|06000001031380|QUESO TONUTTI SARDO KG.|LACTEOS TONUTTI HNOS|16000.00|13223.14|1|16000.00|13223.14|0.00|0.00| |0.00|0.00| 
70|1|3|6000001051708|1|06000001051708|QUESO TONUTTI TYBO KG.          |LACTEOS TONUTTI HNOS|11460.00|9471.07|1|11460.00|9471.07|0.00|0.00| |0.00|0.00| 
70|1|4|6000001051708|1|06000001051708|QUESO TONUTTI TYBO KG.          |LACTEOS TONUTTI HNOS|11460.00|9471.07|1|11460.00|9471.07|0.00|0.00| |0.00|0.00| 
70|1|4|7790416066532|1|07790416066532|QUITAESMALTE CUTEX FORTALECEDOR 100|REVLON|2450.45|2025.17|1|2450.45|2025.17|0.00|0.00| |0.00|0.00| 
70|1|4|7790416066631|1|07790416066631|QUITAESMALTE CUTEX HIPOALERGENICO 1|REVLON|2450.45|2025.17|1|2450.45|2025.17|0.00|0.00| |0.00|0.00| 
70|1|4|7790416066433|1|07790416066433|QUITAESMALTE CUTEX HUMECTANTE 100ML|REVLON|2450.45|2025.17|1|2450.45|2025.17|0.00|0.00| |0.00|0.00| 
70|1|2|7793253021108|1|07793253021108|QUITAMANCHAS ARCO IRIS 1 LT.|CLOROX|5590.00|4619.83|1|5590.00|4619.83|0.00|0.00| |0.00|0.00| 
70|1|3|7793253021108|1|07793253021108|QUITAMANCHAS ARCO IRIS 1 LT.|CLOROX|5590.00|4619.83|1|5590.00|4619.83|0.00|0.00| |0.00|0.00| 
70|1|4|7793253021108|1|07793253021108|QUITAMANCHAS ARCO IRIS 1 LT.|CLOROX|5590.00|4619.83|1|5590.00|4619.83|0.00|0.00| |0.00|0.00| 
70|1|1|7793350632184|1|07793350632184|QUITAMANCHAS REX 180 CC.         |WASSINGTON S.A.|6450.00|5330.58|1|6450.00|5330.58|0.00|0.00| |0.00|0.00| 
70|1|3|7793350632184|1|07793350632184|QUITAMANCHAS REX 180 CC.         |WASSINGTON S.A.|6450.00|5330.58|1|6450.00|5330.58|0.00|0.00| |0.00|0.00| 
70|1|4|7793350632184|1|07793350632184|QUITAMANCHAS REX 180 CC.         |WASSINGTON S.A.|6450.00|5330.58|1|6450.00|5330.58|0.00|0.00| |0.00|0.00| 
70|1|1|7791130001748|1|07791130001748|QUITAMANCHAS VANISH DP400 PRE LAVAD|RECKITT LIMPIEZA|2200.00|1818.18|1|2200.00|1818.18|0.00|0.00| |0.00|0.00| 
70|1|3|7791130001748|1|07791130001748|QUITAMANCHAS VANISH DP400 PRE LAVAD|RECKITT LIMPIEZA|2200.00|1818.18|1|2200.00|1818.18|0.00|0.00| |0.00|0.00| 
70|1|4|7791130001748|1|07791130001748|QUITAMANCHAS VANISH DP400 PRE LAVAD|RECKITT LIMPIEZA|2200.00|1818.18|1|2200.00|1818.18|0.00|0.00| |0.00|0.00| 
70|1|3|7791130001854|1|07791130001854|QUITAMANCHAS VANISH DP400CC MULTIUS|RECKITT LIMPIEZA|2200.00|1818.18|1|2200.00|1818.18|0.00|0.00| |0.00|0.00| 
70|1|4|7791130001854|1|07791130001854|QUITAMANCHAS VANISH DP400CC MULTIUS|RECKITT LIMPIEZA|2200.00|1818.18|1|2200.00|1818.18|0.00|0.00| |0.00|0.00| 
70|1|1|7791130015035|1|07791130015035|QUITAMANCHAS VANISH OXI GEL 400CC|RECKITT LIMPIEZA|2550.00|2107.44|1|2550.00|2107.44|0.00|0.00| |0.00|0.00| 
70|1|2|7791130015035|1|07791130015035|QUITAMANCHAS VANISH OXI GEL 400CC|RECKITT LIMPIEZA|2550.00|2107.44|1|2550.00|2107.44|0.00|0.00| |0.00|0.00| 
70|1|4|7791130015035|1|07791130015035|QUITAMANCHAS VANISH OXI GEL 400CC|RECKITT LIMPIEZA|2550.00|2107.44|1|2550.00|2107.44|0.00|0.00| |0.00|0.00| 
70|1|3|7791130015219|1|07791130015219|QUITAMANCHAS VANISH R.BCA.DP.400CC |RECKITT & BENCKISER|2059.20|1701.82|1|2059.20|1701.82|0.00|0.00| |0.00|0.00| 
70|1|4|7791130015219|1|07791130015219|QUITAMANCHAS VANISH R.BCA.DP.400CC |RECKITT & BENCKISER|2059.20|1701.82|1|2059.20|1701.82|0.00|0.00| |0.00|0.00| 
70|1|2|7795145000031|1|07795145000031|RAVIOLES LA BIANCA POLLO 500 GRS|PASTAS LA BIANCA|2350.00|1942.15|1|2350.00|1942.15|0.00|0.00| |0.00|0.00| 
70|1|4|7795145000031|1|07795145000031|RAVIOLES LA BIANCA POLLO 500 GRS|PASTAS LA BIANCA|2350.00|1942.15|1|2350.00|1942.15|0.00|0.00| |0.00|0.00| 
70|1|2|7795145000048|1|07795145000048|RAVIOLES LA BIANCA RICOTA 500 GRS.|PASTAS LA BIANCA|2350.00|1942.15|1|2350.00|1942.15|0.00|0.00| |0.00|0.00| 
70|1|4|7795145000048|1|07795145000048|RAVIOLES LA BIANCA RICOTA 500 GRS.|PASTAS LA BIANCA|2350.00|1942.15|1|2350.00|1942.15|0.00|0.00| |0.00|0.00| 
70|1|2|7795145000055|1|07795145000055|RAVIOLES LA BIANCA VERDURAS 500 GRS|PASTAS LA BIANCA|2350.00|1942.15|1|2350.00|1942.15|0.00|0.00| |0.00|0.00| 
70|1|4|7795145000055|1|07795145000055|RAVIOLES LA BIANCA VERDURAS 500 GRS|PASTAS LA BIANCA|2350.00|1942.15|1|2350.00|1942.15|0.00|0.00| |0.00|0.00| 
70|1|4|7798140400097|1|07798140400097|RAVIOLES LA REINA CARNE-VERDURA 500|LA REINA|2620.00|2165.29|1|2620.00|2165.29|0.00|0.00| |0.00|0.00| 
70|1|1|7790070411556|1|07790070411556|REBOZADOR PREFERIDO 1 KG.        |MOLINOS RIO DL.PLATA|2800.00|2314.05|1|2800.00|2314.05|0.00|0.00| |0.00|0.00| 
70|1|2|7790070411556|1|07790070411556|REBOZADOR PREFERIDO 1 KG.        |MOLINOS RIO DL.PLATA|2800.00|2314.05|1|2800.00|2314.05|0.00|0.00| |0.00|0.00| 
70|1|1|7790070411549|1|07790070411549|REBOZADOR PREFERIDO 500 GRS.|MOLINOS RIO DL.PLATA|1470.00|1214.88|1|1470.00|1214.88|0.00|0.00| |0.00|0.00| 
70|1|2|7790070411549|1|07790070411549|REBOZADOR PREFERIDO 500 GRS.|MOLINOS RIO DL.PLATA|1470.00|1214.88|1|1470.00|1214.88|0.00|0.00| |0.00|0.00| 
70|1|4|7790070411549|1|07790070411549|REBOZADOR PREFERIDO 500 GRS.|MOLINOS RIO DL.PLATA|1470.00|1214.88|1|1470.00|1214.88|0.00|0.00| |0.00|0.00| 
70|1|1|7790070411525|1|07790070411525|REBOZADOR PREFERIDO HORNO 1 KG.|MOLINOS RIO DL.PLATA|3250.00|2685.95|1|3250.00|2685.95|0.00|0.00| |0.00|0.00| 
70|1|2|7790070411525|1|07790070411525|REBOZADOR PREFERIDO HORNO 1 KG.|MOLINOS RIO DL.PLATA|3250.00|2685.95|1|3250.00|2685.95|0.00|0.00| |0.00|0.00| 
70|1|3|7790070411525|1|07790070411525|REBOZADOR PREFERIDO HORNO 1 KG.|MOLINOS RIO DL.PLATA|3250.00|2685.95|1|3250.00|2685.95|0.00|0.00| |0.00|0.00| 
70|1|4|7790070411525|1|07790070411525|REBOZADOR PREFERIDO HORNO 1 KG.|MOLINOS RIO DL.PLATA|3250.00|2685.95|1|3250.00|2685.95|0.00|0.00| |0.00|0.00| 
70|1|1|7790070411518|1|07790070411518|REBOZADOR PREFERIDO HORNO 500G|MOLINOS RIO DL.PLATA|1700.00|1404.96|1|1700.00|1404.96|0.00|0.00| |0.00|0.00| 
70|1|3|7790070411518|1|07790070411518|REBOZADOR PREFERIDO HORNO 500G|MOLINOS RIO DL.PLATA|1700.00|1404.96|1|1700.00|1404.96|0.00|0.00| |0.00|0.00| 
70|1|1|7791422000510|1|07791422000510|REBOZADOR PRIMER PRECIO 400 GRS.|ARAUJO SRL|800.00|661.16|1|800.00|661.16|0.00|0.00| |0.00|0.00| 
70|1|3|7791422000510|1|07791422000510|REBOZADOR PRIMER PRECIO 400 GRS.|ARAUJO SRL|800.00|661.16|1|800.00|661.16|0.00|0.00| |0.00|0.00| 
70|1|4|7791422000510|1|07791422000510|REBOZADOR PRIMER PRECIO 400 GRS.|ARAUJO SRL|800.00|661.16|1|800.00|661.16|0.00|0.00| |0.00|0.00| 
70|1|4|7790580108489|1|07790580108489|RELLENO UNTABLE BON O BON 290G.|ARCOR S.A.|5600.00|4628.10|1|5600.00|4628.10|0.00|0.00| |0.00|0.00| 
70|1|4|6000001065118|1|06000001065118|REMOLACHA  KG.          |VERDULERIA|4500.00|4072.40|1|4500.00|4072.40|0.00|0.00| |0.00|0.00| 
70|1|1|7792816000154|1|07792816000154|REPELENTE ESCUDO AEROSOL 180 CC|HECSPI|3670.00|3033.06|1|3670.00|3033.06|0.00|0.00| |0.00|0.00| 
70|1|2|7792816000154|1|07792816000154|REPELENTE ESCUDO AEROSOL 180 CC|HECSPI|3670.00|3033.06|1|3670.00|3033.06|0.00|0.00| |0.00|0.00| 
70|1|4|7792816000154|1|07792816000154|REPELENTE ESCUDO AEROSOL 180 CC|HECSPI|3670.00|3033.06|1|3670.00|3033.06|0.00|0.00| |0.00|0.00| 
70|1|1|7790520009494|1|07790520009494|REPELENTE OFF AEROSOL 165 CC|SCJ INSECTICIDA|4890.00|4041.32|1|4890.00|4041.32|0.00|0.00| |0.00|0.00| 
70|1|2|7790520009494|1|07790520009494|REPELENTE OFF AEROSOL 165 CC|SCJ INSECTICIDA|4890.00|4041.32|1|4890.00|4041.32|0.00|0.00| |0.00|0.00| 
70|1|4|7790520009494|1|07790520009494|REPELENTE OFF AEROSOL 165 CC|SCJ INSECTICIDA|4890.00|4041.32|1|4890.00|4041.32|0.00|0.00| |0.00|0.00| 
70|1|4|0000077900302|1|00000077900302|REPELENTE OFF CREMA 60G.|PROV.VARIOS LIMPIEZA|1998.00|1651.24|1|1998.00|1651.24|0.00|0.00| |0.00|0.00| 
70|1|4|6000001050886|1|06000001050886|RICOTA MARIA LUISA KG.|LACTEOS DOÑA LUISA|6680.00|5520.66|1|6680.00|5520.66|0.00|0.00| |0.00|0.00| 
70|1|1|7790070228666|1|07790070228666|ROCIO VEGETAL COCINERO CLASICO 120G|MOLINOS RIO DL.PLATA|3380.00|2793.39|1|3380.00|2793.39|0.00|0.00| |0.00|0.00| 
70|1|2|7790070228666|1|07790070228666|ROCIO VEGETAL COCINERO CLASICO 120G|MOLINOS RIO DL.PLATA|3380.00|2793.39|1|3380.00|2793.39|0.00|0.00| |0.00|0.00| 
70|1|3|7790070228666|1|07790070228666|ROCIO VEGETAL COCINERO CLASICO 120G|MOLINOS RIO DL.PLATA|3380.00|2793.39|1|3380.00|2793.39|0.00|0.00| |0.00|0.00| 
70|1|4|7790070228666|1|07790070228666|ROCIO VEGETAL COCINERO CLASICO 120G|MOLINOS RIO DL.PLATA|3380.00|2793.39|1|3380.00|2793.39|0.00|0.00| |0.00|0.00| 
70|1|2|7790070016867|1|07790070016867|ROCIO VEGETAL COCINERO MANTECA 120G|MOLINOS RIO DL.PLATA|3380.00|2793.39|1|3380.00|2793.39|0.00|0.00| |0.00|0.00| 
70|1|3|7790070016867|1|07790070016867|ROCIO VEGETAL COCINERO MANTECA 120G|MOLINOS RIO DL.PLATA|3380.00|2793.39|1|3380.00|2793.39|0.00|0.00| |0.00|0.00| 
70|1|4|7790070016867|1|07790070016867|ROCIO VEGETAL COCINERO MANTECA 120G|MOLINOS RIO DL.PLATA|3380.00|2793.39|1|3380.00|2793.39|0.00|0.00| |0.00|0.00| 
70|1|2|7790070016881|1|07790070016881|ROCIO VEGETAL COCINERO OLIVA 120GRS|MOLINOS RIO DL.PLATA|4190.00|3462.81|1|4190.00|3462.81|0.00|0.00| |0.00|0.00| 
70|1|3|7790070016881|1|07790070016881|ROCIO VEGETAL COCINERO OLIVA 120GRS|MOLINOS RIO DL.PLATA|4190.00|3462.81|1|4190.00|3462.81|0.00|0.00| |0.00|0.00| 
70|1|4|7790070016881|1|07790070016881|ROCIO VEGETAL COCINERO OLIVA 120GRS|MOLINOS RIO DL.PLATA|4190.00|3462.81|1|4190.00|3462.81|0.00|0.00| |0.00|0.00| 
70|1|1|7791828000626|1|07791828000626|ROLLO COCINA CARTABELLA 3X40PAÑOS|PAPELERA S.ANDRES GI|1500.00|1239.67|1|1500.00|1239.67|0.00|0.00| |0.00|0.00| 
70|1|2|7791828000626|1|07791828000626|ROLLO COCINA CARTABELLA 3X40PAÑOS|PAPELERA S.ANDRES GI|1500.00|1239.67|1|1500.00|1239.67|0.00|0.00| |0.00|0.00| 
70|1|3|7791828000626|1|07791828000626|ROLLO COCINA CARTABELLA 3X40PAÑOS|PAPELERA S.ANDRES GI|1500.00|1239.67|1|1500.00|1239.67|0.00|0.00| |0.00|0.00| 
70|1|4|7791828000626|1|07791828000626|ROLLO COCINA CARTABELLA 3X40PAÑOS|PAPELERA S.ANDRES GI|1500.00|1239.67|1|1500.00|1239.67|0.00|0.00| |0.00|0.00| 
70|1|4|7791070005318|1|07791070005318|ROLLO COCINA PRIMER PRECIO 3X40PAÑO|CELULOSA CAMPANA|1150.00|950.41|1|1150.00|950.41|0.00|0.00| |0.00|0.00| 
70|1|1|7790250056775|1|07790250056775|ROLLO COCINA SUSSEX 3X50PAÑOS|SOFTYS PAPELES|2050.00|1694.21|1|2050.00|1694.21|0.00|0.00| |0.00|0.00| 
70|1|2|7790250056775|1|07790250056775|ROLLO COCINA SUSSEX 3X50PAÑOS|SOFTYS PAPELES|2050.00|1694.21|1|2050.00|1694.21|0.00|0.00| |0.00|0.00| 
70|1|3|7790250056775|1|07790250056775|ROLLO COCINA SUSSEX 3X50PAÑOS|SOFTYS PAPELES|2050.00|1694.21|1|2050.00|1694.21|0.00|0.00| |0.00|0.00| 
70|1|4|7790250056775|1|07790250056775|ROLLO COCINA SUSSEX 3X50PAÑOS|SOFTYS PAPELES|2050.00|1694.21|1|2050.00|1694.21|0.00|0.00| |0.00|0.00| 
70|1|1|7791828000558|1|07791828000558|ROLLO COCINA SWEETY 3X60U.BLANCO|PROV.VARIOS LIMPIEZA|2215.00|1830.58|1|2215.00|1830.58|0.00|0.00| |0.00|0.00| 
70|1|4|7791828000558|1|07791828000558|ROLLO COCINA SWEETY 3X60U.BLANCO|PROV.VARIOS LIMPIEZA|2215.00|1830.58|1|2215.00|1830.58|0.00|0.00| |0.00|0.00| 
70|1|1|7791828000565|1|07791828000565|ROLLO COCINA SWEETY 3X60U.DECORADO|PROV.VARIOS LIMPIEZA|2335.00|1929.75|1|2335.00|1929.75|0.00|0.00| |0.00|0.00| 
70|1|1|7794950013069|1|07794950013069|ROLLO DE ALUMINIO PRIMER PRECIO 10M|ASATO SRL|4520.00|3735.54|1|4520.00|3735.54|0.00|0.00| |0.00|0.00| 
70|1|2|7794950013069|1|07794950013069|ROLLO DE ALUMINIO PRIMER PRECIO 10M|ASATO SRL|4520.00|3735.54|1|4520.00|3735.54|0.00|0.00| |0.00|0.00| 
70|1|3|7794950013069|1|07794950013069|ROLLO DE ALUMINIO PRIMER PRECIO 10M|ASATO SRL|4520.00|3735.54|1|4520.00|3735.54|0.00|0.00| |0.00|0.00| 
70|1|4|7794950013069|1|07794950013069|ROLLO DE ALUMINIO PRIMER PRECIO 10M|ASATO SRL|4520.00|3735.54|1|4520.00|3735.54|0.00|0.00| |0.00|0.00| 
70|1|1|7794950013076|1|07794950013076|ROLLO DE ALUMINIO PRIMER PRECIO 25M|ASATO SRL|9025.00|7458.68|1|9025.00|7458.68|0.00|0.00| |0.00|0.00| 
70|1|2|7794950013076|1|07794950013076|ROLLO DE ALUMINIO PRIMER PRECIO 25M|ASATO SRL|9025.00|7458.68|1|9025.00|7458.68|0.00|0.00| |0.00|0.00| 
70|1|3|7794950013076|1|07794950013076|ROLLO DE ALUMINIO PRIMER PRECIO 25M|ASATO SRL|9025.00|7458.68|1|9025.00|7458.68|0.00|0.00| |0.00|0.00| 
70|1|4|7794950013076|1|07794950013076|ROLLO DE ALUMINIO PRIMER PRECIO 25M|ASATO SRL|9025.00|7458.68|1|9025.00|7458.68|0.00|0.00| |0.00|0.00| 
70|1|1|7794950013014|1|07794950013014|ROLLO DE ALUMINIO PRIMER PRECIO 4MT|ASATO SRL|2375.00|1962.81|1|2375.00|1962.81|0.00|0.00| |0.00|0.00| 
70|1|2|7794950013014|1|07794950013014|ROLLO DE ALUMINIO PRIMER PRECIO 4MT|ASATO SRL|2375.00|1962.81|1|2375.00|1962.81|0.00|0.00| |0.00|0.00| 
70|1|3|7794950013014|1|07794950013014|ROLLO DE ALUMINIO PRIMER PRECIO 4MT|ASATO SRL|2375.00|1962.81|1|2375.00|1962.81|0.00|0.00| |0.00|0.00| 
70|1|4|7794950013014|1|07794950013014|ROLLO DE ALUMINIO PRIMER PRECIO 4MT|ASATO SRL|2375.00|1962.81|1|2375.00|1962.81|0.00|0.00| |0.00|0.00| 
70|1|4|7461323129589|1|07461323129589|RON BARCELO BLANCO 750ML.|PROV. VARIOS BEBIDAS|10500.00|8677.69|1|10500.00|8677.69|0.00|0.00| |0.00|0.00| 
70|1|4|7461323129077|1|07461323129077|RON BARCELO DORADO 750ML.|PROV. VARIOS BEBIDAS|10500.00|8677.69|1|10500.00|8677.69|0.00|0.00| |0.00|0.00| 
70|1|3|7790163025011|1|07790163025011|RON CAYMAN AÑEJO 950 CC|PROV. VARIOS BEBIDAS|350.00|289.26|1|350.00|289.26|0.00|0.00| |0.00|0.00| 
70|1|2|7794000595507|1|07794000595507|SABOR AL HORNO KNORR POLLO LIM/ORE|UNILEVER BEST FOODS|2530.00|2090.91|1|2530.00|2090.91|0.00|0.00| |0.00|0.00| 
70|1|3|7794000595507|1|07794000595507|SABOR AL HORNO KNORR POLLO LIM/ORE|UNILEVER BEST FOODS|2530.00|2090.91|1|2530.00|2090.91|0.00|0.00| |0.00|0.00| 
70|1|4|7794000595507|1|07794000595507|SABOR AL HORNO KNORR POLLO LIM/ORE|UNILEVER BEST FOODS|2530.00|2090.91|1|2530.00|2090.91|0.00|0.00| |0.00|0.00| 
70|1|4|7794000720343|1|07794000720343|SABOR EN CUBOS KNORR ALBA.AJO 38G|PR.VARIOS SUPERMERC.|74.93|61.93|1|74.93|61.93|0.00|0.00| |0.00|0.00| 
70|1|4|7794000720428|1|07794000720428|SABOR EN CUBOS KNORR CREM VERD.38|PR.VARIOS SUPERMERC.|74.93|61.93|1|74.93|61.93|0.00|0.00| |0.00|0.00| 
70|1|1|7791004000051|1|07791004000051|SAL ENTREFINA CELUSAL 1 KG.      |CELUSAL|1800.00|1487.60|1|1800.00|1487.60|0.00|0.00| |0.00|0.00| 
70|1|2|7791004000051|1|07791004000051|SAL ENTREFINA CELUSAL 1 KG.      |CELUSAL|1800.00|1487.60|1|1800.00|1487.60|0.00|0.00| |0.00|0.00| 
70|1|3|7791004000051|1|07791004000051|SAL ENTREFINA CELUSAL 1 KG.      |CELUSAL|1800.00|1487.60|1|1800.00|1487.60|0.00|0.00| |0.00|0.00| 
70|1|4|7791004000051|1|07791004000051|SAL ENTREFINA CELUSAL 1 KG.      |CELUSAL|1800.00|1487.60|1|1800.00|1487.60|0.00|0.00| |0.00|0.00| 
70|1|1|7791004000044|1|07791004000044|SAL ENTREFINA CELUSAL CAJA 1 KG.|CELUSAL|2180.00|1801.65|1|2180.00|1801.65|0.00|0.00| |0.00|0.00| 
70|1|4|7791004000044|1|07791004000044|SAL ENTREFINA CELUSAL CAJA 1 KG.|CELUSAL|2180.00|1801.65|1|2180.00|1801.65|0.00|0.00| |0.00|0.00| 
70|1|4|7790641000189|1|07790641000189|SAL ENTREFINA PRIMER PRECIO 500 GRS|PEREZ GERARDO|420.00|347.11|1|420.00|347.11|0.00|0.00| |0.00|0.00| 
70|1|1|7790072001014|1|07790072001014|SAL FINA CELUSAL 500 GR.|CELUSAL|1170.00|966.94|1|1170.00|966.94|0.00|0.00| |0.00|0.00| 
70|1|2|7790072001014|1|07790072001014|SAL FINA CELUSAL 500 GR.|CELUSAL|1170.00|966.94|1|1170.00|966.94|0.00|0.00| |0.00|0.00| 
70|1|3|7790072001014|1|07790072001014|SAL FINA CELUSAL 500 GR.|CELUSAL|1170.00|966.94|1|1170.00|966.94|0.00|0.00| |0.00|0.00| 
70|1|4|7790072001014|1|07790072001014|SAL FINA CELUSAL 500 GR.|CELUSAL|1170.00|966.94|1|1170.00|966.94|0.00|0.00| |0.00|0.00| 
70|1|1|7790072002080|1|07790072002080|SAL FINA CELUSAL CAJA 500 GRS.|CELUSAL|1290.00|1066.12|1|1290.00|1066.12|0.00|0.00| |0.00|0.00| 
70|1|3|7790072002080|1|07790072002080|SAL FINA CELUSAL CAJA 500 GRS.|CELUSAL|1290.00|1066.12|1|1290.00|1066.12|0.00|0.00| |0.00|0.00| 
70|1|4|7790072002080|1|07790072002080|SAL FINA CELUSAL CAJA 500 GRS.|CELUSAL|1290.00|1066.12|1|1290.00|1066.12|0.00|0.00| |0.00|0.00| 
70|1|1|7790072000093|1|07790072000093|SAL FINA CELUSAL LIGHT 470G. |CELUSAL|4065.00|3359.50|1|4065.00|3359.50|0.00|0.00| |0.00|0.00| 
70|1|2|7790072000093|1|07790072000093|SAL FINA CELUSAL LIGHT 470G. |CELUSAL|4065.00|3359.50|1|4065.00|3359.50|0.00|0.00| |0.00|0.00| 
70|1|3|7790072000093|1|07790072000093|SAL FINA CELUSAL LIGHT 470G. |CELUSAL|4065.00|3359.50|1|4065.00|3359.50|0.00|0.00| |0.00|0.00| 
70|1|4|7790072000093|1|07790072000093|SAL FINA CELUSAL LIGHT 470G. |CELUSAL|4065.00|3359.50|1|4065.00|3359.50|0.00|0.00| |0.00|0.00| 
70|1|4|7790072179607|1|07790072179607|SAL FINA CELUSAL LIGHT 66/33 500 G.|CELUSAL|4600.00|3801.65|1|4600.00|3801.65|0.00|0.00| |0.00|0.00| 
70|1|1|7790072000079|1|07790072000079|SAL FINA CELUSAL LIGHT SALERO 235G.|CELUSAL|4700.00|3884.30|1|4700.00|3884.30|0.00|0.00| |0.00|0.00| 
70|1|4|7790072000079|1|07790072000079|SAL FINA CELUSAL LIGHT SALERO 235G.|CELUSAL|4700.00|3884.30|1|4700.00|3884.30|0.00|0.00| |0.00|0.00| 
70|1|1|7790072000086|1|07790072000086|SAL FINA CELUSAL LIGHT SALERO 470G.|CELUSAL|5665.00|4681.82|1|5665.00|4681.82|0.00|0.00| |0.00|0.00| 
70|1|4|7790072179669|1|07790072179669|SAL FINA CELUSAL PLUS HIERRO 500 GR|CELUSAL|1270.00|1049.59|1|1270.00|1049.59|0.00|0.00| |0.00|0.00| 
70|1|1|7790072001038|1|07790072001038|SAL FINA CELUSAL SALERO 500 GRS.|CELUSAL|3100.00|2561.98|1|3100.00|2561.98|0.00|0.00| |0.00|0.00| 
70|1|1|7790641000196|1|07790641000196|SAL FINA PRIMER PRECIO 500 GRS.|PEREZ GERARDO|425.00|351.24|1|425.00|351.24|0.00|0.00| |0.00|0.00| 
70|1|3|7790641000196|1|07790641000196|SAL FINA PRIMER PRECIO 500 GRS.|PEREZ GERARDO|425.00|351.24|1|425.00|351.24|0.00|0.00| |0.00|0.00| 
70|1|4|7790641000196|1|07790641000196|SAL FINA PRIMER PRECIO 500 GRS.|PEREZ GERARDO|425.00|351.24|1|425.00|351.24|0.00|0.00| |0.00|0.00| 
70|1|1|7793433000497|1|07793433000497|SAL GENSER 300 GRS.|CELUSAL|4440.00|3669.42|1|4440.00|3669.42|0.00|0.00| |0.00|0.00| 
70|1|4|7793433000480|1|07793433000480|SAL GENSER 90 GRS.|CELUSAL|2470.00|2041.32|1|2470.00|2041.32|0.00|0.00| |0.00|0.00| 
70|1|1|7791004000099|1|07791004000099|SAL GRUESA CELUSAL 1 KG.         |CELUSAL|1790.00|1479.34|1|1790.00|1479.34|0.00|0.00| |0.00|0.00| 
70|1|2|7791004000099|1|07791004000099|SAL GRUESA CELUSAL 1 KG.         |CELUSAL|1790.00|1479.34|1|1790.00|1479.34|0.00|0.00| |0.00|0.00| 
70|1|3|7791004000099|1|07791004000099|SAL GRUESA CELUSAL 1 KG.         |CELUSAL|1790.00|1479.34|1|1790.00|1479.34|0.00|0.00| |0.00|0.00| 
70|1|4|7791004000099|1|07791004000099|SAL GRUESA CELUSAL 1 KG.         |CELUSAL|1790.00|1479.34|1|1790.00|1479.34|0.00|0.00| |0.00|0.00| 
70|1|1|7791004000082|1|07791004000082|SAL GRUESA CELUSAL CAJA 1 KG.|CELUSAL|1840.00|1520.66|1|1840.00|1520.66|0.00|0.00| |0.00|0.00| 
70|1|3|7791004000082|1|07791004000082|SAL GRUESA CELUSAL CAJA 1 KG.|CELUSAL|1840.00|1520.66|1|1840.00|1520.66|0.00|0.00| |0.00|0.00| 
70|1|4|7791004000082|1|07791004000082|SAL GRUESA CELUSAL CAJA 1 KG.|CELUSAL|1840.00|1520.66|1|1840.00|1520.66|0.00|0.00| |0.00|0.00| 
70|1|1|7791004000105|1|07791004000105|SAL GRUESA CELUSAL SALERO 1 K.   |CELUSAL|4540.00|3752.07|1|4540.00|3752.07|0.00|0.00| |0.00|0.00| 
70|1|3|7791004000105|1|07791004000105|SAL GRUESA CELUSAL SALERO 1 K.   |CELUSAL|4540.00|3752.07|1|4540.00|3752.07|0.00|0.00| |0.00|0.00| 
70|1|4|7791004000105|1|07791004000105|SAL GRUESA CELUSAL SALERO 1 K.   |CELUSAL|4540.00|3752.07|1|4540.00|3752.07|0.00|0.00| |0.00|0.00| 
70|1|1|7790641000172|1|07790641000172|SAL GRUESA PRIMER PRECIO 1 KG.|PEREZ GERARDO|665.00|549.59|1|665.00|549.59|0.00|0.00| |0.00|0.00| 
70|1|3|7790641000172|1|07790641000172|SAL GRUESA PRIMER PRECIO 1 KG.|PEREZ GERARDO|665.00|549.59|1|665.00|549.59|0.00|0.00| |0.00|0.00| 
70|1|4|7790641000172|1|07790641000172|SAL GRUESA PRIMER PRECIO 1 KG.|PEREZ GERARDO|665.00|549.59|1|665.00|549.59|0.00|0.00| |0.00|0.00| 
70|1|1|7791584000243|1|07791584000243|SAL P/PARRILLA P.PRECIO POTE 400G|PARRISAL|2100.00|1735.54|1|2100.00|1735.54|0.00|0.00| |0.00|0.00| 
70|1|3|7791584000243|1|07791584000243|SAL P/PARRILLA P.PRECIO POTE 400G|PARRISAL|2100.00|1735.54|1|2100.00|1735.54|0.00|0.00| |0.00|0.00| 
70|1|4|7791584000243|1|07791584000243|SAL P/PARRILLA P.PRECIO POTE 400G|PARRISAL|2100.00|1735.54|1|2100.00|1735.54|0.00|0.00| |0.00|0.00| 
70|1|1|6000001074882|1|06000001074882|SALAME PICADO FINO LAR KG.|FIAMBRES LAR.|22300.00|18429.75|1|22300.00|18429.75|0.00|0.00| |0.00|0.00| 
70|1|2|6000001074882|1|06000001074882|SALAME PICADO FINO LAR KG.|FIAMBRES LAR.|22300.00|18429.75|1|22300.00|18429.75|0.00|0.00| |0.00|0.00| 
70|1|3|6000001074882|1|06000001074882|SALAME PICADO FINO LAR KG.|FIAMBRES LAR.|22300.00|18429.75|1|22300.00|18429.75|0.00|0.00| |0.00|0.00| 
70|1|1|6000001008306|1|06000001008306|SALAME PICADO GRUESO LAR KG.|FIAMBRES LAR.|25600.00|21157.02|1|25600.00|21157.02|0.00|0.00| |0.00|0.00| 
70|1|2|6000001008306|1|06000001008306|SALAME PICADO GRUESO LAR KG.|FIAMBRES LAR.|25600.00|21157.02|1|25600.00|21157.02|0.00|0.00| |0.00|0.00| 
70|1|4|6000001008306|1|06000001008306|SALAME PICADO GRUESO LAR KG.|FIAMBRES LAR.|25600.00|21157.02|1|25600.00|21157.02|0.00|0.00| |0.00|0.00| 
70|1|1|6000001001758|1|06000001001758|SALAMINES PICADO FINO LAR KG.|FIAMBRES LAR.|22300.00|18429.75|1|22300.00|18429.75|0.00|0.00| |0.00|0.00| 
70|1|2|6000001001758|1|06000001001758|SALAMINES PICADO FINO LAR KG.|FIAMBRES LAR.|22300.00|18429.75|1|22300.00|18429.75|0.00|0.00| |0.00|0.00| 
70|1|3|6000001001758|1|06000001001758|SALAMINES PICADO FINO LAR KG.|FIAMBRES LAR.|22300.00|18429.75|1|22300.00|18429.75|0.00|0.00| |0.00|0.00| 
70|1|1|6000001069796|1|06000001069796|SALAMINES PICADO GRUESO LAR KG.|FIAMBRES LAR.|25600.00|21157.02|1|25600.00|21157.02|0.00|0.00| |0.00|0.00| 
70|1|2|6000001069796|1|06000001069796|SALAMINES PICADO GRUESO LAR KG.|FIAMBRES LAR.|25600.00|21157.02|1|25600.00|21157.02|0.00|0.00| |0.00|0.00| 
70|1|3|6000001069796|1|06000001069796|SALAMINES PICADO GRUESO LAR KG.|FIAMBRES LAR.|25600.00|21157.02|1|25600.00|21157.02|0.00|0.00| |0.00|0.00| 
70|1|4|6000001069796|1|06000001069796|SALAMINES PICADO GRUESO LAR KG.|FIAMBRES LAR.|25600.00|21157.02|1|25600.00|21157.02|0.00|0.00| |0.00|0.00| 
70|1|1|7793040065728|1|07793040065728|SALCHICHAS CARCARAÑA 190G.|FRIAR|1100.00|909.09|1|1100.00|909.09|0.00|0.00| |0.00|0.00| 
70|1|4|7793040065728|1|07793040065728|SALCHICHAS CARCARAÑA 190G.|FRIAR|1100.00|909.09|1|1100.00|909.09|0.00|0.00| |0.00|0.00| 
70|1|1|7790079000317|1|07790079000317|SALCHICHAS FELA 6 UN.            |FRIGORIFICO PALADINI|1480.00|1223.14|1|1480.00|1223.14|0.00|0.00| |0.00|0.00| 
70|1|4|7793040060938|1|07793040060938|SALCHICHAS FRIAR LARGAS 12UNID.|FRIAR|5500.00|4545.45|1|5500.00|4545.45|0.00|0.00| |0.00|0.00| 
70|1|1|7790079010828|1|07790079010828|SALCHICHAS PALADINI 6 UN.        |FRIGORIFICO PALADINI|2600.00|2148.76|1|2600.00|2148.76|0.00|0.00| |0.00|0.00| 
70|1|4|7790079010828|1|07790079010828|SALCHICHAS PALADINI 6 UN.        |FRIGORIFICO PALADINI|2600.00|2148.76|1|2600.00|2148.76|0.00|0.00| |0.00|0.00| 
70|1|4|7790670045199|1|07790670045199|SALCHICHAS PATY VIENA CLASICA 6U.|ANTARTIDA|2400.00|1983.47|1|2400.00|1983.47|0.00|0.00| |0.00|0.00| 
70|1|4|7790070031266|1|07790070031266|SALCHICHAS VIENISIMAS 6UNID. |ANTARTIDA|2780.00|2297.52|1|2780.00|2297.52|0.00|0.00| |0.00|0.00| 
70|1|4|6000001059032|1|06000001059032|SALCHICHON PALADINI TRIPLE KG.|FRIGORIFICO PALADINI|11080.00|9157.02|1|11080.00|9157.02|0.00|0.00| |0.00|0.00| 
70|1|4|7794110712665|1|07794110712665|SALCHICHON PRIMAVERA LA CASONA 300G|SODECAR|3960.00|3272.73|1|3960.00|3272.73|0.00|0.00| |0.00|0.00| 
70|1|4|7798116160154|1|07798116160154|SALSA AMERICANA TAHITI 270G.|TAHITI |1647.35|1361.45|1|1647.35|1361.45|0.00|0.00| |0.00|0.00| 
70|1|4|7790580956509|1|07790580956509|SALSA ARCOR D.PACK FILETTO 340G.|ARCOR S.A.|1230.00|1016.53|1|1230.00|1016.53|0.00|0.00| |0.00|0.00| 
70|1|1|7790580956608|1|07790580956608|SALSA ARCOR D.PACK ITALIANA 340G|ARCOR S.A.|1230.00|1016.53|1|1230.00|1016.53|0.00|0.00| |0.00|0.00| 
70|1|4|7790580956608|1|07790580956608|SALSA ARCOR D.PACK ITALIANA 340G|ARCOR S.A.|1230.00|1016.53|1|1230.00|1016.53|0.00|0.00| |0.00|0.00| 
70|1|4|7790580956905|1|07790580956905|SALSA ARCOR D.PACK NAPOLITANA 340G|PR.VARIOS SUPERMERC.|604.25|499.38|1|604.25|499.38|0.00|0.00| |0.00|0.00| 
70|1|1|7790580956707|1|07790580956707|SALSA ARCOR D.PACK PIZZA 340G.|ARCOR S.A.|1230.00|1016.53|1|1230.00|1016.53|0.00|0.00| |0.00|0.00| 
70|1|3|7790580956707|1|07790580956707|SALSA ARCOR D.PACK PIZZA 340G.|ARCOR S.A.|1230.00|1016.53|1|1230.00|1016.53|0.00|0.00| |0.00|0.00| 
70|1|4|7790580956707|1|07790580956707|SALSA ARCOR D.PACK PIZZA 340G.|ARCOR S.A.|1230.00|1016.53|1|1230.00|1016.53|0.00|0.00| |0.00|0.00| 
70|1|4|7790580955809|1|07790580955809|SALSA ARCOR D.PACK POMAROLA 340G|ARCOR S.A.|1230.00|1016.53|1|1230.00|1016.53|0.00|0.00| |0.00|0.00| 
70|1|1|7790580956400|1|07790580956400|SALSA ARCOR D.PACK PORTUGUESA  340G|ARCOR S.A.|1230.00|1016.53|1|1230.00|1016.53|0.00|0.00| |0.00|0.00| 
70|1|4|7790580956400|1|07790580956400|SALSA ARCOR D.PACK PORTUGUESA  340G|ARCOR S.A.|1230.00|1016.53|1|1230.00|1016.53|0.00|0.00| |0.00|0.00| 
70|1|1|7790580969400|1|07790580969400|SALSA ARCOR D.PACK TUCO 340G.|ARCOR S.A.|1230.00|1016.53|1|1230.00|1016.53|0.00|0.00| |0.00|0.00| 
70|1|4|7790580969400|1|07790580969400|SALSA ARCOR D.PACK TUCO 340G.|ARCOR S.A.|1230.00|1016.53|1|1230.00|1016.53|0.00|0.00| |0.00|0.00| 
70|1|1|7791620002712|1|07791620002712|SALSA BARBACOA DANICA BBQ 220 GRS.|FLORA DANICA|1500.00|1239.67|1|1500.00|1239.67|0.00|0.00| |0.00|0.00| 
70|1|3|7791620002712|1|07791620002712|SALSA BARBACOA DANICA BBQ 220 GRS.|FLORA DANICA|1500.00|1239.67|1|1500.00|1239.67|0.00|0.00| |0.00|0.00| 
70|1|4|7791620002712|1|07791620002712|SALSA BARBACOA DANICA BBQ 220 GRS.|FLORA DANICA|1500.00|1239.67|1|1500.00|1239.67|0.00|0.00| |0.00|0.00| 
70|1|1|7798116166460|1|07798116166460|SALSA BARBACOA TAHITI 270G.|TAHITI |2315.00|1913.22|1|2315.00|1913.22|0.00|0.00| |0.00|0.00| 
70|1|3|7798116166460|1|07798116166460|SALSA BARBACOA TAHITI 270G.|TAHITI |2315.00|1913.22|1|2315.00|1913.22|0.00|0.00| |0.00|0.00| 
70|1|4|7798116166460|1|07798116166460|SALSA BARBACOA TAHITI 270G.|TAHITI |2315.00|1913.22|1|2315.00|1913.22|0.00|0.00| |0.00|0.00| 
70|1|4|7791122001305|1|07791122001305|SALSA BLANCA VELEZ 45 GRS.|EPIFANIO JIMENEZ|209.60|173.22|1|209.60|173.22|0.00|0.00| |0.00|0.00| 
70|1|4|7794980938547|1|07794980938547|SALSA BLANCA YUSPE 40G.|YUSPE|770.00|636.36|1|770.00|636.36|0.00|0.00| |0.00|0.00| 
70|1|1|7798116160017|1|07798116160017|SALSA CESAR TAHITI 265CC|TAHITI |2045.00|1690.08|1|2045.00|1690.08|0.00|0.00| |0.00|0.00| 
70|1|3|7798116160017|1|07798116160017|SALSA CESAR TAHITI 265CC|TAHITI |2045.00|1690.08|1|2045.00|1690.08|0.00|0.00| |0.00|0.00| 
70|1|4|7798116160017|1|07798116160017|SALSA CESAR TAHITI 265CC|TAHITI |2045.00|1690.08|1|2045.00|1690.08|0.00|0.00| |0.00|0.00| 
70|1|1|7798116166439|1|07798116166439|SALSA CRIOLLA TAHITI 275G.|TAHITI |2045.00|1690.08|1|2045.00|1690.08|0.00|0.00| |0.00|0.00| 
70|1|4|7798116166439|1|07798116166439|SALSA CRIOLLA TAHITI 275G.|TAHITI |2045.00|1690.08|1|2045.00|1690.08|0.00|0.00| |0.00|0.00| 
70|1|4|7798116160086|1|07798116160086|SALSA DE AJI AHUMADA TAHITI 285G. |TAHITI |2220.00|1834.71|1|2220.00|1834.71|0.00|0.00| |0.00|0.00| 
70|1|3|7790127784954|1|07790127784954|SALSA DE AJI P.PRECIO 290G.|PP.VANOLI|2670.00|2206.61|1|2670.00|2206.61|0.00|0.00| |0.00|0.00| 
70|1|4|7790127784954|1|07790127784954|SALSA DE AJI P.PRECIO 290G.|PP.VANOLI|2670.00|2206.61|1|2670.00|2206.61|0.00|0.00| |0.00|0.00| 
70|1|3|7798116163087|1|07798116163087|SALSA DE AJI PICANTE TAHITI 285G.|TAHITI |2315.00|1913.22|1|2315.00|1913.22|0.00|0.00| |0.00|0.00| 
70|1|4|7798116163087|1|07798116163087|SALSA DE AJI PICANTE TAHITI 285G.|TAHITI |2315.00|1913.22|1|2315.00|1913.22|0.00|0.00| |0.00|0.00| 
70|1|3|7798116160062|1|07798116160062|SALSA DE AJI SUAVE TAHITI 285G.|TAHITI |2045.00|1690.08|1|2045.00|1690.08|0.00|0.00| |0.00|0.00| 
70|1|4|7798116160062|1|07798116160062|SALSA DE AJI SUAVE TAHITI 285G.|TAHITI |2045.00|1690.08|1|2045.00|1690.08|0.00|0.00| |0.00|0.00| 
70|1|1|7790127000504|1|07790127000504|SALSA DE AJO VANOLI 190 CC|VANOLI|2100.00|1735.54|1|2100.00|1735.54|0.00|0.00| |0.00|0.00| 
70|1|2|7790127000504|1|07790127000504|SALSA DE AJO VANOLI 190 CC|VANOLI|2100.00|1735.54|1|2100.00|1735.54|0.00|0.00| |0.00|0.00| 
70|1|4|7790127000504|1|07790127000504|SALSA DE AJO VANOLI 190 CC|VANOLI|2100.00|1735.54|1|2100.00|1735.54|0.00|0.00| |0.00|0.00| 
70|1|4|7790127789966|1|07790127789966|SALSA DE SOJA P.PRECIO 280G.|PP.VANOLI|2670.00|2206.61|1|2670.00|2206.61|0.00|0.00| |0.00|0.00| 
70|1|3|7798116163032|1|07798116163032|SALSA DE SOJA TAHITI 265CC|TAHITI |2220.00|1834.71|1|2220.00|1834.71|0.00|0.00| |0.00|0.00| 
70|1|4|7798116163032|1|07798116163032|SALSA DE SOJA TAHITI 265CC|TAHITI |2220.00|1834.71|1|2220.00|1834.71|0.00|0.00| |0.00|0.00| 
70|1|4|7798116166019|1|07798116166019|SALSA DE SOJA TAHITI 265CC SIN SAL |TAHITI |2160.00|1785.12|1|2160.00|1785.12|0.00|0.00| |0.00|0.00| 
70|1|1|7790127000740|1|07790127000740|SALSA DE SOJA VANOLI 190 CC.|VANOLI|1590.00|1314.05|1|1590.00|1314.05|0.00|0.00| |0.00|0.00| 
70|1|4|7790127000740|1|07790127000740|SALSA DE SOJA VANOLI 190 CC.|VANOLI|1590.00|1314.05|1|1590.00|1314.05|0.00|0.00| |0.00|0.00| 
70|1|1|7791620001784|1|07791620001784|SALSA GOLF DANICA 220 CC|FLORA DANICA|1250.00|1033.06|1|1250.00|1033.06|0.00|0.00| |0.00|0.00| 
70|1|2|7791620001784|1|07791620001784|SALSA GOLF DANICA 220 CC|FLORA DANICA|1250.00|1033.06|1|1250.00|1033.06|0.00|0.00| |0.00|0.00| 
70|1|3|7791620001784|1|07791620001784|SALSA GOLF DANICA 220 CC|FLORA DANICA|1250.00|1033.06|1|1250.00|1033.06|0.00|0.00| |0.00|0.00| 
70|1|4|7791620001784|1|07791620001784|SALSA GOLF DANICA 220 CC|FLORA DANICA|1250.00|1033.06|1|1250.00|1033.06|0.00|0.00| |0.00|0.00| 
70|1|4|7794000411289|1|07794000411289|SALSA GOLF HELLMANNS 250 CC|UNILEVER BEST FOODS|2350.00|1942.15|1|2350.00|1942.15|0.00|0.00| |0.00|0.00| 
70|1|1|7791866000480|1|07791866000480|SALSA GOLF NATURA 250CC|A.G.D.|1590.00|1314.05|1|1590.00|1314.05|0.00|0.00| |0.00|0.00| 
70|1|3|7791866000480|1|07791866000480|SALSA GOLF NATURA 250CC|A.G.D.|1590.00|1314.05|1|1590.00|1314.05|0.00|0.00| |0.00|0.00| 
70|1|4|7791866000480|1|07791866000480|SALSA GOLF NATURA 250CC|A.G.D.|1590.00|1314.05|1|1590.00|1314.05|0.00|0.00| |0.00|0.00| 
70|1|4|7790127000061|1|07790127000061|SALSA INGLESA VANOLI 180 C.C.|VANOLI|2620.00|2165.29|1|2620.00|2165.29|0.00|0.00| |0.00|0.00| 
70|1|4|7794000783140|1|07794000783140|SALSA KNORR 3 MINUTOS 4QUESO37|PR.VARIOS SUPERMERC.|60.20|49.75|1|60.20|49.75|0.00|0.00| |0.00|0.00| 
70|1|4|7794000593657|1|07794000593657|SALSA KNORR 3 MINUTOS BLANCA 20G.|PR.VARIOS SUPERMERC.|60.20|49.75|1|60.20|49.75|0.00|0.00| |0.00|0.00| 
70|1|4|7794000597273|1|07794000597273|SALSA KNORR 3 MINUTOS CR.Y PANCETA |PR.VARIOS SUPERMERC.|60.20|49.75|1|60.20|49.75|0.00|0.00| |0.00|0.00| 
70|1|4|7794000598829|1|07794000598829|SALSA KNORR 340G. POMAROLA |PR.VARIOS SUPERMERC.|665.25|549.79|1|665.25|549.79|0.00|0.00| |0.00|0.00| 
70|1|3|7798116163056|1|07798116163056|SALSA PROVENZAL TAHITI 265G.|TAHITI |1795.00|1483.47|1|1795.00|1483.47|0.00|0.00| |0.00|0.00| 
70|1|4|7798116163056|1|07798116163056|SALSA PROVENZAL TAHITI 265G.|TAHITI |1795.00|1483.47|1|1795.00|1483.47|0.00|0.00| |0.00|0.00| 
70|1|4|7793360933905|1|07793360933905|SALSATI LA CAMPAGNOLA AJO/CEB. DP34|PR.VARIOS SUPERMERC.|165.20|136.53|1|165.20|136.53|0.00|0.00| |0.00|0.00| 
70|1|1|7793360927904|1|07793360927904|SALSATI LA CAMPAGNOLA FILETTO DP340|LA CAMPAGNOLA|1430.00|1181.82|1|1430.00|1181.82|0.00|0.00| |0.00|0.00| 
70|1|4|7793360927904|1|07793360927904|SALSATI LA CAMPAGNOLA FILETTO DP340|LA CAMPAGNOLA|1430.00|1181.82|1|1430.00|1181.82|0.00|0.00| |0.00|0.00| 
70|1|2|7793360927805|1|07793360927805|SALSATI LA CAMPAGNOLA PIZZA DP340G|LA CAMPAGNOLA|1430.00|1181.82|1|1430.00|1181.82|0.00|0.00| |0.00|0.00| 
70|1|4|7793360927805|1|07793360927805|SALSATI LA CAMPAGNOLA PIZZA DP340G|LA CAMPAGNOLA|1430.00|1181.82|1|1430.00|1181.82|0.00|0.00| |0.00|0.00| 
70|1|1|7793360927508|1|07793360927508|SALSATI LA CAMPAGNOLA POMAROLA DP 3|LA CAMPAGNOLA|1430.00|1181.82|1|1430.00|1181.82|0.00|0.00| |0.00|0.00| 
70|1|4|7793360927508|1|07793360927508|SALSATI LA CAMPAGNOLA POMAROLA DP 3|LA CAMPAGNOLA|1430.00|1181.82|1|1430.00|1181.82|0.00|0.00| |0.00|0.00| 
70|1|4|7793360000294|1|07793360000294|SALSATI PERITA LA CAMPAGNOLA 240G|PR.VARIOS SUPERMERC.|1012.80|837.02|1|1012.80|837.02|0.00|0.00| |0.00|0.00| 
70|1|1|7795933000243|1|07795933000243|SARDINAS BAHIA EN ACEITE Y AGUA 125|REGIONAL TRADE|2060.00|1702.48|1|2060.00|1702.48|0.00|0.00| |0.00|0.00| 
70|1|2|7795933000243|1|07795933000243|SARDINAS BAHIA EN ACEITE Y AGUA 125|REGIONAL TRADE|2060.00|1702.48|1|2060.00|1702.48|0.00|0.00| |0.00|0.00| 
70|1|3|7795933000243|1|07795933000243|SARDINAS BAHIA EN ACEITE Y AGUA 125|REGIONAL TRADE|2060.00|1702.48|1|2060.00|1702.48|0.00|0.00| |0.00|0.00| 
70|1|4|7795933000243|1|07795933000243|SARDINAS BAHIA EN ACEITE Y AGUA 125|REGIONAL TRADE|2060.00|1702.48|1|2060.00|1702.48|0.00|0.00| |0.00|0.00| 
70|1|1|7791885000515|1|07791885000515|SARDINAS CUMANA ACEITE Y AGUA 125G|BAVOSI S.A.|2080.00|1719.01|1|2080.00|1719.01|0.00|0.00| |0.00|0.00| 
70|1|3|7791885000515|1|07791885000515|SARDINAS CUMANA ACEITE Y AGUA 125G|BAVOSI S.A.|2080.00|1719.01|1|2080.00|1719.01|0.00|0.00| |0.00|0.00| 
70|1|4|7791885000515|1|07791885000515|SARDINAS CUMANA ACEITE Y AGUA 125G|BAVOSI S.A.|2080.00|1719.01|1|2080.00|1719.01|0.00|0.00| |0.00|0.00| 
70|1|4|7790202000320|1|07790202000320|SARDINAS PENNISI EN ACEITE 160G.|NATUSUR S.A.|1848.25|1527.48|1|1848.25|1527.48|0.00|0.00| |0.00|0.00| 
70|1|1|7792200000791|1|07792200000791|SCONCITOS 9 DE ORO 200 GRS|MOLINO CAÑUELAS|1060.00|876.03|1|1060.00|876.03|0.00|0.00| |0.00|0.00| 
70|1|2|7792200000791|1|07792200000791|SCONCITOS 9 DE ORO 200 GRS|MOLINO CAÑUELAS|1060.00|876.03|1|1060.00|876.03|0.00|0.00| |0.00|0.00| 
70|1|4|7792200000791|1|07792200000791|SCONCITOS 9 DE ORO 200 GRS|MOLINO CAÑUELAS|1060.00|876.03|1|1060.00|876.03|0.00|0.00| |0.00|0.00| 
70|1|4|7790659000331|1|07790659000331|SECADOR DE GOMA DUCAN NEGRO N°50|NUEVA LUZ SRL|144.70|119.59|1|144.70|119.59|0.00|0.00| |0.00|0.00| 
70|1|3|7793416020405|1|07793416020405|SECADOR DE GOMA SALZANO DOPPIO 2040|FRANCISCO SALZANO|3900.00|3223.14|1|3900.00|3223.14|0.00|0.00| |0.00|0.00| 
70|1|2|7798126370734|1|07798126370734|SECADOR LA PORTEÑA DUO 35CM|DIST.GM SRL|2950.00|2438.02|1|2950.00|2438.02|0.00|0.00| |0.00|0.00| 
70|1|4|7798126370734|1|07798126370734|SECADOR LA PORTEÑA DUO 35CM|DIST.GM SRL|2950.00|2438.02|1|2950.00|2438.02|0.00|0.00| |0.00|0.00| 
70|1|2|7798126370741|1|07798126370741|SECADOR LA PORTEÑA DUO 41CM|DIST.GM SRL|3300.00|2727.27|1|3300.00|2727.27|0.00|0.00| |0.00|0.00| 
70|1|3|7798126371540|1|07798126371540|SECADOR LA PORTEÑA GOMA ROJA 30CM|DIST.GM SRL|2350.00|1942.15|1|2350.00|1942.15|0.00|0.00| |0.00|0.00| 
70|1|4|7798126371540|1|07798126371540|SECADOR LA PORTEÑA GOMA ROJA 30CM|DIST.GM SRL|2350.00|1942.15|1|2350.00|1942.15|0.00|0.00| |0.00|0.00| 
70|1|4|7798126371557|1|07798126371557|SECADOR LA PORTEÑA GOMA ROJA 40CM|DIST.GM SRL|2690.00|2223.14|1|2690.00|2223.14|0.00|0.00| |0.00|0.00| 
70|1|2|7798059381470|1|07798059381470|SECADOR PRIMER PRECIO NEGRO 40CM.|PP.FAESPO SRL|1820.00|1504.13|1|1820.00|1504.13|0.00|0.00| |0.00|0.00| 
70|1|4|7798059381470|1|07798059381470|SECADOR PRIMER PRECIO NEGRO 40CM.|PP.FAESPO SRL|1820.00|1504.13|1|1820.00|1504.13|0.00|0.00| |0.00|0.00| 
70|1|1|7798029030179|1|07798029030179|SEMOLA ECOSAN 400 GRS|ECOSAN|920.00|760.33|1|920.00|760.33|0.00|0.00| |0.00|0.00| 
70|1|3|7798029030179|1|07798029030179|SEMOLA ECOSAN 400 GRS|ECOSAN|920.00|760.33|1|920.00|760.33|0.00|0.00| |0.00|0.00| 
70|1|4|7798029030179|1|07798029030179|SEMOLA ECOSAN 400 GRS|ECOSAN|920.00|760.33|1|920.00|760.33|0.00|0.00| |0.00|0.00| 
70|1|4|7790681000248|1|07790681000248|SEMOLA LA EGIPCIANA 500 GRS.|LA EGIPCIANA|36.50|30.17|1|36.50|30.17|0.00|0.00| |0.00|0.00| 
70|1|2|7790681001672|1|07790681001672|SEMOLA LAS ACHIRAS 400G.|LA EGIPCIANA|34.15|28.22|1|34.15|28.22|0.00|0.00| |0.00|0.00| 
70|1|4|7790681001672|1|07790681001672|SEMOLA LAS ACHIRAS 400G.|LA EGIPCIANA|34.15|28.22|1|34.15|28.22|0.00|0.00| |0.00|0.00| 
70|1|1|7790681000019|1|07790681000019|SEMOLA PRIMER PRECIO 400 GR.|CAREAGA|940.00|776.86|1|940.00|776.86|0.00|0.00| |0.00|0.00| 
70|1|3|7790681000019|1|07790681000019|SEMOLA PRIMER PRECIO 400 GR.|CAREAGA|940.00|776.86|1|940.00|776.86|0.00|0.00| |0.00|0.00| 
70|1|4|7790681000019|1|07790681000019|SEMOLA PRIMER PRECIO 400 GR.|CAREAGA|940.00|776.86|1|940.00|776.86|0.00|0.00| |0.00|0.00| 
70|1|1|7791828004815|1|07791828004815|SERVILLETAS FELPITA 140U.|PAPELERA S.ANDRES GI|1920.00|1586.78|1|1920.00|1586.78|0.00|0.00| |0.00|0.00| 
70|1|2|7791828004815|1|07791828004815|SERVILLETAS FELPITA 140U.|PAPELERA S.ANDRES GI|1920.00|1586.78|1|1920.00|1586.78|0.00|0.00| |0.00|0.00| 
70|1|3|7791828004815|1|07791828004815|SERVILLETAS FELPITA 140U.|PAPELERA S.ANDRES GI|1920.00|1586.78|1|1920.00|1586.78|0.00|0.00| |0.00|0.00| 
70|1|4|7791828004815|1|07791828004815|SERVILLETAS FELPITA 140U.|PAPELERA S.ANDRES GI|1920.00|1586.78|1|1920.00|1586.78|0.00|0.00| |0.00|0.00| 
70|1|1|7791828004303|1|07791828004303|SERVILLETAS FELPITA 40U.|PAPELERA S.ANDRES GI|575.00|475.21|1|575.00|475.21|0.00|0.00| |0.00|0.00| 
70|1|2|7791828004303|1|07791828004303|SERVILLETAS FELPITA 40U.|PAPELERA S.ANDRES GI|575.00|475.21|1|575.00|475.21|0.00|0.00| |0.00|0.00| 
70|1|3|7791828004303|1|07791828004303|SERVILLETAS FELPITA 40U.|PAPELERA S.ANDRES GI|575.00|475.21|1|575.00|475.21|0.00|0.00| |0.00|0.00| 
70|1|4|7791828004303|1|07791828004303|SERVILLETAS FELPITA 40U.|PAPELERA S.ANDRES GI|575.00|475.21|1|575.00|475.21|0.00|0.00| |0.00|0.00| 
70|1|1|7791828004532|1|07791828004532|SERVILLETAS FELPITA 70U.|PAPELERA S.ANDRES GI|975.00|805.79|1|975.00|805.79|0.00|0.00| |0.00|0.00| 
70|1|2|7791828004532|1|07791828004532|SERVILLETAS FELPITA 70U.|PAPELERA S.ANDRES GI|975.00|805.79|1|975.00|805.79|0.00|0.00| |0.00|0.00| 
70|1|3|7791828004532|1|07791828004532|SERVILLETAS FELPITA 70U.|PAPELERA S.ANDRES GI|975.00|805.79|1|975.00|805.79|0.00|0.00| |0.00|0.00| 
70|1|4|7791828004532|1|07791828004532|SERVILLETAS FELPITA 70U.|PAPELERA S.ANDRES GI|975.00|805.79|1|975.00|805.79|0.00|0.00| |0.00|0.00| 
70|1|2|7792640001808|1|07792640001808|SHAMPOO CAPILATIS 350ML KERATINA DA|CAPILATIS S.A.|7518.10|6213.31|1|7518.10|6213.31|0.00|0.00| |0.00|0.00| 
70|1|4|7792640001808|1|07792640001808|SHAMPOO CAPILATIS 350ML KERATINA DA|CAPILATIS S.A.|7518.10|6213.31|1|7518.10|6213.31|0.00|0.00| |0.00|0.00| 
70|1|2|7792640003307|1|07792640003307|SHAMPOO CAPILATIS 350ML ORTIGA MUJE|CAPILATIS S.A.|10274.05|8490.95|1|10274.05|8490.95|0.00|0.00| |0.00|0.00| 
70|1|2|7792640000191|1|07792640000191|SHAMPOO CAPILATIS 410ML ENGROSADOR|CAPILATIS S.A.|7518.10|6213.31|1|7518.10|6213.31|0.00|0.00| |0.00|0.00| 
70|1|2|7792640000269|1|07792640000269|SHAMPOO CAPILATIS 410ML ORTIGA CAB.|CAPILATIS S.A.|7518.10|6213.31|1|7518.10|6213.31|0.00|0.00| |0.00|0.00| 
70|1|4|7891150014336|1|07891150014336|SHAMPOO CLEAR MEN 200CC CAIDA CONTR|UNILEVER PERFUMERIA|4552.05|3762.02|1|4552.05|3762.02|0.00|0.00| |0.00|0.00| 
70|1|4|7891150014251|1|07891150014251|SHAMPOO CLEAR MEN 200CC DUAL EFFECT|UNILEVER PERFUMERIA|4552.05|3762.02|1|4552.05|3762.02|0.00|0.00| |0.00|0.00| 
70|1|4|7891150014800|1|07891150014800|SHAMPOO CLEAR MEN 400CC CAIDA CONTR|UNILEVER PERFUMERIA|7793.20|6440.66|1|7793.20|6440.66|0.00|0.00| |0.00|0.00| 
70|1|1|7891150014534|1|07891150014534|SHAMPOO CLEAR MEN 400CC DUAL EFFECT|UNILEVER PERFUMERIA|7793.20|6440.66|1|7793.20|6440.66|0.00|0.00| |0.00|0.00| 
70|1|4|7891150014534|1|07891150014534|SHAMPOO CLEAR MEN 400CC DUAL EFFECT|UNILEVER PERFUMERIA|7793.20|6440.66|1|7793.20|6440.66|0.00|0.00| |0.00|0.00| 
70|1|3|7891150017351|1|07891150017351|SHAMPOO DOVE 200ML OLEO NUTRICIO|UNILEVER PERFUMERIA|4122.55|3407.07|1|4122.55|3407.07|0.00|0.00| |0.00|0.00| 
70|1|4|7891150017351|1|07891150017351|SHAMPOO DOVE 200ML OLEO NUTRICIO|UNILEVER PERFUMERIA|4122.55|3407.07|1|4122.55|3407.07|0.00|0.00| |0.00|0.00| 
70|1|1|7891150008953|1|07891150008953|SHAMPOO DOVE 200ML RECONS.COMPLE|UNILEVER PERFUMERIA|4122.55|3407.07|1|4122.55|3407.07|0.00|0.00| |0.00|0.00| 
70|1|4|7891150008953|1|07891150008953|SHAMPOO DOVE 200ML RECONS.COMPLE|UNILEVER PERFUMERIA|4122.55|3407.07|1|4122.55|3407.07|0.00|0.00| |0.00|0.00| 
70|1|1|7791293005027|1|07791293005027|SHAMPOO DOVE 400ML HIDRATACION|UNILEVER PERFUMERIA|7175.15|5929.88|1|7175.15|5929.88|0.00|0.00| |0.00|0.00| 
70|1|2|7791293005027|1|07791293005027|SHAMPOO DOVE 400ML HIDRATACION|UNILEVER PERFUMERIA|7175.15|5929.88|1|7175.15|5929.88|0.00|0.00| |0.00|0.00| 
70|1|3|7791293005027|1|07791293005027|SHAMPOO DOVE 400ML HIDRATACION|UNILEVER PERFUMERIA|7175.15|5929.88|1|7175.15|5929.88|0.00|0.00| |0.00|0.00| 
70|1|4|7791293005027|1|07791293005027|SHAMPOO DOVE 400ML HIDRATACION|UNILEVER PERFUMERIA|7175.15|5929.88|1|7175.15|5929.88|0.00|0.00| |0.00|0.00| 
70|1|1|7891150017368|1|07891150017368|SHAMPOO DOVE 400ML OLEO NUTRICION|UNILEVER PERFUMERIA|7175.15|5929.88|1|7175.15|5929.88|0.00|0.00| |0.00|0.00| 
70|1|2|7891150017368|1|07891150017368|SHAMPOO DOVE 400ML OLEO NUTRICION|UNILEVER PERFUMERIA|7175.15|5929.88|1|7175.15|5929.88|0.00|0.00| |0.00|0.00| 
70|1|4|7891150017368|1|07891150017368|SHAMPOO DOVE 400ML OLEO NUTRICION|UNILEVER PERFUMERIA|7175.15|5929.88|1|7175.15|5929.88|0.00|0.00| |0.00|0.00| 
70|1|4|7791293005010|1|07791293005010|SHAMPOO DOVE 400ML RECONS. COMPLET|UNILEVER PERFUMERIA|7175.15|5929.88|1|7175.15|5929.88|0.00|0.00| |0.00|0.00| 
70|1|1|7891010804602|1|07891010804602|SHAMPOO JOHNSONS 200ML HIDRATACION |CARLOS DECHANZI PERF|4727.30|3906.86|1|4727.30|3906.86|0.00|0.00| |0.00|0.00| 
70|1|2|7790740505561|1|07790740505561|SHAMPOO PLUSBELLE 1L M. HIDRATACION|DREAMCO PERFUMERIA|3760.00|3107.44|1|3760.00|3107.44|0.00|0.00| |0.00|0.00| 
70|1|1|7791293030555|1|07791293030555|SHAMPOO SEDAL 190ML CERAMIDAS|UNILEVER PERFUMERIA|2827.95|2337.15|1|2827.95|2337.15|0.00|0.00| |0.00|0.00| 
70|1|2|7791293030555|1|07791293030555|SHAMPOO SEDAL 190ML CERAMIDAS|UNILEVER PERFUMERIA|2827.95|2337.15|1|2827.95|2337.15|0.00|0.00| |0.00|0.00| 
70|1|3|7791293030555|1|07791293030555|SHAMPOO SEDAL 190ML CERAMIDAS|UNILEVER PERFUMERIA|2827.95|2337.15|1|2827.95|2337.15|0.00|0.00| |0.00|0.00| 
70|1|1|7791293030586|1|07791293030586|SHAMPOO SEDAL 190ML CREMA BALANCE|UNILEVER PERFUMERIA|2827.95|2337.15|1|2827.95|2337.15|0.00|0.00| |0.00|0.00| 
70|1|2|7791293030586|1|07791293030586|SHAMPOO SEDAL 190ML CREMA BALANCE|UNILEVER PERFUMERIA|2827.95|2337.15|1|2827.95|2337.15|0.00|0.00| |0.00|0.00| 
70|1|3|7791293030586|1|07791293030586|SHAMPOO SEDAL 190ML CREMA BALANCE|UNILEVER PERFUMERIA|2827.95|2337.15|1|2827.95|2337.15|0.00|0.00| |0.00|0.00| 
70|1|4|7791293030586|1|07791293030586|SHAMPOO SEDAL 190ML CREMA BALANCE|UNILEVER PERFUMERIA|2827.95|2337.15|1|2827.95|2337.15|0.00|0.00| |0.00|0.00| 
70|1|1|7791293030609|1|07791293030609|SHAMPOO SEDAL 190ML LISO PERFECTO|UNILEVER PERFUMERIA|2827.95|2337.15|1|2827.95|2337.15|0.00|0.00| |0.00|0.00| 
70|1|2|7791293030609|1|07791293030609|SHAMPOO SEDAL 190ML LISO PERFECTO|UNILEVER PERFUMERIA|2827.95|2337.15|1|2827.95|2337.15|0.00|0.00| |0.00|0.00| 
70|1|3|7791293030609|1|07791293030609|SHAMPOO SEDAL 190ML LISO PERFECTO|UNILEVER PERFUMERIA|2827.95|2337.15|1|2827.95|2337.15|0.00|0.00| |0.00|0.00| 
70|1|4|7791293030609|1|07791293030609|SHAMPOO SEDAL 190ML LISO PERFECTO|UNILEVER PERFUMERIA|2827.95|2337.15|1|2827.95|2337.15|0.00|0.00| |0.00|0.00| 
70|1|1|7791293030630|1|07791293030630|SHAMPOO SEDAL 190ML RESTAURACION IN|UNILEVER PERFUMERIA|2827.95|2337.15|1|2827.95|2337.15|0.00|0.00| |0.00|0.00| 
70|1|2|7791293030630|1|07791293030630|SHAMPOO SEDAL 190ML RESTAURACION IN|UNILEVER PERFUMERIA|2827.95|2337.15|1|2827.95|2337.15|0.00|0.00| |0.00|0.00| 
70|1|3|7791293030630|1|07791293030630|SHAMPOO SEDAL 190ML RESTAURACION IN|UNILEVER PERFUMERIA|2827.95|2337.15|1|2827.95|2337.15|0.00|0.00| |0.00|0.00| 
70|1|4|7791293030630|1|07791293030630|SHAMPOO SEDAL 190ML RESTAURACION IN|UNILEVER PERFUMERIA|2827.95|2337.15|1|2827.95|2337.15|0.00|0.00| |0.00|0.00| 
70|1|1|7791293030647|1|07791293030647|SHAMPOO SEDAL 190ML RIZOS DEFINIDOS|UNILEVER PERFUMERIA|2827.95|2337.15|1|2827.95|2337.15|0.00|0.00| |0.00|0.00| 
70|1|2|7791293030647|1|07791293030647|SHAMPOO SEDAL 190ML RIZOS DEFINIDOS|UNILEVER PERFUMERIA|2827.95|2337.15|1|2827.95|2337.15|0.00|0.00| |0.00|0.00| 
70|1|3|7791293030647|1|07791293030647|SHAMPOO SEDAL 190ML RIZOS DEFINIDOS|UNILEVER PERFUMERIA|2827.95|2337.15|1|2827.95|2337.15|0.00|0.00| |0.00|0.00| 
70|1|4|7791293030647|1|07791293030647|SHAMPOO SEDAL 190ML RIZOS DEFINIDOS|UNILEVER PERFUMERIA|2827.95|2337.15|1|2827.95|2337.15|0.00|0.00| |0.00|0.00| 
70|1|2|7791293021768|1|07791293021768|SHAMPOO SEDAL 300ML DP CERAMIDAS|UNILEVER PERFUMERIA|2957.65|2444.34|1|2957.65|2444.34|0.00|0.00| |0.00|0.00| 
70|1|4|7791293031767|1|07791293031767|SHAMPOO SEDAL 300ML DP REST.INSTANT|UNILEVER PERFUMERIA|2957.65|2444.34|1|2957.65|2444.34|0.00|0.00| |0.00|0.00| 
70|1|2|7791293021867|1|07791293021867|SHAMPOO SEDAL 300ML DP SOS CREMA BA|UNILEVER PERFUMERIA|2957.65|2444.34|1|2957.65|2444.34|0.00|0.00| |0.00|0.00| 
70|1|4|7791293021867|1|07791293021867|SHAMPOO SEDAL 300ML DP SOS CREMA BA|UNILEVER PERFUMERIA|2957.65|2444.34|1|2957.65|2444.34|0.00|0.00| |0.00|0.00| 
70|1|2|7791293030760|1|07791293030760|SHAMPOO SEDAL 340ML CASPA|UNILEVER PERFUMERIA|4323.00|3572.73|1|4323.00|3572.73|0.00|0.00| |0.00|0.00| 
70|1|4|7791293030760|1|07791293030760|SHAMPOO SEDAL 340ML CASPA|UNILEVER PERFUMERIA|4323.00|3572.73|1|4323.00|3572.73|0.00|0.00| |0.00|0.00| 
70|1|1|7791293030777|1|07791293030777|SHAMPOO SEDAL 340ML CERAMIDAS|UNILEVER PERFUMERIA|4323.00|3572.73|1|4323.00|3572.73|0.00|0.00| |0.00|0.00| 
70|1|2|7791293030777|1|07791293030777|SHAMPOO SEDAL 340ML CERAMIDAS|UNILEVER PERFUMERIA|4323.00|3572.73|1|4323.00|3572.73|0.00|0.00| |0.00|0.00| 
70|1|3|7791293030777|1|07791293030777|SHAMPOO SEDAL 340ML CERAMIDAS|UNILEVER PERFUMERIA|4323.00|3572.73|1|4323.00|3572.73|0.00|0.00| |0.00|0.00| 
70|1|4|7791293030777|1|07791293030777|SHAMPOO SEDAL 340ML CERAMIDAS|UNILEVER PERFUMERIA|4323.00|3572.73|1|4323.00|3572.73|0.00|0.00| |0.00|0.00| 
70|1|1|7791293030807|1|07791293030807|SHAMPOO SEDAL 340ML CREMA BALANCE|UNILEVER PERFUMERIA|4323.00|3572.73|1|4323.00|3572.73|0.00|0.00| |0.00|0.00| 
70|1|2|7791293030807|1|07791293030807|SHAMPOO SEDAL 340ML CREMA BALANCE|UNILEVER PERFUMERIA|4323.00|3572.73|1|4323.00|3572.73|0.00|0.00| |0.00|0.00| 
70|1|3|7791293030807|1|07791293030807|SHAMPOO SEDAL 340ML CREMA BALANCE|UNILEVER PERFUMERIA|4323.00|3572.73|1|4323.00|3572.73|0.00|0.00| |0.00|0.00| 
70|1|4|7791293030807|1|07791293030807|SHAMPOO SEDAL 340ML CREMA BALANCE|UNILEVER PERFUMERIA|4323.00|3572.73|1|4323.00|3572.73|0.00|0.00| |0.00|0.00| 
70|1|1|7791293030845|1|07791293030845|SHAMPOO SEDAL 340ML LISO PERFECTO|UNILEVER PERFUMERIA|4323.00|3572.73|1|4323.00|3572.73|0.00|0.00| |0.00|0.00| 
70|1|2|7791293030845|1|07791293030845|SHAMPOO SEDAL 340ML LISO PERFECTO|UNILEVER PERFUMERIA|4323.00|3572.73|1|4323.00|3572.73|0.00|0.00| |0.00|0.00| 
70|1|3|7791293030845|1|07791293030845|SHAMPOO SEDAL 340ML LISO PERFECTO|UNILEVER PERFUMERIA|4323.00|3572.73|1|4323.00|3572.73|0.00|0.00| |0.00|0.00| 
70|1|4|7791293030845|1|07791293030845|SHAMPOO SEDAL 340ML LISO PERFECTO|UNILEVER PERFUMERIA|4323.00|3572.73|1|4323.00|3572.73|0.00|0.00| |0.00|0.00| 
70|1|1|7791293030876|1|07791293030876|SHAMPOO SEDAL 340ML REST. INSTANTAN|UNILEVER PERFUMERIA|4323.00|3572.73|1|4323.00|3572.73|0.00|0.00| |0.00|0.00| 
70|1|2|7791293030876|1|07791293030876|SHAMPOO SEDAL 340ML REST. INSTANTAN|UNILEVER PERFUMERIA|4323.00|3572.73|1|4323.00|3572.73|0.00|0.00| |0.00|0.00| 
70|1|3|7791293030876|1|07791293030876|SHAMPOO SEDAL 340ML REST. INSTANTAN|UNILEVER PERFUMERIA|4323.00|3572.73|1|4323.00|3572.73|0.00|0.00| |0.00|0.00| 
70|1|4|7791293030876|1|07791293030876|SHAMPOO SEDAL 340ML REST. INSTANTAN|UNILEVER PERFUMERIA|4323.00|3572.73|1|4323.00|3572.73|0.00|0.00| |0.00|0.00| 
70|1|1|7791293030883|1|07791293030883|SHAMPOO SEDAL 340ML RIZOS DEFINIDOS|UNILEVER PERFUMERIA|4323.00|3572.73|1|4323.00|3572.73|0.00|0.00| |0.00|0.00| 
70|1|2|7791293030883|1|07791293030883|SHAMPOO SEDAL 340ML RIZOS DEFINIDOS|UNILEVER PERFUMERIA|4323.00|3572.73|1|4323.00|3572.73|0.00|0.00| |0.00|0.00| 
70|1|4|7791293030883|1|07791293030883|SHAMPOO SEDAL 340ML RIZOS DEFINIDOS|UNILEVER PERFUMERIA|4323.00|3572.73|1|4323.00|3572.73|0.00|0.00| |0.00|0.00| 
70|1|1|7791293021782|1|07791293021782|SHAMPOO SEDAL 650ML CERAMIDAS |UNILEVER PERFUMERIA|6942.15|5737.31|1|6942.15|5737.31|0.00|0.00| |0.00|0.00| 
70|1|2|7791293021782|1|07791293021782|SHAMPOO SEDAL 650ML CERAMIDAS |UNILEVER PERFUMERIA|6942.15|5737.31|1|6942.15|5737.31|0.00|0.00| |0.00|0.00| 
70|1|3|7791293021782|1|07791293021782|SHAMPOO SEDAL 650ML CERAMIDAS |UNILEVER PERFUMERIA|6942.15|5737.31|1|6942.15|5737.31|0.00|0.00| |0.00|0.00| 
70|1|4|7791293021782|1|07791293021782|SHAMPOO SEDAL 650ML CERAMIDAS |UNILEVER PERFUMERIA|6942.15|5737.31|1|6942.15|5737.31|0.00|0.00| |0.00|0.00| 
70|1|1|7791293021881|1|07791293021881|SHAMPOO SEDAL 650ML CREMA BALANCE|UNILEVER PERFUMERIA|6942.15|5737.31|1|6942.15|5737.31|0.00|0.00| |0.00|0.00| 
70|1|2|7791293021881|1|07791293021881|SHAMPOO SEDAL 650ML CREMA BALANCE|UNILEVER PERFUMERIA|6942.15|5737.31|1|6942.15|5737.31|0.00|0.00| |0.00|0.00| 
70|1|4|7791293021881|1|07791293021881|SHAMPOO SEDAL 650ML CREMA BALANCE|UNILEVER PERFUMERIA|6942.15|5737.31|1|6942.15|5737.31|0.00|0.00| |0.00|0.00| 
70|1|1|7791293010892|1|07791293010892|SHAMPOO SEDAL 650ML LISO PERFECTO|UNILEVER PERFUMERIA|6942.15|5737.31|1|6942.15|5737.31|0.00|0.00| |0.00|0.00| 
70|1|2|7791293010892|1|07791293010892|SHAMPOO SEDAL 650ML LISO PERFECTO|UNILEVER PERFUMERIA|6942.15|5737.31|1|6942.15|5737.31|0.00|0.00| |0.00|0.00| 
70|1|3|7791293010892|1|07791293010892|SHAMPOO SEDAL 650ML LISO PERFECTO|UNILEVER PERFUMERIA|6942.15|5737.31|1|6942.15|5737.31|0.00|0.00| |0.00|0.00| 
70|1|4|7791293010892|1|07791293010892|SHAMPOO SEDAL 650ML LISO PERFECTO|UNILEVER PERFUMERIA|6942.15|5737.31|1|6942.15|5737.31|0.00|0.00| |0.00|0.00| 
70|1|2|7791293031125|1|07791293031125|SHAMPOO SEDAL 650ML REST.INSTANTANE|UNILEVER PERFUMERIA|6942.15|5737.31|1|6942.15|5737.31|0.00|0.00| |0.00|0.00| 
70|1|3|7791293031125|1|07791293031125|SHAMPOO SEDAL 650ML REST.INSTANTANE|UNILEVER PERFUMERIA|6942.15|5737.31|1|6942.15|5737.31|0.00|0.00| |0.00|0.00| 
70|1|4|7791293031125|1|07791293031125|SHAMPOO SEDAL 650ML REST.INSTANTANE|UNILEVER PERFUMERIA|6942.15|5737.31|1|6942.15|5737.31|0.00|0.00| |0.00|0.00| 
70|1|1|7791293010878|1|07791293010878|SHAMPOO SEDAL 650ML RIZOS DEFINIDOS|UNILEVER PERFUMERIA|6942.15|5737.31|1|6942.15|5737.31|0.00|0.00| |0.00|0.00| 
70|1|2|7791293010878|1|07791293010878|SHAMPOO SEDAL 650ML RIZOS DEFINIDOS|UNILEVER PERFUMERIA|6942.15|5737.31|1|6942.15|5737.31|0.00|0.00| |0.00|0.00| 
70|1|3|7791293010878|1|07791293010878|SHAMPOO SEDAL 650ML RIZOS DEFINIDOS|UNILEVER PERFUMERIA|6942.15|5737.31|1|6942.15|5737.31|0.00|0.00| |0.00|0.00| 
70|1|4|7791293010878|1|07791293010878|SHAMPOO SEDAL 650ML RIZOS DEFINIDOS|UNILEVER PERFUMERIA|6942.15|5737.31|1|6942.15|5737.31|0.00|0.00| |0.00|0.00| 
70|1|1|7792855000016|1|07792855000016|SIDRA LA QUINTANA 910 C.C.|LIKYER S.A.|2100.00|1735.54|1|2100.00|1735.54|0.00|0.00| |0.00|0.00| 
70|1|4|7792855000016|1|07792855000016|SIDRA LA QUINTANA 910 C.C.|LIKYER S.A.|2100.00|1735.54|1|2100.00|1735.54|0.00|0.00| |0.00|0.00| 
70|1|4|7792855002140|1|07792855002140|SIDRA LA QUINTANA S/ALCOHOL 710 C.C|LIKYER S.A.|2390.00|1975.21|1|2390.00|1975.21|0.00|0.00| |0.00|0.00| 
70|1|1|7791305500014|1|07791305500014|SIDRA TUNUYAN 910CC|GUISASOLA HNOS.|2350.00|1942.15|1|2350.00|1942.15|0.00|0.00| |0.00|0.00| 
70|1|1|7798065731924|1|07798065731924|SIERRA DE LOS PADRES C/G CITRUS 1,5|NUTRECO ALIMENTOS |1150.00|950.41|1|1150.00|950.41|0.00|0.00| |0.00|0.00| 
70|1|2|7798065731924|1|07798065731924|SIERRA DE LOS PADRES C/G CITRUS 1,5|NUTRECO ALIMENTOS |1150.00|950.41|1|1150.00|950.41|0.00|0.00| |0.00|0.00| 
70|1|3|7798065731924|1|07798065731924|SIERRA DE LOS PADRES C/G CITRUS 1,5|NUTRECO ALIMENTOS |1150.00|950.41|1|1150.00|950.41|0.00|0.00| |0.00|0.00| 
70|1|4|7798065731924|1|07798065731924|SIERRA DE LOS PADRES C/G CITRUS 1,5|NUTRECO ALIMENTOS |1150.00|950.41|1|1150.00|950.41|0.00|0.00| |0.00|0.00| 
70|1|1|7798065730361|1|07798065730361|SIERRA DE LOS PADRES S/G MANZ.1,5|NUTRECO ALIMENTOS |1150.00|950.41|1|1150.00|950.41|0.00|0.00| |0.00|0.00| 
70|1|2|7798065730361|1|07798065730361|SIERRA DE LOS PADRES S/G MANZ.1,5|NUTRECO ALIMENTOS |1150.00|950.41|1|1150.00|950.41|0.00|0.00| |0.00|0.00| 
70|1|3|7798065730361|1|07798065730361|SIERRA DE LOS PADRES S/G MANZ.1,5|NUTRECO ALIMENTOS |1150.00|950.41|1|1150.00|950.41|0.00|0.00| |0.00|0.00| 
70|1|4|7798065730361|1|07798065730361|SIERRA DE LOS PADRES S/G MANZ.1,5|NUTRECO ALIMENTOS |1150.00|950.41|1|1150.00|950.41|0.00|0.00| |0.00|0.00| 
70|1|1|7798065730323|1|07798065730323|SIERRA DE LOS PADRES S/G NARAN.1,5|NUTRECO ALIMENTOS |1150.00|950.41|1|1150.00|950.41|0.00|0.00| |0.00|0.00| 
70|1|2|7798065730323|1|07798065730323|SIERRA DE LOS PADRES S/G NARAN.1,5|NUTRECO ALIMENTOS |1150.00|950.41|1|1150.00|950.41|0.00|0.00| |0.00|0.00| 
70|1|3|7798065730323|1|07798065730323|SIERRA DE LOS PADRES S/G NARAN.1,5|NUTRECO ALIMENTOS |1150.00|950.41|1|1150.00|950.41|0.00|0.00| |0.00|0.00| 
70|1|4|7798065730323|1|07798065730323|SIERRA DE LOS PADRES S/G NARAN.1,5|NUTRECO ALIMENTOS |1150.00|950.41|1|1150.00|950.41|0.00|0.00| |0.00|0.00| 
70|1|1|7798065730330|1|07798065730330|SIERRA DE LOS PADRES S/G NARAN.500|NUTRECO ALIMENTOS |630.00|520.66|1|630.00|520.66|0.00|0.00| |0.00|0.00| 
70|1|2|7798065730330|1|07798065730330|SIERRA DE LOS PADRES S/G NARAN.500|NUTRECO ALIMENTOS |630.00|520.66|1|630.00|520.66|0.00|0.00| |0.00|0.00| 
70|1|3|7798065730330|1|07798065730330|SIERRA DE LOS PADRES S/G NARAN.500|NUTRECO ALIMENTOS |630.00|520.66|1|630.00|520.66|0.00|0.00| |0.00|0.00| 
70|1|4|7798065730330|1|07798065730330|SIERRA DE LOS PADRES S/G NARAN.500|NUTRECO ALIMENTOS |630.00|520.66|1|630.00|520.66|0.00|0.00| |0.00|0.00| 
70|1|1|7798065730347|1|07798065730347|SIERRA DE LOS PADRES S/G POMELO 1,5|NUTRECO ALIMENTOS |1150.00|950.41|1|1150.00|950.41|0.00|0.00| |0.00|0.00| 
70|1|2|7798065730347|1|07798065730347|SIERRA DE LOS PADRES S/G POMELO 1,5|NUTRECO ALIMENTOS |1150.00|950.41|1|1150.00|950.41|0.00|0.00| |0.00|0.00| 
70|1|3|7798065730347|1|07798065730347|SIERRA DE LOS PADRES S/G POMELO 1,5|NUTRECO ALIMENTOS |1150.00|950.41|1|1150.00|950.41|0.00|0.00| |0.00|0.00| 
70|1|4|7798065730347|1|07798065730347|SIERRA DE LOS PADRES S/G POMELO 1,5|NUTRECO ALIMENTOS |1150.00|950.41|1|1150.00|950.41|0.00|0.00| |0.00|0.00| 
70|1|1|7798065730354|1|07798065730354|SIERRA DE LOS PADRES S/G POMELO 500|NUTRECO ALIMENTOS |630.00|520.66|1|630.00|520.66|0.00|0.00| |0.00|0.00| 
70|1|2|7798065730354|1|07798065730354|SIERRA DE LOS PADRES S/G POMELO 500|NUTRECO ALIMENTOS |630.00|520.66|1|630.00|520.66|0.00|0.00| |0.00|0.00| 
70|1|3|7798065730354|1|07798065730354|SIERRA DE LOS PADRES S/G POMELO 500|NUTRECO ALIMENTOS |630.00|520.66|1|630.00|520.66|0.00|0.00| |0.00|0.00| 
70|1|4|7798065730354|1|07798065730354|SIERRA DE LOS PADRES S/G POMELO 500|NUTRECO ALIMENTOS |630.00|520.66|1|630.00|520.66|0.00|0.00| |0.00|0.00| 
70|1|1|7790503000302|1|07790503000302|SNACK DE ARROZ DOS HERMANOS 80G.ASA|DOS HERMANOS|1410.00|1165.29|1|1410.00|1165.29|0.00|0.00| |0.00|0.00| 
70|1|3|7790503000302|1|07790503000302|SNACK DE ARROZ DOS HERMANOS 80G.ASA|DOS HERMANOS|1410.00|1165.29|1|1410.00|1165.29|0.00|0.00| |0.00|0.00| 
70|1|3|7790503000296|1|07790503000296|SNACK DE ARROZ DOS HERMANOS 80G.CRE|DOS HERMANOS|1410.00|1165.29|1|1410.00|1165.29|0.00|0.00| |0.00|0.00| 
70|1|1|7790503000289|1|07790503000289|SNACK DE ARROZ DOS HERMANOS 80G.JAM|DOS HERMANOS|1410.00|1165.29|1|1410.00|1165.29|0.00|0.00| |0.00|0.00| 
70|1|3|7790503000289|1|07790503000289|SNACK DE ARROZ DOS HERMANOS 80G.JAM|DOS HERMANOS|1410.00|1165.29|1|1410.00|1165.29|0.00|0.00| |0.00|0.00| 
70|1|4|7790503000289|1|07790503000289|SNACK DE ARROZ DOS HERMANOS 80G.JAM|DOS HERMANOS|1410.00|1165.29|1|1410.00|1165.29|0.00|0.00| |0.00|0.00| 
70|1|4|7791234000128|1|07791234000128|SODA AGUAFIEL SIFON 2 LTS. |FRUTAFIEL S.A.|1780.00|1471.07|1|1780.00|1471.07|0.00|0.00| |0.00|0.00| 
70|1|1|7798065730040|1|07798065730040|SODA S.DE LOS PADRES 500 CC|NUTRECO ALIMENTOS |510.00|421.49|1|510.00|421.49|0.00|0.00| |0.00|0.00| 
70|1|2|7798065730040|1|07798065730040|SODA S.DE LOS PADRES 500 CC|NUTRECO ALIMENTOS |510.00|421.49|1|510.00|421.49|0.00|0.00| |0.00|0.00| 
70|1|3|7798065730040|1|07798065730040|SODA S.DE LOS PADRES 500 CC|NUTRECO ALIMENTOS |510.00|421.49|1|510.00|421.49|0.00|0.00| |0.00|0.00| 
70|1|4|7798065730040|1|07798065730040|SODA S.DE LOS PADRES 500 CC|NUTRECO ALIMENTOS |510.00|421.49|1|510.00|421.49|0.00|0.00| |0.00|0.00| 
70|1|4|7790681000385|1|07790681000385|SOJA LA EGIPCIANA 500 GRS.|LA EGIPCIANA|16.70|15.11|1|16.70|15.11|0.00|0.00| |0.00|0.00| 
70|1|1|7790150441572|1|07790150441572|SOPA ALICANTE CREMA ZAPALLO 73G.|LA VIRGINIA|1430.00|1181.82|1|1430.00|1181.82|0.00|0.00| |0.00|0.00| 
70|1|4|7790150441572|1|07790150441572|SOPA ALICANTE CREMA ZAPALLO 73G.|LA VIRGINIA|1430.00|1181.82|1|1430.00|1181.82|0.00|0.00| |0.00|0.00| 
70|1|2|7790150695197|1|07790150695197|SOPA ALICANTE FIDEOS C/VERDURAS 72G|LA VIRGINIA|1430.00|1181.82|1|1430.00|1181.82|0.00|0.00| |0.00|0.00| 
70|1|3|7790150695197|1|07790150695197|SOPA ALICANTE FIDEOS C/VERDURAS 72G|LA VIRGINIA|1430.00|1181.82|1|1430.00|1181.82|0.00|0.00| |0.00|0.00| 
70|1|4|7790150695197|1|07790150695197|SOPA ALICANTE FIDEOS C/VERDURAS 72G|LA VIRGINIA|1430.00|1181.82|1|1430.00|1181.82|0.00|0.00| |0.00|0.00| 
70|1|1|7790150696545|1|07790150696545|SOPA ALICANTE POLLO C/ARROZ 63 GR.|LA VIRGINIA|1430.00|1181.82|1|1430.00|1181.82|0.00|0.00| |0.00|0.00| 
70|1|2|7790150696545|1|07790150696545|SOPA ALICANTE POLLO C/ARROZ 63 GR.|LA VIRGINIA|1430.00|1181.82|1|1430.00|1181.82|0.00|0.00| |0.00|0.00| 
70|1|4|7790150696545|1|07790150696545|SOPA ALICANTE POLLO C/ARROZ 63 GR.|LA VIRGINIA|1430.00|1181.82|1|1430.00|1181.82|0.00|0.00| |0.00|0.00| 
70|1|1|7794000596931|1|07794000596931|SOPA KNORR N.R.CREMA CHOCLO 70G.|UNILEVER BEST FOODS|2100.00|1735.54|1|2100.00|1735.54|0.00|0.00| |0.00|0.00| 
70|1|2|7794000596931|1|07794000596931|SOPA KNORR N.R.CREMA CHOCLO 70G.|UNILEVER BEST FOODS|2100.00|1735.54|1|2100.00|1735.54|0.00|0.00| |0.00|0.00| 
70|1|1|7794000596924|1|07794000596924|SOPA KNORR N.R.CREMA ZAPALLO 70G.|UNILEVER BEST FOODS|2100.00|1735.54|1|2100.00|1735.54|0.00|0.00| |0.00|0.00| 
70|1|3|7794000596924|1|07794000596924|SOPA KNORR N.R.CREMA ZAPALLO 70G.|UNILEVER BEST FOODS|2100.00|1735.54|1|2100.00|1735.54|0.00|0.00| |0.00|0.00| 
70|1|4|7794000596924|1|07794000596924|SOPA KNORR N.R.CREMA ZAPALLO 70G.|UNILEVER BEST FOODS|2100.00|1735.54|1|2100.00|1735.54|0.00|0.00| |0.00|0.00| 
70|1|1|7794000596573|1|07794000596573|SOPA KNORR N.R.QUICK CHOCLO 63G.|UNILEVER BEST FOODS|2750.00|2272.73|1|2750.00|2272.73|0.00|0.00| |0.00|0.00| 
70|1|2|7794000596573|1|07794000596573|SOPA KNORR N.R.QUICK CHOCLO 63G.|UNILEVER BEST FOODS|2750.00|2272.73|1|2750.00|2272.73|0.00|0.00| |0.00|0.00| 
70|1|3|7794000596573|1|07794000596573|SOPA KNORR N.R.QUICK CHOCLO 63G.|UNILEVER BEST FOODS|2750.00|2272.73|1|2750.00|2272.73|0.00|0.00| |0.00|0.00| 
70|1|4|7794000596573|1|07794000596573|SOPA KNORR N.R.QUICK CHOCLO 63G.|UNILEVER BEST FOODS|2750.00|2272.73|1|2750.00|2272.73|0.00|0.00| |0.00|0.00| 
70|1|1|7794000596498|1|07794000596498|SOPA KNORR N.R.QUICK ZAPALLO  63G.|UNILEVER BEST FOODS|2750.00|2272.73|1|2750.00|2272.73|0.00|0.00| |0.00|0.00| 
70|1|3|7794000596498|1|07794000596498|SOPA KNORR N.R.QUICK ZAPALLO  63G.|UNILEVER BEST FOODS|2750.00|2272.73|1|2750.00|2272.73|0.00|0.00| |0.00|0.00| 
70|1|4|7794000596498|1|07794000596498|SOPA KNORR N.R.QUICK ZAPALLO  63G.|UNILEVER BEST FOODS|2750.00|2272.73|1|2750.00|2272.73|0.00|0.00| |0.00|0.00| 
70|1|1|7791290013575|1|07791290013575|SUAVIZANTE COMFORT 3L. DP.|UNILEVER.|12000.00|9917.36|1|12000.00|9917.36|0.00|0.00| |0.00|0.00| 
70|1|2|7791290013575|1|07791290013575|SUAVIZANTE COMFORT 3L. DP.|UNILEVER.|12000.00|9917.36|1|12000.00|9917.36|0.00|0.00| |0.00|0.00| 
70|1|4|7791290013575|1|07791290013575|SUAVIZANTE COMFORT 3L. DP.|UNILEVER.|12000.00|9917.36|1|12000.00|9917.36|0.00|0.00| |0.00|0.00| 
70|1|1|7791290007987|1|07791290007987|SUAVIZANTE COMFORT CLASSIC 900 CC|UNILEVER.|3800.00|3140.50|1|3800.00|3140.50|0.00|0.00| |0.00|0.00| 
70|1|2|7791290007987|1|07791290007987|SUAVIZANTE COMFORT CLASSIC 900 CC|UNILEVER.|3800.00|3140.50|1|3800.00|3140.50|0.00|0.00| |0.00|0.00| 
70|1|4|7791290007987|1|07791290007987|SUAVIZANTE COMFORT CLASSIC 900 CC|UNILEVER.|3800.00|3140.50|1|3800.00|3140.50|0.00|0.00| |0.00|0.00| 
70|1|1|7790828103672|1|07790828103672|SUAVIZANTE GIGANTE DOY PACK AMAR900|JOSE GUMA|2050.00|1694.21|1|2050.00|1694.21|0.00|0.00| |0.00|0.00| 
70|1|2|7790828103672|1|07790828103672|SUAVIZANTE GIGANTE DOY PACK AMAR900|JOSE GUMA|2050.00|1694.21|1|2050.00|1694.21|0.00|0.00| |0.00|0.00| 
70|1|3|7790828103672|1|07790828103672|SUAVIZANTE GIGANTE DOY PACK AMAR900|JOSE GUMA|2050.00|1694.21|1|2050.00|1694.21|0.00|0.00| |0.00|0.00| 
70|1|4|7790828103672|1|07790828103672|SUAVIZANTE GIGANTE DOY PACK AMAR900|JOSE GUMA|2050.00|1694.21|1|2050.00|1694.21|0.00|0.00| |0.00|0.00| 
70|1|1|7790828103740|1|07790828103740|SUAVIZANTE GIGANTE DOY PACK GEMA900|JOSE GUMA|2050.00|1694.21|1|2050.00|1694.21|0.00|0.00| |0.00|0.00| 
70|1|2|7790828103740|1|07790828103740|SUAVIZANTE GIGANTE DOY PACK GEMA900|JOSE GUMA|2050.00|1694.21|1|2050.00|1694.21|0.00|0.00| |0.00|0.00| 
70|1|3|7790828103740|1|07790828103740|SUAVIZANTE GIGANTE DOY PACK GEMA900|JOSE GUMA|2050.00|1694.21|1|2050.00|1694.21|0.00|0.00| |0.00|0.00| 
70|1|1|7790828103399|1|07790828103399|SUAVIZANTE GIGANTE DOY PACK LILA900|JOSE GUMA|2050.00|1694.21|1|2050.00|1694.21|0.00|0.00| |0.00|0.00| 
70|1|2|7790828103399|1|07790828103399|SUAVIZANTE GIGANTE DOY PACK LILA900|JOSE GUMA|2050.00|1694.21|1|2050.00|1694.21|0.00|0.00| |0.00|0.00| 
70|1|3|7790828103399|1|07790828103399|SUAVIZANTE GIGANTE DOY PACK LILA900|JOSE GUMA|2050.00|1694.21|1|2050.00|1694.21|0.00|0.00| |0.00|0.00| 
70|1|1|7790828103795|1|07790828103795|SUAVIZANTE GIGANTE DOY PACK ROC900C|JOSE GUMA|2050.00|1694.21|1|2050.00|1694.21|0.00|0.00| |0.00|0.00| 
70|1|2|7790828103795|1|07790828103795|SUAVIZANTE GIGANTE DOY PACK ROC900C|JOSE GUMA|2050.00|1694.21|1|2050.00|1694.21|0.00|0.00| |0.00|0.00| 
70|1|3|7790828103795|1|07790828103795|SUAVIZANTE GIGANTE DOY PACK ROC900C|JOSE GUMA|2050.00|1694.21|1|2050.00|1694.21|0.00|0.00| |0.00|0.00| 
70|1|1|7790828103689|1|07790828103689|SUAVIZANTE GIGANTE DOY PACK VERD900|JOSE GUMA|2050.00|1694.21|1|2050.00|1694.21|0.00|0.00| |0.00|0.00| 
70|1|2|7790828103689|1|07790828103689|SUAVIZANTE GIGANTE DOY PACK VERD900|JOSE GUMA|2050.00|1694.21|1|2050.00|1694.21|0.00|0.00| |0.00|0.00| 
70|1|3|7790828103689|1|07790828103689|SUAVIZANTE GIGANTE DOY PACK VERD900|JOSE GUMA|2050.00|1694.21|1|2050.00|1694.21|0.00|0.00| |0.00|0.00| 
70|1|4|7790828103689|1|07790828103689|SUAVIZANTE GIGANTE DOY PACK VERD900|JOSE GUMA|2050.00|1694.21|1|2050.00|1694.21|0.00|0.00| |0.00|0.00| 
70|1|1|7798118737347|1|07798118737347|SUAVIZANTE PRIMER PRECIO 900CC.|RODRIFLOR|1360.00|1123.97|1|1360.00|1123.97|0.00|0.00| |0.00|0.00| 
70|1|2|7798118737347|1|07798118737347|SUAVIZANTE PRIMER PRECIO 900CC.|RODRIFLOR|1360.00|1123.97|1|1360.00|1123.97|0.00|0.00| |0.00|0.00| 
70|1|3|7798118737347|1|07798118737347|SUAVIZANTE PRIMER PRECIO 900CC.|RODRIFLOR|1360.00|1123.97|1|1360.00|1123.97|0.00|0.00| |0.00|0.00| 
70|1|4|7798118737347|1|07798118737347|SUAVIZANTE PRIMER PRECIO 900CC.|RODRIFLOR|1360.00|1123.97|1|1360.00|1123.97|0.00|0.00| |0.00|0.00| 
70|1|1|7790990012345|1|07790990012345|SUAVIZANTE SUAVE 3L.DP. VIOLETAS DE|DREAMCO LIMPIEZA|7450.00|6157.02|1|7450.00|6157.02|0.00|0.00| |0.00|0.00| 
70|1|2|7790990012345|1|07790990012345|SUAVIZANTE SUAVE 3L.DP. VIOLETAS DE|DREAMCO LIMPIEZA|7450.00|6157.02|1|7450.00|6157.02|0.00|0.00| |0.00|0.00| 
70|1|3|7790990012345|1|07790990012345|SUAVIZANTE SUAVE 3L.DP. VIOLETAS DE|DREAMCO LIMPIEZA|7450.00|6157.02|1|7450.00|6157.02|0.00|0.00| |0.00|0.00| 
70|1|1|7790990012208|1|07790990012208|SUAVIZANTE SUAVE AIRES DE BAMBU 900|DREAMCO LIMPIEZA|2110.00|1743.80|1|2110.00|1743.80|0.00|0.00| |0.00|0.00| 
70|1|2|7790990012208|1|07790990012208|SUAVIZANTE SUAVE AIRES DE BAMBU 900|DREAMCO LIMPIEZA|2110.00|1743.80|1|2110.00|1743.80|0.00|0.00| |0.00|0.00| 
70|1|3|7790990012208|1|07790990012208|SUAVIZANTE SUAVE AIRES DE BAMBU 900|DREAMCO LIMPIEZA|2110.00|1743.80|1|2110.00|1743.80|0.00|0.00| |0.00|0.00| 
70|1|4|7790990012208|1|07790990012208|SUAVIZANTE SUAVE AIRES DE BAMBU 900|DREAMCO LIMPIEZA|2110.00|1743.80|1|2110.00|1743.80|0.00|0.00| |0.00|0.00| 
70|1|1|7790990012215|1|07790990012215|SUAVIZANTE SUAVE CARICIAS ALGOD.900|DREAMCO LIMPIEZA|2110.00|1743.80|1|2110.00|1743.80|0.00|0.00| |0.00|0.00| 
70|1|2|7790990012215|1|07790990012215|SUAVIZANTE SUAVE CARICIAS ALGOD.900|DREAMCO LIMPIEZA|2110.00|1743.80|1|2110.00|1743.80|0.00|0.00| |0.00|0.00| 
70|1|3|7790990012215|1|07790990012215|SUAVIZANTE SUAVE CARICIAS ALGOD.900|DREAMCO LIMPIEZA|2110.00|1743.80|1|2110.00|1743.80|0.00|0.00| |0.00|0.00| 
70|1|4|7790990012215|1|07790990012215|SUAVIZANTE SUAVE CARICIAS ALGOD.900|DREAMCO LIMPIEZA|2110.00|1743.80|1|2110.00|1743.80|0.00|0.00| |0.00|0.00| 
70|1|1|7790990012185|1|07790990012185|SUAVIZANTE SUAVE LIBRE ENJUAGUE 900|DREAMCO LIMPIEZA|2110.00|1743.80|1|2110.00|1743.80|0.00|0.00| |0.00|0.00| 
70|1|2|7790990012185|1|07790990012185|SUAVIZANTE SUAVE LIBRE ENJUAGUE 900|DREAMCO LIMPIEZA|2110.00|1743.80|1|2110.00|1743.80|0.00|0.00| |0.00|0.00| 
70|1|3|7790990012185|1|07790990012185|SUAVIZANTE SUAVE LIBRE ENJUAGUE 900|DREAMCO LIMPIEZA|2110.00|1743.80|1|2110.00|1743.80|0.00|0.00| |0.00|0.00| 
70|1|4|7790990012185|1|07790990012185|SUAVIZANTE SUAVE LIBRE ENJUAGUE 900|DREAMCO LIMPIEZA|2110.00|1743.80|1|2110.00|1743.80|0.00|0.00| |0.00|0.00| 
70|1|1|7790099001219|1|07790099001219|SUAVIZANTE SUAVE VIOL. DEL CAMP900|DREAMCO LIMPIEZA|2110.00|1743.80|1|2110.00|1743.80|0.00|0.00| |0.00|0.00| 
70|1|2|7790099001219|1|07790099001219|SUAVIZANTE SUAVE VIOL. DEL CAMP900|DREAMCO LIMPIEZA|2110.00|1743.80|1|2110.00|1743.80|0.00|0.00| |0.00|0.00| 
70|1|3|7790099001219|1|07790099001219|SUAVIZANTE SUAVE VIOL. DEL CAMP900|DREAMCO LIMPIEZA|2110.00|1743.80|1|2110.00|1743.80|0.00|0.00| |0.00|0.00| 
70|1|4|7790099001219|1|07790099001219|SUAVIZANTE SUAVE VIOL. DEL CAMP900|DREAMCO LIMPIEZA|2110.00|1743.80|1|2110.00|1743.80|0.00|0.00| |0.00|0.00| 
70|1|4|7791290013551|1|07791290013551|SUAVIZANTE VIVERE 3L.DP.CLASICO FLO|UNILEVER.|9500.00|7851.24|1|9500.00|7851.24|0.00|0.00| |0.00|0.00| 
70|1|1|7791290007901|1|07791290007901|SUAVIZANTE VIVERE CLASICO 900CC|UNILEVER.|3050.00|2520.66|1|3050.00|2520.66|0.00|0.00| |0.00|0.00| 
70|1|2|7791290007901|1|07791290007901|SUAVIZANTE VIVERE CLASICO 900CC|UNILEVER.|3050.00|2520.66|1|3050.00|2520.66|0.00|0.00| |0.00|0.00| 
70|1|3|7791290007901|1|07791290007901|SUAVIZANTE VIVERE CLASICO 900CC|UNILEVER.|3050.00|2520.66|1|3050.00|2520.66|0.00|0.00| |0.00|0.00| 
70|1|4|7791290007901|1|07791290007901|SUAVIZANTE VIVERE CLASICO 900CC|UNILEVER.|3050.00|2520.66|1|3050.00|2520.66|0.00|0.00| |0.00|0.00| 
70|1|1|7791290782754|1|07791290782754|SUAVIZANTE VIVERE FLORES SILV.900 C|UNILEVER.|3050.00|2520.66|1|3050.00|2520.66|0.00|0.00| |0.00|0.00| 
70|1|2|7791290782754|1|07791290782754|SUAVIZANTE VIVERE FLORES SILV.900 C|UNILEVER.|3050.00|2520.66|1|3050.00|2520.66|0.00|0.00| |0.00|0.00| 
70|1|4|7791290782754|1|07791290782754|SUAVIZANTE VIVERE FLORES SILV.900 C|UNILEVER.|3050.00|2520.66|1|3050.00|2520.66|0.00|0.00| |0.00|0.00| 
70|1|4|7791290677791|1|07791290677791|SUAVIZANTE VIVERE VIOLETAS&F.B900|UNILEVER.|3125.00|2582.64|1|3125.00|2582.64|0.00|0.00| |0.00|0.00| 
70|1|4|7790990012376|1|07790990012376|SUAVIZANTE ZORRO 900ML DP.JARDIN DE|ALICORP 2021|1830.00|1512.40|1|1830.00|1512.40|0.00|0.00| |0.00|0.00| 
70|1|4|7790520004741|1|07790520004741|TABLETAS MOSQUITOS FUYI 16UNID.|PROV.VARIOS LIMPIEZA|419.75|346.90|1|419.75|346.90|0.00|0.00| |0.00|0.00| 
70|1|2|7790520004758|1|07790520004758|TABLETAS MOSQUITOS FUYI 28UNID.|PROV.VARIOS LIMPIEZA|899.00|742.98|1|899.00|742.98|0.00|0.00| |0.00|0.00| 
70|1|4|7790520004758|1|07790520004758|TABLETAS MOSQUITOS FUYI 28UNID.|PROV.VARIOS LIMPIEZA|899.00|742.98|1|899.00|742.98|0.00|0.00| |0.00|0.00| 
70|1|1|7790520155702|1|07790520155702|TABLETAS MOSQUITOS RAID 12 UNID.|SCJ INSECTICIDA|3275.00|2706.61|1|3275.00|2706.61|0.00|0.00| |0.00|0.00| 
70|1|2|7790520155702|1|07790520155702|TABLETAS MOSQUITOS RAID 12 UNID.|SCJ INSECTICIDA|3275.00|2706.61|1|3275.00|2706.61|0.00|0.00| |0.00|0.00| 
70|1|3|7790520155702|1|07790520155702|TABLETAS MOSQUITOS RAID 12 UNID.|SCJ INSECTICIDA|3275.00|2706.61|1|3275.00|2706.61|0.00|0.00| |0.00|0.00| 
70|1|4|7790520155702|1|07790520155702|TABLETAS MOSQUITOS RAID 12 UNID.|SCJ INSECTICIDA|3275.00|2706.61|1|3275.00|2706.61|0.00|0.00| |0.00|0.00| 
70|1|1|7790520155450|1|07790520155450|TABLETAS MOSQUITOS RAID 24 UNI.|SCJ INSECTICIDA|4798.00|3965.29|1|4798.00|3965.29|0.00|0.00| |0.00|0.00| 
70|1|2|7790520155450|1|07790520155450|TABLETAS MOSQUITOS RAID 24 UNI.|SCJ INSECTICIDA|4798.00|3965.29|1|4798.00|3965.29|0.00|0.00| |0.00|0.00| 
70|1|3|7790520155450|1|07790520155450|TABLETAS MOSQUITOS RAID 24 UNI.|SCJ INSECTICIDA|4798.00|3965.29|1|4798.00|3965.29|0.00|0.00| |0.00|0.00| 
70|1|4|7790520155450|1|07790520155450|TABLETAS MOSQUITOS RAID 24 UNI.|SCJ INSECTICIDA|4798.00|3965.29|1|4798.00|3965.29|0.00|0.00| |0.00|0.00| 
70|1|3|7791274196461|1|07791274196461|TALCO ALGABO 200G FLORAL BOLSA|ALGABO PERFUMERIA|1770.30|1463.06|1|1770.30|1463.06|0.00|0.00| |0.00|0.00| 
70|1|3|7791274188350|1|07791274188350|TALCO ALGABO 250G FLORAL TALQUERA|ALGABO PERFUMERIA|2539.95|2099.13|1|2539.95|2099.13|0.00|0.00| |0.00|0.00| 
70|1|4|7791274188350|1|07791274188350|TALCO ALGABO 250G FLORAL TALQUERA|ALGABO PERFUMERIA|2539.95|2099.13|1|2539.95|2099.13|0.00|0.00| |0.00|0.00| 
70|1|1|7791274188367|1|07791274188367|TALCO ALGABO 250G VIOLETS TALQUERA|ALGABO PERFUMERIA|2539.95|2099.13|1|2539.95|2099.13|0.00|0.00| |0.00|0.00| 
70|1|2|7791274188367|1|07791274188367|TALCO ALGABO 250G VIOLETS TALQUERA|ALGABO PERFUMERIA|2539.95|2099.13|1|2539.95|2099.13|0.00|0.00| |0.00|0.00| 
70|1|4|7791274188367|1|07791274188367|TALCO ALGABO 250G VIOLETS TALQUERA|ALGABO PERFUMERIA|2539.95|2099.13|1|2539.95|2099.13|0.00|0.00| |0.00|0.00| 
70|1|4|7791274009532|1|07791274009532|TALCO ALGABO FOOT 200 GRS. TALQUERA|ALGABO PERFUMERIA|2616.95|2162.77|1|2616.95|2162.77|0.00|0.00| |0.00|0.00| 
70|1|4|7891010032241|1|07891010032241|TALCO JOHNSONS FECULA 200G. BABY|CARLOS DECHANZI PERF|6154.12|5086.05|1|6154.12|5086.05|0.00|0.00| |0.00|0.00| 
70|1|4|7790371005676|1|07790371005676|TALCO MENTOLADO VIDOL TALQUERA 200G|DCC S.A.|5860.75|4843.60|1|5860.75|4843.60|0.00|0.00| |0.00|0.00| 
70|1|4|7790371000114|1|07790371000114|TALCO PERFUMADO VIDOL FLORAL 250G B|DCC S.A.|3215.35|2657.31|1|3215.35|2657.31|0.00|0.00| |0.00|0.00| 
70|1|1|0662425026975|1|00662425026975|TAMPONES PRIMER PRECIO MEDIO 8U.|JVA-SWISS PERSONAL C|1665.00|1376.03|1|1665.00|1376.03|0.00|0.00| |0.00|0.00| 
70|1|2|0662425026975|1|00662425026975|TAMPONES PRIMER PRECIO MEDIO 8U.|JVA-SWISS PERSONAL C|1665.00|1376.03|1|1665.00|1376.03|0.00|0.00| |0.00|0.00| 
70|1|4|0662425026975|1|00662425026975|TAMPONES PRIMER PRECIO MEDIO 8U.|JVA-SWISS PERSONAL C|1665.00|1376.03|1|1665.00|1376.03|0.00|0.00| |0.00|0.00| 
70|1|1|0662425026968|1|00662425026968|TAMPONES PRIMER PRECIO MINI 8U.|JVA-SWISS PERSONAL C|1665.00|1376.03|1|1665.00|1376.03|0.00|0.00| |0.00|0.00| 
70|1|2|0662425026968|1|00662425026968|TAMPONES PRIMER PRECIO MINI 8U.|JVA-SWISS PERSONAL C|1665.00|1376.03|1|1665.00|1376.03|0.00|0.00| |0.00|0.00| 
70|1|3|0662425026968|1|00662425026968|TAMPONES PRIMER PRECIO MINI 8U.|JVA-SWISS PERSONAL C|1665.00|1376.03|1|1665.00|1376.03|0.00|0.00| |0.00|0.00| 
70|1|4|0662425026968|1|00662425026968|TAMPONES PRIMER PRECIO MINI 8U.|JVA-SWISS PERSONAL C|1665.00|1376.03|1|1665.00|1376.03|0.00|0.00| |0.00|0.00| 
70|1|1|0662425026982|1|00662425026982|TAMPONES PRIMER PRECIO SUPER 8U.|JVA-SWISS PERSONAL C|1665.00|1376.03|1|1665.00|1376.03|0.00|0.00| |0.00|0.00| 
70|1|2|0662425026982|1|00662425026982|TAMPONES PRIMER PRECIO SUPER 8U.|JVA-SWISS PERSONAL C|1665.00|1376.03|1|1665.00|1376.03|0.00|0.00| |0.00|0.00| 
70|1|3|0662425026982|1|00662425026982|TAMPONES PRIMER PRECIO SUPER 8U.|JVA-SWISS PERSONAL C|1665.00|1376.03|1|1665.00|1376.03|0.00|0.00| |0.00|0.00| 
70|1|1|7791122000193|1|07791122000193|TE BOLDO VELEZ 25 UNID.|EPIFANIO JIMENEZ|1490.00|1231.40|1|1490.00|1231.40|0.00|0.00| |0.00|0.00| 
70|1|4|7792280000339|1|07792280000339|TE CACHAMAI AMARILLO SAQ.20 U.   |CACHAMAI|978.40|808.60|1|978.40|808.60|0.00|0.00| |0.00|0.00| 
70|1|1|7790170914759|1|07790170914759|TE LA MORENITA 25 SAQ. |LA VIRGINIA|790.00|652.89|1|790.00|652.89|0.00|0.00| |0.00|0.00| 
70|1|2|7790170914759|1|07790170914759|TE LA MORENITA 25 SAQ. |LA VIRGINIA|790.00|652.89|1|790.00|652.89|0.00|0.00| |0.00|0.00| 
70|1|3|7790170914759|1|07790170914759|TE LA MORENITA 25 SAQ. |LA VIRGINIA|790.00|652.89|1|790.00|652.89|0.00|0.00| |0.00|0.00| 
70|1|4|7790170914759|1|07790170914759|TE LA MORENITA 25 SAQ. |LA VIRGINIA|790.00|652.89|1|790.00|652.89|0.00|0.00| |0.00|0.00| 
70|1|1|7790170914209|1|07790170914209|TE LA MORENITA 50 SAQ. RAPIDA INFUS|LA VIRGINIA|1590.00|1314.05|1|1590.00|1314.05|0.00|0.00| |0.00|0.00| 
70|1|2|7790170914209|1|07790170914209|TE LA MORENITA 50 SAQ. RAPIDA INFUS|LA VIRGINIA|1590.00|1314.05|1|1590.00|1314.05|0.00|0.00| |0.00|0.00| 
70|1|3|7790170914209|1|07790170914209|TE LA MORENITA 50 SAQ. RAPIDA INFUS|LA VIRGINIA|1590.00|1314.05|1|1590.00|1314.05|0.00|0.00| |0.00|0.00| 
70|1|4|7790170914209|1|07790170914209|TE LA MORENITA 50 SAQ. RAPIDA INFUS|LA VIRGINIA|1590.00|1314.05|1|1590.00|1314.05|0.00|0.00| |0.00|0.00| 
70|1|1|7790170924628|1|07790170924628|TE LA MORENITA BOLDO 20 SAQ.|LA VIRGINIA|1230.00|1016.53|1|1230.00|1016.53|0.00|0.00| |0.00|0.00| 
70|1|3|7790170924628|1|07790170924628|TE LA MORENITA BOLDO 20 SAQ.|LA VIRGINIA|1230.00|1016.53|1|1230.00|1016.53|0.00|0.00| |0.00|0.00| 
70|1|4|7790170924628|1|07790170924628|TE LA MORENITA BOLDO 20 SAQ.|LA VIRGINIA|1230.00|1016.53|1|1230.00|1016.53|0.00|0.00| |0.00|0.00| 
70|1|2|7790150310137|1|07790150310137|TE LA VIRGINIA BOLDO 25 SAQ.     |LA VIRGINIA|1800.00|1487.60|1|1800.00|1487.60|0.00|0.00| |0.00|0.00| 
70|1|3|7790150310137|1|07790150310137|TE LA VIRGINIA BOLDO 25 SAQ.     |LA VIRGINIA|1800.00|1487.60|1|1800.00|1487.60|0.00|0.00| |0.00|0.00| 
70|1|4|7790150310137|1|07790150310137|TE LA VIRGINIA BOLDO 25 SAQ.     |LA VIRGINIA|1800.00|1487.60|1|1800.00|1487.60|0.00|0.00| |0.00|0.00| 
70|1|1|7790150310212|1|07790150310212|TE LA VIRGINIA BOLDO 50 SAQ.     |LA VIRGINIA|3030.00|2504.13|1|3030.00|2504.13|0.00|0.00| |0.00|0.00| 
70|1|2|7790150310212|1|07790150310212|TE LA VIRGINIA BOLDO 50 SAQ.     |LA VIRGINIA|3030.00|2504.13|1|3030.00|2504.13|0.00|0.00| |0.00|0.00| 
70|1|3|7790150310212|1|07790150310212|TE LA VIRGINIA BOLDO 50 SAQ.     |LA VIRGINIA|3030.00|2504.13|1|3030.00|2504.13|0.00|0.00| |0.00|0.00| 
70|1|4|7790150310212|1|07790150310212|TE LA VIRGINIA BOLDO 50 SAQ.     |LA VIRGINIA|3030.00|2504.13|1|3030.00|2504.13|0.00|0.00| |0.00|0.00| 
70|1|1|7790150350133|1|07790150350133|TE LA VIRGINIA CEDRON SAQ.25     |LA VIRGINIA|1730.00|1429.75|1|1730.00|1429.75|0.00|0.00| |0.00|0.00| 
70|1|3|7790150350133|1|07790150350133|TE LA VIRGINIA CEDRON SAQ.25     |LA VIRGINIA|1730.00|1429.75|1|1730.00|1429.75|0.00|0.00| |0.00|0.00| 
70|1|4|7790150350133|1|07790150350133|TE LA VIRGINIA CEDRON SAQ.25     |LA VIRGINIA|1730.00|1429.75|1|1730.00|1429.75|0.00|0.00| |0.00|0.00| 
70|1|3|7790150380161|1|07790150380161|TE LA VIRGINIA DURAZNO 20SAQ.|LA VIRGINIA|1920.00|1586.78|1|1920.00|1586.78|0.00|0.00| |0.00|0.00| 
70|1|4|7790150696835|1|07790150696835|TE LA VIRGINIA FRUTAS CITRICAS 20|PR.VARIOS SUPERMERC.|1572.75|1299.79|1|1572.75|1299.79|0.00|0.00| |0.00|0.00| 
70|1|1|7790150696842|1|07790150696842|TE LA VIRGINIA FRUTAS TROPICALES 20|LA VIRGINIA|1930.00|1595.04|1|1930.00|1595.04|0.00|0.00| |0.00|0.00| 
70|1|2|7790150696842|1|07790150696842|TE LA VIRGINIA FRUTAS TROPICALES 20|LA VIRGINIA|1930.00|1595.04|1|1930.00|1595.04|0.00|0.00| |0.00|0.00| 
70|1|3|7790150696842|1|07790150696842|TE LA VIRGINIA FRUTAS TROPICALES 20|LA VIRGINIA|1930.00|1595.04|1|1930.00|1595.04|0.00|0.00| |0.00|0.00| 
70|1|4|7790150696842|1|07790150696842|TE LA VIRGINIA FRUTAS TROPICALES 20|LA VIRGINIA|1930.00|1595.04|1|1930.00|1595.04|0.00|0.00| |0.00|0.00| 
70|1|3|7790150396162|1|07790150396162|TE LA VIRGINIA FRUTILLA 20 SAQ.|LA VIRGINIA|1920.00|1586.78|1|1920.00|1586.78|0.00|0.00| |0.00|0.00| 
70|1|1|7790150340134|1|07790150340134|TE LA VIRGINIA HIERBAS MENTA PEPERI|LA VIRGINIA|1450.00|1198.35|1|1450.00|1198.35|0.00|0.00| |0.00|0.00| 
70|1|2|7790150340134|1|07790150340134|TE LA VIRGINIA HIERBAS MENTA PEPERI|LA VIRGINIA|1450.00|1198.35|1|1450.00|1198.35|0.00|0.00| |0.00|0.00| 
70|1|3|7790150340134|1|07790150340134|TE LA VIRGINIA HIERBAS MENTA PEPERI|LA VIRGINIA|1450.00|1198.35|1|1450.00|1198.35|0.00|0.00| |0.00|0.00| 
70|1|1|7790150240274|1|07790150240274|TE LA VIRGINIA LIMON 20 SAQ.|LA VIRGINIA|1670.00|1380.17|1|1670.00|1380.17|0.00|0.00| |0.00|0.00| 
70|1|2|7790150240274|1|07790150240274|TE LA VIRGINIA LIMON 20 SAQ.|LA VIRGINIA|1670.00|1380.17|1|1670.00|1380.17|0.00|0.00| |0.00|0.00| 
70|1|3|7790150240274|1|07790150240274|TE LA VIRGINIA LIMON 20 SAQ.|LA VIRGINIA|1670.00|1380.17|1|1670.00|1380.17|0.00|0.00| |0.00|0.00| 
70|1|4|7790150240274|1|07790150240274|TE LA VIRGINIA LIMON 20 SAQ.|LA VIRGINIA|1670.00|1380.17|1|1670.00|1380.17|0.00|0.00| |0.00|0.00| 
70|1|1|7790150080603|1|07790150080603|TE LA VIRGINIA MANZANILLA 25U.  |LA VIRGINIA|1450.00|1198.35|1|1450.00|1198.35|0.00|0.00| |0.00|0.00| 
70|1|2|7790150080603|1|07790150080603|TE LA VIRGINIA MANZANILLA 25U.  |LA VIRGINIA|1450.00|1198.35|1|1450.00|1198.35|0.00|0.00| |0.00|0.00| 
70|1|3|7790150080603|1|07790150080603|TE LA VIRGINIA MANZANILLA 25U.  |LA VIRGINIA|1450.00|1198.35|1|1450.00|1198.35|0.00|0.00| |0.00|0.00| 
70|1|4|7790150080603|1|07790150080603|TE LA VIRGINIA MANZANILLA 25U.  |LA VIRGINIA|1450.00|1198.35|1|1450.00|1198.35|0.00|0.00| |0.00|0.00| 
70|1|1|7790150331064|1|07790150331064|TE LA VIRGINIA MANZANILLA-ANIS 25 S|LA VIRGINIA|1800.00|1487.60|1|1800.00|1487.60|0.00|0.00| |0.00|0.00| 
70|1|3|7790150331064|1|07790150331064|TE LA VIRGINIA MANZANILLA-ANIS 25 S|LA VIRGINIA|1800.00|1487.60|1|1800.00|1487.60|0.00|0.00| |0.00|0.00| 
70|1|4|7790150331064|1|07790150331064|TE LA VIRGINIA MANZANILLA-ANIS 25 S|LA VIRGINIA|1800.00|1487.60|1|1800.00|1487.60|0.00|0.00| |0.00|0.00| 
70|1|2|7790150696750|1|07790150696750|TE LA VIRGINIA MC 25 SAQ.|LA VIRGINIA|940.00|776.86|1|940.00|776.86|0.00|0.00| |0.00|0.00| 
70|1|3|7790150696750|1|07790150696750|TE LA VIRGINIA MC 25 SAQ.|LA VIRGINIA|940.00|776.86|1|940.00|776.86|0.00|0.00| |0.00|0.00| 
70|1|4|7790150696750|1|07790150696750|TE LA VIRGINIA MC 25 SAQ.|LA VIRGINIA|940.00|776.86|1|940.00|776.86|0.00|0.00| |0.00|0.00| 
70|1|1|7790150211458|1|07790150211458|TE LA VIRGINIA MC 50 SAQ.|LA VIRGINIA|1820.00|1504.13|1|1820.00|1504.13|0.00|0.00| |0.00|0.00| 
70|1|2|7790150211458|1|07790150211458|TE LA VIRGINIA MC 50 SAQ.|LA VIRGINIA|1820.00|1504.13|1|1820.00|1504.13|0.00|0.00| |0.00|0.00| 
70|1|3|7790150211458|1|07790150211458|TE LA VIRGINIA MC 50 SAQ.|LA VIRGINIA|1820.00|1504.13|1|1820.00|1504.13|0.00|0.00| |0.00|0.00| 
70|1|4|7790150211458|1|07790150211458|TE LA VIRGINIA MC 50 SAQ.|LA VIRGINIA|1820.00|1504.13|1|1820.00|1504.13|0.00|0.00| |0.00|0.00| 
70|1|1|7790150083628|1|07790150083628|TE LA VIRGINIA MEZCLA HIERBAS 25SAQ|LA VIRGINIA|1630.00|1347.11|1|1630.00|1347.11|0.00|0.00| |0.00|0.00| 
70|1|2|7790150083628|1|07790150083628|TE LA VIRGINIA MEZCLA HIERBAS 25SAQ|LA VIRGINIA|1630.00|1347.11|1|1630.00|1347.11|0.00|0.00| |0.00|0.00| 
70|1|3|7790150083628|1|07790150083628|TE LA VIRGINIA MEZCLA HIERBAS 25SAQ|LA VIRGINIA|1630.00|1347.11|1|1630.00|1347.11|0.00|0.00| |0.00|0.00| 
70|1|4|7790150083628|1|07790150083628|TE LA VIRGINIA MEZCLA HIERBAS 25SAQ|LA VIRGINIA|1630.00|1347.11|1|1630.00|1347.11|0.00|0.00| |0.00|0.00| 
70|1|1|7790150250327|1|07790150250327|TE LA VIRGINIA R.MOSQ. Y MANZ.20 SA|LA VIRGINIA|2500.00|2066.12|1|2500.00|2066.12|0.00|0.00| |0.00|0.00| 
70|1|2|7790150250327|1|07790150250327|TE LA VIRGINIA R.MOSQ. Y MANZ.20 SA|LA VIRGINIA|2500.00|2066.12|1|2500.00|2066.12|0.00|0.00| |0.00|0.00| 
70|1|3|7790150250327|1|07790150250327|TE LA VIRGINIA R.MOSQ. Y MANZ.20 SA|LA VIRGINIA|2500.00|2066.12|1|2500.00|2066.12|0.00|0.00| |0.00|0.00| 
70|1|4|7790150250327|1|07790150250327|TE LA VIRGINIA R.MOSQ. Y MANZ.20 SA|LA VIRGINIA|2500.00|2066.12|1|2500.00|2066.12|0.00|0.00| |0.00|0.00| 
70|1|1|7790150255025|1|07790150255025|TE LA VIRGINIA ROJO 20 SAQUITOS|LA VIRGINIA|1920.00|1586.78|1|1920.00|1586.78|0.00|0.00| |0.00|0.00| 
70|1|3|7790150255025|1|07790150255025|TE LA VIRGINIA ROJO 20 SAQUITOS|LA VIRGINIA|1920.00|1586.78|1|1920.00|1586.78|0.00|0.00| |0.00|0.00| 
70|1|1|7790150321027|1|07790150321027|TE LA VIRGINIA TILO C/MAN./CEDRO25S|LA VIRGINIA|2080.00|1719.01|1|2080.00|1719.01|0.00|0.00| |0.00|0.00| 
70|1|2|7790150321027|1|07790150321027|TE LA VIRGINIA TILO C/MAN./CEDRO25S|LA VIRGINIA|2080.00|1719.01|1|2080.00|1719.01|0.00|0.00| |0.00|0.00| 
70|1|3|7790150321027|1|07790150321027|TE LA VIRGINIA TILO C/MAN./CEDRO25S|LA VIRGINIA|2080.00|1719.01|1|2080.00|1719.01|0.00|0.00| |0.00|0.00| 
70|1|4|7790150321027|1|07790150321027|TE LA VIRGINIA TILO C/MAN./CEDRO25S|LA VIRGINIA|2080.00|1719.01|1|2080.00|1719.01|0.00|0.00| |0.00|0.00| 
70|1|1|7790150320204|1|07790150320204|TE LA VIRGINIA TILO SAQ. 25 U.   |LA VIRGINIA|2890.00|2388.43|1|2890.00|2388.43|0.00|0.00| |0.00|0.00| 
70|1|3|7790150320204|1|07790150320204|TE LA VIRGINIA TILO SAQ. 25 U.   |LA VIRGINIA|2890.00|2388.43|1|2890.00|2388.43|0.00|0.00| |0.00|0.00| 
70|1|4|7790150320204|1|07790150320204|TE LA VIRGINIA TILO SAQ. 25 U.   |LA VIRGINIA|2890.00|2388.43|1|2890.00|2388.43|0.00|0.00| |0.00|0.00| 
70|1|3|7790150355077|1|07790150355077|TE LA VIRGINIA VERDE 20 SAQ.|LA VIRGINIA|1360.00|1123.97|1|1360.00|1123.97|0.00|0.00| |0.00|0.00| 
70|1|4|7790150355077|1|07790150355077|TE LA VIRGINIA VERDE 20 SAQ.|LA VIRGINIA|1360.00|1123.97|1|1360.00|1123.97|0.00|0.00| |0.00|0.00| 
70|1|1|7790150355244|1|07790150355244|TE LA VIRGINIA VERDE CITRUS 20 SAQ.|LA VIRGINIA|1920.00|1586.78|1|1920.00|1586.78|0.00|0.00| |0.00|0.00| 
70|1|3|7790150355244|1|07790150355244|TE LA VIRGINIA VERDE CITRUS 20 SAQ.|LA VIRGINIA|1920.00|1586.78|1|1920.00|1586.78|0.00|0.00| |0.00|0.00| 
70|1|4|7790150355244|1|07790150355244|TE LA VIRGINIA VERDE CITRUS 20 SAQ.|LA VIRGINIA|1920.00|1586.78|1|1920.00|1586.78|0.00|0.00| |0.00|0.00| 
70|1|3|7791122000216|1|07791122000216|TE MANZANILLA VELEZ 25 SAQ.|EPIFANIO JIMENEZ|1140.00|942.15|1|1140.00|942.15|0.00|0.00| |0.00|0.00| 
70|1|3|7790320019105|1|07790320019105|TE PRIMER PRECIO S/ENSOBRAR 25SAQUI|GLADER S.A.|600.00|495.87|1|600.00|495.87|0.00|0.00| |0.00|0.00| 
70|1|4|7790320019105|1|07790320019105|TE PRIMER PRECIO S/ENSOBRAR 25SAQUI|GLADER S.A.|600.00|495.87|1|600.00|495.87|0.00|0.00| |0.00|0.00| 
70|1|1|7790320019112|1|07790320019112|TE PRIMER PRECIO S/ENSOBRAR 50SAQUI|GLADER S.A.|1200.00|991.74|1|1200.00|991.74|0.00|0.00| |0.00|0.00| 
70|1|4|7790320019112|1|07790320019112|TE PRIMER PRECIO S/ENSOBRAR 50SAQUI|GLADER S.A.|1200.00|991.74|1|1200.00|991.74|0.00|0.00| |0.00|0.00| 
70|1|1|7790411000142|1|07790411000142|TE ROSAMONTE 25 SAQ.             |HREÑUK HNOS.|599.00|495.04|1|599.00|495.04|0.00|0.00| |0.00|0.00| 
70|1|2|7790411000142|1|07790411000142|TE ROSAMONTE 25 SAQ.             |HREÑUK HNOS.|599.00|495.04|1|599.00|495.04|0.00|0.00| |0.00|0.00| 
70|1|3|7790411000142|1|07790411000142|TE ROSAMONTE 25 SAQ.             |HREÑUK HNOS.|599.00|495.04|1|599.00|495.04|0.00|0.00| |0.00|0.00| 
70|1|4|7790411000142|1|07790411000142|TE ROSAMONTE 25 SAQ.             |HREÑUK HNOS.|599.00|495.04|1|599.00|495.04|0.00|0.00| |0.00|0.00| 
70|1|1|7790411000159|1|07790411000159|TE ROSAMONTE 50 SAQ.|HREÑUK HNOS.|1130.00|933.88|1|1130.00|933.88|0.00|0.00| |0.00|0.00| 
70|1|3|7790411000159|1|07790411000159|TE ROSAMONTE 50 SAQ.|HREÑUK HNOS.|1130.00|933.88|1|1130.00|933.88|0.00|0.00| |0.00|0.00| 
70|1|4|7790411000159|1|07790411000159|TE ROSAMONTE 50 SAQ.|HREÑUK HNOS.|1130.00|933.88|1|1130.00|933.88|0.00|0.00| |0.00|0.00| 
70|1|1|7790387010329|1|07790387010329|TE TARAGUI 100 UN|TASA LAS MARIAS|3140.00|2595.04|1|3140.00|2595.04|0.00|0.00| |0.00|0.00| 
70|1|2|7790387010329|1|07790387010329|TE TARAGUI 100 UN|TASA LAS MARIAS|3140.00|2595.04|1|3140.00|2595.04|0.00|0.00| |0.00|0.00| 
70|1|3|7790387010329|1|07790387010329|TE TARAGUI 100 UN|TASA LAS MARIAS|3140.00|2595.04|1|3140.00|2595.04|0.00|0.00| |0.00|0.00| 
70|1|1|7790387010305|1|07790387010305|TE TARAGUI 25 UN|TASA LAS MARIAS|910.00|752.07|1|910.00|752.07|0.00|0.00| |0.00|0.00| 
70|1|2|7790387010305|1|07790387010305|TE TARAGUI 25 UN|TASA LAS MARIAS|910.00|752.07|1|910.00|752.07|0.00|0.00| |0.00|0.00| 
70|1|3|7790387010305|1|07790387010305|TE TARAGUI 25 UN|TASA LAS MARIAS|910.00|752.07|1|910.00|752.07|0.00|0.00| |0.00|0.00| 
70|1|4|7790387010305|1|07790387010305|TE TARAGUI 25 UN|TASA LAS MARIAS|910.00|752.07|1|910.00|752.07|0.00|0.00| |0.00|0.00| 
70|1|1|7790387010312|1|07790387010312|TE TARAGUI 50 UN|TASA LAS MARIAS|1640.00|1355.37|1|1640.00|1355.37|0.00|0.00| |0.00|0.00| 
70|1|2|7790387010312|1|07790387010312|TE TARAGUI 50 UN|TASA LAS MARIAS|1640.00|1355.37|1|1640.00|1355.37|0.00|0.00| |0.00|0.00| 
70|1|3|7790387010312|1|07790387010312|TE TARAGUI 50 UN|TASA LAS MARIAS|1640.00|1355.37|1|1640.00|1355.37|0.00|0.00| |0.00|0.00| 
70|1|4|7790387010312|1|07790387010312|TE TARAGUI 50 UN|TASA LAS MARIAS|1640.00|1355.37|1|1640.00|1355.37|0.00|0.00| |0.00|0.00| 
70|1|1|7790387010213|1|07790387010213|TE TARAGUI EN HEBRAS BLEND ESPE.180|TASA LAS MARIAS|3350.00|2768.60|1|3350.00|2768.60|0.00|0.00| |0.00|0.00| 
70|1|4|7790387712018|1|07790387712018|TE TARAGUI MEZCLA HIERBAS 25 UN|PR.VARIOS SUPERMERC.|1388.10|1147.19|1|1388.10|1147.19|0.00|0.00| |0.00|0.00| 
70|1|1|7790387013252|1|07790387013252|TE TARAGUI PLACERES FRUTAS ROJAS 20|TASA LAS MARIAS|2000.00|1652.89|1|2000.00|1652.89|0.00|0.00| |0.00|0.00| 
70|1|2|7790387013252|1|07790387013252|TE TARAGUI PLACERES FRUTAS ROJAS 20|TASA LAS MARIAS|2000.00|1652.89|1|2000.00|1652.89|0.00|0.00| |0.00|0.00| 
70|1|3|7790387013252|1|07790387013252|TE TARAGUI PLACERES FRUTAS ROJAS 20|TASA LAS MARIAS|2000.00|1652.89|1|2000.00|1652.89|0.00|0.00| |0.00|0.00| 
70|1|4|7790387013252|1|07790387013252|TE TARAGUI PLACERES FRUTAS ROJAS 20|TASA LAS MARIAS|2000.00|1652.89|1|2000.00|1652.89|0.00|0.00| |0.00|0.00| 
70|1|3|7790387013344|1|07790387013344|TE TARAGUI PLACERES LIMON Y MIEL 20|TASA LAS MARIAS|2000.00|1652.89|1|2000.00|1652.89|0.00|0.00| |0.00|0.00| 
70|1|4|7790387013344|1|07790387013344|TE TARAGUI PLACERES LIMON Y MIEL 20|TASA LAS MARIAS|2000.00|1652.89|1|2000.00|1652.89|0.00|0.00| |0.00|0.00| 
70|1|1|7790387013306|1|07790387013306|TE TARAGUI PLACERES MANZ.CAN.MIEL20|TASA LAS MARIAS|2000.00|1652.89|1|2000.00|1652.89|0.00|0.00| |0.00|0.00| 
70|1|2|7790387013306|1|07790387013306|TE TARAGUI PLACERES MANZ.CAN.MIEL20|TASA LAS MARIAS|2000.00|1652.89|1|2000.00|1652.89|0.00|0.00| |0.00|0.00| 
70|1|3|7790387013306|1|07790387013306|TE TARAGUI PLACERES MANZ.CAN.MIEL20|TASA LAS MARIAS|2000.00|1652.89|1|2000.00|1652.89|0.00|0.00| |0.00|0.00| 
70|1|4|7790387013306|1|07790387013306|TE TARAGUI PLACERES MANZ.CAN.MIEL20|TASA LAS MARIAS|2000.00|1652.89|1|2000.00|1652.89|0.00|0.00| |0.00|0.00| 
70|1|4|7790387712445|1|07790387712445|TE TARAGUI SILVESTRE ENSUEÑOS 25UN|PR.VARIOS SUPERMERC.|1149.75|950.21|1|1149.75|950.21|0.00|0.00| |0.00|0.00| 
70|1|1|7790387001785|1|07790387001785|TE TARAGUI VERDE 20 UN|TASA LAS MARIAS|1740.00|1438.02|1|1740.00|1438.02|0.00|0.00| |0.00|0.00| 
70|1|2|7790387001785|1|07790387001785|TE TARAGUI VERDE 20 UN|TASA LAS MARIAS|1740.00|1438.02|1|1740.00|1438.02|0.00|0.00| |0.00|0.00| 
70|1|3|7790387001785|1|07790387001785|TE TARAGUI VERDE 20 UN|TASA LAS MARIAS|1740.00|1438.02|1|1740.00|1438.02|0.00|0.00| |0.00|0.00| 
70|1|4|7790387001785|1|07790387001785|TE TARAGUI VERDE 20 UN|TASA LAS MARIAS|1740.00|1438.02|1|1740.00|1438.02|0.00|0.00| |0.00|0.00| 
70|1|3|7791122000032|1|07791122000032|TE VELEZ EN SAQUITOS 25 UNID.|EPIFANIO JIMENEZ|710.00|586.78|1|710.00|586.78|0.00|0.00| |0.00|0.00| 
70|1|1|7790163053014|1|07790163053014|TEQUILA SOL AZTECA 1 LTS.|PETERS HNOS.|6390.00|5280.99|1|6390.00|5280.99|0.00|0.00| |0.00|0.00| 
70|1|2|7790163053014|1|07790163053014|TEQUILA SOL AZTECA 1 LTS.|PETERS HNOS.|6390.00|5280.99|1|6390.00|5280.99|0.00|0.00| |0.00|0.00| 
70|1|4|7790163053014|1|07790163053014|TEQUILA SOL AZTECA 1 LTS.|PETERS HNOS.|6390.00|5280.99|1|6390.00|5280.99|0.00|0.00| |0.00|0.00| 
70|1|2|0000000723015|0|00000000723015|TOALLA FEM.P.PRECIO C/ALAS 8U|LENTERDIT S.A.|610.00|504.13|1|610.00|504.13|0.00|0.00| |0.00|0.00| 
70|1|1|7790940235374|1|07790940235374|TOALLA FEM.P.PRECIO NOCTURNA 8U|LENTERDIT S.A.|1000.00|826.45|1|1000.00|826.45|0.00|0.00| |0.00|0.00| 
70|1|2|7790940235374|1|07790940235374|TOALLA FEM.P.PRECIO NOCTURNA 8U|LENTERDIT S.A.|1000.00|826.45|1|1000.00|826.45|0.00|0.00| |0.00|0.00| 
70|1|4|7790940235374|1|07790940235374|TOALLA FEM.P.PRECIO NOCTURNA 8U|LENTERDIT S.A.|1000.00|826.45|1|1000.00|826.45|0.00|0.00| |0.00|0.00| 
70|1|2|7790940235398|1|07790940235398|TOALLA FEM.P.PRECIO TANGA 8U|LENTERDIT S.A.|730.00|603.31|1|730.00|603.31|0.00|0.00| |0.00|0.00| 
70|1|4|7790940235398|1|07790940235398|TOALLA FEM.P.PRECIO TANGA 8U|LENTERDIT S.A.|730.00|603.31|1|730.00|603.31|0.00|0.00| |0.00|0.00| 
70|1|1|7790940235381|1|07790940235381|TOALLA FEM.P.PRECIO ULTRA FINA 8U|LENTERDIT S.A.|795.00|657.02|1|795.00|657.02|0.00|0.00| |0.00|0.00| 
70|1|2|7790940235381|1|07790940235381|TOALLA FEM.P.PRECIO ULTRA FINA 8U|LENTERDIT S.A.|795.00|657.02|1|795.00|657.02|0.00|0.00| |0.00|0.00| 
70|1|4|7790940235381|1|07790940235381|TOALLA FEM.P.PRECIO ULTRA FINA 8U|LENTERDIT S.A.|795.00|657.02|1|795.00|657.02|0.00|0.00| |0.00|0.00| 
70|1|2|7790770000074|1|07790770000074|TOALLAS FEM.NOSOTRAS 8U CLASICAS ES|ALGODONERA ACONCAGUA|1068.35|882.93|1|1068.35|882.93|0.00|0.00| |0.00|0.00| 
70|1|3|7790770000074|1|07790770000074|TOALLAS FEM.NOSOTRAS 8U CLASICAS ES|ALGODONERA ACONCAGUA|1068.35|882.93|1|1068.35|882.93|0.00|0.00| |0.00|0.00| 
70|1|4|7790770000074|1|07790770000074|TOALLAS FEM.NOSOTRAS 8U CLASICAS ES|ALGODONERA ACONCAGUA|1068.35|882.93|1|1068.35|882.93|0.00|0.00| |0.00|0.00| 
70|1|2|0000000100548|0|00000000100548|TOALLAS PAPEL JABOCON BEIGE X 2500|INSUMOS|41000.00|33884.30|1|41000.00|33884.30|0.00|0.00| |0.00|0.00| 
70|1|4|7790773008473|1|07790773008473|TOALLITAS DESM. Q.SOFT EXFOLIAN.25.|PRIFAMON|2913.35|2407.73|1|2913.35|2407.73|0.00|0.00| |0.00|0.00| 
70|1|1|7790773008459|1|07790773008459|TOALLITAS DESM. Q.SOFT HIDRAT. 25U|PRIFAMON|2912.75|2407.23|1|2912.75|2407.23|0.00|0.00| |0.00|0.00| 
70|1|4|7790773008459|1|07790773008459|TOALLITAS DESM. Q.SOFT HIDRAT. 25U|PRIFAMON|2912.75|2407.23|1|2912.75|2407.23|0.00|0.00| |0.00|0.00| 
70|1|2|7730902952529|1|07730902952529|TOALLITAS HUMEDAS BELABIN 100 UNID.|BELABIN|960.00|793.39|1|960.00|793.39|0.00|0.00| |0.00|0.00| 
70|1|3|7730902952529|1|07730902952529|TOALLITAS HUMEDAS BELABIN 100 UNID.|BELABIN|960.00|793.39|1|960.00|793.39|0.00|0.00| |0.00|0.00| 
70|1|4|7730902952529|1|07730902952529|TOALLITAS HUMEDAS BELABIN 100 UNID.|BELABIN|960.00|793.39|1|960.00|793.39|0.00|0.00| |0.00|0.00| 
70|1|3|7891010568771|1|07891010568771|TOALLITAS HUMEDAS JOHNSONS BABY 48U|CARLOS DECHANZI PERF|5449.92|4504.07|1|5449.92|4504.07|0.00|0.00| |0.00|0.00| 
70|1|4|7891010568771|1|07891010568771|TOALLITAS HUMEDAS JOHNSONS BABY 48U|CARLOS DECHANZI PERF|5449.92|4504.07|1|5449.92|4504.07|0.00|0.00| |0.00|0.00| 
70|1|3|7790580567101|1|07790580567101|TOMATE CUBETEADO ARCOR 400G.|ARCOR S.A.|1620.00|1338.84|1|1620.00|1338.84|0.00|0.00| |0.00|0.00| 
70|1|4|7790580567101|1|07790580567101|TOMATE CUBETEADO ARCOR 400G.|ARCOR S.A.|1620.00|1338.84|1|1620.00|1338.84|0.00|0.00| |0.00|0.00| 
70|1|1|7793360105944|1|07793360105944|TOMATE CUBETEADO LA CAMPAGNOLA 400G|LA CAMPAGNOLA|1860.00|1537.19|1|1860.00|1537.19|0.00|0.00| |0.00|0.00| 
70|1|3|7793360105944|1|07793360105944|TOMATE CUBETEADO LA CAMPAGNOLA 400G|LA CAMPAGNOLA|1860.00|1537.19|1|1860.00|1537.19|0.00|0.00| |0.00|0.00| 
70|1|4|7793360105944|1|07793360105944|TOMATE CUBETEADO LA CAMPAGNOLA 400G|LA CAMPAGNOLA|1860.00|1537.19|1|1860.00|1537.19|0.00|0.00| |0.00|0.00| 
70|1|4|7790580567903|1|07790580567903|TOMATE NATURAL ARCOR 240 GRS.|ARCOR S.A.|1300.00|1074.38|1|1300.00|1074.38|0.00|0.00| |0.00|0.00| 
70|1|1|7793360000089|1|07793360000089|TOMATE NATURAL CAMPAGNOLA 240G.|LA CAMPAGNOLA|1530.00|1264.46|1|1530.00|1264.46|0.00|0.00| |0.00|0.00| 
70|1|3|7793360000089|1|07793360000089|TOMATE NATURAL CAMPAGNOLA 240G.|LA CAMPAGNOLA|1530.00|1264.46|1|1530.00|1264.46|0.00|0.00| |0.00|0.00| 
70|1|4|7793360000089|1|07793360000089|TOMATE NATURAL CAMPAGNOLA 240G.|LA CAMPAGNOLA|1530.00|1264.46|1|1530.00|1264.46|0.00|0.00| |0.00|0.00| 
70|1|4|6000001065354|1|06000001065354|TOMATE PERITA KG.       |VERDULERIA|2700.00|2443.44|1|2700.00|2443.44|0.00|0.00| |0.00|0.00| 
70|1|4|7790088002067|1|07790088002067|TOMATE PERITAS ENTEROS P.PRECIO 240|LA COLINA|26.50|21.90|1|26.50|21.90|0.00|0.00| |0.00|0.00| 
70|1|4|6000001065668|1|06000001065668|TOMATE REDONDO KG.   |VERDULERIA|1750.00|1583.71|1|1750.00|1583.71|0.00|0.00| |0.00|0.00| 
70|1|1|7798050159108|1|07798050159108|TOMATE TRITURADO PRIMER PRECIO 950G|CIALPIL S.A.|1660.00|1371.90|1|1660.00|1371.90|0.00|0.00| |0.00|0.00| 
70|1|2|7798050159108|1|07798050159108|TOMATE TRITURADO PRIMER PRECIO 950G|CIALPIL S.A.|1660.00|1371.90|1|1660.00|1371.90|0.00|0.00| |0.00|0.00| 
70|1|3|7798050159108|1|07798050159108|TOMATE TRITURADO PRIMER PRECIO 950G|CIALPIL S.A.|1660.00|1371.90|1|1660.00|1371.90|0.00|0.00| |0.00|0.00| 
70|1|4|7798050159108|1|07798050159108|TOMATE TRITURADO PRIMER PRECIO 950G|CIALPIL S.A.|1660.00|1371.90|1|1660.00|1371.90|0.00|0.00| |0.00|0.00| 
70|1|4|7798008400313|1|07798008400313|TOMATE TRITURADO S.BERNARDINO 980CC|CONDIMENTOS S.R.L.|176.55|145.91|1|176.55|145.91|0.00|0.00| |0.00|0.00| 
70|1|1|7795545000013|1|07795545000013|TOMATE TRITURADO TIEMPO LIBRE 950G.|TIEMPO LIBRE S.R.L.|1490.00|1231.40|1|1490.00|1231.40|0.00|0.00| |0.00|0.00| 
70|1|2|7795545000013|1|07795545000013|TOMATE TRITURADO TIEMPO LIBRE 950G.|TIEMPO LIBRE S.R.L.|1490.00|1231.40|1|1490.00|1231.40|0.00|0.00| |0.00|0.00| 
70|1|3|7795545000013|1|07795545000013|TOMATE TRITURADO TIEMPO LIBRE 950G.|TIEMPO LIBRE S.R.L.|1490.00|1231.40|1|1490.00|1231.40|0.00|0.00| |0.00|0.00| 
70|1|4|7795545000013|1|07795545000013|TOMATE TRITURADO TIEMPO LIBRE 950G.|TIEMPO LIBRE S.R.L.|1490.00|1231.40|1|1490.00|1231.40|0.00|0.00| |0.00|0.00| 
70|1|1|7790070408044|1|07790070408044|TORTA EXQUISITA CHIPS CHOCOLATE 500|MOLINOS RIO DL.PLATA|3320.00|2743.80|1|3320.00|2743.80|0.00|0.00| |0.00|0.00| 
70|1|4|7790070408037|1|07790070408037|TORTA EXQUISITA CHOCOLATE 450 GRS.|PR.VARIOS SUPERMERC.|2285.05|1888.47|1|2285.05|1888.47|0.00|0.00| |0.00|0.00| 
70|1|4|7798041800217|1|07798041800217|TORTA HELADA PEÑAS NOGAL|HELADOS PEÑAS S.R.L.|16550.00|13677.69|1|16550.00|13677.69|0.00|0.00| |0.00|0.00| 
70|1|4|7798041800385|1|07798041800385|TORTA HELADA PEÑAS TIRAMISU|HELADOS PEÑAS S.R.L.|16550.00|13677.69|1|16550.00|13677.69|0.00|0.00| |0.00|0.00| 
70|1|1|7622300160975|1|07622300160975|TOSTADAS ARROZ CEREALITAS 160 GRS|KRAFT FOODS ARGENTIN|2660.00|2198.35|1|2660.00|2198.35|0.00|0.00| |0.00|0.00| 
70|1|4|7790040991606|1|07790040991606|TOSTADAS CRIOLLITAS CLASICAS 195G.|BAGLEY S.A.|1720.00|1421.49|1|1720.00|1421.49|0.00|0.00| |0.00|0.00| 
70|1|2|7798120180551|1|07798120180551|TOSTADAS MANIERI 200G. DULCES |MANIERI & ROSSI|1190.00|983.47|1|1190.00|983.47|0.00|0.00| |0.00|0.00| 
70|1|3|7798120180551|1|07798120180551|TOSTADAS MANIERI 200G. DULCES |MANIERI & ROSSI|1190.00|983.47|1|1190.00|983.47|0.00|0.00| |0.00|0.00| 
70|1|4|7798120180551|1|07798120180551|TOSTADAS MANIERI 200G. DULCES |MANIERI & ROSSI|1190.00|983.47|1|1190.00|983.47|0.00|0.00| |0.00|0.00| 
70|1|3|7798120180544|1|07798120180544|TOSTADAS MANIERI 200G. SALADAS |MANIERI & ROSSI|1160.00|958.68|1|1160.00|958.68|0.00|0.00| |0.00|0.00| 
70|1|4|7798120180544|1|07798120180544|TOSTADAS MANIERI 200G. SALADAS |MANIERI & ROSSI|1160.00|958.68|1|1160.00|958.68|0.00|0.00| |0.00|0.00| 
70|1|1|7798120180568|1|07798120180568|TOSTADAS MANIERI 200G. SALVADO|MANIERI & ROSSI|1160.00|958.68|1|1160.00|958.68|0.00|0.00| |0.00|0.00| 
70|1|3|7798120180568|1|07798120180568|TOSTADAS MANIERI 200G. SALVADO|MANIERI & ROSSI|1160.00|958.68|1|1160.00|958.68|0.00|0.00| |0.00|0.00| 
70|1|4|7798120180568|1|07798120180568|TOSTADAS MANIERI 200G. SALVADO|MANIERI & ROSSI|1160.00|958.68|1|1160.00|958.68|0.00|0.00| |0.00|0.00| 
70|1|1|7798120180599|1|07798120180599|TOSTADAS MANIERI 200G. SALVADO SIN |MANIERI & ROSSI|1160.00|958.68|1|1160.00|958.68|0.00|0.00| |0.00|0.00| 
70|1|3|7798120180599|1|07798120180599|TOSTADAS MANIERI 200G. SALVADO SIN |MANIERI & ROSSI|1160.00|958.68|1|1160.00|958.68|0.00|0.00| |0.00|0.00| 
70|1|4|7798120180599|1|07798120180599|TOSTADAS MANIERI 200G. SALVADO SIN |MANIERI & ROSSI|1160.00|958.68|1|1160.00|958.68|0.00|0.00| |0.00|0.00| 
70|1|2|7798120180575|1|07798120180575|TOSTADAS MANIERI 200G. SIN SAL|MANIERI & ROSSI|1160.00|958.68|1|1160.00|958.68|0.00|0.00| |0.00|0.00| 
70|1|3|7798120180575|1|07798120180575|TOSTADAS MANIERI 200G. SIN SAL|MANIERI & ROSSI|1160.00|958.68|1|1160.00|958.68|0.00|0.00| |0.00|0.00| 
70|1|4|7798120180575|1|07798120180575|TOSTADAS MANIERI 200G. SIN SAL|MANIERI & ROSSI|1160.00|958.68|1|1160.00|958.68|0.00|0.00| |0.00|0.00| 
70|1|1|7790071090200|1|07790071090200|TOSTADAS RIERA DE MESA 200G|TOSTADAS RIERA|1570.00|1297.52|1|1570.00|1297.52|0.00|0.00| |0.00|0.00| 
70|1|3|7790071090200|1|07790071090200|TOSTADAS RIERA DE MESA 200G|TOSTADAS RIERA|1570.00|1297.52|1|1570.00|1297.52|0.00|0.00| |0.00|0.00| 
70|1|4|7790071090200|1|07790071090200|TOSTADAS RIERA DE MESA 200G|TOSTADAS RIERA|1570.00|1297.52|1|1570.00|1297.52|0.00|0.00| |0.00|0.00| 
70|1|1|7790071090101|1|07790071090101|TOSTADAS RIERA DULCES 200G|TOSTADAS RIERA|1570.00|1297.52|1|1570.00|1297.52|0.00|0.00| |0.00|0.00| 
70|1|3|7790071090101|1|07790071090101|TOSTADAS RIERA DULCES 200G|TOSTADAS RIERA|1570.00|1297.52|1|1570.00|1297.52|0.00|0.00| |0.00|0.00| 
70|1|4|7790071090101|1|07790071090101|TOSTADAS RIERA DULCES 200G|TOSTADAS RIERA|1570.00|1297.52|1|1570.00|1297.52|0.00|0.00| |0.00|0.00| 
70|1|1|7790071090309|1|07790071090309|TOSTADAS RIERA INTEGRAL 200G|TOSTADAS RIERA|1570.00|1297.52|1|1570.00|1297.52|0.00|0.00| |0.00|0.00| 
70|1|3|7790071090309|1|07790071090309|TOSTADAS RIERA INTEGRAL 200G|TOSTADAS RIERA|1570.00|1297.52|1|1570.00|1297.52|0.00|0.00| |0.00|0.00| 
70|1|4|7790071090309|1|07790071090309|TOSTADAS RIERA INTEGRAL 200G|TOSTADAS RIERA|1570.00|1297.52|1|1570.00|1297.52|0.00|0.00| |0.00|0.00| 
70|1|1|7790071070103|1|07790071070103|TOSTADAS RIERA LIGHT 200G|TOSTADAS RIERA|1800.00|1487.60|1|1800.00|1487.60|0.00|0.00| |0.00|0.00| 
70|1|3|7790071070103|1|07790071070103|TOSTADAS RIERA LIGHT 200G|TOSTADAS RIERA|1800.00|1487.60|1|1800.00|1487.60|0.00|0.00| |0.00|0.00| 
70|1|4|7790071070103|1|07790071070103|TOSTADAS RIERA LIGHT 200G|TOSTADAS RIERA|1800.00|1487.60|1|1800.00|1487.60|0.00|0.00| |0.00|0.00| 
70|1|1|7790071090408|1|07790071090408|TOSTADAS RIERA SIN SAL 200G|TOSTADAS RIERA|1570.00|1297.52|1|1570.00|1297.52|0.00|0.00| |0.00|0.00| 
70|1|3|7790071090408|1|07790071090408|TOSTADAS RIERA SIN SAL 200G|TOSTADAS RIERA|1570.00|1297.52|1|1570.00|1297.52|0.00|0.00| |0.00|0.00| 
70|1|4|7790071090408|1|07790071090408|TOSTADAS RIERA SIN SAL 200G|TOSTADAS RIERA|1570.00|1297.52|1|1570.00|1297.52|0.00|0.00| |0.00|0.00| 
70|1|1|7797376000118|1|07797376000118|TRAPO PISO EL MEJOR 50X60 GRIS   |TEXTIL MARIA LUISA|1370.00|1132.23|1|1370.00|1132.23|0.00|0.00| |0.00|0.00| 
70|1|2|7797376000118|1|07797376000118|TRAPO PISO EL MEJOR 50X60 GRIS   |TEXTIL MARIA LUISA|1370.00|1132.23|1|1370.00|1132.23|0.00|0.00| |0.00|0.00| 
70|1|3|7797376000118|1|07797376000118|TRAPO PISO EL MEJOR 50X60 GRIS   |TEXTIL MARIA LUISA|1370.00|1132.23|1|1370.00|1132.23|0.00|0.00| |0.00|0.00| 
70|1|4|7797376000118|1|07797376000118|TRAPO PISO EL MEJOR 50X60 GRIS   |TEXTIL MARIA LUISA|1370.00|1132.23|1|1370.00|1132.23|0.00|0.00| |0.00|0.00| 
70|1|1|7797376000156|1|07797376000156|TRAPO PISO EL MEJOR 60X70 GRIS|TEXTIL MARIA LUISA|2015.00|1665.29|1|2015.00|1665.29|0.00|0.00| |0.00|0.00| 
70|1|2|7797376000156|1|07797376000156|TRAPO PISO EL MEJOR 60X70 GRIS|TEXTIL MARIA LUISA|2015.00|1665.29|1|2015.00|1665.29|0.00|0.00| |0.00|0.00| 
70|1|3|7797376000156|1|07797376000156|TRAPO PISO EL MEJOR 60X70 GRIS|TEXTIL MARIA LUISA|2015.00|1665.29|1|2015.00|1665.29|0.00|0.00| |0.00|0.00| 
70|1|4|7797376000156|1|07797376000156|TRAPO PISO EL MEJOR 60X70 GRIS|TEXTIL MARIA LUISA|2015.00|1665.29|1|2015.00|1665.29|0.00|0.00| |0.00|0.00| 
70|1|1|7798024450118|1|07798024450118|TRAPO PISO MISTER TRAPO GRIS 62X48|DIST.GM SRL|595.00|491.74|1|595.00|491.74|0.00|0.00| |0.00|0.00| 
70|1|2|7798024450118|1|07798024450118|TRAPO PISO MISTER TRAPO GRIS 62X48|DIST.GM SRL|595.00|491.74|1|595.00|491.74|0.00|0.00| |0.00|0.00| 
70|1|4|7798024450118|1|07798024450118|TRAPO PISO MISTER TRAPO GRIS 62X48|DIST.GM SRL|595.00|491.74|1|595.00|491.74|0.00|0.00| |0.00|0.00| 
70|1|1|7797376000217|1|07797376000217|TRAPO REJILLA AMER. P.DURAZNO|TEXTIL MARIA LUISA|715.00|590.91|1|715.00|590.91|0.00|0.00| |0.00|0.00| 
70|1|2|7797376000217|1|07797376000217|TRAPO REJILLA AMER. P.DURAZNO|TEXTIL MARIA LUISA|715.00|590.91|1|715.00|590.91|0.00|0.00| |0.00|0.00| 
70|1|4|7797376000217|1|07797376000217|TRAPO REJILLA AMER. P.DURAZNO|TEXTIL MARIA LUISA|715.00|590.91|1|715.00|590.91|0.00|0.00| |0.00|0.00| 
70|1|1|7797376000194|1|07797376000194|TRAPO REJILLA EL MEJOR P/COCHE   |TEXTIL MARIA LUISA|2120.00|1752.07|1|2120.00|1752.07|0.00|0.00| |0.00|0.00| 
70|1|2|7797376000194|1|07797376000194|TRAPO REJILLA EL MEJOR P/COCHE   |TEXTIL MARIA LUISA|2120.00|1752.07|1|2120.00|1752.07|0.00|0.00| |0.00|0.00| 
70|1|3|7797376000194|1|07797376000194|TRAPO REJILLA EL MEJOR P/COCHE   |TEXTIL MARIA LUISA|2120.00|1752.07|1|2120.00|1752.07|0.00|0.00| |0.00|0.00| 
70|1|4|7797376000194|1|07797376000194|TRAPO REJILLA EL MEJOR P/COCHE   |TEXTIL MARIA LUISA|2120.00|1752.07|1|2120.00|1752.07|0.00|0.00| |0.00|0.00| 
70|1|2|7797376000187|1|07797376000187|TRAPO REJILLA EL MEJOR SUPER.    |TEXTIL MARIA LUISA|1620.00|1338.84|1|1620.00|1338.84|0.00|0.00| |0.00|0.00| 
70|1|3|7797376000187|1|07797376000187|TRAPO REJILLA EL MEJOR SUPER.    |TEXTIL MARIA LUISA|1620.00|1338.84|1|1620.00|1338.84|0.00|0.00| |0.00|0.00| 
70|1|4|7797376000187|1|07797376000187|TRAPO REJILLA EL MEJOR SUPER.    |TEXTIL MARIA LUISA|1620.00|1338.84|1|1620.00|1338.84|0.00|0.00| |0.00|0.00| 
70|1|1|7797376000170|1|07797376000170|TRAPO REJILLA PABILO P.DURAZNO|TEXTIL MARIA LUISA|715.00|590.91|1|715.00|590.91|0.00|0.00| |0.00|0.00| 
70|1|2|7797376000170|1|07797376000170|TRAPO REJILLA PABILO P.DURAZNO|TEXTIL MARIA LUISA|715.00|590.91|1|715.00|590.91|0.00|0.00| |0.00|0.00| 
70|1|4|7797376000170|1|07797376000170|TRAPO REJILLA PABILO P.DURAZNO|TEXTIL MARIA LUISA|715.00|590.91|1|715.00|590.91|0.00|0.00| |0.00|0.00| 
70|1|4|7798029039042|1|07798029039042|TRIGO BURGOL ECOSAN 400 GRS|ECOSAN|1460.00|1206.61|1|1460.00|1206.61|0.00|0.00| |0.00|0.00| 
70|1|4|7790681000231|1|07790681000231|TRIGO BURGOL LA EGIPCIANA 400GRS|LA EGIPCIANA|36.50|30.17|1|36.50|30.17|0.00|0.00| |0.00|0.00| 
70|1|1|7798029039035|1|07798029039035|TRIGO PELADO ECOSAN 400 GRS|ECOSAN|1190.00|983.47|1|1190.00|983.47|0.00|0.00| |0.00|0.00| 
70|1|4|7798029039035|1|07798029039035|TRIGO PELADO ECOSAN 400 GRS|ECOSAN|1190.00|983.47|1|1190.00|983.47|0.00|0.00| |0.00|0.00| 
70|1|4|0000000055469|0|00000000055469|TUBITOS DE MAIZ JULICORC JAMON 1KG.|JULICROC|5300.00|4380.17|1|5300.00|4380.17|0.00|0.00| |0.00|0.00| 
70|1|4|7790580283506|1|07790580283506|TURRON ARCOR DE MANI 120 GR.|ARCOR FIESTAS|1800.00|1487.60|1|1800.00|1487.60|0.00|0.00| |0.00|0.00| 
70|1|4|7792730019072|1|07792730019072|TURRON DE CHOCO.C/MANI PAULISTA 120|PAULISTA FIESTAS|200.00|165.29|1|200.00|165.29|0.00|0.00| |0.00|0.00| 
70|1|4|0000077940131|1|00000077940131|TURRON DE MANI ARCOR 25G|CANDY MIX|300.00|247.93|1|300.00|247.93|0.00|0.00| |0.00|0.00| 
70|1|3|0000077940148|1|00000077940148|TURRON DE MANI MISKY 25G.|LIA|230.00|190.08|1|230.00|190.08|0.00|0.00| |0.00|0.00| 
70|1|4|0000077940148|1|00000077940148|TURRON DE MANI MISKY 25G.|LIA|230.00|190.08|1|230.00|190.08|0.00|0.00| |0.00|0.00| 
70|1|4|7792730019102|1|07792730019102|TURRON DE MANI PAULISTA 80 GRS.|PAULISTA FIESTAS|590.00|487.60|1|590.00|487.60|0.00|0.00| |0.00|0.00| 
70|1|1|7792730019065|1|07792730019065|TURRON DE MANI PAULISTA C/FRUTA 90G|PAULISTA FIESTAS|200.00|165.29|1|200.00|165.29|0.00|0.00| |0.00|0.00| 
70|1|4|7792730019065|1|07792730019065|TURRON DE MANI PAULISTA C/FRUTA 90G|PAULISTA FIESTAS|200.00|165.29|1|200.00|165.29|0.00|0.00| |0.00|0.00| 
70|1|4|7793706000124|1|07793706000124|TUTUCAS JULI CROC 38 GRS.|JULICROC|450.00|371.90|1|450.00|371.90|0.00|0.00| |0.00|0.00| 
70|1|4|0000000055470|0|00000000055470|TUTUCAS JULICROC 1KG.|JULICROC|6400.00|5289.26|1|6400.00|5289.26|0.00|0.00| |0.00|0.00| 
70|1|1|7793706000131|1|07793706000131|TUTUCAS JULICROC 90G.|JULICROC|940.00|776.86|1|940.00|776.86|0.00|0.00| |0.00|0.00| 
70|1|2|7793706000131|1|07793706000131|TUTUCAS JULICROC 90G.|JULICROC|940.00|776.86|1|940.00|776.86|0.00|0.00| |0.00|0.00| 
70|1|3|7793706000131|1|07793706000131|TUTUCAS JULICROC 90G.|JULICROC|940.00|776.86|1|940.00|776.86|0.00|0.00| |0.00|0.00| 
70|1|4|7793706000131|1|07793706000131|TUTUCAS JULICROC 90G.|JULICROC|940.00|776.86|1|940.00|776.86|0.00|0.00| |0.00|0.00| 
70|1|4|6000001065736|1|06000001065736|UVA BLANCA KG.            |VERDULERIA|6900.00|6244.34|1|6900.00|6244.34|0.00|0.00| |0.00|0.00| 
70|1|4|6000001065804|1|06000001065804|UVA NEGRA KG.             |VERDULERIA|5100.00|4615.38|1|5100.00|4615.38|0.00|0.00| |0.00|0.00| 
70|1|4|6000001033124|1|06000001033124|UVA RED GLOBE KG.|VERDULERIA|5100.00|4615.38|1|5100.00|4615.38|0.00|0.00| |0.00|0.00| 
70|1|1|7798134070527|1|07798134070527|VELAS CARABELA 4U.X100MM|COOP. CAÑADA ROSQUIN|798.00|659.50|1|798.00|659.50|0.00|0.00| |0.00|0.00| 
70|1|2|7798134070527|1|07798134070527|VELAS CARABELA 4U.X100MM|COOP. CAÑADA ROSQUIN|798.00|659.50|1|798.00|659.50|0.00|0.00| |0.00|0.00| 
70|1|4|7798134070527|1|07798134070527|VELAS CARABELA 4U.X100MM|COOP. CAÑADA ROSQUIN|798.00|659.50|1|798.00|659.50|0.00|0.00| |0.00|0.00| 
70|1|2|7791533000171|1|07791533000171|VELAS DE NOCHE P.PRECIO 12U. AMARIL|VELAS VELSUR SRL|2352.40|1944.13|1|2352.40|1944.13|0.00|0.00| |0.00|0.00| 
70|1|2|7791533000195|1|07791533000195|VELAS DE NOCHE P.PRECIO 12U. AZUL|VELAS VELSUR SRL|2352.40|1944.13|1|2352.40|1944.13|0.00|0.00| |0.00|0.00| 
70|1|2|7791533000072|1|07791533000072|VELAS DE NOCHE P.PRECIO 12U. BLANCA|VELAS VELSUR SRL|2164.30|1788.68|1|2164.30|1788.68|0.00|0.00| |0.00|0.00| 
70|1|2|7791533000157|1|07791533000157|VELAS DE NOCHE P.PRECIO 12U. LILA|VELAS VELSUR SRL|2352.40|1944.13|1|2352.40|1944.13|0.00|0.00| |0.00|0.00| 
70|1|2|7791533000089|1|07791533000089|VELAS DE NOCHE P.PRECIO 12U. NARANJ|VELAS VELSUR SRL|2352.40|1944.13|1|2352.40|1944.13|0.00|0.00| |0.00|0.00| 
70|1|2|7791533000096|1|07791533000096|VELAS DE NOCHE P.PRECIO 12U. ROJO|VELAS VELSUR SRL|2352.40|1944.13|1|2352.40|1944.13|0.00|0.00| |0.00|0.00| 
70|1|2|7791533000164|1|07791533000164|VELAS DE NOCHE P.PRECIO 12U. ROSA|VELAS VELSUR SRL|2352.40|1944.13|1|2352.40|1944.13|0.00|0.00| |0.00|0.00| 
70|1|2|7791533000188|1|07791533000188|VELAS DE NOCHE P.PRECIO 12U. VERDES|VELAS VELSUR SRL|2352.40|1944.13|1|2352.40|1944.13|0.00|0.00| |0.00|0.00| 
70|1|1|7790939000020|1|07790939000020|VINAGRE DE ALCOHOL S.BERNARDINO 500|CONDIMENTOS S.R.L.|1000.00|826.45|1|1000.00|826.45|0.00|0.00| |0.00|0.00| 
70|1|2|7790939000020|1|07790939000020|VINAGRE DE ALCOHOL S.BERNARDINO 500|CONDIMENTOS S.R.L.|1000.00|826.45|1|1000.00|826.45|0.00|0.00| |0.00|0.00| 
70|1|3|7790939000020|1|07790939000020|VINAGRE DE ALCOHOL S.BERNARDINO 500|CONDIMENTOS S.R.L.|1000.00|826.45|1|1000.00|826.45|0.00|0.00| |0.00|0.00| 
70|1|4|7790939000020|1|07790939000020|VINAGRE DE ALCOHOL S.BERNARDINO 500|CONDIMENTOS S.R.L.|1000.00|826.45|1|1000.00|826.45|0.00|0.00| |0.00|0.00| 
70|1|1|7790939000938|1|07790939000938|VINAGRE DE ALCOHOL S.BERNARDINO 930|CONDIMENTOS S.R.L.|1200.00|991.74|1|1200.00|991.74|0.00|0.00| |0.00|0.00| 
70|1|2|7790939000938|1|07790939000938|VINAGRE DE ALCOHOL S.BERNARDINO 930|CONDIMENTOS S.R.L.|1200.00|991.74|1|1200.00|991.74|0.00|0.00| |0.00|0.00| 
70|1|3|7790939000938|1|07790939000938|VINAGRE DE ALCOHOL S.BERNARDINO 930|CONDIMENTOS S.R.L.|1200.00|991.74|1|1200.00|991.74|0.00|0.00| |0.00|0.00| 
70|1|4|7790939000938|1|07790939000938|VINAGRE DE ALCOHOL S.BERNARDINO 930|CONDIMENTOS S.R.L.|1200.00|991.74|1|1200.00|991.74|0.00|0.00| |0.00|0.00| 
70|1|4|7790939000068|1|07790939000068|VINAGRE DE MANZANA S.BERNARDINO 500|CONDIMENTOS S.R.L.|1330.00|1099.17|1|1330.00|1099.17|0.00|0.00| |0.00|0.00| 
70|1|3|7790939000952|1|07790939000952|VINAGRE DE MANZANA S.BERNARDINO 930|CONDIMENTOS S.R.L.|1600.00|1322.31|1|1600.00|1322.31|0.00|0.00| |0.00|0.00| 
70|1|4|7790939000952|1|07790939000952|VINAGRE DE MANZANA S.BERNARDINO 930|CONDIMENTOS S.R.L.|1600.00|1322.31|1|1600.00|1322.31|0.00|0.00| |0.00|0.00| 
70|1|1|7790939000044|1|07790939000044|VINAGRE DE VINO S.BERNARDINO 500CC|CONDIMENTOS S.R.L.|1130.00|933.88|1|1130.00|933.88|0.00|0.00| |0.00|0.00| 
70|1|3|7790939000044|1|07790939000044|VINAGRE DE VINO S.BERNARDINO 500CC|CONDIMENTOS S.R.L.|1130.00|933.88|1|1130.00|933.88|0.00|0.00| |0.00|0.00| 
70|1|4|7790939000044|1|07790939000044|VINAGRE DE VINO S.BERNARDINO 500CC|CONDIMENTOS S.R.L.|1130.00|933.88|1|1130.00|933.88|0.00|0.00| |0.00|0.00| 
70|1|1|7798090852502|1|07798090852502|VINO BLANCO AIME DULCE 750ML|BODEGA NIETO|4750.00|3925.62|1|4750.00|3925.62|0.00|0.00| |0.00|0.00| 
70|1|3|7798090852502|1|07798090852502|VINO BLANCO AIME DULCE 750ML|BODEGA NIETO|4750.00|3925.62|1|4750.00|3925.62|0.00|0.00| |0.00|0.00| 
70|1|4|7798090852502|1|07798090852502|VINO BLANCO AIME DULCE 750ML|BODEGA NIETO|4750.00|3925.62|1|4750.00|3925.62|0.00|0.00| |0.00|0.00| 
70|1|1|7791728006407|1|07791728006407|VINO BLANCO ALAMBRADO SAUV.BLANC 75|BODEGA SANTA JULIA|8140.00|6727.27|1|8140.00|6727.27|0.00|0.00| |0.00|0.00| 
70|1|3|7791728006407|1|07791728006407|VINO BLANCO ALAMBRADO SAUV.BLANC 75|BODEGA SANTA JULIA|8140.00|6727.27|1|8140.00|6727.27|0.00|0.00| |0.00|0.00| 
70|1|4|7791728006407|1|07791728006407|VINO BLANCO ALAMBRADO SAUV.BLANC 75|BODEGA SANTA JULIA|8140.00|6727.27|1|8140.00|6727.27|0.00|0.00| |0.00|0.00| 
70|1|3|7794450008077|1|07794450008077|VINO BLANCO ALAMOS CHARDONNAY 750|BODEGA CATENA ZAPATA|6900.00|5702.48|1|6900.00|5702.48|0.00|0.00| |0.00|0.00| 
70|1|2|7790240107517|1|07790240107517|VINO BLANCO ALARIS CHARDONNAY 750|BODEGA TRAPICHE|3800.00|3140.50|1|3800.00|3140.50|0.00|0.00| |0.00|0.00| 
70|1|2|7790240017069|1|07790240017069|VINO BLANCO ALARIS SUAVIGNON 750C|BODEGA TRAPICHE|3800.00|3140.50|1|3800.00|3140.50|0.00|0.00| |0.00|0.00| 
70|1|2|7790240042115|1|07790240042115|VINO BLANCO ALMA MORA CHARDONNAY750|BODEGA TRAPICHE|5340.00|4413.22|1|5340.00|4413.22|0.00|0.00| |0.00|0.00| 
70|1|3|7790240042115|1|07790240042115|VINO BLANCO ALMA MORA CHARDONNAY750|BODEGA TRAPICHE|5340.00|4413.22|1|5340.00|4413.22|0.00|0.00| |0.00|0.00| 
70|1|2|7791540044540|1|07791540044540|VINO BLANCO ALMA MORA DULCE VIOG.75|BODEGA TRAPICHE|5340.00|4413.22|1|5340.00|4413.22|0.00|0.00| |0.00|0.00| 
70|1|4|7791540044540|1|07791540044540|VINO BLANCO ALMA MORA DULCE VIOG.75|BODEGA TRAPICHE|5340.00|4413.22|1|5340.00|4413.22|0.00|0.00| |0.00|0.00| 
70|1|4|7790975017037|1|07790975017037|VINO BLANCO ALTOS DEL PLATA CHARD.7|PROV. VARIOS BEBIDAS|1700.00|1404.96|1|1700.00|1404.96|0.00|0.00| |0.00|0.00| 
70|1|2|7798109152883|1|07798109152883|VINO BLANCO AMPAKAMA INTENSO CHARDO|PROV. VARIOS BEBIDAS|122.40|101.16|1|122.40|101.16|0.00|0.00| |0.00|0.00| 
70|1|2|7791843000045|1|07791843000045|VINO BLANCO BALBO CHABLIS 1,125CC|BODEGA A.I.BALBO S.A|2630.00|2173.55|1|2630.00|2173.55|0.00|0.00| |0.00|0.00| 
70|1|3|7791843000045|1|07791843000045|VINO BLANCO BALBO CHABLIS 1,125CC|BODEGA A.I.BALBO S.A|2630.00|2173.55|1|2630.00|2173.55|0.00|0.00| |0.00|0.00| 
70|1|4|7791843000045|1|07791843000045|VINO BLANCO BALBO CHABLIS 1,125CC|BODEGA A.I.BALBO S.A|2630.00|2173.55|1|2630.00|2173.55|0.00|0.00| |0.00|0.00| 
70|1|4|7793440000435|1|07793440000435|VINO BLANCO BENJAMIN TORRONTES 750C|PROV. VARIOS BEBIDAS|3950.00|3264.46|1|3950.00|3264.46|0.00|0.00| |0.00|0.00| 
70|1|1|7790314005671|1|07790314005671|VINO BLANCO BISTRO 1L.|FECOVITA|1290.00|1066.12|1|1290.00|1066.12|0.00|0.00| |0.00|0.00| 
70|1|3|7790314005671|1|07790314005671|VINO BLANCO BISTRO 1L.|FECOVITA|1290.00|1066.12|1|1290.00|1066.12|0.00|0.00| |0.00|0.00| 
70|1|4|7790314005671|1|07790314005671|VINO BLANCO BISTRO 1L.|FECOVITA|1290.00|1066.12|1|1290.00|1066.12|0.00|0.00| |0.00|0.00| 
70|1|4|7790314055393|1|07790314055393|VINO BLANCO E.MEND.750ML.CHARD.CHEN|PROV. VARIOS BEBIDAS|2930.00|2421.49|1|2930.00|2421.49|0.00|0.00| |0.00|0.00| 
70|1|1|7790314006029|1|07790314006029|VINO BLANCO E.MEND.750ML.CHENIN DUL|FECOVITA|2890.00|2388.43|1|2890.00|2388.43|0.00|0.00| |0.00|0.00| 
70|1|2|7790314006029|1|07790314006029|VINO BLANCO E.MEND.750ML.CHENIN DUL|FECOVITA|2890.00|2388.43|1|2890.00|2388.43|0.00|0.00| |0.00|0.00| 
70|1|3|7790314006029|1|07790314006029|VINO BLANCO E.MEND.750ML.CHENIN DUL|FECOVITA|2890.00|2388.43|1|2890.00|2388.43|0.00|0.00| |0.00|0.00| 
70|1|4|7790314006029|1|07790314006029|VINO BLANCO E.MEND.750ML.CHENIN DUL|FECOVITA|2890.00|2388.43|1|2890.00|2388.43|0.00|0.00| |0.00|0.00| 
70|1|4|7790314003929|1|07790314003929|VINO BLANCO E.MEND.750ML.SAUV.BLANC|PROV. VARIOS BEBIDAS|3890.00|3214.88|1|3890.00|3214.88|0.00|0.00| |0.00|0.00| 
70|1|1|7793440002293|1|07793440002293|VINO BLANCO EMILIA DULCE NAT.750CC|BODEGA NIETO|6000.00|4958.68|1|6000.00|4958.68|0.00|0.00| |0.00|0.00| 
70|1|2|7793440002293|1|07793440002293|VINO BLANCO EMILIA DULCE NAT.750CC|BODEGA NIETO|6000.00|4958.68|1|6000.00|4958.68|0.00|0.00| |0.00|0.00| 
70|1|3|7793440002293|1|07793440002293|VINO BLANCO EMILIA DULCE NAT.750CC|BODEGA NIETO|6000.00|4958.68|1|6000.00|4958.68|0.00|0.00| |0.00|0.00| 
70|1|4|7793440002293|1|07793440002293|VINO BLANCO EMILIA DULCE NAT.750CC|BODEGA NIETO|6000.00|4958.68|1|6000.00|4958.68|0.00|0.00| |0.00|0.00| 
70|1|3|7793440002552|1|07793440002552|VINO BLANCO EMILIA SAUV.BLANC 750CC|BODEGA NIETO|6000.00|4958.68|1|6000.00|4958.68|0.00|0.00| |0.00|0.00| 
70|1|4|7793440002552|1|07793440002552|VINO BLANCO EMILIA SAUV.BLANC 750CC|BODEGA NIETO|6000.00|4958.68|1|6000.00|4958.68|0.00|0.00| |0.00|0.00| 
70|1|1|7790093013102|1|07790093013102|VINO BLANCO ETCHART PR.TTES. 750|PERNOD RICARD ARG.|3970.00|3280.99|1|3970.00|3280.99|0.00|0.00| |0.00|0.00| 
70|1|2|7790093013102|1|07790093013102|VINO BLANCO ETCHART PR.TTES. 750|PERNOD RICARD ARG.|3970.00|3280.99|1|3970.00|3280.99|0.00|0.00| |0.00|0.00| 
70|1|3|7790093013102|1|07790093013102|VINO BLANCO ETCHART PR.TTES. 750|PERNOD RICARD ARG.|3970.00|3280.99|1|3970.00|3280.99|0.00|0.00| |0.00|0.00| 
70|1|4|7790093013102|1|07790093013102|VINO BLANCO ETCHART PR.TTES. 750|PERNOD RICARD ARG.|3970.00|3280.99|1|3970.00|3280.99|0.00|0.00| |0.00|0.00| 
70|1|3|7790240041675|1|07790240041675|VINO BLANCO F.LAS MORAS SAUVIGNO750|BODEGA TRAPICHE|3650.00|3016.53|1|3650.00|3016.53|0.00|0.00| |0.00|0.00| 
70|1|4|7790240041675|1|07790240041675|VINO BLANCO F.LAS MORAS SAUVIGNO750|BODEGA TRAPICHE|3650.00|3016.53|1|3650.00|3016.53|0.00|0.00| |0.00|0.00| 
70|1|3|7798109156126|1|07798109156126|VINO BLANCO FUEGO NEGRO CHAR.750CC|FUEGO NEGRO|3640.00|3008.26|1|3640.00|3008.26|0.00|0.00| |0.00|0.00| 
70|1|4|7798109156126|1|07798109156126|VINO BLANCO FUEGO NEGRO CHAR.750CC|FUEGO NEGRO|3640.00|3008.26|1|3640.00|3008.26|0.00|0.00| |0.00|0.00| 
70|1|3|7798109156171|1|07798109156171|VINO BLANCO FUEGO NEGRO VIOGNIER DU|FUEGO NEGRO|4290.00|3545.45|1|4290.00|3545.45|0.00|0.00| |0.00|0.00| 
70|1|3|7790975017471|1|07790975017471|VINO BLANCO LATITUD 33 CHARD.750 CC|BODEGA CHANDON|6400.00|5289.26|1|6400.00|5289.26|0.00|0.00| |0.00|0.00| 
70|1|4|7790975017471|1|07790975017471|VINO BLANCO LATITUD 33 CHARD.750 CC|BODEGA CHANDON|6400.00|5289.26|1|6400.00|5289.26|0.00|0.00| |0.00|0.00| 
70|1|1|7790975017839|1|07790975017839|VINO BLANCO LATITUD 33 SAUV.BLANC75|BODEGA CHANDON|6400.00|5289.26|1|6400.00|5289.26|0.00|0.00| |0.00|0.00| 
70|1|2|7790975017839|1|07790975017839|VINO BLANCO LATITUD 33 SAUV.BLANC75|BODEGA CHANDON|6400.00|5289.26|1|6400.00|5289.26|0.00|0.00| |0.00|0.00| 
70|1|3|7790975017839|1|07790975017839|VINO BLANCO LATITUD 33 SAUV.BLANC75|BODEGA CHANDON|6400.00|5289.26|1|6400.00|5289.26|0.00|0.00| |0.00|0.00| 
70|1|4|7790975017839|1|07790975017839|VINO BLANCO LATITUD 33 SAUV.BLANC75|BODEGA CHANDON|6400.00|5289.26|1|6400.00|5289.26|0.00|0.00| |0.00|0.00| 
70|1|1|7790336030514|1|07790336030514|VINO BLANCO LOPEZ 750 CC.        |BODEGA LOPEZ|4200.00|3471.07|1|4200.00|3471.07|0.00|0.00| |0.00|0.00| 
70|1|1|7791843009192|1|07791843009192|VINO BLANCO LOS HAROLDOS ESTATE SAU|BODEGA A.I.BALBO S.A|4910.00|4057.85|1|4910.00|4057.85|0.00|0.00| |0.00|0.00| 
70|1|2|7791843009192|1|07791843009192|VINO BLANCO LOS HAROLDOS ESTATE SAU|BODEGA A.I.BALBO S.A|4910.00|4057.85|1|4910.00|4057.85|0.00|0.00| |0.00|0.00| 
70|1|4|7791843009192|1|07791843009192|VINO BLANCO LOS HAROLDOS ESTATE SAU|BODEGA A.I.BALBO S.A|4910.00|4057.85|1|4910.00|4057.85|0.00|0.00| |0.00|0.00| 
70|1|4|7798159945053|1|07798159945053|VINO BLANCO MOSQUITA MUERTA BLEND 7|PROV. VARIOS BEBIDAS|12818.35|10593.68|1|12818.35|10593.68|0.00|0.00| |0.00|0.00| 
70|1|2|7793440000022|1|07793440000022|VINO BLANCO NIETO CHARDONAY 750|BODEGA NIETO|7600.00|6280.99|1|7600.00|6280.99|0.00|0.00| |0.00|0.00| 
70|1|3|7793440000022|1|07793440000022|VINO BLANCO NIETO CHARDONAY 750|BODEGA NIETO|7600.00|6280.99|1|7600.00|6280.99|0.00|0.00| |0.00|0.00| 
70|1|3|7792319065261|1|07792319065261|VINO BLANCO NORTON 700 CC.       |PROV. VARIOS BEBIDAS|140.00|115.70|1|140.00|115.70|0.00|0.00| |0.00|0.00| 
70|1|3|7792319677983|1|07792319677983|VINO BLANCO NORTON CHARDONNAY 750CC|PROV. VARIOS BEBIDAS|199.00|164.46|1|199.00|164.46|0.00|0.00| |0.00|0.00| 
70|1|1|7792319064073|1|07792319064073|VINO BLANCO NORTON COSECHA TARDI750|BODEGA NORTON|4998.00|4130.58|1|4998.00|4130.58|0.00|0.00| |0.00|0.00| 
70|1|2|7792319064073|1|07792319064073|VINO BLANCO NORTON COSECHA TARDI750|BODEGA NORTON|4998.00|4130.58|1|4998.00|4130.58|0.00|0.00| |0.00|0.00| 
70|1|3|7792319064073|1|07792319064073|VINO BLANCO NORTON COSECHA TARDI750|BODEGA NORTON|4998.00|4130.58|1|4998.00|4130.58|0.00|0.00| |0.00|0.00| 
70|1|4|7792319064073|1|07792319064073|VINO BLANCO NORTON COSECHA TARDI750|BODEGA NORTON|4998.00|4130.58|1|4998.00|4130.58|0.00|0.00| |0.00|0.00| 
70|1|4|7798159945114|1|07798159945114|VINO BLANCO PERRO CALLEJERO MOSCATE|PROV. VARIOS BEBIDAS|5450.00|4504.13|1|5450.00|4504.13|0.00|0.00| |0.00|0.00| 
70|1|4|7798159945138|1|07798159945138|VINO BLANCO PERRO CALLEJERO SAUVIGN|PROV. VARIOS BEBIDAS|5450.00|4504.13|1|5450.00|4504.13|0.00|0.00| |0.00|0.00| 
70|1|1|7798074860226|1|07798074860226|VINO BLANCO PORTILLO SAUVIGNON 750C|BODEGA SALENTEIN|4850.00|4008.26|1|4850.00|4008.26|0.00|0.00| |0.00|0.00| 
70|1|3|7798074860226|1|07798074860226|VINO BLANCO PORTILLO SAUVIGNON 750C|BODEGA SALENTEIN|4850.00|4008.26|1|4850.00|4008.26|0.00|0.00| |0.00|0.00| 
70|1|4|7798074860226|1|07798074860226|VINO BLANCO PORTILLO SAUVIGNON 750C|BODEGA SALENTEIN|4850.00|4008.26|1|4850.00|4008.26|0.00|0.00| |0.00|0.00| 
70|1|1|7790314057021|1|07790314057021|VINO BLANCO RESERO 1 LTS.|RESERO|1450.00|1198.35|1|1450.00|1198.35|0.00|0.00| |0.00|0.00| 
70|1|3|7790314057021|1|07790314057021|VINO BLANCO RESERO 1 LTS.|RESERO|1450.00|1198.35|1|1450.00|1198.35|0.00|0.00| |0.00|0.00| 
70|1|4|7790314057021|1|07790314057021|VINO BLANCO RESERO 1 LTS.|RESERO|1450.00|1198.35|1|1450.00|1198.35|0.00|0.00| |0.00|0.00| 
70|1|3|7790577000833|1|07790577000833|VINO BLANCO RUTINI CHARDONNAY 750CC|BODEGA LA RURAL|20550.00|16983.47|1|20550.00|16983.47|0.00|0.00| |0.00|0.00| 
70|1|4|7790577000833|1|07790577000833|VINO BLANCO RUTINI CHARDONNAY 750CC|BODEGA LA RURAL|20550.00|16983.47|1|20550.00|16983.47|0.00|0.00| |0.00|0.00| 
70|1|4|7791728000122|1|07791728000122|VINO BLANCO S.JULIA CHARDONNAY 750C|BODEGA SANTA JULIA|5000.00|4132.23|1|5000.00|4132.23|0.00|0.00| |0.00|0.00| 
70|1|1|7791728000115|1|07791728000115|VINO BLANCO S.JULIA CHENIN DULCE750|BODEGA SANTA JULIA|8500.00|7024.79|1|8500.00|7024.79|0.00|0.00| |0.00|0.00| 
70|1|2|7791728000115|1|07791728000115|VINO BLANCO S.JULIA CHENIN DULCE750|BODEGA SANTA JULIA|8500.00|7024.79|1|8500.00|7024.79|0.00|0.00| |0.00|0.00| 
70|1|3|7791728000115|1|07791728000115|VINO BLANCO S.JULIA CHENIN DULCE750|BODEGA SANTA JULIA|8500.00|7024.79|1|8500.00|7024.79|0.00|0.00| |0.00|0.00| 
70|1|4|7791728000115|1|07791728000115|VINO BLANCO S.JULIA CHENIN DULCE750|BODEGA SANTA JULIA|8500.00|7024.79|1|8500.00|7024.79|0.00|0.00| |0.00|0.00| 
70|1|1|7791728000153|1|07791728000153|VINO BLANCO S.JULIA TORRONTES 750CC|BODEGA SANTA JULIA|5000.00|4132.23|1|5000.00|4132.23|0.00|0.00| |0.00|0.00| 
70|1|3|7791728000153|1|07791728000153|VINO BLANCO S.JULIA TORRONTES 750CC|BODEGA SANTA JULIA|5000.00|4132.23|1|5000.00|4132.23|0.00|0.00| |0.00|0.00| 
70|1|4|7791728000153|1|07791728000153|VINO BLANCO S.JULIA TORRONTES 750CC|BODEGA SANTA JULIA|5000.00|4132.23|1|5000.00|4132.23|0.00|0.00| |0.00|0.00| 
70|1|1|7791728000320|1|07791728000320|VINO BLANCO S.JULIA VIOGNIER 750 C.|BODEGA SANTA JULIA|5000.00|4132.23|1|5000.00|4132.23|0.00|0.00| |0.00|0.00| 
70|1|3|7791728000320|1|07791728000320|VINO BLANCO S.JULIA VIOGNIER 750 C.|BODEGA SANTA JULIA|5000.00|4132.23|1|5000.00|4132.23|0.00|0.00| |0.00|0.00| 
70|1|4|7791728000320|1|07791728000320|VINO BLANCO S.JULIA VIOGNIER 750 C.|BODEGA SANTA JULIA|5000.00|4132.23|1|5000.00|4132.23|0.00|0.00| |0.00|0.00| 
70|1|3|7790577000017|1|07790577000017|VINO BLANCO SAN FELIPE 750 CC|BODEGA LA RURAL|4300.00|3553.72|1|4300.00|3553.72|0.00|0.00| |0.00|0.00| 
70|1|4|7790577000017|1|07790577000017|VINO BLANCO SAN FELIPE 750 CC|BODEGA LA RURAL|4300.00|3553.72|1|4300.00|3553.72|0.00|0.00| |0.00|0.00| 
70|1|1|7790314000034|1|07790314000034|VINO BLANCO TORO 1 LITRO         |FECOVITA|1640.00|1355.37|1|1640.00|1355.37|0.00|0.00| |0.00|0.00| 
70|1|2|7790314000034|1|07790314000034|VINO BLANCO TORO 1 LITRO         |FECOVITA|1640.00|1355.37|1|1640.00|1355.37|0.00|0.00| |0.00|0.00| 
70|1|3|7790314000034|1|07790314000034|VINO BLANCO TORO 1 LITRO         |FECOVITA|1640.00|1355.37|1|1640.00|1355.37|0.00|0.00| |0.00|0.00| 
70|1|4|7790314000034|1|07790314000034|VINO BLANCO TORO 1 LITRO         |FECOVITA|1640.00|1355.37|1|1640.00|1355.37|0.00|0.00| |0.00|0.00| 
70|1|1|7790314054105|1|07790314054105|VINO BLANCO TORO DULCE 1 LTS.|FECOVITA|1640.00|1355.37|1|1640.00|1355.37|0.00|0.00| |0.00|0.00| 
70|1|2|7790314054105|1|07790314054105|VINO BLANCO TORO DULCE 1 LTS.|FECOVITA|1640.00|1355.37|1|1640.00|1355.37|0.00|0.00| |0.00|0.00| 
70|1|3|7790314054105|1|07790314054105|VINO BLANCO TORO DULCE 1 LTS.|FECOVITA|1640.00|1355.37|1|1640.00|1355.37|0.00|0.00| |0.00|0.00| 
70|1|4|7790314054105|1|07790314054105|VINO BLANCO TORO DULCE 1 LTS.|FECOVITA|1640.00|1355.37|1|1640.00|1355.37|0.00|0.00| |0.00|0.00| 
70|1|1|7790240041880|1|07790240041880|VINO BLANCO TRAPICHE DULCE 750CC|BODEGA TRAPICHE|3880.00|3206.61|1|3880.00|3206.61|0.00|0.00| |0.00|0.00| 
70|1|2|7790240041880|1|07790240041880|VINO BLANCO TRAPICHE DULCE 750CC|BODEGA TRAPICHE|3880.00|3206.61|1|3880.00|3206.61|0.00|0.00| |0.00|0.00| 
70|1|3|7790240041880|1|07790240041880|VINO BLANCO TRAPICHE DULCE 750CC|BODEGA TRAPICHE|3880.00|3206.61|1|3880.00|3206.61|0.00|0.00| |0.00|0.00| 
70|1|4|7790240041880|1|07790240041880|VINO BLANCO TRAPICHE DULCE 750CC|BODEGA TRAPICHE|3880.00|3206.61|1|3880.00|3206.61|0.00|0.00| |0.00|0.00| 
70|1|1|7790577002189|1|07790577002189|VINO BLANCO TRUMPETER CHARDONNAY 75|BODEGA LA RURAL|7600.00|6280.99|1|7600.00|6280.99|0.00|0.00| |0.00|0.00| 
70|1|3|7790577002189|1|07790577002189|VINO BLANCO TRUMPETER CHARDONNAY 75|BODEGA LA RURAL|7600.00|6280.99|1|7600.00|6280.99|0.00|0.00| |0.00|0.00| 
70|1|4|7790577002189|1|07790577002189|VINO BLANCO TRUMPETER CHARDONNAY 75|BODEGA LA RURAL|7600.00|6280.99|1|7600.00|6280.99|0.00|0.00| |0.00|0.00| 
70|1|1|7790577040525|1|07790577040525|VINO BLANCO TRUMPETER SAUV. BLANC 7|BODEGA LA RURAL|7600.00|6280.99|1|7600.00|6280.99|0.00|0.00| |0.00|0.00| 
70|1|3|7790577040525|1|07790577040525|VINO BLANCO TRUMPETER SAUV. BLANC 7|BODEGA LA RURAL|7600.00|6280.99|1|7600.00|6280.99|0.00|0.00| |0.00|0.00| 
70|1|4|7790577040525|1|07790577040525|VINO BLANCO TRUMPETER SAUV. BLANC 7|BODEGA LA RURAL|7600.00|6280.99|1|7600.00|6280.99|0.00|0.00| |0.00|0.00| 
70|1|2|7790265000268|1|07790265000268|VINO BLANCO V.RIOJANAS 1L. DULCE|COOP. LA RIOJANA|1298.00|1072.73|1|1298.00|1072.73|0.00|0.00| |0.00|0.00| 
70|1|3|7790265000268|1|07790265000268|VINO BLANCO V.RIOJANAS 1L. DULCE|COOP. LA RIOJANA|1298.00|1072.73|1|1298.00|1072.73|0.00|0.00| |0.00|0.00| 
70|1|4|7790265000268|1|07790265000268|VINO BLANCO V.RIOJANAS 1L. DULCE|COOP. LA RIOJANA|1298.00|1072.73|1|1298.00|1072.73|0.00|0.00| |0.00|0.00| 
70|1|3|7790265000251|1|07790265000251|VINO BLANCO V.RIOJANAS 1L.TORRONTES|COOP. LA RIOJANA|1298.00|1072.73|1|1298.00|1072.73|0.00|0.00| |0.00|0.00| 
70|1|4|7790265000251|1|07790265000251|VINO BLANCO V.RIOJANAS 1L.TORRONTES|COOP. LA RIOJANA|1298.00|1072.73|1|1298.00|1072.73|0.00|0.00| |0.00|0.00| 
70|1|1|7790314056963|1|07790314056963|VINO BLANCO ZUMUVA 1 LTS.|RESERO|1450.00|1198.35|1|1450.00|1198.35|0.00|0.00| |0.00|0.00| 
70|1|3|7790314056963|1|07790314056963|VINO BLANCO ZUMUVA 1 LTS.|RESERO|1450.00|1198.35|1|1450.00|1198.35|0.00|0.00| |0.00|0.00| 
70|1|4|7790314056963|1|07790314056963|VINO BLANCO ZUMUVA 1 LTS.|RESERO|1450.00|1198.35|1|1450.00|1198.35|0.00|0.00| |0.00|0.00| 
70|1|2|7798108839501|1|07798108839501|VINO ESPUMANTE CALLIA DULCE 750CC|BODEGA SALENTEIN|3995.00|3301.65|1|3995.00|3301.65|0.00|0.00| |0.00|0.00| 
70|1|3|7798108839501|1|07798108839501|VINO ESPUMANTE CALLIA DULCE 750CC|BODEGA SALENTEIN|3995.00|3301.65|1|3995.00|3301.65|0.00|0.00| |0.00|0.00| 
70|1|4|7798108839501|1|07798108839501|VINO ESPUMANTE CALLIA DULCE 750CC|BODEGA SALENTEIN|3995.00|3301.65|1|3995.00|3301.65|0.00|0.00| |0.00|0.00| 
70|1|1|7790975003139|1|07790975003139|VINO ESPUMANTE CHANDON DELICE 750CC|BODEGA CHANDON|19150.00|15826.45|1|19150.00|15826.45|0.00|0.00| |0.00|0.00| 
70|1|2|7790975003139|1|07790975003139|VINO ESPUMANTE CHANDON DELICE 750CC|BODEGA CHANDON|19150.00|15826.45|1|19150.00|15826.45|0.00|0.00| |0.00|0.00| 
70|1|3|7790975003139|1|07790975003139|VINO ESPUMANTE CHANDON DELICE 750CC|BODEGA CHANDON|19150.00|15826.45|1|19150.00|15826.45|0.00|0.00| |0.00|0.00| 
70|1|4|7790975003139|1|07790975003139|VINO ESPUMANTE CHANDON DELICE 750CC|BODEGA CHANDON|19150.00|15826.45|1|19150.00|15826.45|0.00|0.00| |0.00|0.00| 
70|1|1|7791540045745|1|07791540045745|VINO ESPUMANTE DADA 7 750CC|BODEGA TRAPICHE|7400.00|6115.70|1|7400.00|6115.70|0.00|0.00| |0.00|0.00| 
70|1|2|7791540045745|1|07791540045745|VINO ESPUMANTE DADA 7 750CC|BODEGA TRAPICHE|7400.00|6115.70|1|7400.00|6115.70|0.00|0.00| |0.00|0.00| 
70|1|3|7791540045745|1|07791540045745|VINO ESPUMANTE DADA 7 750CC|BODEGA TRAPICHE|7400.00|6115.70|1|7400.00|6115.70|0.00|0.00| |0.00|0.00| 
70|1|4|7791540045745|1|07791540045745|VINO ESPUMANTE DADA 7 750CC|BODEGA TRAPICHE|7400.00|6115.70|1|7400.00|6115.70|0.00|0.00| |0.00|0.00| 
70|1|2|7791540048944|1|07791540048944|VINO ESPUMANTE DADA 7 PINK CASSIS 7|BODEGA TRAPICHE|7400.00|6115.70|1|7400.00|6115.70|0.00|0.00| |0.00|0.00| 
70|1|4|7791540048944|1|07791540048944|VINO ESPUMANTE DADA 7 PINK CASSIS 7|BODEGA TRAPICHE|7400.00|6115.70|1|7400.00|6115.70|0.00|0.00| |0.00|0.00| 
70|1|2|7791540047015|1|07791540047015|VINO ESPUMANTE DADA PINK 7 750CC|BODEGA TRAPICHE|7400.00|6115.70|1|7400.00|6115.70|0.00|0.00| |0.00|0.00| 
70|1|1|7798116190519|1|07798116190519|VINO ESPUMANTE DESEADO D.NATURAL750|BODEGA FLIA. SCHRO|8050.00|6652.89|1|8050.00|6652.89|0.00|0.00| |0.00|0.00| 
70|1|2|7798116190519|1|07798116190519|VINO ESPUMANTE DESEADO D.NATURAL750|BODEGA FLIA. SCHRO|8050.00|6652.89|1|8050.00|6652.89|0.00|0.00| |0.00|0.00| 
70|1|3|7798116190519|1|07798116190519|VINO ESPUMANTE DESEADO D.NATURAL750|BODEGA FLIA. SCHRO|8050.00|6652.89|1|8050.00|6652.89|0.00|0.00| |0.00|0.00| 
70|1|2|7790314005121|1|07790314005121|VINO ESPUMANTE DILEMA 750CC|FECOVITA|5280.00|4363.64|1|5280.00|4363.64|0.00|0.00| |0.00|0.00| 
70|1|4|7790314005121|1|07790314005121|VINO ESPUMANTE DILEMA 750CC|FECOVITA|5280.00|4363.64|1|5280.00|4363.64|0.00|0.00| |0.00|0.00| 
70|1|1|7790314056086|1|07790314056086|VINO ESPUMANTE E.MENDOZA E.B. 750CC|FECOVITA|5540.00|4578.51|1|5540.00|4578.51|0.00|0.00| |0.00|0.00| 
70|1|3|7790314056086|1|07790314056086|VINO ESPUMANTE E.MENDOZA E.B. 750CC|FECOVITA|5540.00|4578.51|1|5540.00|4578.51|0.00|0.00| |0.00|0.00| 
70|1|3|7793440002439|1|07793440002439|VINO ESPUMANTE EMILIA BRUT ROSE 750|PROV. VARIOS BEBIDAS|7400.00|6115.70|1|7400.00|6115.70|0.00|0.00| |0.00|0.00| 
70|1|3|7793440001999|1|07793440001999|VINO ESPUMANTE EMILIA DULCE 750CC|BODEGA NIETO|9340.00|7719.01|1|9340.00|7719.01|0.00|0.00| |0.00|0.00| 
70|1|4|7793440001999|1|07793440001999|VINO ESPUMANTE EMILIA DULCE 750CC|BODEGA NIETO|9340.00|7719.01|1|9340.00|7719.01|0.00|0.00| |0.00|0.00| 
70|1|2|7791843004166|1|07791843004166|VINO ESPUMANTE LOS HAROLDOS E.B.750|BODEGA A.I.BALBO S.A|7680.00|6347.11|1|7680.00|6347.11|0.00|0.00| |0.00|0.00| 
70|1|4|7791843004166|1|07791843004166|VINO ESPUMANTE LOS HAROLDOS E.B.750|BODEGA A.I.BALBO S.A|7680.00|6347.11|1|7680.00|6347.11|0.00|0.00| |0.00|0.00| 
70|1|4|7793440003054|1|07793440003054|VINO ESPUMANTE NIETO BRUT ROSE 750M|BODEGA NIETO|12100.00|10000.00|1|12100.00|10000.00|0.00|0.00| |0.00|0.00| 
70|1|3|7793440700830|1|07793440700830|VINO ESPUMANTE NIETO EBRUT.750 CC|BODEGA NIETO|12100.00|10000.00|1|12100.00|10000.00|0.00|0.00| |0.00|0.00| 
70|1|2|7792319000217|1|07792319000217|VINO ESPUMANTE NORTON 750CC COS.ESP|BODEGA NORTON|11719.23|9685.31|1|11719.23|9685.31|0.00|0.00| |0.00|0.00| 
70|1|4|7792319000217|1|07792319000217|VINO ESPUMANTE NORTON 750CC COS.ESP|BODEGA NORTON|11719.23|9685.31|1|11719.23|9685.31|0.00|0.00| |0.00|0.00| 
70|1|1|7792319000118|1|07792319000118|VINO ESPUMANTE NORTON COS.TARDIA 75|BODEGA NORTON|8090.00|6685.95|1|8090.00|6685.95|0.00|0.00| |0.00|0.00| 
70|1|2|7792319000118|1|07792319000118|VINO ESPUMANTE NORTON COS.TARDIA 75|BODEGA NORTON|8090.00|6685.95|1|8090.00|6685.95|0.00|0.00| |0.00|0.00| 
70|1|4|7792319000118|1|07792319000118|VINO ESPUMANTE NORTON COS.TARDIA 75|BODEGA NORTON|8090.00|6685.95|1|8090.00|6685.95|0.00|0.00| |0.00|0.00| 
70|1|1|7791728019407|1|07791728019407|VINO ESPUMANTE S.JULIA CLASSIC CUVE|BODEGA SANTA JULIA|10360.00|8561.98|1|10360.00|8561.98|0.00|0.00| |0.00|0.00| 
70|1|2|7791728019407|1|07791728019407|VINO ESPUMANTE S.JULIA CLASSIC CUVE|BODEGA SANTA JULIA|10360.00|8561.98|1|10360.00|8561.98|0.00|0.00| |0.00|0.00| 
70|1|4|7791728019407|1|07791728019407|VINO ESPUMANTE S.JULIA CLASSIC CUVE|BODEGA SANTA JULIA|10360.00|8561.98|1|10360.00|8561.98|0.00|0.00| |0.00|0.00| 
70|1|4|7790577002707|1|07790577002707|VINO ESPUMANTE SAN FELIPE E.BRUT750|BODEGA LA RURAL|22900.00|18925.62|1|22900.00|18925.62|0.00|0.00| |0.00|0.00| 
70|1|1|7790093091346|1|07790093091346|VINO ROSADO CAFAYATE ROSE 750CC|PERNOD RICARD ARG.|3990.00|3297.52|1|3990.00|3297.52|0.00|0.00| |0.00|0.00| 
70|1|4|7790093091346|1|07790093091346|VINO ROSADO CAFAYATE ROSE 750CC|PERNOD RICARD ARG.|3990.00|3297.52|1|3990.00|3297.52|0.00|0.00| |0.00|0.00| 
70|1|1|7791728002218|1|07791728002218|VINO ROSADO S.JULIA SYRAH ROSE 750|BODEGA SANTA JULIA|5000.00|4132.23|1|5000.00|4132.23|0.00|0.00| |0.00|0.00| 
70|1|4|7791728002218|1|07791728002218|VINO ROSADO S.JULIA SYRAH ROSE 750|BODEGA SANTA JULIA|5000.00|4132.23|1|5000.00|4132.23|0.00|0.00| |0.00|0.00| 
70|1|1|7790314000416|1|07790314000416|VINO ROSADO TORO 1 LT.|FECOVITA|1640.00|1355.37|1|1640.00|1355.37|0.00|0.00| |0.00|0.00| 
70|1|2|7790314000416|1|07790314000416|VINO ROSADO TORO 1 LT.|FECOVITA|1640.00|1355.37|1|1640.00|1355.37|0.00|0.00| |0.00|0.00| 
70|1|4|7790314000416|1|07790314000416|VINO ROSADO TORO 1 LT.|FECOVITA|1640.00|1355.37|1|1640.00|1355.37|0.00|0.00| |0.00|0.00| 
70|1|1|7798090852526|1|07798090852526|VINO TINTO AIME CABERNET 750ML|BODEGA NIETO|4750.00|3925.62|1|4750.00|3925.62|0.00|0.00| |0.00|0.00| 
70|1|2|7798090852526|1|07798090852526|VINO TINTO AIME CABERNET 750ML|BODEGA NIETO|4750.00|3925.62|1|4750.00|3925.62|0.00|0.00| |0.00|0.00| 
70|1|3|7798090852526|1|07798090852526|VINO TINTO AIME CABERNET 750ML|BODEGA NIETO|4750.00|3925.62|1|4750.00|3925.62|0.00|0.00| |0.00|0.00| 
70|1|4|7798090852526|1|07798090852526|VINO TINTO AIME CABERNET 750ML|BODEGA NIETO|4750.00|3925.62|1|4750.00|3925.62|0.00|0.00| |0.00|0.00| 
70|1|1|7798090852533|1|07798090852533|VINO TINTO AIME MALBEC 750ML|BODEGA NIETO|4750.00|3925.62|1|4750.00|3925.62|0.00|0.00| |0.00|0.00| 
70|1|2|7798090852533|1|07798090852533|VINO TINTO AIME MALBEC 750ML|BODEGA NIETO|4750.00|3925.62|1|4750.00|3925.62|0.00|0.00| |0.00|0.00| 
70|1|4|7798090852533|1|07798090852533|VINO TINTO AIME MALBEC 750ML|BODEGA NIETO|4750.00|3925.62|1|4750.00|3925.62|0.00|0.00| |0.00|0.00| 
70|1|3|7798090852519|1|07798090852519|VINO TINTO AIME RED BLEND 750ML|BODEGA NIETO|4750.00|3925.62|1|4750.00|3925.62|0.00|0.00| |0.00|0.00| 
70|1|4|7798090852519|1|07798090852519|VINO TINTO AIME RED BLEND 750ML|BODEGA NIETO|4750.00|3925.62|1|4750.00|3925.62|0.00|0.00| |0.00|0.00| 
70|1|1|7791728002713|1|07791728002713|VINO TINTO ALAMBRADO CABERNET 750CC|BODEGA SANTA JULIA|8140.00|6727.27|1|8140.00|6727.27|0.00|0.00| |0.00|0.00| 
70|1|2|7791728002713|1|07791728002713|VINO TINTO ALAMBRADO CABERNET 750CC|BODEGA SANTA JULIA|8140.00|6727.27|1|8140.00|6727.27|0.00|0.00| |0.00|0.00| 
70|1|4|7791728002713|1|07791728002713|VINO TINTO ALAMBRADO CABERNET 750CC|BODEGA SANTA JULIA|8140.00|6727.27|1|8140.00|6727.27|0.00|0.00| |0.00|0.00| 
70|1|1|7791728002690|1|07791728002690|VINO TINTO ALAMBRADO MALBEC 750CC|BODEGA SANTA JULIA|8140.00|6727.27|1|8140.00|6727.27|0.00|0.00| |0.00|0.00| 
70|1|2|7791728002690|1|07791728002690|VINO TINTO ALAMBRADO MALBEC 750CC|BODEGA SANTA JULIA|8140.00|6727.27|1|8140.00|6727.27|0.00|0.00| |0.00|0.00| 
70|1|3|7791728002690|1|07791728002690|VINO TINTO ALAMBRADO MALBEC 750CC|BODEGA SANTA JULIA|8140.00|6727.27|1|8140.00|6727.27|0.00|0.00| |0.00|0.00| 
70|1|4|7791728002690|1|07791728002690|VINO TINTO ALAMBRADO MALBEC 750CC|BODEGA SANTA JULIA|8140.00|6727.27|1|8140.00|6727.27|0.00|0.00| |0.00|0.00| 
70|1|1|7794450008060|1|07794450008060|VINO TINTO ALAMOS CABERNET 750 CC|BODEGA CATENA ZAPATA|6900.00|5702.48|1|6900.00|5702.48|0.00|0.00| |0.00|0.00| 
70|1|4|7794450008060|1|07794450008060|VINO TINTO ALAMOS CABERNET 750 CC|BODEGA CATENA ZAPATA|6900.00|5702.48|1|6900.00|5702.48|0.00|0.00| |0.00|0.00| 
70|1|1|7794450008084|1|07794450008084|VINO TINTO ALAMOS MALBEC 750 CC|BODEGA CATENA ZAPATA|6900.00|5702.48|1|6900.00|5702.48|0.00|0.00| |0.00|0.00| 
70|1|3|7794450008084|1|07794450008084|VINO TINTO ALAMOS MALBEC 750 CC|BODEGA CATENA ZAPATA|6900.00|5702.48|1|6900.00|5702.48|0.00|0.00| |0.00|0.00| 
70|1|1|7791540045721|1|07791540045721|VINO TINTO ALMA MORA BLEND 750CC|BODEGA TRAPICHE|5340.00|4413.22|1|5340.00|4413.22|0.00|0.00| |0.00|0.00| 
70|1|3|7791540045721|1|07791540045721|VINO TINTO ALMA MORA BLEND 750CC|BODEGA TRAPICHE|5340.00|4413.22|1|5340.00|4413.22|0.00|0.00| |0.00|0.00| 
70|1|4|7791540045721|1|07791540045721|VINO TINTO ALMA MORA BLEND 750CC|BODEGA TRAPICHE|5340.00|4413.22|1|5340.00|4413.22|0.00|0.00| |0.00|0.00| 
70|1|1|7790240042085|1|07790240042085|VINO TINTO ALMA MORA CABERNET 750CC|BODEGA TRAPICHE|5340.00|4413.22|1|5340.00|4413.22|0.00|0.00| |0.00|0.00| 
70|1|2|7790240042085|1|07790240042085|VINO TINTO ALMA MORA CABERNET 750CC|BODEGA TRAPICHE|5340.00|4413.22|1|5340.00|4413.22|0.00|0.00| |0.00|0.00| 
70|1|3|7790240042085|1|07790240042085|VINO TINTO ALMA MORA CABERNET 750CC|BODEGA TRAPICHE|5340.00|4413.22|1|5340.00|4413.22|0.00|0.00| |0.00|0.00| 
70|1|4|7790240042085|1|07790240042085|VINO TINTO ALMA MORA CABERNET 750CC|BODEGA TRAPICHE|5340.00|4413.22|1|5340.00|4413.22|0.00|0.00| |0.00|0.00| 
70|1|1|7790240042108|1|07790240042108|VINO TINTO ALMA MORA MALBEC 750 C.C|BODEGA TRAPICHE|5340.00|4413.22|1|5340.00|4413.22|0.00|0.00| |0.00|0.00| 
70|1|2|7790240042108|1|07790240042108|VINO TINTO ALMA MORA MALBEC 750 C.C|BODEGA TRAPICHE|5340.00|4413.22|1|5340.00|4413.22|0.00|0.00| |0.00|0.00| 
70|1|3|7790240042108|1|07790240042108|VINO TINTO ALMA MORA MALBEC 750 C.C|BODEGA TRAPICHE|5340.00|4413.22|1|5340.00|4413.22|0.00|0.00| |0.00|0.00| 
70|1|4|7790240042108|1|07790240042108|VINO TINTO ALMA MORA MALBEC 750 C.C|BODEGA TRAPICHE|5340.00|4413.22|1|5340.00|4413.22|0.00|0.00| |0.00|0.00| 
70|1|4|7790240042092|1|07790240042092|VINO TINTO ALMA MORA SYRAH 750 C.C.|BODEGA TRAPICHE|5340.00|4413.22|1|5340.00|4413.22|0.00|0.00| |0.00|0.00| 
70|1|1|7790975017020|1|07790975017020|VINO TINTO ALTOS DEL PLATA CAB.750|BODEGA CHANDON|10400.00|8595.04|1|10400.00|8595.04|0.00|0.00| |0.00|0.00| 
70|1|4|7790975017020|1|07790975017020|VINO TINTO ALTOS DEL PLATA CAB.750|BODEGA CHANDON|10400.00|8595.04|1|10400.00|8595.04|0.00|0.00| |0.00|0.00| 
70|1|4|7790975017013|1|07790975017013|VINO TINTO ALTOS DEL PLATA MALB.750|BODEGA CHANDON|10400.00|8595.04|1|10400.00|8595.04|0.00|0.00| |0.00|0.00| 
70|1|1|7791843000052|1|07791843000052|VINO TINTO BALBO BORGOÑA 1,125|BODEGA A.I.BALBO S.A|2630.00|2173.55|1|2630.00|2173.55|0.00|0.00| |0.00|0.00| 
70|1|2|7791843000052|1|07791843000052|VINO TINTO BALBO BORGOÑA 1,125|BODEGA A.I.BALBO S.A|2630.00|2173.55|1|2630.00|2173.55|0.00|0.00| |0.00|0.00| 
70|1|3|7791843000052|1|07791843000052|VINO TINTO BALBO BORGOÑA 1,125|BODEGA A.I.BALBO S.A|2630.00|2173.55|1|2630.00|2173.55|0.00|0.00| |0.00|0.00| 
70|1|4|7791843000052|1|07791843000052|VINO TINTO BALBO BORGOÑA 1,125|BODEGA A.I.BALBO S.A|2630.00|2173.55|1|2630.00|2173.55|0.00|0.00| |0.00|0.00| 
70|1|2|7793440702964|1|07793440702964|VINO TINTO BENJAMIN CABERNET 750CC|BODEGA NIETO|4325.00|3574.38|1|4325.00|3574.38|0.00|0.00| |0.00|0.00| 
70|1|3|7793440702964|1|07793440702964|VINO TINTO BENJAMIN CABERNET 750CC|BODEGA NIETO|4325.00|3574.38|1|4325.00|3574.38|0.00|0.00| |0.00|0.00| 
70|1|4|7793440702964|1|07793440702964|VINO TINTO BENJAMIN CABERNET 750CC|BODEGA NIETO|4325.00|3574.38|1|4325.00|3574.38|0.00|0.00| |0.00|0.00| 
70|1|1|7793440702940|1|07793440702940|VINO TINTO BENJAMIN MALBEC 750CC|BODEGA NIETO|4325.00|3574.38|1|4325.00|3574.38|0.00|0.00| |0.00|0.00| 
70|1|2|7793440702940|1|07793440702940|VINO TINTO BENJAMIN MALBEC 750CC|BODEGA NIETO|4325.00|3574.38|1|4325.00|3574.38|0.00|0.00| |0.00|0.00| 
70|1|3|7793440702940|1|07793440702940|VINO TINTO BENJAMIN MALBEC 750CC|BODEGA NIETO|4325.00|3574.38|1|4325.00|3574.38|0.00|0.00| |0.00|0.00| 
70|1|4|7793440702940|1|07793440702940|VINO TINTO BENJAMIN MALBEC 750CC|BODEGA NIETO|4325.00|3574.38|1|4325.00|3574.38|0.00|0.00| |0.00|0.00| 
70|1|1|7793440703138|1|07793440703138|VINO TINTO BENJAMIN SYRAH 750CC|BODEGA NIETO|4325.00|3574.38|1|4325.00|3574.38|0.00|0.00| |0.00|0.00| 
70|1|2|7793440703138|1|07793440703138|VINO TINTO BENJAMIN SYRAH 750CC|BODEGA NIETO|4325.00|3574.38|1|4325.00|3574.38|0.00|0.00| |0.00|0.00| 
70|1|4|7793440703138|1|07793440703138|VINO TINTO BENJAMIN SYRAH 750CC|BODEGA NIETO|4325.00|3574.38|1|4325.00|3574.38|0.00|0.00| |0.00|0.00| 
70|1|2|7793440703152|1|07793440703152|VINO TINTO BENJAMIN TEMPRANILLO 750|BODEGA NIETO|4325.00|3574.38|1|4325.00|3574.38|0.00|0.00| |0.00|0.00| 
70|1|3|7793440703152|1|07793440703152|VINO TINTO BENJAMIN TEMPRANILLO 750|BODEGA NIETO|4325.00|3574.38|1|4325.00|3574.38|0.00|0.00| |0.00|0.00| 
70|1|4|7793440703152|1|07793440703152|VINO TINTO BENJAMIN TEMPRANILLO 750|BODEGA NIETO|4325.00|3574.38|1|4325.00|3574.38|0.00|0.00| |0.00|0.00| 
70|1|2|7790314005695|1|07790314005695|VINO TINTO BISTRO 1L.|FECOVITA|1530.00|1264.46|1|1530.00|1264.46|0.00|0.00| |0.00|0.00| 
70|1|3|7790314005695|1|07790314005695|VINO TINTO BISTRO 1L.|FECOVITA|1530.00|1264.46|1|1530.00|1264.46|0.00|0.00| |0.00|0.00| 
70|1|4|7790314005695|1|07790314005695|VINO TINTO BISTRO 1L.|FECOVITA|1530.00|1264.46|1|1530.00|1264.46|0.00|0.00| |0.00|0.00| 
70|1|1|7798107412743|1|07798107412743|VINO TINTO C.DE COSECHAS PATERO1125|BODEGA TOTALS|2890.00|2388.43|1|2890.00|2388.43|0.00|0.00| |0.00|0.00| 
70|1|2|7798107412743|1|07798107412743|VINO TINTO C.DE COSECHAS PATERO1125|BODEGA TOTALS|2890.00|2388.43|1|2890.00|2388.43|0.00|0.00| |0.00|0.00| 
70|1|3|7798107412743|1|07798107412743|VINO TINTO C.DE COSECHAS PATERO1125|BODEGA TOTALS|2890.00|2388.43|1|2890.00|2388.43|0.00|0.00| |0.00|0.00| 
70|1|4|7798107412743|1|07798107412743|VINO TINTO C.DE COSECHAS PATERO1125|BODEGA TOTALS|2890.00|2388.43|1|2890.00|2388.43|0.00|0.00| |0.00|0.00| 
70|1|1|7790093075773|1|07790093075773|VINO TINTO CAFAYATE CABERNET 750C|PERNOD RICARD ARG.|3990.00|3297.52|1|3990.00|3297.52|0.00|0.00| |0.00|0.00| 
70|1|2|7790093075773|1|07790093075773|VINO TINTO CAFAYATE CABERNET 750C|PERNOD RICARD ARG.|3990.00|3297.52|1|3990.00|3297.52|0.00|0.00| |0.00|0.00| 
70|1|3|7790093075773|1|07790093075773|VINO TINTO CAFAYATE CABERNET 750C|PERNOD RICARD ARG.|3990.00|3297.52|1|3990.00|3297.52|0.00|0.00| |0.00|0.00| 
70|1|4|7790093075773|1|07790093075773|VINO TINTO CAFAYATE CABERNET 750C|PERNOD RICARD ARG.|3990.00|3297.52|1|3990.00|3297.52|0.00|0.00| |0.00|0.00| 
70|1|1|7790093075780|1|07790093075780|VINO TINTO CAFAYATE MALBEC 750 C.C.|PERNOD RICARD ARG.|3990.00|3297.52|1|3990.00|3297.52|0.00|0.00| |0.00|0.00| 
70|1|2|7790093075780|1|07790093075780|VINO TINTO CAFAYATE MALBEC 750 C.C.|PERNOD RICARD ARG.|3990.00|3297.52|1|3990.00|3297.52|0.00|0.00| |0.00|0.00| 
70|1|3|7790093075780|1|07790093075780|VINO TINTO CAFAYATE MALBEC 750 C.C.|PERNOD RICARD ARG.|3990.00|3297.52|1|3990.00|3297.52|0.00|0.00| |0.00|0.00| 
70|1|4|7790093075780|1|07790093075780|VINO TINTO CAFAYATE MALBEC 750 C.C.|PERNOD RICARD ARG.|3990.00|3297.52|1|3990.00|3297.52|0.00|0.00| |0.00|0.00| 
70|1|2|7798108830249|1|07798108830249|VINO TINTO CALLIA CABERNET SAUV.750|BODEGA SALENTEIN|3850.00|3181.82|1|3850.00|3181.82|0.00|0.00| |0.00|0.00| 
70|1|3|7798108830249|1|07798108830249|VINO TINTO CALLIA CABERNET SAUV.750|BODEGA SALENTEIN|3850.00|3181.82|1|3850.00|3181.82|0.00|0.00| |0.00|0.00| 
70|1|4|7798108830249|1|07798108830249|VINO TINTO CALLIA CABERNET SAUV.750|BODEGA SALENTEIN|3850.00|3181.82|1|3850.00|3181.82|0.00|0.00| |0.00|0.00| 
70|1|2|7798108830751|1|07798108830751|VINO TINTO CALLIA MALBEC 750CC|BODEGA SALENTEIN|3850.00|3181.82|1|3850.00|3181.82|0.00|0.00| |0.00|0.00| 
70|1|3|7798108830751|1|07798108830751|VINO TINTO CALLIA MALBEC 750CC|BODEGA SALENTEIN|3850.00|3181.82|1|3850.00|3181.82|0.00|0.00| |0.00|0.00| 
70|1|4|7798108830751|1|07798108830751|VINO TINTO CALLIA MALBEC 750CC|BODEGA SALENTEIN|3850.00|3181.82|1|3850.00|3181.82|0.00|0.00| |0.00|0.00| 
70|1|2|7798108830232|1|07798108830232|VINO TINTO CALLIA SYRAH CABERNET750|BODEGA SALENTEIN|3850.00|3181.82|1|3850.00|3181.82|0.00|0.00| |0.00|0.00| 
70|1|4|7798108830232|1|07798108830232|VINO TINTO CALLIA SYRAH CABERNET750|BODEGA SALENTEIN|3850.00|3181.82|1|3850.00|3181.82|0.00|0.00| |0.00|0.00| 
70|1|1|7798108830218|1|07798108830218|VINO TINTO CALLIA SYRAH-MALBEC 750C|BODEGA SALENTEIN|3850.00|3181.82|1|3850.00|3181.82|0.00|0.00| |0.00|0.00| 
70|1|4|7798108830218|1|07798108830218|VINO TINTO CALLIA SYRAH-MALBEC 750C|BODEGA SALENTEIN|3850.00|3181.82|1|3850.00|3181.82|0.00|0.00| |0.00|0.00| 
70|1|2|7790314000133|1|07790314000133|VINO TINTO CANCILLER CABERNET 750|RESERO|2690.00|2223.14|1|2690.00|2223.14|0.00|0.00| |0.00|0.00| 
70|1|4|7790314000133|1|07790314000133|VINO TINTO CANCILLER CABERNET 750|RESERO|2690.00|2223.14|1|2690.00|2223.14|0.00|0.00| |0.00|0.00| 
70|1|2|7790314000232|1|07790314000232|VINO TINTO CANCILLER MALBEC 750 |RESERO|2690.00|2223.14|1|2690.00|2223.14|0.00|0.00| |0.00|0.00| 
70|1|3|7791843011423|1|07791843011423|VINO TINTO CHACABUCO 750ML CABERNET|BODEGA A.I.BALBO S.A|3720.00|3074.38|1|3720.00|3074.38|0.00|0.00| |0.00|0.00| 
70|1|4|7791843011423|1|07791843011423|VINO TINTO CHACABUCO 750ML CABERNET|BODEGA A.I.BALBO S.A|3720.00|3074.38|1|3720.00|3074.38|0.00|0.00| |0.00|0.00| 
70|1|2|7790314005770|1|07790314005770|VINO TINTO CHATEAU TOULOUSE MER.MAL|PROV. VARIOS BEBIDAS|71.55|59.13|1|71.55|59.13|0.00|0.00| |0.00|0.00| 
70|1|1|7790168000488|1|07790168000488|VINO TINTO COLON CABERNET 750 CC|CCU LATAS|3850.00|3181.82|1|3850.00|3181.82|0.00|0.00| |0.00|0.00| 
70|1|2|7790168000488|1|07790168000488|VINO TINTO COLON CABERNET 750 CC|CCU LATAS|3850.00|3181.82|1|3850.00|3181.82|0.00|0.00| |0.00|0.00| 
70|1|3|7790168000488|1|07790168000488|VINO TINTO COLON CABERNET 750 CC|CCU LATAS|3850.00|3181.82|1|3850.00|3181.82|0.00|0.00| |0.00|0.00| 
70|1|4|7790168000488|1|07790168000488|VINO TINTO COLON CABERNET 750 CC|CCU LATAS|3850.00|3181.82|1|3850.00|3181.82|0.00|0.00| |0.00|0.00| 
70|1|2|7791540044502|1|07791540044502|VINO TINTO DADA 1 750CC|BODEGA TRAPICHE|5100.00|4214.88|1|5100.00|4214.88|0.00|0.00| |0.00|0.00| 
70|1|1|7791540044519|1|07791540044519|VINO TINTO DADA 2 750CC|BODEGA TRAPICHE|5100.00|4214.88|1|5100.00|4214.88|0.00|0.00| |0.00|0.00| 
70|1|2|7791540044519|1|07791540044519|VINO TINTO DADA 2 750CC|BODEGA TRAPICHE|5100.00|4214.88|1|5100.00|4214.88|0.00|0.00| |0.00|0.00| 
70|1|3|7791540044519|1|07791540044519|VINO TINTO DADA 2 750CC|BODEGA TRAPICHE|5100.00|4214.88|1|5100.00|4214.88|0.00|0.00| |0.00|0.00| 
70|1|4|7791540044519|1|07791540044519|VINO TINTO DADA 2 750CC|BODEGA TRAPICHE|5100.00|4214.88|1|5100.00|4214.88|0.00|0.00| |0.00|0.00| 
70|1|2|7791540044526|1|07791540044526|VINO TINTO DADA 3 750CC|BODEGA TRAPICHE|5100.00|4214.88|1|5100.00|4214.88|0.00|0.00| |0.00|0.00| 
70|1|1|7791540047855|1|07791540047855|VINO TINTO DADA ART CABERNET 750CC|BODEGA TRAPICHE|5100.00|4214.88|1|5100.00|4214.88|0.00|0.00| |0.00|0.00| 
70|1|2|7791540047855|1|07791540047855|VINO TINTO DADA ART CABERNET 750CC|BODEGA TRAPICHE|5100.00|4214.88|1|5100.00|4214.88|0.00|0.00| |0.00|0.00| 
70|1|3|7791540047855|1|07791540047855|VINO TINTO DADA ART CABERNET 750CC|BODEGA TRAPICHE|5100.00|4214.88|1|5100.00|4214.88|0.00|0.00| |0.00|0.00| 
70|1|4|7791540047855|1|07791540047855|VINO TINTO DADA ART CABERNET 750CC|BODEGA TRAPICHE|5100.00|4214.88|1|5100.00|4214.88|0.00|0.00| |0.00|0.00| 
70|1|1|7791540047862|1|07791540047862|VINO TINTO DADA ART MALBEC 750CC|BODEGA TRAPICHE|4850.00|4008.26|1|4850.00|4008.26|0.00|0.00| |0.00|0.00| 
70|1|2|7791540047862|1|07791540047862|VINO TINTO DADA ART MALBEC 750CC|BODEGA TRAPICHE|4850.00|4008.26|1|4850.00|4008.26|0.00|0.00| |0.00|0.00| 
70|1|3|7791540047862|1|07791540047862|VINO TINTO DADA ART MALBEC 750CC|BODEGA TRAPICHE|4850.00|4008.26|1|4850.00|4008.26|0.00|0.00| |0.00|0.00| 
70|1|4|7791540047862|1|07791540047862|VINO TINTO DADA ART MALBEC 750CC|BODEGA TRAPICHE|4850.00|4008.26|1|4850.00|4008.26|0.00|0.00| |0.00|0.00| 
70|1|4|7790314007446|1|07790314007446|VINO TINTO DILEMA DAY 750ML.MALBEC|FECOVITA|3470.00|2867.77|1|3470.00|2867.77|0.00|0.00| |0.00|0.00| 
70|1|4|7793440702698|1|07793440702698|VINO TINTO DON NICANOR CABERNET 750|PROV. VARIOS BEBIDAS|11689.37|9660.64|1|11689.37|9660.64|0.00|0.00| |0.00|0.00| 
70|1|1|7790703100321|1|07790703100321|VINO TINTO DON VALENTIN LACRADO 750|BODEGA BIANCHI|3525.00|2913.22|1|3525.00|2913.22|0.00|0.00| |0.00|0.00| 
70|1|2|7790703100321|1|07790703100321|VINO TINTO DON VALENTIN LACRADO 750|BODEGA BIANCHI|3525.00|2913.22|1|3525.00|2913.22|0.00|0.00| |0.00|0.00| 
70|1|3|7790703100321|1|07790703100321|VINO TINTO DON VALENTIN LACRADO 750|BODEGA BIANCHI|3525.00|2913.22|1|3525.00|2913.22|0.00|0.00| |0.00|0.00| 
70|1|4|7790703100321|1|07790703100321|VINO TINTO DON VALENTIN LACRADO 750|BODEGA BIANCHI|3525.00|2913.22|1|3525.00|2913.22|0.00|0.00| |0.00|0.00| 
70|1|1|7790314056598|1|07790314056598|VINO TINTO E.MEND.750ML.CAB.MALB|FECOVITA|2798.00|2312.40|1|2798.00|2312.40|0.00|0.00| |0.00|0.00| 
70|1|2|7790314056598|1|07790314056598|VINO TINTO E.MEND.750ML.CAB.MALB|FECOVITA|2798.00|2312.40|1|2798.00|2312.40|0.00|0.00| |0.00|0.00| 
70|1|4|7790314056598|1|07790314056598|VINO TINTO E.MEND.750ML.CAB.MALB|FECOVITA|2798.00|2312.40|1|2798.00|2312.40|0.00|0.00| |0.00|0.00| 
70|1|1|7790314056109|1|07790314056109|VINO TINTO E.MEND.750ML.CABERNET|FECOVITA|2798.00|2312.40|1|2798.00|2312.40|0.00|0.00| |0.00|0.00| 
70|1|2|7790314056109|1|07790314056109|VINO TINTO E.MEND.750ML.CABERNET|FECOVITA|2798.00|2312.40|1|2798.00|2312.40|0.00|0.00| |0.00|0.00| 
70|1|3|7790314056109|1|07790314056109|VINO TINTO E.MEND.750ML.CABERNET|FECOVITA|2798.00|2312.40|1|2798.00|2312.40|0.00|0.00| |0.00|0.00| 
70|1|4|7790314056109|1|07790314056109|VINO TINTO E.MEND.750ML.CABERNET|FECOVITA|2798.00|2312.40|1|2798.00|2312.40|0.00|0.00| |0.00|0.00| 
70|1|1|7790314056116|1|07790314056116|VINO TINTO E.MEND.750ML.MALBEC|FECOVITA|2798.00|2312.40|1|2798.00|2312.40|0.00|0.00| |0.00|0.00| 
70|1|2|7790314056116|1|07790314056116|VINO TINTO E.MEND.750ML.MALBEC|FECOVITA|2798.00|2312.40|1|2798.00|2312.40|0.00|0.00| |0.00|0.00| 
70|1|3|7790314056116|1|07790314056116|VINO TINTO E.MEND.750ML.MALBEC|FECOVITA|2798.00|2312.40|1|2798.00|2312.40|0.00|0.00| |0.00|0.00| 
70|1|4|7790314056116|1|07790314056116|VINO TINTO E.MEND.750ML.MALBEC|FECOVITA|2798.00|2312.40|1|2798.00|2312.40|0.00|0.00| |0.00|0.00| 
70|1|2|7790314055386|1|07790314055386|VINO TINTO E.MEND.750ML.MERL.MALBEC|FECOVITA|2798.00|2312.40|1|2798.00|2312.40|0.00|0.00| |0.00|0.00| 
70|1|3|7790314055386|1|07790314055386|VINO TINTO E.MEND.750ML.MERL.MALBEC|FECOVITA|2798.00|2312.40|1|2798.00|2312.40|0.00|0.00| |0.00|0.00| 
70|1|4|7790314055386|1|07790314055386|VINO TINTO E.MEND.750ML.MERL.MALBEC|FECOVITA|2798.00|2312.40|1|2798.00|2312.40|0.00|0.00| |0.00|0.00| 
70|1|1|7790189021011|1|07790189021011|VINO TINTO ELEMENTOS CABERNET 750CC|BODEGA TRAPICHE|4650.00|3842.98|1|4650.00|3842.98|0.00|0.00| |0.00|0.00| 
70|1|2|7790189021011|1|07790189021011|VINO TINTO ELEMENTOS CABERNET 750CC|BODEGA TRAPICHE|4650.00|3842.98|1|4650.00|3842.98|0.00|0.00| |0.00|0.00| 
70|1|1|7790189021028|1|07790189021028|VINO TINTO ELEMENTOS MALBEC 750CC|BODEGA TRAPICHE|4650.00|3842.98|1|4650.00|3842.98|0.00|0.00| |0.00|0.00| 
70|1|2|7790189021028|1|07790189021028|VINO TINTO ELEMENTOS MALBEC 750CC|BODEGA TRAPICHE|4650.00|3842.98|1|4650.00|3842.98|0.00|0.00| |0.00|0.00| 
70|1|3|7790189021028|1|07790189021028|VINO TINTO ELEMENTOS MALBEC 750CC|BODEGA TRAPICHE|4650.00|3842.98|1|4650.00|3842.98|0.00|0.00| |0.00|0.00| 
70|1|4|7790189021028|1|07790189021028|VINO TINTO ELEMENTOS MALBEC 750CC|BODEGA TRAPICHE|4650.00|3842.98|1|4650.00|3842.98|0.00|0.00| |0.00|0.00| 
70|1|1|7793440002316|1|07793440002316|VINO TINTO EMILIA CABERNET SAUV.750|BODEGA NIETO|6000.00|4958.68|1|6000.00|4958.68|0.00|0.00| |0.00|0.00| 
70|1|2|7793440002316|1|07793440002316|VINO TINTO EMILIA CABERNET SAUV.750|BODEGA NIETO|6000.00|4958.68|1|6000.00|4958.68|0.00|0.00| |0.00|0.00| 
70|1|3|7793440002316|1|07793440002316|VINO TINTO EMILIA CABERNET SAUV.750|BODEGA NIETO|6000.00|4958.68|1|6000.00|4958.68|0.00|0.00| |0.00|0.00| 
70|1|4|7793440002316|1|07793440002316|VINO TINTO EMILIA CABERNET SAUV.750|BODEGA NIETO|6000.00|4958.68|1|6000.00|4958.68|0.00|0.00| |0.00|0.00| 
70|1|2|7793440000305|1|07793440000305|VINO TINTO EMILIA MALBEC 750CC|BODEGA NIETO|6000.00|4958.68|1|6000.00|4958.68|0.00|0.00| |0.00|0.00| 
70|1|3|7793440000305|1|07793440000305|VINO TINTO EMILIA MALBEC 750CC|BODEGA NIETO|6000.00|4958.68|1|6000.00|4958.68|0.00|0.00| |0.00|0.00| 
70|1|1|7793440002538|1|07793440002538|VINO TINTO EMILIA RED BLEND 750CC|BODEGA NIETO|6000.00|4958.68|1|6000.00|4958.68|0.00|0.00| |0.00|0.00| 
70|1|2|7793440002538|1|07793440002538|VINO TINTO EMILIA RED BLEND 750CC|BODEGA NIETO|6000.00|4958.68|1|6000.00|4958.68|0.00|0.00| |0.00|0.00| 
70|1|3|7793440002538|1|07793440002538|VINO TINTO EMILIA RED BLEND 750CC|BODEGA NIETO|6000.00|4958.68|1|6000.00|4958.68|0.00|0.00| |0.00|0.00| 
70|1|1|7790240128574|1|07790240128574|VINO TINTO F.LAS MORAS CABERNET 750|BODEGA TRAPICHE|3990.00|3297.52|1|3990.00|3297.52|0.00|0.00| |0.00|0.00| 
70|1|2|7790240128574|1|07790240128574|VINO TINTO F.LAS MORAS CABERNET 750|BODEGA TRAPICHE|3990.00|3297.52|1|3990.00|3297.52|0.00|0.00| |0.00|0.00| 
70|1|4|7790240128574|1|07790240128574|VINO TINTO F.LAS MORAS CABERNET 750|BODEGA TRAPICHE|3990.00|3297.52|1|3990.00|3297.52|0.00|0.00| |0.00|0.00| 
70|1|1|7790240128598|1|07790240128598|VINO TINTO F.LAS MORAS MALBEC 750C|BODEGA TRAPICHE|3990.00|3297.52|1|3990.00|3297.52|0.00|0.00| |0.00|0.00| 
70|1|2|7790240128598|1|07790240128598|VINO TINTO F.LAS MORAS MALBEC 750C|BODEGA TRAPICHE|3990.00|3297.52|1|3990.00|3297.52|0.00|0.00| |0.00|0.00| 
70|1|3|7790240128598|1|07790240128598|VINO TINTO F.LAS MORAS MALBEC 750C|BODEGA TRAPICHE|3990.00|3297.52|1|3990.00|3297.52|0.00|0.00| |0.00|0.00| 
70|1|4|7790240128598|1|07790240128598|VINO TINTO F.LAS MORAS MALBEC 750C|BODEGA TRAPICHE|3990.00|3297.52|1|3990.00|3297.52|0.00|0.00| |0.00|0.00| 
70|1|1|7798109156119|1|07798109156119|VINO TINTO FUEGO NEGRO BLEND 750CC|FUEGO NEGRO|4290.00|3545.45|1|4290.00|3545.45|0.00|0.00| |0.00|0.00| 
70|1|2|7798109156119|1|07798109156119|VINO TINTO FUEGO NEGRO BLEND 750CC|FUEGO NEGRO|4290.00|3545.45|1|4290.00|3545.45|0.00|0.00| |0.00|0.00| 
70|1|4|7798109156119|1|07798109156119|VINO TINTO FUEGO NEGRO BLEND 750CC|FUEGO NEGRO|4290.00|3545.45|1|4290.00|3545.45|0.00|0.00| |0.00|0.00| 
70|1|3|7798109156157|1|07798109156157|VINO TINTO FUEGO NEGRO C.SUAV. 750C|FUEGO NEGRO|3640.00|3008.26|1|3640.00|3008.26|0.00|0.00| |0.00|0.00| 
70|1|4|7798109156157|1|07798109156157|VINO TINTO FUEGO NEGRO C.SUAV. 750C|FUEGO NEGRO|3640.00|3008.26|1|3640.00|3008.26|0.00|0.00| |0.00|0.00| 
70|1|2|7798109156669|1|07798109156669|VINO TINTO FUEGO NEGRO MALBEC 750CC|FUEGO NEGRO|3640.00|3008.26|1|3640.00|3008.26|0.00|0.00| |0.00|0.00| 
70|1|4|7798109156669|1|07798109156669|VINO TINTO FUEGO NEGRO MALBEC 750CC|FUEGO NEGRO|3640.00|3008.26|1|3640.00|3008.26|0.00|0.00| |0.00|0.00| 
70|1|3|7798109156140|1|07798109156140|VINO TINTO FUEGO NEGRO SYRAH 750ML|FUEGO NEGRO|3640.00|3008.26|1|3640.00|3008.26|0.00|0.00| |0.00|0.00| 
70|1|1|7790975017518|1|07790975017518|VINO TINTO LATITUD 33 MALBEC 750 C|BODEGA CHANDON|6840.00|5652.89|1|6840.00|5652.89|0.00|0.00| |0.00|0.00| 
70|1|2|7790975017518|1|07790975017518|VINO TINTO LATITUD 33 MALBEC 750 C|BODEGA CHANDON|6840.00|5652.89|1|6840.00|5652.89|0.00|0.00| |0.00|0.00| 
70|1|3|7790975017518|1|07790975017518|VINO TINTO LATITUD 33 MALBEC 750 C|BODEGA CHANDON|6840.00|5652.89|1|6840.00|5652.89|0.00|0.00| |0.00|0.00| 
70|1|4|7790975017518|1|07790975017518|VINO TINTO LATITUD 33 MALBEC 750 C|BODEGA CHANDON|6840.00|5652.89|1|6840.00|5652.89|0.00|0.00| |0.00|0.00| 
70|1|2|7790336030507|1|07790336030507|VINO TINTO LOPEZ 750 CC.         |BODEGA LOPEZ|4200.00|3471.07|1|4200.00|3471.07|0.00|0.00| |0.00|0.00| 
70|1|1|7791843009154|1|07791843009154|VINO TINTO LOS HAROLDOS ESTATE CABE|BODEGA A.I.BALBO S.A|4910.00|4057.85|1|4910.00|4057.85|0.00|0.00| |0.00|0.00| 
70|1|2|7791843009154|1|07791843009154|VINO TINTO LOS HAROLDOS ESTATE CABE|BODEGA A.I.BALBO S.A|4910.00|4057.85|1|4910.00|4057.85|0.00|0.00| |0.00|0.00| 
70|1|4|7791843009154|1|07791843009154|VINO TINTO LOS HAROLDOS ESTATE CABE|BODEGA A.I.BALBO S.A|4910.00|4057.85|1|4910.00|4057.85|0.00|0.00| |0.00|0.00| 
70|1|1|7791843009130|1|07791843009130|VINO TINTO LOS HAROLDOS ESTATE MALB|BODEGA A.I.BALBO S.A|4910.00|4057.85|1|4910.00|4057.85|0.00|0.00| |0.00|0.00| 
70|1|2|7791843009130|1|07791843009130|VINO TINTO LOS HAROLDOS ESTATE MALB|BODEGA A.I.BALBO S.A|4910.00|4057.85|1|4910.00|4057.85|0.00|0.00| |0.00|0.00| 
70|1|3|7791843009130|1|07791843009130|VINO TINTO LOS HAROLDOS ESTATE MALB|BODEGA A.I.BALBO S.A|4910.00|4057.85|1|4910.00|4057.85|0.00|0.00| |0.00|0.00| 
70|1|4|7791843009130|1|07791843009130|VINO TINTO LOS HAROLDOS ESTATE MALB|BODEGA A.I.BALBO S.A|4910.00|4057.85|1|4910.00|4057.85|0.00|0.00| |0.00|0.00| 
70|1|3|7792870019918|1|07792870019918|VINO TINTO M.TORINO 1,125ML. SELECC|CEPAS ARGENTINA S.A.|2300.00|1900.83|1|2300.00|1900.83|0.00|0.00| |0.00|0.00| 
70|1|4|7792870019918|1|07792870019918|VINO TINTO M.TORINO 1,125ML. SELECC|CEPAS ARGENTINA S.A.|2300.00|1900.83|1|2300.00|1900.83|0.00|0.00| |0.00|0.00| 
70|1|1|7798159942670|1|07798159942670|VINO TINTO MOSQUITA MUERTA BLEND 75|COSMOPOLITAN|14500.00|11983.47|1|14500.00|11983.47|0.00|0.00| |0.00|0.00| 
70|1|4|7798159942670|1|07798159942670|VINO TINTO MOSQUITA MUERTA BLEND 75|COSMOPOLITAN|14500.00|11983.47|1|14500.00|11983.47|0.00|0.00| |0.00|0.00| 
70|1|1|7791843009093|1|07791843009093|VINO TINTO NAMPE CABERNET SAUV.1125|BODEGA A.I.BALBO S.A|4130.00|3413.22|1|4130.00|3413.22|0.00|0.00| |0.00|0.00| 
70|1|2|7791843009093|1|07791843009093|VINO TINTO NAMPE CABERNET SAUV.1125|BODEGA A.I.BALBO S.A|4130.00|3413.22|1|4130.00|3413.22|0.00|0.00| |0.00|0.00| 
70|1|3|7791843009093|1|07791843009093|VINO TINTO NAMPE CABERNET SAUV.1125|BODEGA A.I.BALBO S.A|4130.00|3413.22|1|4130.00|3413.22|0.00|0.00| |0.00|0.00| 
70|1|4|7791843009093|1|07791843009093|VINO TINTO NAMPE CABERNET SAUV.1125|BODEGA A.I.BALBO S.A|4130.00|3413.22|1|4130.00|3413.22|0.00|0.00| |0.00|0.00| 
70|1|3|7791843008935|1|07791843008935|VINO TINTO NAMPE CABERNET SAUVIGNON|BODEGA A.I.BALBO S.A|2800.00|2314.05|1|2800.00|2314.05|0.00|0.00| |0.00|0.00| 
70|1|4|7791843008935|1|07791843008935|VINO TINTO NAMPE CABERNET SAUVIGNON|BODEGA A.I.BALBO S.A|2800.00|2314.05|1|2800.00|2314.05|0.00|0.00| |0.00|0.00| 
70|1|2|7791843009116|1|07791843009116|VINO TINTO NAMPE MALBEC 1125CC|BODEGA A.I.BALBO S.A|4130.00|3413.22|1|4130.00|3413.22|0.00|0.00| |0.00|0.00| 
70|1|3|7791843009116|1|07791843009116|VINO TINTO NAMPE MALBEC 1125CC|BODEGA A.I.BALBO S.A|4130.00|3413.22|1|4130.00|3413.22|0.00|0.00| |0.00|0.00| 
70|1|4|7791843009116|1|07791843009116|VINO TINTO NAMPE MALBEC 1125CC|BODEGA A.I.BALBO S.A|4130.00|3413.22|1|4130.00|3413.22|0.00|0.00| |0.00|0.00| 
70|1|4|7791843008911|1|07791843008911|VINO TINTO NAMPE MALBEC 750CC|BODEGA A.I.BALBO S.A|2800.00|2314.05|1|2800.00|2314.05|0.00|0.00| |0.00|0.00| 
70|1|2|7791843008874|1|07791843008874|VINO TINTO NAMPE MERLOT 750CC|BODEGA A.I.BALBO S.A|2800.00|2314.05|1|2800.00|2314.05|0.00|0.00| |0.00|0.00| 
70|1|2|7791843009000|1|07791843009000|VINO TINTO NAMPE SYRAH 750CC|BODEGA A.I.BALBO S.A|2800.00|2314.05|1|2800.00|2314.05|0.00|0.00| |0.00|0.00| 
70|1|4|7791843009000|1|07791843009000|VINO TINTO NAMPE SYRAH 750CC|BODEGA A.I.BALBO S.A|2800.00|2314.05|1|2800.00|2314.05|0.00|0.00| |0.00|0.00| 
70|1|2|7791843009024|1|07791843009024|VINO TINTO NAMPE TEMPRANILLO 750CC|BODEGA A.I.BALBO S.A|2800.00|2314.05|1|2800.00|2314.05|0.00|0.00| |0.00|0.00| 
70|1|4|7791843009024|1|07791843009024|VINO TINTO NAMPE TEMPRANILLO 750CC|BODEGA A.I.BALBO S.A|2800.00|2314.05|1|2800.00|2314.05|0.00|0.00| |0.00|0.00| 
70|1|4|7793440000039|1|07793440000039|VINO TINTO NIETO CABERNET 750 CC|BODEGA NIETO|7600.00|6280.99|1|7600.00|6280.99|0.00|0.00| |0.00|0.00| 
70|1|1|7793440000046|1|07793440000046|VINO TINTO NIETO MALBEC 750 CC|BODEGA NIETO|7600.00|6280.99|1|7600.00|6280.99|0.00|0.00| |0.00|0.00| 
70|1|2|7793440000046|1|07793440000046|VINO TINTO NIETO MALBEC 750 CC|BODEGA NIETO|7600.00|6280.99|1|7600.00|6280.99|0.00|0.00| |0.00|0.00| 
70|1|3|7793440000046|1|07793440000046|VINO TINTO NIETO MALBEC 750 CC|BODEGA NIETO|7600.00|6280.99|1|7600.00|6280.99|0.00|0.00| |0.00|0.00| 
70|1|4|7793440000046|1|07793440000046|VINO TINTO NIETO MALBEC 750 CC|BODEGA NIETO|7600.00|6280.99|1|7600.00|6280.99|0.00|0.00| |0.00|0.00| 
70|1|4|7793440000060|1|07793440000060|VINO TINTO NIETO MALBEC D.O.C. 750C|PROV. VARIOS BEBIDAS|7000.00|5785.12|1|7000.00|5785.12|0.00|0.00| |0.00|0.00| 
70|1|4|7793440701042|1|07793440701042|VINO TINTO NIETO MERLOT 750 CC|PROV. VARIOS BEBIDAS|7000.00|5785.12|1|7000.00|5785.12|0.00|0.00| |0.00|0.00| 
70|1|2|7793440000053|1|07793440000053|VINO TINTO NIETO SYRAH 750 CC|PROV. VARIOS BEBIDAS|7000.00|5785.12|1|7000.00|5785.12|0.00|0.00| |0.00|0.00| 
70|1|4|7793440000053|1|07793440000053|VINO TINTO NIETO SYRAH 750 CC|PROV. VARIOS BEBIDAS|7000.00|5785.12|1|7000.00|5785.12|0.00|0.00| |0.00|0.00| 
70|1|1|7792319009906|1|07792319009906|VINO TINTO NORTON MALBEC DOC 750ML.|BODEGA NORTON|12150.00|10041.32|1|12150.00|10041.32|0.00|0.00| |0.00|0.00| 
70|1|4|7792319009906|1|07792319009906|VINO TINTO NORTON MALBEC DOC 750ML.|BODEGA NORTON|12150.00|10041.32|1|12150.00|10041.32|0.00|0.00| |0.00|0.00| 
70|1|2|7792319678010|1|07792319678010|VINO TINTO NORTON RESERVA MALBEC750|BODEGA NORTON|8925.00|7376.03|1|8925.00|7376.03|0.00|0.00| |0.00|0.00| 
70|1|3|7792319678010|1|07792319678010|VINO TINTO NORTON RESERVA MALBEC750|BODEGA NORTON|8925.00|7376.03|1|8925.00|7376.03|0.00|0.00| |0.00|0.00| 
70|1|4|7792319678010|1|07792319678010|VINO TINTO NORTON RESERVA MALBEC750|BODEGA NORTON|8925.00|7376.03|1|8925.00|7376.03|0.00|0.00| |0.00|0.00| 
70|1|4|7792319065292|1|07792319065292|VINO TINTO NORTON ROBLE CABERNET 75|PROV. VARIOS BEBIDAS|4350.00|3595.04|1|4350.00|3595.04|0.00|0.00| |0.00|0.00| 
70|1|1|7798051300189|1|07798051300189|VINO TINTO OMNIUM CABERNET SUAVI750|CEPAS ARGENTINA S.A.|4850.00|4008.26|1|4850.00|4008.26|0.00|0.00| |0.00|0.00| 
70|1|2|7798051300189|1|07798051300189|VINO TINTO OMNIUM CABERNET SUAVI750|CEPAS ARGENTINA S.A.|4850.00|4008.26|1|4850.00|4008.26|0.00|0.00| |0.00|0.00| 
70|1|4|7798051300189|1|07798051300189|VINO TINTO OMNIUM CABERNET SUAVI750|CEPAS ARGENTINA S.A.|4850.00|4008.26|1|4850.00|4008.26|0.00|0.00| |0.00|0.00| 
70|1|1|7798051300202|1|07798051300202|VINO TINTO OMNIUM MALBEC 750 C.C.|CEPAS ARGENTINA S.A.|4850.00|4008.26|1|4850.00|4008.26|0.00|0.00| |0.00|0.00| 
70|1|2|7798051300202|1|07798051300202|VINO TINTO OMNIUM MALBEC 750 C.C.|CEPAS ARGENTINA S.A.|4850.00|4008.26|1|4850.00|4008.26|0.00|0.00| |0.00|0.00| 
70|1|4|7798051300202|1|07798051300202|VINO TINTO OMNIUM MALBEC 750 C.C.|CEPAS ARGENTINA S.A.|4850.00|4008.26|1|4850.00|4008.26|0.00|0.00| |0.00|0.00| 
70|1|2|7798159943615|1|07798159943615|VINO TINTO PERRO CALLEJERO BLEND 75|COSMOPOLITAN|6300.00|5206.61|1|6300.00|5206.61|0.00|0.00| |0.00|0.00| 
70|1|3|7798159943615|1|07798159943615|VINO TINTO PERRO CALLEJERO BLEND 75|COSMOPOLITAN|6300.00|5206.61|1|6300.00|5206.61|0.00|0.00| |0.00|0.00| 
70|1|4|7798159943615|1|07798159943615|VINO TINTO PERRO CALLEJERO BLEND 75|COSMOPOLITAN|6300.00|5206.61|1|6300.00|5206.61|0.00|0.00| |0.00|0.00| 
70|1|1|7798000212303|1|07798000212303|VINO TINTO PHEBUS CABERNET 750 C.C.|FRATELLI BRANCA|5670.51|4686.37|1|5670.51|4686.37|0.00|0.00| |0.00|0.00| 
70|1|3|7798000212303|1|07798000212303|VINO TINTO PHEBUS CABERNET 750 C.C.|FRATELLI BRANCA|5670.51|4686.37|1|5670.51|4686.37|0.00|0.00| |0.00|0.00| 
70|1|4|7798000212303|1|07798000212303|VINO TINTO PHEBUS CABERNET 750 C.C.|FRATELLI BRANCA|5670.51|4686.37|1|5670.51|4686.37|0.00|0.00| |0.00|0.00| 
70|1|1|7798000212037|1|07798000212037|VINO TINTO PHEBUS MALBEC 750 C.C.|FRATELLI BRANCA|5670.51|4686.37|1|5670.51|4686.37|0.00|0.00| |0.00|0.00| 
70|1|2|7798000212037|1|07798000212037|VINO TINTO PHEBUS MALBEC 750 C.C.|FRATELLI BRANCA|5670.51|4686.37|1|5670.51|4686.37|0.00|0.00| |0.00|0.00| 
70|1|4|7798000212037|1|07798000212037|VINO TINTO PHEBUS MALBEC 750 C.C.|FRATELLI BRANCA|5670.51|4686.37|1|5670.51|4686.37|0.00|0.00| |0.00|0.00| 
70|1|1|7798159944322|1|07798159944322|VINO TINTO PISPI BLEND 750ML.|COSMOPOLITAN|8250.00|6818.18|1|8250.00|6818.18|0.00|0.00| |0.00|0.00| 
70|1|2|7798159944322|1|07798159944322|VINO TINTO PISPI BLEND 750ML.|COSMOPOLITAN|8250.00|6818.18|1|8250.00|6818.18|0.00|0.00| |0.00|0.00| 
70|1|3|7798159944322|1|07798159944322|VINO TINTO PISPI BLEND 750ML.|COSMOPOLITAN|8250.00|6818.18|1|8250.00|6818.18|0.00|0.00| |0.00|0.00| 
70|1|4|7798159944322|1|07798159944322|VINO TINTO PISPI BLEND 750ML.|COSMOPOLITAN|8250.00|6818.18|1|8250.00|6818.18|0.00|0.00| |0.00|0.00| 
70|1|1|7798074860233|1|07798074860233|VINO TINTO PORTILLO CABERNET 750CC|BODEGA SALENTEIN|4850.00|4008.26|1|4850.00|4008.26|0.00|0.00| |0.00|0.00| 
70|1|2|7798074860233|1|07798074860233|VINO TINTO PORTILLO CABERNET 750CC|BODEGA SALENTEIN|4850.00|4008.26|1|4850.00|4008.26|0.00|0.00| |0.00|0.00| 
70|1|3|7798074860233|1|07798074860233|VINO TINTO PORTILLO CABERNET 750CC|BODEGA SALENTEIN|4850.00|4008.26|1|4850.00|4008.26|0.00|0.00| |0.00|0.00| 
70|1|4|7798074860233|1|07798074860233|VINO TINTO PORTILLO CABERNET 750CC|BODEGA SALENTEIN|4850.00|4008.26|1|4850.00|4008.26|0.00|0.00| |0.00|0.00| 
70|1|2|7798074860240|1|07798074860240|VINO TINTO PORTILLO MALBEC 750CC|BODEGA SALENTEIN|4850.00|4008.26|1|4850.00|4008.26|0.00|0.00| |0.00|0.00| 
70|1|3|7798074860240|1|07798074860240|VINO TINTO PORTILLO MALBEC 750CC|BODEGA SALENTEIN|4850.00|4008.26|1|4850.00|4008.26|0.00|0.00| |0.00|0.00| 
70|1|4|7798074860240|1|07798074860240|VINO TINTO PORTILLO MALBEC 750CC|BODEGA SALENTEIN|4850.00|4008.26|1|4850.00|4008.26|0.00|0.00| |0.00|0.00| 
70|1|4|7798074860257|1|07798074860257|VINO TINTO PORTILLO MERLOT 750CC|BODEGA SALENTEIN|4850.00|4008.26|1|4850.00|4008.26|0.00|0.00| |0.00|0.00| 
70|1|2|7798074860271|1|07798074860271|VINO TINTO PORTILLO SYRAH 750CC|BODEGA SALENTEIN|4850.00|4008.26|1|4850.00|4008.26|0.00|0.00| |0.00|0.00| 
70|1|4|7798074860271|1|07798074860271|VINO TINTO PORTILLO SYRAH 750CC|BODEGA SALENTEIN|4850.00|4008.26|1|4850.00|4008.26|0.00|0.00| |0.00|0.00| 
70|1|1|7798074860264|1|07798074860264|VINO TINTO PORTILLO TEMPRANILLO 750|BODEGA SALENTEIN|4850.00|4008.26|1|4850.00|4008.26|0.00|0.00| |0.00|0.00| 
70|1|2|7798074860264|1|07798074860264|VINO TINTO PORTILLO TEMPRANILLO 750|BODEGA SALENTEIN|4850.00|4008.26|1|4850.00|4008.26|0.00|0.00| |0.00|0.00| 
70|1|3|7798074860264|1|07798074860264|VINO TINTO PORTILLO TEMPRANILLO 750|BODEGA SALENTEIN|4850.00|4008.26|1|4850.00|4008.26|0.00|0.00| |0.00|0.00| 
70|1|4|7798074860264|1|07798074860264|VINO TINTO PORTILLO TEMPRANILLO 750|BODEGA SALENTEIN|4850.00|4008.26|1|4850.00|4008.26|0.00|0.00| |0.00|0.00| 
70|1|1|7790314057014|1|07790314057014|VINO TINTO RESERO 1 LTS.|RESERO|1785.00|1475.21|1|1785.00|1475.21|0.00|0.00| |0.00|0.00| 
70|1|3|7790314057014|1|07790314057014|VINO TINTO RESERO 1 LTS.|RESERO|1785.00|1475.21|1|1785.00|1475.21|0.00|0.00| |0.00|0.00| 
70|1|4|7790314057014|1|07790314057014|VINO TINTO RESERO 1 LTS.|RESERO|1785.00|1475.21|1|1785.00|1475.21|0.00|0.00| |0.00|0.00| 
70|1|1|7790314007170|1|07790314007170|VINO TINTO RESERO 1125CC|RESERO|2650.00|2190.08|1|2650.00|2190.08|0.00|0.00| |0.00|0.00| 
70|1|3|7790314007170|1|07790314007170|VINO TINTO RESERO 1125CC|RESERO|2650.00|2190.08|1|2650.00|2190.08|0.00|0.00| |0.00|0.00| 
70|1|4|7790314007170|1|07790314007170|VINO TINTO RESERO 1125CC|RESERO|2650.00|2190.08|1|2650.00|2190.08|0.00|0.00| |0.00|0.00| 
70|1|1|7798090851420|1|07798090851420|VINO TINTO RUCA MALEN CABERNET 750|BODEGA NIETO|7890.00|6520.66|1|7890.00|6520.66|0.00|0.00| |0.00|0.00| 
70|1|2|7798090851420|1|07798090851420|VINO TINTO RUCA MALEN CABERNET 750|BODEGA NIETO|7890.00|6520.66|1|7890.00|6520.66|0.00|0.00| |0.00|0.00| 
70|1|4|7798090851420|1|07798090851420|VINO TINTO RUCA MALEN CABERNET 750|BODEGA NIETO|7890.00|6520.66|1|7890.00|6520.66|0.00|0.00| |0.00|0.00| 
70|1|1|7790577001663|1|07790577001663|VINO TINTO RUTINI CAB/MALBEC 750|BODEGA LA RURAL|13700.00|11322.31|1|13700.00|11322.31|0.00|0.00| |0.00|0.00| 
70|1|4|7790577001663|1|07790577001663|VINO TINTO RUTINI CAB/MALBEC 750|BODEGA LA RURAL|13700.00|11322.31|1|13700.00|11322.31|0.00|0.00| |0.00|0.00| 
70|1|2|7790577039949|1|07790577039949|VINO TINTO RUTINI CAB/MERLOT 750|BODEGA LA RURAL|13700.00|11322.31|1|13700.00|11322.31|0.00|0.00| |0.00|0.00| 
70|1|3|7790577039949|1|07790577039949|VINO TINTO RUTINI CAB/MERLOT 750|BODEGA LA RURAL|13700.00|11322.31|1|13700.00|11322.31|0.00|0.00| |0.00|0.00| 
70|1|1|7790577001151|1|07790577001151|VINO TINTO RUTINI MALBEC 750 C.C.|BODEGA LA RURAL|25700.00|21239.67|1|25700.00|21239.67|0.00|0.00| |0.00|0.00| 
70|1|2|7790577001151|1|07790577001151|VINO TINTO RUTINI MALBEC 750 C.C.|BODEGA LA RURAL|25700.00|21239.67|1|25700.00|21239.67|0.00|0.00| |0.00|0.00| 
70|1|3|7790577001151|1|07790577001151|VINO TINTO RUTINI MALBEC 750 C.C.|BODEGA LA RURAL|25700.00|21239.67|1|25700.00|21239.67|0.00|0.00| |0.00|0.00| 
70|1|4|7790577001151|1|07790577001151|VINO TINTO RUTINI MALBEC 750 C.C.|BODEGA LA RURAL|25700.00|21239.67|1|25700.00|21239.67|0.00|0.00| |0.00|0.00| 
70|1|4|7790265001081|1|07790265001081|VINO TINTO S.FLORENTINA MALBEC 750|COOP. LA RIOJANA|2588.25|2139.05|1|2588.25|2139.05|0.00|0.00| |0.00|0.00| 
70|1|4|7790265057361|1|07790265057361|VINO TINTO S.FLORENTINA MALBEC/SYRA|COOP. LA RIOJANA|2193.59|1812.88|1|2193.59|1812.88|0.00|0.00| |0.00|0.00| 
70|1|1|7791728000146|1|07791728000146|VINO TINTO S.JULIA CABERNET 750|BODEGA SANTA JULIA|5000.00|4132.23|1|5000.00|4132.23|0.00|0.00| |0.00|0.00| 
70|1|2|7791728000146|1|07791728000146|VINO TINTO S.JULIA CABERNET 750|BODEGA SANTA JULIA|5000.00|4132.23|1|5000.00|4132.23|0.00|0.00| |0.00|0.00| 
70|1|3|7791728000146|1|07791728000146|VINO TINTO S.JULIA CABERNET 750|BODEGA SANTA JULIA|5000.00|4132.23|1|5000.00|4132.23|0.00|0.00| |0.00|0.00| 
70|1|4|7791728000146|1|07791728000146|VINO TINTO S.JULIA CABERNET 750|BODEGA SANTA JULIA|5000.00|4132.23|1|5000.00|4132.23|0.00|0.00| |0.00|0.00| 
70|1|1|7791728000160|1|07791728000160|VINO TINTO S.JULIA MALBEC 750 C.C.|BODEGA SANTA JULIA|5000.00|4132.23|1|5000.00|4132.23|0.00|0.00| |0.00|0.00| 
70|1|2|7791728000160|1|07791728000160|VINO TINTO S.JULIA MALBEC 750 C.C.|BODEGA SANTA JULIA|5000.00|4132.23|1|5000.00|4132.23|0.00|0.00| |0.00|0.00| 
70|1|3|7791728000160|1|07791728000160|VINO TINTO S.JULIA MALBEC 750 C.C.|BODEGA SANTA JULIA|5000.00|4132.23|1|5000.00|4132.23|0.00|0.00| |0.00|0.00| 
70|1|4|7791728000160|1|07791728000160|VINO TINTO S.JULIA MALBEC 750 C.C.|BODEGA SANTA JULIA|5000.00|4132.23|1|5000.00|4132.23|0.00|0.00| |0.00|0.00| 
70|1|1|7791728001594|1|07791728001594|VINO TINTO S.JULIA MERLOT 750CC|BODEGA SANTA JULIA|5000.00|4132.23|1|5000.00|4132.23|0.00|0.00| |0.00|0.00| 
70|1|2|7791728001594|1|07791728001594|VINO TINTO S.JULIA MERLOT 750CC|BODEGA SANTA JULIA|5000.00|4132.23|1|5000.00|4132.23|0.00|0.00| |0.00|0.00| 
70|1|3|7791728001594|1|07791728001594|VINO TINTO S.JULIA MERLOT 750CC|BODEGA SANTA JULIA|5000.00|4132.23|1|5000.00|4132.23|0.00|0.00| |0.00|0.00| 
70|1|4|7791728001594|1|07791728001594|VINO TINTO S.JULIA MERLOT 750CC|BODEGA SANTA JULIA|5000.00|4132.23|1|5000.00|4132.23|0.00|0.00| |0.00|0.00| 
70|1|1|7791728000863|1|07791728000863|VINO TINTO S.JULIA SYRAH 750 C.C.|BODEGA SANTA JULIA|5000.00|4132.23|1|5000.00|4132.23|0.00|0.00| |0.00|0.00| 
70|1|2|7791728000863|1|07791728000863|VINO TINTO S.JULIA SYRAH 750 C.C.|BODEGA SANTA JULIA|5000.00|4132.23|1|5000.00|4132.23|0.00|0.00| |0.00|0.00| 
70|1|3|7791728000863|1|07791728000863|VINO TINTO S.JULIA SYRAH 750 C.C.|BODEGA SANTA JULIA|5000.00|4132.23|1|5000.00|4132.23|0.00|0.00| |0.00|0.00| 
70|1|4|7791728000863|1|07791728000863|VINO TINTO S.JULIA SYRAH 750 C.C.|BODEGA SANTA JULIA|5000.00|4132.23|1|5000.00|4132.23|0.00|0.00| |0.00|0.00| 
70|1|1|7791728000757|1|07791728000757|VINO TINTO S.JULIA TEMPRANILLO 750 |BODEGA SANTA JULIA|5000.00|4132.23|1|5000.00|4132.23|0.00|0.00| |0.00|0.00| 
70|1|2|7791728000757|1|07791728000757|VINO TINTO S.JULIA TEMPRANILLO 750 |BODEGA SANTA JULIA|5000.00|4132.23|1|5000.00|4132.23|0.00|0.00| |0.00|0.00| 
70|1|4|7791728000757|1|07791728000757|VINO TINTO S.JULIA TEMPRANILLO 750 |BODEGA SANTA JULIA|5000.00|4132.23|1|5000.00|4132.23|0.00|0.00| |0.00|0.00| 
70|1|4|7794450002679|1|07794450002679|VINO TINTO SAINT FELICIEN CAB.FRANC|BODEGA CATENA ZAPATA|10700.00|8842.98|1|10700.00|8842.98|0.00|0.00| |0.00|0.00| 
70|1|1|7794450024015|1|07794450024015|VINO TINTO SAINT FELICIEN CABER.750|BODEGA CATENA ZAPATA|10700.00|8842.98|1|10700.00|8842.98|0.00|0.00| |0.00|0.00| 
70|1|4|7794450024015|1|07794450024015|VINO TINTO SAINT FELICIEN CABER.750|BODEGA CATENA ZAPATA|10700.00|8842.98|1|10700.00|8842.98|0.00|0.00| |0.00|0.00| 
70|1|1|7790577000024|1|07790577000024|VINO TINTO SAN FELIPE 750 CC|BODEGA LA RURAL|4300.00|3553.72|1|4300.00|3553.72|0.00|0.00| |0.00|0.00| 
70|1|4|7790577000024|1|07790577000024|VINO TINTO SAN FELIPE 750 CC|BODEGA LA RURAL|4300.00|3553.72|1|4300.00|3553.72|0.00|0.00| |0.00|0.00| 
70|1|4|7790577002400|1|07790577002400|VINO TINTO SAN FELIPE CABERN.ROB750|BODEGA LA RURAL|4650.00|3842.98|1|4650.00|3842.98|0.00|0.00| |0.00|0.00| 
70|1|1|7790577039659|1|07790577039659|VINO TINTO SAN FELIPE CABERNET 750C|BODEGA LA RURAL|3820.00|3157.02|1|3820.00|3157.02|0.00|0.00| |0.00|0.00| 
70|1|2|7790577039659|1|07790577039659|VINO TINTO SAN FELIPE CABERNET 750C|BODEGA LA RURAL|3820.00|3157.02|1|3820.00|3157.02|0.00|0.00| |0.00|0.00| 
70|1|3|7790577039659|1|07790577039659|VINO TINTO SAN FELIPE CABERNET 750C|BODEGA LA RURAL|3820.00|3157.02|1|3820.00|3157.02|0.00|0.00| |0.00|0.00| 
70|1|4|7790577039659|1|07790577039659|VINO TINTO SAN FELIPE CABERNET 750C|BODEGA LA RURAL|3820.00|3157.02|1|3820.00|3157.02|0.00|0.00| |0.00|0.00| 
70|1|2|7790577039628|1|07790577039628|VINO TINTO SAN FELIPE MALBEC 750CC|BODEGA LA RURAL|3820.00|3157.02|1|3820.00|3157.02|0.00|0.00| |0.00|0.00| 
70|1|4|7790577039628|1|07790577039628|VINO TINTO SAN FELIPE MALBEC 750CC|BODEGA LA RURAL|3820.00|3157.02|1|3820.00|3157.02|0.00|0.00| |0.00|0.00| 
70|1|1|7790577002424|1|07790577002424|VINO TINTO SAN FELIPE MALBEC ROB750|BODEGA LA RURAL|4650.00|3842.98|1|4650.00|3842.98|0.00|0.00| |0.00|0.00| 
70|1|2|7798159944339|1|07798159944339|VINO TINTO SAPO DE OTRO POZO BLEND |COSMOPOLITAN|11200.00|9256.20|1|11200.00|9256.20|0.00|0.00| |0.00|0.00| 
70|1|3|7798159944339|1|07798159944339|VINO TINTO SAPO DE OTRO POZO BLEND |COSMOPOLITAN|11200.00|9256.20|1|11200.00|9256.20|0.00|0.00| |0.00|0.00| 
70|1|4|7798159944339|1|07798159944339|VINO TINTO SAPO DE OTRO POZO BLEND |COSMOPOLITAN|11200.00|9256.20|1|11200.00|9256.20|0.00|0.00| |0.00|0.00| 
70|1|1|7790314000041|1|07790314000041|VINO TINTO TORO 1 LITRO          |FECOVITA|1930.00|1595.04|1|1930.00|1595.04|0.00|0.00| |0.00|0.00| 
70|1|2|7790314000041|1|07790314000041|VINO TINTO TORO 1 LITRO          |FECOVITA|1930.00|1595.04|1|1930.00|1595.04|0.00|0.00| |0.00|0.00| 
70|1|3|7790314000041|1|07790314000041|VINO TINTO TORO 1 LITRO          |FECOVITA|1930.00|1595.04|1|1930.00|1595.04|0.00|0.00| |0.00|0.00| 
70|1|4|7790314000041|1|07790314000041|VINO TINTO TORO 1 LITRO          |FECOVITA|1930.00|1595.04|1|1930.00|1595.04|0.00|0.00| |0.00|0.00| 
70|1|1|7790314005305|1|07790314005305|VINO TINTO TORO CLASICO 1125ML|FECOVITA|3220.00|2661.16|1|3220.00|2661.16|0.00|0.00| |0.00|0.00| 
70|1|2|7790314005305|1|07790314005305|VINO TINTO TORO CLASICO 1125ML|FECOVITA|3220.00|2661.16|1|3220.00|2661.16|0.00|0.00| |0.00|0.00| 
70|1|3|7790314005305|1|07790314005305|VINO TINTO TORO CLASICO 1125ML|FECOVITA|3220.00|2661.16|1|3220.00|2661.16|0.00|0.00| |0.00|0.00| 
70|1|4|7790314005305|1|07790314005305|VINO TINTO TORO CLASICO 1125ML|FECOVITA|3220.00|2661.16|1|3220.00|2661.16|0.00|0.00| |0.00|0.00| 
70|1|1|7790314054099|1|07790314054099|VINO TINTO TORO DULCE 1 LTS.|FECOVITA|1930.00|1595.04|1|1930.00|1595.04|0.00|0.00| |0.00|0.00| 
70|1|2|7790314054099|1|07790314054099|VINO TINTO TORO DULCE 1 LTS.|FECOVITA|1930.00|1595.04|1|1930.00|1595.04|0.00|0.00| |0.00|0.00| 
70|1|3|7790314054099|1|07790314054099|VINO TINTO TORO DULCE 1 LTS.|FECOVITA|1930.00|1595.04|1|1930.00|1595.04|0.00|0.00| |0.00|0.00| 
70|1|4|7790314054099|1|07790314054099|VINO TINTO TORO DULCE 1 LTS.|FECOVITA|1930.00|1595.04|1|1930.00|1595.04|0.00|0.00| |0.00|0.00| 
70|1|1|7790240107500|1|07790240107500|VINO TINTO TRAPICHE CABERNET 750 C.|BODEGA TRAPICHE|5350.00|4421.49|1|5350.00|4421.49|0.00|0.00| |0.00|0.00| 
70|1|2|7790240107500|1|07790240107500|VINO TINTO TRAPICHE CABERNET 750 C.|BODEGA TRAPICHE|5350.00|4421.49|1|5350.00|4421.49|0.00|0.00| |0.00|0.00| 
70|1|4|7790240107500|1|07790240107500|VINO TINTO TRAPICHE CABERNET 750 C.|BODEGA TRAPICHE|5350.00|4421.49|1|5350.00|4421.49|0.00|0.00| |0.00|0.00| 
70|1|1|7790240017045|1|07790240017045|VINO TINTO TRAPICHE MALBEC 750CC|BODEGA TRAPICHE|5350.00|4421.49|1|5350.00|4421.49|0.00|0.00| |0.00|0.00| 
70|1|2|7790240017045|1|07790240017045|VINO TINTO TRAPICHE MALBEC 750CC|BODEGA TRAPICHE|5350.00|4421.49|1|5350.00|4421.49|0.00|0.00| |0.00|0.00| 
70|1|3|7790240017045|1|07790240017045|VINO TINTO TRAPICHE MALBEC 750CC|BODEGA TRAPICHE|5350.00|4421.49|1|5350.00|4421.49|0.00|0.00| |0.00|0.00| 
70|1|4|7790240017045|1|07790240017045|VINO TINTO TRAPICHE MALBEC 750CC|BODEGA TRAPICHE|5350.00|4421.49|1|5350.00|4421.49|0.00|0.00| |0.00|0.00| 
70|1|3|7790577002141|1|07790577002141|VINO TINTO TRUMPETER CABERNET 750CC|BODEGA LA RURAL|7600.00|6280.99|1|7600.00|6280.99|0.00|0.00| |0.00|0.00| 
70|1|4|7790577002141|1|07790577002141|VINO TINTO TRUMPETER CABERNET 750CC|BODEGA LA RURAL|7600.00|6280.99|1|7600.00|6280.99|0.00|0.00| |0.00|0.00| 
70|1|1|7790577002165|1|07790577002165|VINO TINTO TRUMPETER MALBEC 750CC|BODEGA LA RURAL|7600.00|6280.99|1|7600.00|6280.99|0.00|0.00| |0.00|0.00| 
70|1|2|7790577002165|1|07790577002165|VINO TINTO TRUMPETER MALBEC 750CC|BODEGA LA RURAL|7600.00|6280.99|1|7600.00|6280.99|0.00|0.00| |0.00|0.00| 
70|1|3|7790577002165|1|07790577002165|VINO TINTO TRUMPETER MALBEC 750CC|BODEGA LA RURAL|7600.00|6280.99|1|7600.00|6280.99|0.00|0.00| |0.00|0.00| 
70|1|4|7790577002165|1|07790577002165|VINO TINTO TRUMPETER MALBEC 750CC|BODEGA LA RURAL|7600.00|6280.99|1|7600.00|6280.99|0.00|0.00| |0.00|0.00| 
70|1|1|7790314056956|1|07790314056956|VINO TINTO ZUMUVA 1 LTS.|RESERO|1750.00|1446.28|1|1750.00|1446.28|0.00|0.00| |0.00|0.00| 
70|1|3|7790314056956|1|07790314056956|VINO TINTO ZUMUVA 1 LTS.|RESERO|1750.00|1446.28|1|1750.00|1446.28|0.00|0.00| |0.00|0.00| 
70|1|4|7790314056956|1|07790314056956|VINO TINTO ZUMUVA 1 LTS.|RESERO|1750.00|1446.28|1|1750.00|1446.28|0.00|0.00| |0.00|0.00| 
70|1|1|7790070410115|1|07790070410115|VITINA NITRI-VIT PLUS VEGETALES 250|MOLINOS RIO DL.PLATA|1670.00|1380.17|1|1670.00|1380.17|0.00|0.00| |0.00|0.00| 
70|1|4|7790070410115|1|07790070410115|VITINA NITRI-VIT PLUS VEGETALES 250|MOLINOS RIO DL.PLATA|1670.00|1380.17|1|1670.00|1380.17|0.00|0.00| |0.00|0.00| 
70|1|1|7790070410092|1|07790070410092|VITINA NUTRI-VIT PLUS CLASICA 250G.|MOLINOS RIO DL.PLATA|1390.00|1148.76|1|1390.00|1148.76|0.00|0.00| |0.00|0.00| 
70|1|3|7790070410092|1|07790070410092|VITINA NUTRI-VIT PLUS CLASICA 250G.|MOLINOS RIO DL.PLATA|1390.00|1148.76|1|1390.00|1148.76|0.00|0.00| |0.00|0.00| 
70|1|4|7790070410092|1|07790070410092|VITINA NUTRI-VIT PLUS CLASICA 250G.|MOLINOS RIO DL.PLATA|1390.00|1148.76|1|1390.00|1148.76|0.00|0.00| |0.00|0.00| 
70|1|1|7790070410085|1|07790070410085|VITINA NUTRI-VIT PLUS CLASICA 500G.|MOLINOS RIO DL.PLATA|2500.00|2066.12|1|2500.00|2066.12|0.00|0.00| |0.00|0.00| 
70|1|3|7790070410085|1|07790070410085|VITINA NUTRI-VIT PLUS CLASICA 500G.|MOLINOS RIO DL.PLATA|2500.00|2066.12|1|2500.00|2066.12|0.00|0.00| |0.00|0.00| 
70|1|4|7790070410085|1|07790070410085|VITINA NUTRI-VIT PLUS CLASICA 500G.|MOLINOS RIO DL.PLATA|2500.00|2066.12|1|2500.00|2066.12|0.00|0.00| |0.00|0.00| 
70|1|1|7790070410108|1|07790070410108|VITINA NUTRI-VIT PLUS ESPINACA 250G|MOLINOS RIO DL.PLATA|1650.00|1363.64|1|1650.00|1363.64|0.00|0.00| |0.00|0.00| 
70|1|3|7790070410108|1|07790070410108|VITINA NUTRI-VIT PLUS ESPINACA 250G|MOLINOS RIO DL.PLATA|1650.00|1363.64|1|1650.00|1363.64|0.00|0.00| |0.00|0.00| 
70|1|4|7790070410108|1|07790070410108|VITINA NUTRI-VIT PLUS ESPINACA 250G|MOLINOS RIO DL.PLATA|1650.00|1363.64|1|1650.00|1363.64|0.00|0.00| |0.00|0.00| 
70|1|1|7790163013209|1|07790163013209|VODKA KOVAC 1 LT|PETERS HNOS.|5100.00|4214.88|1|5100.00|4214.88|0.00|0.00| |0.00|0.00| 
70|1|2|7790163013209|1|07790163013209|VODKA KOVAC 1 LT|PETERS HNOS.|5100.00|4214.88|1|5100.00|4214.88|0.00|0.00| |0.00|0.00| 
70|1|3|7790163013209|1|07790163013209|VODKA KOVAC 1 LT|PETERS HNOS.|5100.00|4214.88|1|5100.00|4214.88|0.00|0.00| |0.00|0.00| 
70|1|4|7790163013209|1|07790163013209|VODKA KOVAC 1 LT|PETERS HNOS.|5100.00|4214.88|1|5100.00|4214.88|0.00|0.00| |0.00|0.00| 
70|1|1|5410316671118|1|05410316671118|VODKA SMIRNOFF TRIPLE DESTILLED 700|UNOB|8850.00|7314.05|1|8850.00|7314.05|0.00|0.00| |0.00|0.00| 
70|1|2|5410316671118|1|05410316671118|VODKA SMIRNOFF TRIPLE DESTILLED 700|UNOB|8850.00|7314.05|1|8850.00|7314.05|0.00|0.00| |0.00|0.00| 
70|1|3|5410316671118|1|05410316671118|VODKA SMIRNOFF TRIPLE DESTILLED 700|UNOB|8850.00|7314.05|1|8850.00|7314.05|0.00|0.00| |0.00|0.00| 
70|1|4|5410316671118|1|05410316671118|VODKA SMIRNOFF TRIPLE DESTILLED 700|UNOB|8850.00|7314.05|1|8850.00|7314.05|0.00|0.00| |0.00|0.00| 
70|1|2|0080432402672|1|00080432402672|WHISKY CIEN PIPERS 750           |PERNOD RICARD ARG.|7590.00|6272.73|1|7590.00|6272.73|0.00|0.00| |0.00|0.00| 
70|1|3|0080432402672|1|00080432402672|WHISKY CIEN PIPERS 750           |PERNOD RICARD ARG.|7590.00|6272.73|1|7590.00|6272.73|0.00|0.00| |0.00|0.00| 
70|1|1|7791560001158|1|07791560001158|WHISKY DOBLE V 1 LT|PERNOD RICARD ARG.|5800.00|4793.39|1|5800.00|4793.39|0.00|0.00| |0.00|0.00| 
70|1|2|7791560001158|1|07791560001158|WHISKY DOBLE V 1 LT|PERNOD RICARD ARG.|5800.00|4793.39|1|5800.00|4793.39|0.00|0.00| |0.00|0.00| 
70|1|3|7791560001158|1|07791560001158|WHISKY DOBLE V 1 LT|PERNOD RICARD ARG.|5800.00|4793.39|1|5800.00|4793.39|0.00|0.00| |0.00|0.00| 
70|1|4|7791560001158|1|07791560001158|WHISKY DOBLE V 1 LT|PERNOD RICARD ARG.|5800.00|4793.39|1|5800.00|4793.39|0.00|0.00| |0.00|0.00| 
70|1|4|5010103800303|1|05010103800303|WHISKY J & B 750 CC|UNOB|25000.00|20661.16|1|25000.00|20661.16|0.00|0.00| |0.00|0.00| 
70|1|1|5000267024004|1|05000267024004|WHISKY JOHNNIE WALKER BLACK LAB.750|UNOB|62600.00|51735.54|1|62600.00|51735.54|0.00|0.00| |0.00|0.00| 
70|1|2|5000267024004|1|05000267024004|WHISKY JOHNNIE WALKER BLACK LAB.750|UNOB|62600.00|51735.54|1|62600.00|51735.54|0.00|0.00| |0.00|0.00| 
70|1|3|5000267024004|1|05000267024004|WHISKY JOHNNIE WALKER BLACK LAB.750|UNOB|62600.00|51735.54|1|62600.00|51735.54|0.00|0.00| |0.00|0.00| 
70|1|4|5000267024004|1|05000267024004|WHISKY JOHNNIE WALKER BLACK LAB.750|UNOB|62600.00|51735.54|1|62600.00|51735.54|0.00|0.00| |0.00|0.00| 
70|1|1|5000267014074|1|05000267014074|WHISKY JOHNNIE WALKER RED 750C   |UNOB|32400.00|26776.86|1|32400.00|26776.86|0.00|0.00| |0.00|0.00| 
70|1|2|5000267014074|1|05000267014074|WHISKY JOHNNIE WALKER RED 750C   |UNOB|32400.00|26776.86|1|32400.00|26776.86|0.00|0.00| |0.00|0.00| 
70|1|4|5000267014074|1|05000267014074|WHISKY JOHNNIE WALKER RED 750C   |UNOB|32400.00|26776.86|1|32400.00|26776.86|0.00|0.00| |0.00|0.00| 
70|1|1|5000292001001|1|05000292001001|WHISKY VAT 69 750 CC|UNOB|10500.00|8677.69|1|10500.00|8677.69|0.00|0.00| |0.00|0.00| 
70|1|3|5000292001001|1|05000292001001|WHISKY VAT 69 750 CC|UNOB|10500.00|8677.69|1|10500.00|8677.69|0.00|0.00| |0.00|0.00| 
70|1|1|7791130001649|1|07791130001649|WOOLITE DP 450CC BEBE|RECKITT LIMPIEZA|3195.00|2640.50|1|3195.00|2640.50|0.00|0.00| |0.00|0.00| 
70|1|2|7791130001649|1|07791130001649|WOOLITE DP 450CC BEBE|RECKITT LIMPIEZA|3195.00|2640.50|1|3195.00|2640.50|0.00|0.00| |0.00|0.00| 
70|1|4|7791130001649|1|07791130001649|WOOLITE DP 450CC BEBE|RECKITT LIMPIEZA|3195.00|2640.50|1|3195.00|2640.50|0.00|0.00| |0.00|0.00| 
70|1|1|7791130001182|1|07791130001182|WOOLITE DP 450CC CLASICO|RECKITT LIMPIEZA|3195.00|2640.50|1|3195.00|2640.50|0.00|0.00| |0.00|0.00| 
70|1|4|7791130001182|1|07791130001182|WOOLITE DP 450CC CLASICO|RECKITT LIMPIEZA|3195.00|2640.50|1|3195.00|2640.50|0.00|0.00| |0.00|0.00| 
70|1|1|7791130001250|1|07791130001250|WOOLITE DP 450CC ROPA OSCURA|RECKITT LIMPIEZA|3195.00|2640.50|1|3195.00|2640.50|0.00|0.00| |0.00|0.00| 
70|1|2|7791130001250|1|07791130001250|WOOLITE DP 450CC ROPA OSCURA|RECKITT LIMPIEZA|3195.00|2640.50|1|3195.00|2640.50|0.00|0.00| |0.00|0.00| 
70|1|1|7790326000558|1|07790326000558|YERBA AGUANTADORA CON PALO 1 KG.|COOP.MONTE CARLO LTD|3400.00|2809.92|1|3400.00|2809.92|0.00|0.00| |0.00|0.00| 
70|1|2|7790326000558|1|07790326000558|YERBA AGUANTADORA CON PALO 1 KG.|COOP.MONTE CARLO LTD|3400.00|2809.92|1|3400.00|2809.92|0.00|0.00| |0.00|0.00| 
70|1|3|7790326000558|1|07790326000558|YERBA AGUANTADORA CON PALO 1 KG.|COOP.MONTE CARLO LTD|3400.00|2809.92|1|3400.00|2809.92|0.00|0.00| |0.00|0.00| 
70|1|4|7790326000558|1|07790326000558|YERBA AGUANTADORA CON PALO 1 KG.|COOP.MONTE CARLO LTD|3400.00|2809.92|1|3400.00|2809.92|0.00|0.00| |0.00|0.00| 
70|1|1|7790326000176|1|07790326000176|YERBA AGUANTADORA CON PALO 2 KG.|COOP.MONTE CARLO LTD|6840.00|5652.89|1|6840.00|5652.89|0.00|0.00| |0.00|0.00| 
70|1|3|7790326000176|1|07790326000176|YERBA AGUANTADORA CON PALO 2 KG.|COOP.MONTE CARLO LTD|6840.00|5652.89|1|6840.00|5652.89|0.00|0.00| |0.00|0.00| 
70|1|4|7790326000176|1|07790326000176|YERBA AGUANTADORA CON PALO 2 KG.|COOP.MONTE CARLO LTD|6840.00|5652.89|1|6840.00|5652.89|0.00|0.00| |0.00|0.00| 
70|1|1|7790326001302|1|07790326001302|YERBA AGUANTADORA CON PALO 500 G.|COOP.MONTE CARLO LTD|1770.00|1462.81|1|1770.00|1462.81|0.00|0.00| |0.00|0.00| 
70|1|2|7790326001302|1|07790326001302|YERBA AGUANTADORA CON PALO 500 G.|COOP.MONTE CARLO LTD|1770.00|1462.81|1|1770.00|1462.81|0.00|0.00| |0.00|0.00| 
70|1|3|7790326001302|1|07790326001302|YERBA AGUANTADORA CON PALO 500 G.|COOP.MONTE CARLO LTD|1770.00|1462.81|1|1770.00|1462.81|0.00|0.00| |0.00|0.00| 
70|1|4|7790326001302|1|07790326001302|YERBA AGUANTADORA CON PALO 500 G.|COOP.MONTE CARLO LTD|1770.00|1462.81|1|1770.00|1462.81|0.00|0.00| |0.00|0.00| 
70|1|1|7790326002057|1|07790326002057|YERBA AGUANTADORA ESPECIAL 500 GRS.|COOP.MONTE CARLO LTD|2990.00|2471.07|1|2990.00|2471.07|0.00|0.00| |0.00|0.00| 
70|1|3|7790326002057|1|07790326002057|YERBA AGUANTADORA ESPECIAL 500 GRS.|COOP.MONTE CARLO LTD|2990.00|2471.07|1|2990.00|2471.07|0.00|0.00| |0.00|0.00| 
70|1|4|7790326002057|1|07790326002057|YERBA AGUANTADORA ESPECIAL 500 GRS.|COOP.MONTE CARLO LTD|2990.00|2471.07|1|2990.00|2471.07|0.00|0.00| |0.00|0.00| 
70|1|2|7790326000039|1|07790326000039|YERBA AGUANTADORA SIN PALO 500 G.|COOP.MONTE CARLO LTD|1910.00|1578.51|1|1910.00|1578.51|0.00|0.00| |0.00|0.00| 
70|1|3|7790326000039|1|07790326000039|YERBA AGUANTADORA SIN PALO 500 G.|COOP.MONTE CARLO LTD|1910.00|1578.51|1|1910.00|1578.51|0.00|0.00| |0.00|0.00| 
70|1|4|7790326000039|1|07790326000039|YERBA AGUANTADORA SIN PALO 500 G.|COOP.MONTE CARLO LTD|1910.00|1578.51|1|1910.00|1578.51|0.00|0.00| |0.00|0.00| 
70|1|1|7790326003214|1|07790326003214|YERBA AGUANTADORA SUAVE 1 KG.|COOP.MONTE CARLO LTD|3580.00|2958.68|1|3580.00|2958.68|0.00|0.00| |0.00|0.00| 
70|1|3|7790326003214|1|07790326003214|YERBA AGUANTADORA SUAVE 1 KG.|COOP.MONTE CARLO LTD|3580.00|2958.68|1|3580.00|2958.68|0.00|0.00| |0.00|0.00| 
70|1|4|7790326003214|1|07790326003214|YERBA AGUANTADORA SUAVE 1 KG.|COOP.MONTE CARLO LTD|3580.00|2958.68|1|3580.00|2958.68|0.00|0.00| |0.00|0.00| 
70|1|1|7790326003078|1|07790326003078|YERBA AGUANTADORA SUAVE 500GRS|COOP.MONTE CARLO LTD|1850.00|1528.93|1|1850.00|1528.93|0.00|0.00| |0.00|0.00| 
70|1|3|7790326003078|1|07790326003078|YERBA AGUANTADORA SUAVE 500GRS|COOP.MONTE CARLO LTD|1850.00|1528.93|1|1850.00|1528.93|0.00|0.00| |0.00|0.00| 
70|1|4|7790326003078|1|07790326003078|YERBA AGUANTADORA SUAVE 500GRS|COOP.MONTE CARLO LTD|1850.00|1528.93|1|1850.00|1528.93|0.00|0.00| |0.00|0.00| 
70|1|1|7792710000175|1|07792710000175|YERBA AMANDA 1 KG|LA CACHUERA|2990.00|2471.07|1|2990.00|2471.07|0.00|0.00| |0.00|0.00| 
70|1|2|7792710000175|1|07792710000175|YERBA AMANDA 1 KG|LA CACHUERA|2990.00|2471.07|1|2990.00|2471.07|0.00|0.00| |0.00|0.00| 
70|1|3|7792710000175|1|07792710000175|YERBA AMANDA 1 KG|LA CACHUERA|2990.00|2471.07|1|2990.00|2471.07|0.00|0.00| |0.00|0.00| 
70|1|4|7792710000175|1|07792710000175|YERBA AMANDA 1 KG|LA CACHUERA|2990.00|2471.07|1|2990.00|2471.07|0.00|0.00| |0.00|0.00| 
70|1|1|7792710000182|1|07792710000182|YERBA AMANDA 500G.|LA CACHUERA|1620.00|1338.84|1|1620.00|1338.84|0.00|0.00| |0.00|0.00| 
70|1|2|7792710000182|1|07792710000182|YERBA AMANDA 500G.|LA CACHUERA|1620.00|1338.84|1|1620.00|1338.84|0.00|0.00| |0.00|0.00| 
70|1|3|7792710000182|1|07792710000182|YERBA AMANDA 500G.|LA CACHUERA|1620.00|1338.84|1|1620.00|1338.84|0.00|0.00| |0.00|0.00| 
70|1|4|7792710000182|1|07792710000182|YERBA AMANDA 500G.|LA CACHUERA|1620.00|1338.84|1|1620.00|1338.84|0.00|0.00| |0.00|0.00| 
70|1|1|7792710001943|1|07792710001943|YERBA AMANDA COMPUESTA 500 G.    |LA CACHUERA|1800.00|1487.60|1|1800.00|1487.60|0.00|0.00| |0.00|0.00| 
70|1|3|7792710001943|1|07792710001943|YERBA AMANDA COMPUESTA 500 G.    |LA CACHUERA|1800.00|1487.60|1|1800.00|1487.60|0.00|0.00| |0.00|0.00| 
70|1|3|7792710000113|1|07792710000113|YERBA AMANDA ORGANICA 500G.|LA CACHUERA|2830.00|2338.84|1|2830.00|2338.84|0.00|0.00| |0.00|0.00| 
70|1|1|7792710000052|1|07792710000052|YERBA AMANDA PREMIUM 500G.|LA CACHUERA|2200.00|1818.18|1|2200.00|1818.18|0.00|0.00| |0.00|0.00| 
70|1|3|7792710000052|1|07792710000052|YERBA AMANDA PREMIUM 500G.|LA CACHUERA|2200.00|1818.18|1|2200.00|1818.18|0.00|0.00| |0.00|0.00| 
70|1|4|7792710000052|1|07792710000052|YERBA AMANDA PREMIUM 500G.|LA CACHUERA|2200.00|1818.18|1|2200.00|1818.18|0.00|0.00| |0.00|0.00| 
70|1|1|7792710000076|1|07792710000076|YERBA AMANDA PX4 2KG.|LA CACHUERA|6050.00|5000.00|1|6050.00|5000.00|0.00|0.00| |0.00|0.00| 
70|1|2|7792710000076|1|07792710000076|YERBA AMANDA PX4 2KG.|LA CACHUERA|6050.00|5000.00|1|6050.00|5000.00|0.00|0.00| |0.00|0.00| 
70|1|3|7792710000076|1|07792710000076|YERBA AMANDA PX4 2KG.|LA CACHUERA|6050.00|5000.00|1|6050.00|5000.00|0.00|0.00| |0.00|0.00| 
70|1|4|7792710000076|1|07792710000076|YERBA AMANDA PX4 2KG.|LA CACHUERA|6050.00|5000.00|1|6050.00|5000.00|0.00|0.00| |0.00|0.00| 
70|1|3|7792710000106|1|07792710000106|YERBA AMANDA SELECCION ESP. 1KG.|LA CACHUERA|3720.00|3074.38|1|3720.00|3074.38|0.00|0.00| |0.00|0.00| 
70|1|3|7792710000090|1|07792710000090|YERBA AMANDA SELECCION ESP.500G.|LA CACHUERA|1850.00|1528.93|1|1850.00|1528.93|0.00|0.00| |0.00|0.00| 
70|1|4|7792710000090|1|07792710000090|YERBA AMANDA SELECCION ESP.500G.|LA CACHUERA|1850.00|1528.93|1|1850.00|1528.93|0.00|0.00| |0.00|0.00| 
70|1|3|7790710000263|1|07790710000263|YERBA CBSE ENDULIFE 500G.|CBSE|1970.00|1628.10|1|1970.00|1628.10|0.00|0.00| |0.00|0.00| 
70|1|1|7790710000232|1|07790710000232|YERBA CBSE FRUTOS DEL BOSQUE 500G.|CBSE|1970.00|1628.10|1|1970.00|1628.10|0.00|0.00| |0.00|0.00| 
70|1|3|7790710000232|1|07790710000232|YERBA CBSE FRUTOS DEL BOSQUE 500G.|CBSE|1970.00|1628.10|1|1970.00|1628.10|0.00|0.00| |0.00|0.00| 
70|1|1|7790710000256|1|07790710000256|YERBA CBSE FRUTOS DEL VALLE 500G.|CBSE|1970.00|1628.10|1|1970.00|1628.10|0.00|0.00| |0.00|0.00| 
70|1|3|7790710000256|1|07790710000256|YERBA CBSE FRUTOS DEL VALLE 500G.|CBSE|1970.00|1628.10|1|1970.00|1628.10|0.00|0.00| |0.00|0.00| 
70|1|1|7790710000249|1|07790710000249|YERBA CBSE FRUTOS TROPICALES 500G.|CBSE|1970.00|1628.10|1|1970.00|1628.10|0.00|0.00| |0.00|0.00| 
70|1|3|7790710000249|1|07790710000249|YERBA CBSE FRUTOS TROPICALES 500G.|CBSE|1970.00|1628.10|1|1970.00|1628.10|0.00|0.00| |0.00|0.00| 
70|1|4|7790710000249|1|07790710000249|YERBA CBSE FRUTOS TROPICALES 500G.|CBSE|1970.00|1628.10|1|1970.00|1628.10|0.00|0.00| |0.00|0.00| 
70|1|1|7790710000010|1|07790710000010|YERBA CBSE HIERBAS CUYANAS 500G|CBSE|1970.00|1628.10|1|1970.00|1628.10|0.00|0.00| |0.00|0.00| 
70|1|3|7790710000010|1|07790710000010|YERBA CBSE HIERBAS CUYANAS 500G|CBSE|1970.00|1628.10|1|1970.00|1628.10|0.00|0.00| |0.00|0.00| 
70|1|4|7790710000010|1|07790710000010|YERBA CBSE HIERBAS CUYANAS 500G|CBSE|1970.00|1628.10|1|1970.00|1628.10|0.00|0.00| |0.00|0.00| 
70|1|1|7790710000317|1|07790710000317|YERBA CBSE HIERBAS LITORAL 500G.|CBSE|1970.00|1628.10|1|1970.00|1628.10|0.00|0.00| |0.00|0.00| 
70|1|3|7790710000317|1|07790710000317|YERBA CBSE HIERBAS LITORAL 500G.|CBSE|1970.00|1628.10|1|1970.00|1628.10|0.00|0.00| |0.00|0.00| 
70|1|4|7790710000317|1|07790710000317|YERBA CBSE HIERBAS LITORAL 500G.|CBSE|1970.00|1628.10|1|1970.00|1628.10|0.00|0.00| |0.00|0.00| 
70|1|1|7790710000126|1|07790710000126|YERBA CBSE HIERBAS SERRANAS 1 KG.|CBSE|3650.00|3016.53|1|3650.00|3016.53|0.00|0.00| |0.00|0.00| 
70|1|2|7790710000126|1|07790710000126|YERBA CBSE HIERBAS SERRANAS 1 KG.|CBSE|3650.00|3016.53|1|3650.00|3016.53|0.00|0.00| |0.00|0.00| 
70|1|3|7790710000126|1|07790710000126|YERBA CBSE HIERBAS SERRANAS 1 KG.|CBSE|3650.00|3016.53|1|3650.00|3016.53|0.00|0.00| |0.00|0.00| 
70|1|4|7790710000126|1|07790710000126|YERBA CBSE HIERBAS SERRANAS 1 KG.|CBSE|3650.00|3016.53|1|3650.00|3016.53|0.00|0.00| |0.00|0.00| 
70|1|1|7790710000102|1|07790710000102|YERBA CBSE HIERBAS SERRANAS 500 GR.|CBSE|1930.00|1595.04|1|1930.00|1595.04|0.00|0.00| |0.00|0.00| 
70|1|3|7790710000102|1|07790710000102|YERBA CBSE HIERBAS SERRANAS 500 GR.|CBSE|1930.00|1595.04|1|1930.00|1595.04|0.00|0.00| |0.00|0.00| 
70|1|4|7790710000102|1|07790710000102|YERBA CBSE HIERBAS SERRANAS 500 GR.|CBSE|1930.00|1595.04|1|1930.00|1595.04|0.00|0.00| |0.00|0.00| 
70|1|1|7790710034312|1|07790710034312|YERBA CBSE LIMON 500 GRS.        |CBSE|1930.00|1595.04|1|1930.00|1595.04|0.00|0.00| |0.00|0.00| 
70|1|3|7790710034312|1|07790710034312|YERBA CBSE LIMON 500 GRS.        |CBSE|1930.00|1595.04|1|1930.00|1595.04|0.00|0.00| |0.00|0.00| 
70|1|4|7790710034312|1|07790710034312|YERBA CBSE LIMON 500 GRS.        |CBSE|1930.00|1595.04|1|1930.00|1595.04|0.00|0.00| |0.00|0.00| 
70|1|1|7790710033575|1|07790710033575|YERBA CBSE MIEL 500 GRS.|CBSE|1970.00|1628.10|1|1970.00|1628.10|0.00|0.00| |0.00|0.00| 
70|1|3|7790710033575|1|07790710033575|YERBA CBSE MIEL 500 GRS.|CBSE|1970.00|1628.10|1|1970.00|1628.10|0.00|0.00| |0.00|0.00| 
70|1|4|7790710033575|1|07790710033575|YERBA CBSE MIEL 500 GRS.|CBSE|1970.00|1628.10|1|1970.00|1628.10|0.00|0.00| |0.00|0.00| 
70|1|1|7790710034558|1|07790710034558|YERBA CBSE POMELO 500 GRS.|CBSE|1930.00|1595.04|1|1930.00|1595.04|0.00|0.00| |0.00|0.00| 
70|1|3|7790710034558|1|07790710034558|YERBA CBSE POMELO 500 GRS.|CBSE|1930.00|1595.04|1|1930.00|1595.04|0.00|0.00| |0.00|0.00| 
70|1|4|7790710034558|1|07790710034558|YERBA CBSE POMELO 500 GRS.|CBSE|1930.00|1595.04|1|1930.00|1595.04|0.00|0.00| |0.00|0.00| 
70|1|1|7790710334085|1|07790710334085|YERBA CBSE SILUETA 500GRS|CBSE|1930.00|1595.04|1|1930.00|1595.04|0.00|0.00| |0.00|0.00| 
70|1|3|7790710334085|1|07790710334085|YERBA CBSE SILUETA 500GRS|CBSE|1930.00|1595.04|1|1930.00|1595.04|0.00|0.00| |0.00|0.00| 
70|1|4|7790710334085|1|07790710334085|YERBA CBSE SILUETA 500GRS|CBSE|1930.00|1595.04|1|1930.00|1595.04|0.00|0.00| |0.00|0.00| 
70|1|1|7790070507105|1|07790070507105|YERBA CRUZ DE MALTA 1KG. ECOPACK|MOLINOS RIO DL.PLATA|3600.00|2975.21|1|3600.00|2975.21|0.00|0.00| |0.00|0.00| 
70|1|3|7790070507105|1|07790070507105|YERBA CRUZ DE MALTA 1KG. ECOPACK|MOLINOS RIO DL.PLATA|3600.00|2975.21|1|3600.00|2975.21|0.00|0.00| |0.00|0.00| 
70|1|4|7790070507105|1|07790070507105|YERBA CRUZ DE MALTA 1KG. ECOPACK|MOLINOS RIO DL.PLATA|3600.00|2975.21|1|3600.00|2975.21|0.00|0.00| |0.00|0.00| 
70|1|3|7790070507099|1|07790070507099|YERBA CRUZ DE MALTA 500G. ECOPACK|MOLINOS RIO DL.PLATA|1880.00|1553.72|1|1880.00|1553.72|0.00|0.00| |0.00|0.00| 
70|1|4|7790070507099|1|07790070507099|YERBA CRUZ DE MALTA 500G. ECOPACK|MOLINOS RIO DL.PLATA|1880.00|1553.72|1|1880.00|1553.72|0.00|0.00| |0.00|0.00| 
70|1|1|7795194100072|1|07795194100072|YERBA HIERBITAL 500 GRS.|AVARO HNOS.|1370.00|1132.23|1|1370.00|1132.23|0.00|0.00| |0.00|0.00| 
70|1|2|7795194100072|1|07795194100072|YERBA HIERBITAL 500 GRS.|AVARO HNOS.|1370.00|1132.23|1|1370.00|1132.23|0.00|0.00| |0.00|0.00| 
70|1|3|7795194100072|1|07795194100072|YERBA HIERBITAL 500 GRS.|AVARO HNOS.|1370.00|1132.23|1|1370.00|1132.23|0.00|0.00| |0.00|0.00| 
70|1|4|7795194100072|1|07795194100072|YERBA HIERBITAL 500 GRS.|AVARO HNOS.|1370.00|1132.23|1|1370.00|1132.23|0.00|0.00| |0.00|0.00| 
70|1|3|7790326002064|1|07790326002064|YERBA ORGANICA PAMPA CLASICA 500G.|COOP.MONTE CARLO LTD|3600.00|2975.21|1|3600.00|2975.21|0.00|0.00| |0.00|0.00| 
70|1|1|7793750000385|1|07793750000385|YERBA PIPORE 1 KG. |YERBA PIPORE|3000.00|2479.34|1|3000.00|2479.34|0.00|0.00| |0.00|0.00| 
70|1|2|7793750000385|1|07793750000385|YERBA PIPORE 1 KG. |YERBA PIPORE|3000.00|2479.34|1|3000.00|2479.34|0.00|0.00| |0.00|0.00| 
70|1|3|7793750000385|1|07793750000385|YERBA PIPORE 1 KG. |YERBA PIPORE|3000.00|2479.34|1|3000.00|2479.34|0.00|0.00| |0.00|0.00| 
70|1|4|7793750000385|1|07793750000385|YERBA PIPORE 1 KG. |YERBA PIPORE|3000.00|2479.34|1|3000.00|2479.34|0.00|0.00| |0.00|0.00| 
70|1|1|7793750000217|1|07793750000217|YERBA PIPORE 2KG|YERBA PIPORE|6100.00|5041.32|1|6100.00|5041.32|0.00|0.00| |0.00|0.00| 
70|1|2|7793750000217|1|07793750000217|YERBA PIPORE 2KG|YERBA PIPORE|6100.00|5041.32|1|6100.00|5041.32|0.00|0.00| |0.00|0.00| 
70|1|3|7793750000217|1|07793750000217|YERBA PIPORE 2KG|YERBA PIPORE|6100.00|5041.32|1|6100.00|5041.32|0.00|0.00| |0.00|0.00| 
70|1|4|7793750000217|1|07793750000217|YERBA PIPORE 2KG|YERBA PIPORE|6100.00|5041.32|1|6100.00|5041.32|0.00|0.00| |0.00|0.00| 
70|1|1|7793750000026|1|07793750000026|YERBA PIPORE 500 GRS.|YERBA PIPORE|1560.00|1289.26|1|1560.00|1289.26|0.00|0.00| |0.00|0.00| 
70|1|2|7793750000026|1|07793750000026|YERBA PIPORE 500 GRS.|YERBA PIPORE|1560.00|1289.26|1|1560.00|1289.26|0.00|0.00| |0.00|0.00| 
70|1|3|7793750000026|1|07793750000026|YERBA PIPORE 500 GRS.|YERBA PIPORE|1560.00|1289.26|1|1560.00|1289.26|0.00|0.00| |0.00|0.00| 
70|1|4|7793750000026|1|07793750000026|YERBA PIPORE 500 GRS.|YERBA PIPORE|1560.00|1289.26|1|1560.00|1289.26|0.00|0.00| |0.00|0.00| 
70|1|3|7793750000125|1|07793750000125|YERBA PIPORE ESPECIAL 500 GRS.|YERBA PIPORE|1630.00|1347.11|1|1630.00|1347.11|0.00|0.00| |0.00|0.00| 
70|1|4|7793750000125|1|07793750000125|YERBA PIPORE ESPECIAL 500 GRS.|YERBA PIPORE|1630.00|1347.11|1|1630.00|1347.11|0.00|0.00| |0.00|0.00| 
70|1|1|7793750000293|1|07793750000293|YERBA PIPORE SUAVE 2 KG.|YERBA PIPORE|6200.00|5123.97|1|6200.00|5123.97|0.00|0.00| |0.00|0.00| 
70|1|2|7793750000293|1|07793750000293|YERBA PIPORE SUAVE 2 KG.|YERBA PIPORE|6200.00|5123.97|1|6200.00|5123.97|0.00|0.00| |0.00|0.00| 
70|1|3|7793750000293|1|07793750000293|YERBA PIPORE SUAVE 2 KG.|YERBA PIPORE|6200.00|5123.97|1|6200.00|5123.97|0.00|0.00| |0.00|0.00| 
70|1|4|7793750000293|1|07793750000293|YERBA PIPORE SUAVE 2 KG.|YERBA PIPORE|6200.00|5123.97|1|6200.00|5123.97|0.00|0.00| |0.00|0.00| 
70|1|3|7793750000163|1|07793750000163|YERBA PIPORE SUAVE 500 GRS.|YERBA PIPORE|473.25|391.12|1|473.25|391.12|0.00|0.00| |0.00|0.00| 
70|1|1|7793750000378|1|07793750000378|YERBA PIPORE TERERE 500 GR.|YERBA PIPORE|1530.00|1264.46|1|1530.00|1264.46|0.00|0.00| |0.00|0.00| 
70|1|3|7793750000378|1|07793750000378|YERBA PIPORE TERERE 500 GR.|YERBA PIPORE|1530.00|1264.46|1|1530.00|1264.46|0.00|0.00| |0.00|0.00| 
70|1|1|7793784000016|1|07793784000016|YERBA PRIMICIA 500 GRS.|NAVAR S.A.|1270.00|1049.59|1|1270.00|1049.59|0.00|0.00| |0.00|0.00| 
70|1|2|7793784000016|1|07793784000016|YERBA PRIMICIA 500 GRS.|NAVAR S.A.|1270.00|1049.59|1|1270.00|1049.59|0.00|0.00| |0.00|0.00| 
70|1|3|7793784000016|1|07793784000016|YERBA PRIMICIA 500 GRS.|NAVAR S.A.|1270.00|1049.59|1|1270.00|1049.59|0.00|0.00| |0.00|0.00| 
70|1|4|7793784000016|1|07793784000016|YERBA PRIMICIA 500 GRS.|NAVAR S.A.|1270.00|1049.59|1|1270.00|1049.59|0.00|0.00| |0.00|0.00| 
70|1|1|7790411000043|1|07790411000043|YERBA ROSAMONTE 1 KILO           |HREÑUK HNOS.|2700.00|2231.40|1|2700.00|2231.40|0.00|0.00| |0.00|0.00| 
70|1|2|7790411000043|1|07790411000043|YERBA ROSAMONTE 1 KILO           |HREÑUK HNOS.|2700.00|2231.40|1|2700.00|2231.40|0.00|0.00| |0.00|0.00| 
70|1|3|7790411000043|1|07790411000043|YERBA ROSAMONTE 1 KILO           |HREÑUK HNOS.|2700.00|2231.40|1|2700.00|2231.40|0.00|0.00| |0.00|0.00| 
70|1|4|7790411000043|1|07790411000043|YERBA ROSAMONTE 1 KILO           |HREÑUK HNOS.|2700.00|2231.40|1|2700.00|2231.40|0.00|0.00| |0.00|0.00| 
70|1|1|7790411000074|1|07790411000074|YERBA ROSAMONTE 2 KG.|HREÑUK HNOS.|6800.00|5619.83|1|6800.00|5619.83|0.00|0.00| |0.00|0.00| 
70|1|2|7790411000074|1|07790411000074|YERBA ROSAMONTE 2 KG.|HREÑUK HNOS.|6800.00|5619.83|1|6800.00|5619.83|0.00|0.00| |0.00|0.00| 
70|1|3|7790411000074|1|07790411000074|YERBA ROSAMONTE 2 KG.|HREÑUK HNOS.|6800.00|5619.83|1|6800.00|5619.83|0.00|0.00| |0.00|0.00| 
70|1|4|7790411000074|1|07790411000074|YERBA ROSAMONTE 2 KG.|HREÑUK HNOS.|6800.00|5619.83|1|6800.00|5619.83|0.00|0.00| |0.00|0.00| 
70|1|1|7790411000050|1|07790411000050|YERBA ROSAMONTE 500 GRS.|HREÑUK HNOS.|1790.00|1479.34|1|1790.00|1479.34|0.00|0.00| |0.00|0.00| 
70|1|2|7790411000050|1|07790411000050|YERBA ROSAMONTE 500 GRS.|HREÑUK HNOS.|1790.00|1479.34|1|1790.00|1479.34|0.00|0.00| |0.00|0.00| 
70|1|3|7790411000050|1|07790411000050|YERBA ROSAMONTE 500 GRS.|HREÑUK HNOS.|1790.00|1479.34|1|1790.00|1479.34|0.00|0.00| |0.00|0.00| 
70|1|4|7790411000050|1|07790411000050|YERBA ROSAMONTE 500 GRS.|HREÑUK HNOS.|1790.00|1479.34|1|1790.00|1479.34|0.00|0.00| |0.00|0.00| 
70|1|1|7790411000012|1|07790411000012|YERBA ROSAMONTE ESPECIAL 1 KIL   |HREÑUK HNOS.|4370.00|3611.57|1|4370.00|3611.57|0.00|0.00| |0.00|0.00| 
70|1|2|7790411000012|1|07790411000012|YERBA ROSAMONTE ESPECIAL 1 KIL   |HREÑUK HNOS.|4370.00|3611.57|1|4370.00|3611.57|0.00|0.00| |0.00|0.00| 
70|1|3|7790411000012|1|07790411000012|YERBA ROSAMONTE ESPECIAL 1 KIL   |HREÑUK HNOS.|4370.00|3611.57|1|4370.00|3611.57|0.00|0.00| |0.00|0.00| 
70|1|1|7790411000029|1|07790411000029|YERBA ROSAMONTE ESPECIAL 500GRS|HREÑUK HNOS.|2300.00|1900.83|1|2300.00|1900.83|0.00|0.00| |0.00|0.00| 
70|1|3|7790411000029|1|07790411000029|YERBA ROSAMONTE ESPECIAL 500GRS|HREÑUK HNOS.|2300.00|1900.83|1|2300.00|1900.83|0.00|0.00| |0.00|0.00| 
70|1|4|7790411000029|1|07790411000029|YERBA ROSAMONTE ESPECIAL 500GRS|HREÑUK HNOS.|2300.00|1900.83|1|2300.00|1900.83|0.00|0.00| |0.00|0.00| 
70|1|3|7790411001392|1|07790411001392|YERBA ROSAMONTE F.FAVALORO 1KG.|HREÑUK HNOS.|4675.00|3863.64|1|4675.00|3863.64|0.00|0.00| |0.00|0.00| 
70|1|4|7790411001392|1|07790411001392|YERBA ROSAMONTE F.FAVALORO 1KG.|HREÑUK HNOS.|4675.00|3863.64|1|4675.00|3863.64|0.00|0.00| |0.00|0.00| 
70|1|1|7790411000494|1|07790411000494|YERBA ROSAMONTE SUAVE 1 KG.      |HREÑUK HNOS.|3800.00|3140.50|1|3800.00|3140.50|0.00|0.00| |0.00|0.00| 
70|1|2|7790411000494|1|07790411000494|YERBA ROSAMONTE SUAVE 1 KG.      |HREÑUK HNOS.|3800.00|3140.50|1|3800.00|3140.50|0.00|0.00| |0.00|0.00| 
70|1|3|7790411000494|1|07790411000494|YERBA ROSAMONTE SUAVE 1 KG.      |HREÑUK HNOS.|3800.00|3140.50|1|3800.00|3140.50|0.00|0.00| |0.00|0.00| 
70|1|1|7790411000500|1|07790411000500|YERBA ROSAMONTE SUAVE 500 GRS|HREÑUK HNOS.|2090.00|1727.27|1|2090.00|1727.27|0.00|0.00| |0.00|0.00| 
70|1|2|7790411000500|1|07790411000500|YERBA ROSAMONTE SUAVE 500 GRS|HREÑUK HNOS.|2090.00|1727.27|1|2090.00|1727.27|0.00|0.00| |0.00|0.00| 
70|1|4|7790411000500|1|07790411000500|YERBA ROSAMONTE SUAVE 500 GRS|HREÑUK HNOS.|2090.00|1727.27|1|2090.00|1727.27|0.00|0.00| |0.00|0.00| 
70|1|2|7790411000531|1|07790411000531|YERBA ROSAMONTE SUAVE ESPECIAL 1K|HREÑUK HNOS.|4050.00|3347.11|1|4050.00|3347.11|0.00|0.00| |0.00|0.00| 
70|1|3|7790411000531|1|07790411000531|YERBA ROSAMONTE SUAVE ESPECIAL 1K|HREÑUK HNOS.|4050.00|3347.11|1|4050.00|3347.11|0.00|0.00| |0.00|0.00| 
70|1|1|7790411000548|1|07790411000548|YERBA ROSAMONTE SUAVE ESPECIAL 500G|HREÑUK HNOS.|2130.00|1760.33|1|2130.00|1760.33|0.00|0.00| |0.00|0.00| 
70|1|3|7790411000548|1|07790411000548|YERBA ROSAMONTE SUAVE ESPECIAL 500G|HREÑUK HNOS.|2130.00|1760.33|1|2130.00|1760.33|0.00|0.00| |0.00|0.00| 
70|1|1|7790411001590|1|07790411001590|YERBA ROSAMONTE ZIPPER 500G. SUAVE|HREÑUK HNOS.|2360.00|1950.41|1|2360.00|1950.41|0.00|0.00| |0.00|0.00| 
70|1|1|7790326000794|1|07790326000794|YERBA SINCERIDAD 1 KG.|COOP.MONTE CARLO LTD|3400.00|2809.92|1|3400.00|2809.92|0.00|0.00| |0.00|0.00| 
70|1|2|7790326000794|1|07790326000794|YERBA SINCERIDAD 1 KG.|COOP.MONTE CARLO LTD|3400.00|2809.92|1|3400.00|2809.92|0.00|0.00| |0.00|0.00| 
70|1|3|7790326000794|1|07790326000794|YERBA SINCERIDAD 1 KG.|COOP.MONTE CARLO LTD|3400.00|2809.92|1|3400.00|2809.92|0.00|0.00| |0.00|0.00| 
70|1|4|7790326000794|1|07790326000794|YERBA SINCERIDAD 1 KG.|COOP.MONTE CARLO LTD|3400.00|2809.92|1|3400.00|2809.92|0.00|0.00| |0.00|0.00| 
70|1|1|7790326000138|1|07790326000138|YERBA SINCERIDAD 2 KG.|COOP.MONTE CARLO LTD|6840.00|5652.89|1|6840.00|5652.89|0.00|0.00| |0.00|0.00| 
70|1|2|7790326000138|1|07790326000138|YERBA SINCERIDAD 2 KG.|COOP.MONTE CARLO LTD|6840.00|5652.89|1|6840.00|5652.89|0.00|0.00| |0.00|0.00| 
70|1|3|7790326000138|1|07790326000138|YERBA SINCERIDAD 2 KG.|COOP.MONTE CARLO LTD|6840.00|5652.89|1|6840.00|5652.89|0.00|0.00| |0.00|0.00| 
70|1|1|7790326000626|1|07790326000626|YERBA SINCERIDAD 500 GR.|COOP.MONTE CARLO LTD|1770.00|1462.81|1|1770.00|1462.81|0.00|0.00| |0.00|0.00| 
70|1|2|7790326000626|1|07790326000626|YERBA SINCERIDAD 500 GR.|COOP.MONTE CARLO LTD|1770.00|1462.81|1|1770.00|1462.81|0.00|0.00| |0.00|0.00| 
70|1|3|7790326000626|1|07790326000626|YERBA SINCERIDAD 500 GR.|COOP.MONTE CARLO LTD|1770.00|1462.81|1|1770.00|1462.81|0.00|0.00| |0.00|0.00| 
70|1|4|7790326000626|1|07790326000626|YERBA SINCERIDAD 500 GR.|COOP.MONTE CARLO LTD|1770.00|1462.81|1|1770.00|1462.81|0.00|0.00| |0.00|0.00| 
70|1|4|7798001560076|1|07798001560076|YOGHURT CREMIGAL 120G.ENT.DURAZNO|CREMIGAL|510.00|421.49|1|510.00|421.49|0.00|0.00| |0.00|0.00| 
70|1|4|7798001560335|1|07798001560335|YOGHURT CREMIGAL 120G.ENT.F.TROPICA|CREMIGAL|510.00|421.49|1|510.00|421.49|0.00|0.00| |0.00|0.00| 
70|1|1|7798001560588|1|07798001560588|YOGHURT CREMIGAL 120G.ENT.FRUTILLA|CREMIGAL|510.00|421.49|1|510.00|421.49|0.00|0.00| |0.00|0.00| 
70|1|4|7798001560588|1|07798001560588|YOGHURT CREMIGAL 120G.ENT.FRUTILLA|CREMIGAL|510.00|421.49|1|510.00|421.49|0.00|0.00| |0.00|0.00| 
70|1|1|7798001560595|1|07798001560595|YOGHURT CREMIGAL 120G.ENT.VAINILLA|CREMIGAL|510.00|421.49|1|510.00|421.49|0.00|0.00| |0.00|0.00| 
70|1|4|7798001560595|1|07798001560595|YOGHURT CREMIGAL 120G.ENT.VAINILLA|CREMIGAL|510.00|421.49|1|510.00|421.49|0.00|0.00| |0.00|0.00| 
70|1|4|7798001560816|1|07798001560816|YOGHURT CREMIGAL 155G.CON CEREAL FR|CREMIGAL|1050.00|867.77|1|1050.00|867.77|0.00|0.00| |0.00|0.00| 
70|1|4|7798001560144|1|07798001560144|YOGHURT CREMIGAL 1L.DESC.VAINILLA|CREMIGAL|1550.00|1280.99|1|1550.00|1280.99|0.00|0.00| |0.00|0.00| 
70|1|4|7798001560298|1|07798001560298|YOGHURT CREMIGAL 1L.ENTERO DURAZNO|CREMIGAL|1550.00|1280.99|1|1550.00|1280.99|0.00|0.00| |0.00|0.00| 
70|1|4|7798001560021|1|07798001560021|YOGHURT CREMIGAL 1L.ENTERO FRUTILLA|CREMIGAL|1550.00|1280.99|1|1550.00|1280.99|0.00|0.00| |0.00|0.00| 
70|1|4|7798001560014|1|07798001560014|YOGHURT CREMIGAL 1L.ENTERO VAINILLA|CREMIGAL|1550.00|1280.99|1|1550.00|1280.99|0.00|0.00| |0.00|0.00| 
70|1|4|7790787110520|1|07790787110520|YOGHURT ILOLAY 190G.DESC.SAB.FRUTIL|WILLINER|1160.00|958.68|1|1160.00|958.68|0.00|0.00| |0.00|0.00| 
70|1|4|7790787110513|1|07790787110513|YOGHURT ILOLAY 190G.DESC.SAB.VAINIL|WILLINER|1160.00|958.68|1|1160.00|958.68|0.00|0.00| |0.00|0.00| 
70|1|1|7790787100354|1|07790787100354|YOGHURT ILOLAY 190G.ENT.SAB.D.DE LE|WILLINER|1160.00|958.68|1|1160.00|958.68|0.00|0.00| |0.00|0.00| 
70|1|4|7790787100354|1|07790787100354|YOGHURT ILOLAY 190G.ENT.SAB.D.DE LE|WILLINER|1160.00|958.68|1|1160.00|958.68|0.00|0.00| |0.00|0.00| 
70|1|1|7790787100323|1|07790787100323|YOGHURT ILOLAY 190G.ENT.SAB.FRUTILL|WILLINER|1160.00|958.68|1|1160.00|958.68|0.00|0.00| |0.00|0.00| 
70|1|4|7790787100323|1|07790787100323|YOGHURT ILOLAY 190G.ENT.SAB.FRUTILL|WILLINER|1160.00|958.68|1|1160.00|958.68|0.00|0.00| |0.00|0.00| 
70|1|1|7790787100316|1|07790787100316|YOGHURT ILOLAY 190G.ENT.SAB.VAINILL|WILLINER|1160.00|958.68|1|1160.00|958.68|0.00|0.00| |0.00|0.00| 
70|1|4|7790787100316|1|07790787100316|YOGHURT ILOLAY 190G.ENT.SAB.VAINILL|WILLINER|1160.00|958.68|1|1160.00|958.68|0.00|0.00| |0.00|0.00| 
70|1|4|7790787100484|1|07790787100484|YOGHURT ILOLAY C/COPOS ENT.150GR|WILLINER|1560.00|1289.26|1|1560.00|1289.26|0.00|0.00| |0.00|0.00| 
70|1|4|7791337910416|1|07791337910416|YOGHURT SER FIRME VAINILLA 190 GRS.|DANONE ARGENTINA SA|229.00|189.26|1|229.00|189.26|0.00|0.00| |0.00|0.00| 
70|1|4|6000001066658|1|06000001066658|ZANAHORIA KG.           |VERDULERIA|1850.00|1674.21|1|1850.00|1674.21|0.00|0.00| |0.00|0.00| 
70|1|4|6000001066108|1|06000001066108|ZAPALLITO KG.           |VERDULERIA|3450.00|3122.17|1|3450.00|3122.17|0.00|0.00| |0.00|0.00| 
70|1|4|6000001028656|1|06000001028656|ZAPALLITO LARGO KG.|VERDULERIA|3600.00|3257.92|1|3600.00|3257.92|0.00|0.00| |0.00|0.00| 
70|1|4|6000001043956|1|06000001043956|ZAPALLO BRASIL KG.|VERDULERIA|870.00|787.33|1|870.00|787.33|0.00|0.00| |0.00|0.00| 

Última actualización: 2026-05-07T18:47:11-03:00