snapshot_key,fecha_lista,producto_objetivo,id_comercio,id_bandera,id_sucursal,proveedor_razon_social,proveedor_nombre,sucursal_nombre,sucursal_tipo,sucursal_localidad,sucursal_provincia,sucursal_direccion,producto_id,producto_ean,producto_descripcion,producto_marca,producto_presentacion,precio_unitario_con_iva,precio_unitario_sin_iva,unidad_venta,precio_bulto_con_iva,precio_bulto_sin_iva,promo1_precio_con_iva,promo1_leyenda,promo2_precio_con_iva,promo2_leyenda,comercio_ultima_actualizacion,archivo_origen
60|1|0013|7790580160807|Aceite maiz ARCOR x 900ml|4855.00,2026-05-08,aceite,60,1,0013,MAYCAR S.A.,Supermayorista Vital,La Plata,mayorista,La Plata,AR-B,Av. 520 e/ 21 y 23 2650,7790580160807,1,Aceite maiz ARCOR x 900ml,ARCOR,x 900ml,4855.00,4012.40,12.00,58260.00,48148.80,,,,,2026-05-08T05:33:10-03:00,2026-05-08/sepa_1_comercio-sepa-60_2026-05-08_09-05-10.zip
60|1|0013|7798023697934|Aceite mezcla BONMAR pet x900cc|2299.00,2026-05-08,aceite,60,1,0013,MAYCAR S.A.,Supermayorista Vital,La Plata,mayorista,La Plata,AR-B,Av. 520 e/ 21 y 23 2650,7798023697934,1,Aceite mezcla BONMAR pet x900cc,BONMAR,x900cc,2299.00,1900.00,15.00,34485.00,28500.00,,,,,2026-05-08T05:33:10-03:00,2026-05-08/sepa_1_comercio-sepa-60_2026-05-08_09-05-10.zip
60|1|0013|7792180001665|Aceite girasol CAÑUELAS x1.5lt|4998.99,2026-05-08,aceite,60,1,0013,MAYCAR S.A.,Supermayorista Vital,La Plata,mayorista,La Plata,AR-B,Av. 520 e/ 21 y 23 2650,7792180001665,1,Aceite girasol CAÑUELAS x1.5lt,CAÑUELAS,x1.5lt,4998.99,4131.40,12.00,59987.88,49576.80,,,,,2026-05-08T05:33:10-03:00,2026-05-08/sepa_1_comercio-sepa-60_2026-05-08_09-05-10.zip
60|1|0013|7792180007988|Aceite girasol CAÑUELAS x5lt|18999.00,2026-05-08,aceite,60,1,0013,MAYCAR S.A.,Supermayorista Vital,La Plata,mayorista,La Plata,AR-B,Av. 520 e/ 21 y 23 2650,7792180007988,1,Aceite girasol CAÑUELAS x5lt,CAÑUELAS,x5lt,18999.00,15701.65,4.00,75996.00,62806.60,,,,,2026-05-08T05:33:10-03:00,2026-05-08/sepa_1_comercio-sepa-60_2026-05-08_09-05-10.zip
60|1|0013|7792180001641|Aceite girasol CAÑUELAS x900cc|3099.00,2026-05-08,aceite,60,1,0013,MAYCAR S.A.,Supermayorista Vital,La Plata,mayorista,La Plata,AR-B,Av. 520 e/ 21 y 23 2650,7792180001641,1,Aceite girasol CAÑUELAS x900cc,CAÑUELAS,x900cc,3099.00,2561.16,12.00,37188.00,30733.92,,,,,2026-05-08T05:33:10-03:00,2026-05-08/sepa_1_comercio-sepa-60_2026-05-08_09-05-10.zip
60|1|0013|7790060023684|Aceite girasol COCINERO x1.5lt|4899.00,2026-05-08,aceite,60,1,0013,MAYCAR S.A.,Supermayorista Vital,La Plata,mayorista,La Plata,AR-B,Av. 520 e/ 21 y 23 2650,7790060023684,1,Aceite girasol COCINERO x1.5lt,COCINERO,x1.5lt,4899.00,4048.76,12.00,58788.00,48585.12,,,,,2026-05-08T05:33:10-03:00,2026-05-08/sepa_1_comercio-sepa-60_2026-05-08_09-05-10.zip
60|1|0013|7790070012050|Aceite girasol COCINERO x900cc|2999.00,2026-05-08,aceite,60,1,0013,MAYCAR S.A.,Supermayorista Vital,La Plata,mayorista,La Plata,AR-B,Av. 520 e/ 21 y 23 2650,7790070012050,1,Aceite girasol COCINERO x900cc,COCINERO,x900cc,2999.00,2478.51,15.00,44985.00,37177.65,,,,,2026-05-08T05:33:10-03:00,2026-05-08/sepa_1_comercio-sepa-60_2026-05-08_09-05-10.zip
60|1|0013|7790070231604|Aceite girasol oliva COCINERO 1.5lt|6929.00,2026-05-08,aceite,60,1,0013,MAYCAR S.A.,Supermayorista Vital,La Plata,mayorista,La Plata,AR-B,Av. 520 e/ 21 y 23 2650,7790070231604,1,Aceite girasol oliva COCINERO 1.5lt,COCINERO,1.5lt,6929.00,5726.45,12.00,83148.00,68717.40,,,,,2026-05-08T05:33:10-03:00,2026-05-08/sepa_1_comercio-sepa-60_2026-05-08_09-05-10.zip
60|1|0013|7790060234868|Aceite mezcla COCINERO x900cc|2599.00,2026-05-08,aceite,60,1,0013,MAYCAR S.A.,Supermayorista Vital,La Plata,mayorista,La Plata,AR-B,Av. 520 e/ 21 y 23 2650,7790060234868,1,Aceite mezcla COCINERO x900cc,COCINERO,x900cc,2599.00,2147.93,15.00,38985.00,32218.95,,,,,2026-05-08T05:33:10-03:00,2026-05-08/sepa_1_comercio-sepa-60_2026-05-08_09-05-10.zip
60|1|0013|7790070231864|Aceite oliva COCINERO ext vir int.x500ml|10999.00,2026-05-08,aceite,60,1,0013,MAYCAR S.A.,Supermayorista Vital,La Plata,mayorista,La Plata,AR-B,Av. 520 e/ 21 y 23 2650,7790070231864,1,Aceite oliva COCINERO ext vir int.x500ml,COCINERO,x500ml,10999.00,9090.08,12.00,131988.00,109080.96,,,,,2026-05-08T05:33:10-03:00,2026-05-08/sepa_1_comercio-sepa-60_2026-05-08_09-05-10.zip
60|1|0013|7790070231871|Aceite oliva COCINERO ext vir sua.x500ml|10999.00,2026-05-08,aceite,60,1,0013,MAYCAR S.A.,Supermayorista Vital,La Plata,mayorista,La Plata,AR-B,Av. 520 e/ 21 y 23 2650,7790070231871,1,Aceite oliva COCINERO ext vir sua.x500ml,COCINERO,x500ml,10999.00,9090.08,12.00,131988.00,109080.96,,,,,2026-05-08T05:33:10-03:00,2026-05-08/sepa_1_comercio-sepa-60_2026-05-08_09-05-10.zip
60|1|0013|7798159930080|Aceite oliva ECOLIVA x5lt|57999.00,2026-05-08,aceite,60,1,0013,MAYCAR S.A.,Supermayorista Vital,La Plata,mayorista,La Plata,AR-B,Av. 520 e/ 21 y 23 2650,7798159930080,1,Aceite oliva ECOLIVA x5lt,ECOLIVA,x5lt,57999.00,47933.06,4.00,231996.00,191732.24,,,,,2026-05-08T05:33:10-03:00,2026-05-08/sepa_1_comercio-sepa-60_2026-05-08_09-05-10.zip
60|1|0013|7798080520077|Aceite oliva LA TOSCANA botella x500cc|13299.00,2026-05-08,aceite,60,1,0013,MAYCAR S.A.,Supermayorista Vital,La Plata,mayorista,La Plata,AR-B,Av. 520 e/ 21 y 23 2650,7798080520077,1,Aceite oliva LA TOSCANA botella x500cc,LA TOSCANA,x500cc,13299.00,10990.91,12.00,159588.00,131890.92,,,,,2026-05-08T05:33:10-03:00,2026-05-08/sepa_1_comercio-sepa-60_2026-05-08_09-05-10.zip
60|1|0013|7798080522170|Aceite oliva LA TOSCANA extra vir.x250cc|7199.00,2026-05-08,aceite,60,1,0013,MAYCAR S.A.,Supermayorista Vital,La Plata,mayorista,La Plata,AR-B,Av. 520 e/ 21 y 23 2650,7798080522170,1,Aceite oliva LA TOSCANA extra vir.x250cc,LA TOSCANA,x250cc,7199.00,5949.59,12.00,86388.00,71395.08,,,,,2026-05-08T05:33:10-03:00,2026-05-08/sepa_1_comercio-sepa-60_2026-05-08_09-05-10.zip
60|1|0013|7798316700808|Aceite girasol LEGITIMO x900ml|2999.00,2026-05-08,aceite,60,1,0013,MAYCAR S.A.,Supermayorista Vital,La Plata,mayorista,La Plata,AR-B,Av. 520 e/ 21 y 23 2650,7798316700808,1,Aceite girasol LEGITIMO x900ml,LEGITIMO,x900ml,2999.00,2478.51,12.00,35988.00,29742.12,,,,,2026-05-08T05:33:10-03:00,2026-05-08/sepa_1_comercio-sepa-60_2026-05-08_09-05-10.zip
60|1|0013|7790070231697|Aceite LIRA maiz x900ml|5724.99,2026-05-08,aceite,60,1,0013,MAYCAR S.A.,Supermayorista Vital,La Plata,mayorista,La Plata,AR-B,Av. 520 e/ 21 y 23 2650,7790070231697,1,Aceite LIRA maiz x900ml,LIRA,x900ml,5724.99,4731.40,15.00,85874.85,70971.00,,,,,2026-05-08T05:33:10-03:00,2026-05-08/sepa_1_comercio-sepa-60_2026-05-08_09-05-10.zip
60|1|0013|7790070231420|Aceite girasol LIRA x1.5lt|5169.00,2026-05-08,aceite,60,1,0013,MAYCAR S.A.,Supermayorista Vital,La Plata,mayorista,La Plata,AR-B,Av. 520 e/ 21 y 23 2650,7790070231420,1,Aceite girasol LIRA x1.5lt,LIRA,x1.5lt,5169.00,4271.90,12.00,62028.00,51262.80,,,,,2026-05-08T05:33:10-03:00,2026-05-08/sepa_1_comercio-sepa-60_2026-05-08_09-05-10.zip
60|1|0013|7790070231468|Aceite girasol LIRA x900cc|3525.00,2026-05-08,aceite,60,1,0013,MAYCAR S.A.,Supermayorista Vital,La Plata,mayorista,La Plata,AR-B,Av. 520 e/ 21 y 23 2650,7790070231468,1,Aceite girasol LIRA x900cc,LIRA,x900cc,3525.00,2913.22,15.00,52875.00,43698.30,,,,,2026-05-08T05:33:10-03:00,2026-05-08/sepa_1_comercio-sepa-60_2026-05-08_09-05-10.zip
60|1|0013|7790070265166|Aceite oliva LIRA clas.lata s/tacc x1lt|25705.00,2026-05-08,aceite,60,1,0013,MAYCAR S.A.,Supermayorista Vital,La Plata,mayorista,La Plata,AR-B,Av. 520 e/ 21 y 23 2650,7790070265166,1,Aceite oliva LIRA clas.lata s/tacc x1lt,LIRA,x1lt,25705.00,21243.80,12.00,308460.00,254925.60,,,,,2026-05-08T05:33:10-03:00,2026-05-08/sepa_1_comercio-sepa-60_2026-05-08_09-05-10.zip
60|1|0013|7790070265173|Aceite oliva LIRA clas.latas/tacc x500ml|13195.00,2026-05-08,aceite,60,1,0013,MAYCAR S.A.,Supermayorista Vital,La Plata,mayorista,La Plata,AR-B,Av. 520 e/ 21 y 23 2650,7790070265173,1,Aceite oliva LIRA clas.latas/tacc x500ml,LIRA,x500ml,13195.00,10904.96,6.00,79170.00,65429.76,,,,,2026-05-08T05:33:10-03:00,2026-05-08/sepa_1_comercio-sepa-60_2026-05-08_09-05-10.zip
60|1|0013|7790070231833|Aceite oliva LIRA extra virgen petx500ml|12759.00,2026-05-08,aceite,60,1,0013,MAYCAR S.A.,Supermayorista Vital,La Plata,mayorista,La Plata,AR-B,Av. 520 e/ 21 y 23 2650,7790070231833,1,Aceite oliva LIRA extra virgen petx500ml,LIRA,,12759.00,10544.63,12.00,153108.00,126535.56,,,,,2026-05-08T05:33:10-03:00,2026-05-08/sepa_1_comercio-sepa-60_2026-05-08_09-05-10.zip
60|1|0013|7790199603757|Aceite oliva MORIXE ext/virgen petx500ml|11475.00,2026-05-08,aceite,60,1,0013,MAYCAR S.A.,Supermayorista Vital,La Plata,mayorista,La Plata,AR-B,Av. 520 e/ 21 y 23 2650,7790199603757,1,Aceite oliva MORIXE ext/virgen petx500ml,MORIXE,,11475.00,9483.47,12.00,137700.00,113801.64,,,,,2026-05-08T05:33:10-03:00,2026-05-08/sepa_1_comercio-sepa-60_2026-05-08_09-05-10.zip
60|1|0013|7790199603771|Aceite oliva MORIXE virgen petx500ml|9649.00,2026-05-08,aceite,60,1,0013,MAYCAR S.A.,Supermayorista Vital,La Plata,mayorista,La Plata,AR-B,Av. 520 e/ 21 y 23 2650,7790199603771,1,Aceite oliva MORIXE virgen petx500ml,MORIXE,,9649.00,7974.38,12.00,115788.00,95692.56,,,,,2026-05-08T05:33:10-03:00,2026-05-08/sepa_1_comercio-sepa-60_2026-05-08_09-05-10.zip
60|1|0013|7790272001029|Aceite girasol NATURA x1.5lt|5249.00,2026-05-08,aceite,60,1,0013,MAYCAR S.A.,Supermayorista Vital,La Plata,mayorista,La Plata,AR-B,Av. 520 e/ 21 y 23 2650,7790272001029,1,Aceite girasol NATURA x1.5lt,NATURA,x1.5lt,5249.00,4338.02,12.00,62988.00,52056.24,,,,,2026-05-08T05:33:10-03:00,2026-05-08/sepa_1_comercio-sepa-60_2026-05-08_09-05-10.zip
60|1|0013|7790272001036|Aceite girasol NATURA x3lt|11048.99,2026-05-08,aceite,60,1,0013,MAYCAR S.A.,Supermayorista Vital,La Plata,mayorista,La Plata,AR-B,Av. 520 e/ 21 y 23 2650,7790272001036,1,Aceite girasol NATURA x3lt,NATURA,x3lt,11048.99,9131.40,6.00,66293.94,54788.40,,,,,2026-05-08T05:33:10-03:00,2026-05-08/sepa_1_comercio-sepa-60_2026-05-08_09-05-10.zip
60|1|0013|7790272004112|Aceite girasol NATURA x5lt|17999.00,2026-05-08,aceite,60,1,0013,MAYCAR S.A.,Supermayorista Vital,La Plata,mayorista,La Plata,AR-B,Av. 520 e/ 21 y 23 2650,7790272004112,1,Aceite girasol NATURA x5lt,NATURA,x5lt,17999.00,14875.21,4.00,71996.00,59500.84,,,,,2026-05-08T05:33:10-03:00,2026-05-08/sepa_1_comercio-sepa-60_2026-05-08_09-05-10.zip
60|1|0013|7790272001005|Aceite girasol NATURA x900cc|3319.01,2026-05-08,aceite,60,1,0013,MAYCAR S.A.,Supermayorista Vital,La Plata,mayorista,La Plata,AR-B,Av. 520 e/ 21 y 23 2650,7790272001005,1,Aceite girasol NATURA x900cc,NATURA,x900cc,3319.01,2742.98,15.00,49785.15,41144.70,,,,,2026-05-08T05:33:10-03:00,2026-05-08/sepa_1_comercio-sepa-60_2026-05-08_09-05-10.zip
60|1|0013|7790272008387|Aceite oliva NATURA andino x500cc|15049.00,2026-05-08,aceite,60,1,0013,MAYCAR S.A.,Supermayorista Vital,La Plata,mayorista,La Plata,AR-B,Av. 520 e/ 21 y 23 2650,7790272008387,1,Aceite oliva NATURA andino x500cc,NATURA,x500cc,15049.00,12437.19,6.00,90294.00,74623.14,,,,,2026-05-08T05:33:10-03:00,2026-05-08/sepa_1_comercio-sepa-60_2026-05-08_09-05-10.zip
60|1|0013|7790272008394|Aceite oliva NATURA suave x500cc|12595.00,2026-05-08,aceite,60,1,0013,MAYCAR S.A.,Supermayorista Vital,La Plata,mayorista,La Plata,AR-B,Av. 520 e/ 21 y 23 2650,7790272008394,1,Aceite oliva NATURA suave x500cc,NATURA,x500cc,12595.00,10409.09,12.00,151140.00,124909.08,,,,,2026-05-08T05:33:10-03:00,2026-05-08/sepa_1_comercio-sepa-60_2026-05-08_09-05-10.zip
60|1|0013|7794870055798|Aceite girasol S&P pet x900cc|2899.00,2026-05-08,aceite,60,1,0013,MAYCAR S.A.,Supermayorista Vital,La Plata,mayorista,La Plata,AR-B,Av. 520 e/ 21 y 23 2650,7794870055798,1,Aceite girasol S&P pet x900cc,S&P,x900cc,2899.00,2395.87,12.00,34788.00,28750.44,,,,,2026-05-08T05:33:10-03:00,2026-05-08/sepa_1_comercio-sepa-60_2026-05-08_09-05-10.zip
60|1|0013|7798320518857|Aceite oliva S&P extra virgen pet x500ml|12359.00,2026-05-08,aceite,60,1,0013,MAYCAR S.A.,Supermayorista Vital,La Plata,mayorista,La Plata,AR-B,Av. 520 e/ 21 y 23 2650,7798320518857,1,Aceite oliva S&P extra virgen pet x500ml,S&P,x500ml,12359.00,10214.05,12.00,148308.00,122568.60,,,,,2026-05-08T05:33:10-03:00,2026-05-08/sepa_1_comercio-sepa-60_2026-05-08_09-05-10.zip
60|1|0013|7790639002560|Agua sin gas CELLIER x600cc|469.00,2026-05-08,agua-mineral,60,1,0013,MAYCAR S.A.,Supermayorista Vital,La Plata,mayorista,La Plata,AR-B,Av. 520 e/ 21 y 23 2650,7790639002560,1,Agua sin gas CELLIER x600cc,CELLIER,x600cc,469.00,387.60,12.00,5628.00,4651.20,,,,,2026-05-08T05:33:10-03:00,2026-05-08/sepa_1_comercio-sepa-60_2026-05-08_09-05-10.zip
60|1|0013|7790315000149|Agua mineral VILLA DEL SUR x1.65lt|1809.01,2026-05-08,agua-mineral,60,1,0013,MAYCAR S.A.,Supermayorista Vital,La Plata,mayorista,La Plata,AR-B,Av. 520 e/ 21 y 23 2650,7790315000149,1,Agua mineral VILLA DEL SUR x1.65lt,VILLA DEL SUR,x1.65lt,1809.01,1495.56,6.00,10854.06,8973.36,,,,,2026-05-08T05:33:10-03:00,2026-05-08/sepa_1_comercio-sepa-60_2026-05-08_09-05-10.zip
60|1|0013|7799155000210|Agua mineral c/gas VILLAVICENCIOx1.5lt|2415.00,2026-05-08,agua-mineral,60,1,0013,MAYCAR S.A.,Supermayorista Vital,La Plata,mayorista,La Plata,AR-B,Av. 520 e/ 21 y 23 2650,7799155000210,1,Agua mineral c/gas VILLAVICENCIOx1.5lt,VILLAVICENCIO,5lt,2415.00,1996.72,6.00,14490.00,11980.32,,,,,2026-05-08T05:33:10-03:00,2026-05-08/sepa_1_comercio-sepa-60_2026-05-08_09-05-10.zip
63|1|17|7622201753061|TOSTADA CEREALITA DE ARROZ 160 gr|2999.88,2026-05-08,arroz,63,1,17,MAXICONSUMO S A,MAXICONSUMO,Sucursal La Plata,mayorista,La Plata,AR-B,Calle 13 esq. 517,7622201753061,1,TOSTADA CEREALITA DE ARROZ 160 gr,CEREALITA,160 gr,2999.88,2479.24,24,71997.12,59501.76,,,,,2026-05-07T21:00:22-03:00,2026-05-08/sepa_1_comercio-sepa-63_2026-05-08_09-05-10.zip
63|1|17|7790070411952|OBLEA GALLO DE ARROZ 20 gr|899.88,2026-05-08,arroz,63,1,17,MAXICONSUMO S A,MAXICONSUMO,Sucursal La Plata,mayorista,La Plata,AR-B,Calle 13 esq. 517,7790070411952,1,OBLEA GALLO DE ARROZ 20 gr,GALLO,20 gr,899.88,743.70,144,129582.72,107092.80,,,,,2026-05-07T21:00:22-03:00,2026-05-08/sepa_1_comercio-sepa-63_2026-05-08_09-05-10.zip
63|1|17|8445290615831|AVENA NESTUM ARROZ PB 225 gr|5399.89,2026-05-08,arroz,63,1,17,MAXICONSUMO S A,MAXICONSUMO,Sucursal La Plata,mayorista,La Plata,AR-B,Calle 13 esq. 517,8445290615831,1,AVENA NESTUM ARROZ PB 225 gr,NESTUM,225 gr,5399.89,4462.72,12,64798.68,53552.64,,,,,2026-05-07T21:00:22-03:00,2026-05-08/sepa_1_comercio-sepa-63_2026-05-08_09-05-10.zip
63|1|17|7790071110335|GAL. RIERA CR.DE ARROZ 100 gr|1859.87,2026-05-08,arroz,63,1,17,MAXICONSUMO S A,MAXICONSUMO,Sucursal La Plata,mayorista,La Plata,AR-B,Calle 13 esq. 517,7790071110335,1,GAL. RIERA CR.DE ARROZ 100 gr,RIERA,100 gr,1859.87,1537.08,10,18598.70,15370.80,,,,,2026-05-07T21:00:22-03:00,2026-05-08/sepa_1_comercio-sepa-63_2026-05-08_09-05-10.zip
63|1|17|7790071080317|TOSTADA RIERA ARROZ DULCE 150 gr|2279.87,2026-05-08,arroz,63,1,17,MAXICONSUMO S A,MAXICONSUMO,Sucursal La Plata,mayorista,La Plata,AR-B,Calle 13 esq. 517,7790071080317,1,TOSTADA RIERA ARROZ DULCE 150 gr,RIERA,150 gr,2279.87,1884.19,12,27358.44,22610.28,,,,,2026-05-07T21:00:22-03:00,2026-05-08/sepa_1_comercio-sepa-63_2026-05-08_09-05-10.zip
63|1|17|7790071080416|TOSTADA RIERA ARROZ S/SAL 150 gr|2279.87,2026-05-08,arroz,63,1,17,MAXICONSUMO S A,MAXICONSUMO,Sucursal La Plata,mayorista,La Plata,AR-B,Calle 13 esq. 517,7790071080416,1,TOSTADA RIERA ARROZ S/SAL 150 gr,RIERA,150 gr,2279.87,1884.19,12,27358.44,22610.28,,,,,2026-05-07T21:00:22-03:00,2026-05-08/sepa_1_comercio-sepa-63_2026-05-08_09-05-10.zip
63|1|17|7790071080218|TOSTADA RIERA ARROZ SIN T 150 gr|2279.87,2026-05-08,arroz,63,1,17,MAXICONSUMO S A,MAXICONSUMO,Sucursal La Plata,mayorista,La Plata,AR-B,Calle 13 esq. 517,7790071080218,1,TOSTADA RIERA ARROZ SIN T 150 gr,RIERA,150 gr,2279.87,1884.19,12,27358.44,22610.28,,,,,2026-05-07T21:00:22-03:00,2026-05-08/sepa_1_comercio-sepa-63_2026-05-08_09-05-10.zip
60|1|0013|7791120032554|Arroz largo fino 53 x1kg|1059.00,2026-05-08,arroz,60,1,0013,MAYCAR S.A.,Supermayorista Vital,La Plata,mayorista,La Plata,AR-B,Av. 520 e/ 21 y 23 2650,7791120032554,1,Arroz largo fino 53 x1kg,53,x1kg,1059.00,875.21,10.00,10590.00,8752.10,,,,,2026-05-08T05:33:10-03:00,2026-05-08/sepa_1_comercio-sepa-60_2026-05-08_09-05-10.zip
60|1|0013|7791120032561|Arroz largo fino 53 x500gr|534.00,2026-05-08,arroz,60,1,0013,MAYCAR S.A.,Supermayorista Vital,La Plata,mayorista,La Plata,AR-B,Av. 520 e/ 21 y 23 2650,7791120032561,1,Arroz largo fino 53 x500gr,53,x500gr,534.00,441.32,10.00,5340.00,4413.20,,,,,2026-05-08T05:33:10-03:00,2026-05-08/sepa_1_comercio-sepa-60_2026-05-08_09-05-10.zip
60|1|0013|7790040129726|Tostadas CRIOLLITAS de arroz x110gr|2469.01,2026-05-08,arroz,60,1,0013,MAYCAR S.A.,Supermayorista Vital,La Plata,mayorista,La Plata,AR-B,Av. 520 e/ 21 y 23 2650,7790040129726,1,Tostadas CRIOLLITAS de arroz x110gr,CRIOLLITAS,x110gr,2469.01,2040.50,24.00,59256.24,48972.00,,,,,2026-05-08T05:33:10-03:00,2026-05-08/sepa_1_comercio-sepa-60_2026-05-08_09-05-10.zip
60|1|0013|7790503199105|Arroz integral DOS HERMANOS x1kg|1709.00,2026-05-08,arroz,60,1,0013,MAYCAR S.A.,Supermayorista Vital,La Plata,mayorista,La Plata,AR-B,Av. 520 e/ 21 y 23 2650,7790503199105,1,Arroz integral DOS HERMANOS x1kg,DOS HERMANOS,x1kg,1709.00,1412.40,10.00,17090.00,14124.00,,,,,2026-05-08T05:33:10-03:00,2026-05-08/sepa_1_comercio-sepa-60_2026-05-08_09-05-10.zip
60|1|0013|7790503199099|Arroz parboil DOS HERMANOS x1kg|1599.00,2026-05-08,arroz,60,1,0013,MAYCAR S.A.,Supermayorista Vital,La Plata,mayorista,La Plata,AR-B,Av. 520 e/ 21 y 23 2650,7790503199099,1,Arroz parboil DOS HERMANOS x1kg,DOS HERMANOS,x1kg,1599.00,1321.49,10.00,15990.00,13214.90,,,,,2026-05-08T05:33:10-03:00,2026-05-08/sepa_1_comercio-sepa-60_2026-05-08_09-05-10.zip
60|1|0013|7790503199136|Arroz parboil DOS HERMANOS x500gr|899.01,2026-05-08,arroz,60,1,0013,MAYCAR S.A.,Supermayorista Vital,La Plata,mayorista,La Plata,AR-B,Av. 520 e/ 21 y 23 2650,7790503199136,1,Arroz parboil DOS HERMANOS x500gr,DOS HERMANOS,x500gr,899.01,742.98,10.00,8990.10,7429.80,,,,,2026-05-08T05:33:10-03:00,2026-05-08/sepa_1_comercio-sepa-60_2026-05-08_09-05-10.zip
60|1|0013|7790503000265|Arroz yamani DOS HERMANOS int.x500gr|2079.00,2026-05-08,arroz,60,1,0013,MAYCAR S.A.,Supermayorista Vital,La Plata,mayorista,La Plata,AR-B,Av. 520 e/ 21 y 23 2650,7790503000265,1,Arroz yamani DOS HERMANOS int.x500gr,DOS HERMANOS,x500gr,2079.00,1718.18,10.00,20790.00,17181.80,,,,,2026-05-08T05:33:10-03:00,2026-05-08/sepa_1_comercio-sepa-60_2026-05-08_09-05-10.zip
60|1|0013|7790070431578|Arroz doble GALLO seleccion x1kg|3819.00,2026-05-08,arroz,60,1,0013,MAYCAR S.A.,Supermayorista Vital,La Plata,mayorista,La Plata,AR-B,Av. 520 e/ 21 y 23 2650,7790070431578,1,Arroz doble GALLO seleccion x1kg,GALLO,x1kg,3819.00,3156.20,10.00,38190.00,31562.00,,,,,2026-05-08T05:33:10-03:00,2026-05-08/sepa_1_comercio-sepa-60_2026-05-08_09-05-10.zip
60|1|0013|7790070431431|Arroz doble GALLO x500gr|1699.00,2026-05-08,arroz,60,1,0013,MAYCAR S.A.,Supermayorista Vital,La Plata,mayorista,La Plata,AR-B,Av. 520 e/ 21 y 23 2650,7790070431431,1,Arroz doble GALLO x500gr,GALLO,x500gr,1699.00,1404.13,10.00,16990.00,14041.30,,,,,2026-05-08T05:33:10-03:00,2026-05-08/sepa_1_comercio-sepa-60_2026-05-08_09-05-10.zip
60|1|0013|7790070433152|Arroz integral GALLO bolsa x500g|1339.00,2026-05-08,arroz,60,1,0013,MAYCAR S.A.,Supermayorista Vital,La Plata,mayorista,La Plata,AR-B,Av. 520 e/ 21 y 23 2650,7790070433152,1,Arroz integral GALLO bolsa x500g,GALLO,x500g,1339.00,1106.61,10.00,13390.00,11066.10,,,,,2026-05-08T05:33:10-03:00,2026-05-08/sepa_1_comercio-sepa-60_2026-05-08_09-05-10.zip
60|1|0013|7790070431585|Arroz integral GALLO estuche x1kg|2975.00,2026-05-08,arroz,60,1,0013,MAYCAR S.A.,Supermayorista Vital,La Plata,mayorista,La Plata,AR-B,Av. 520 e/ 21 y 23 2650,7790070431585,1,Arroz integral GALLO estuche x1kg,GALLO,x1kg,2975.00,2458.68,10.00,29750.00,24586.80,,,,,2026-05-08T05:33:10-03:00,2026-05-08/sepa_1_comercio-sepa-60_2026-05-08_09-05-10.zip
60|1|0013|7790070431417|Arroz parboil GALLO ORO bolsa x1kg|2139.00,2026-05-08,arroz,60,1,0013,MAYCAR S.A.,Supermayorista Vital,La Plata,mayorista,La Plata,AR-B,Av. 520 e/ 21 y 23 2650,7790070431417,1,Arroz parboil GALLO ORO bolsa x1kg,GALLO,x1kg,2139.00,1767.77,10.00,21390.00,17677.70,,,,,2026-05-08T05:33:10-03:00,2026-05-08/sepa_1_comercio-sepa-60_2026-05-08_09-05-10.zip
60|1|0013|7790070433114|Arroz parboil GALLO ORO bolsa x500g|1105.00,2026-05-08,arroz,60,1,0013,MAYCAR S.A.,Supermayorista Vital,La Plata,mayorista,La Plata,AR-B,Av. 520 e/ 21 y 23 2650,7790070433114,1,Arroz parboil GALLO ORO bolsa x500g,GALLO,x500g,1105.00,913.22,10.00,11050.00,9132.20,,,,,2026-05-08T05:33:10-03:00,2026-05-08/sepa_1_comercio-sepa-60_2026-05-08_09-05-10.zip
60|1|0013|7790070433091|Arroz parboil GALLO ORO estuche x1kg|2599.00,2026-05-08,arroz,60,1,0013,MAYCAR S.A.,Supermayorista Vital,La Plata,mayorista,La Plata,AR-B,Av. 520 e/ 21 y 23 2650,7790070433091,1,Arroz parboil GALLO ORO estuche x1kg,GALLO,x1kg,2599.00,2147.93,10.00,25990.00,21479.30,,,,,2026-05-08T05:33:10-03:00,2026-05-08/sepa_1_comercio-sepa-60_2026-05-08_09-05-10.zip
60|1|0013|7790070432261|Arroz prep. GALLO queso seleccion x240g|2615.00,2026-05-08,arroz,60,1,0013,MAYCAR S.A.,Supermayorista Vital,La Plata,mayorista,La Plata,AR-B,Av. 520 e/ 21 y 23 2650,7790070432261,1,Arroz prep. GALLO queso seleccion x240g,GALLO,x240g,2615.00,2161.16,12.00,31380.00,25933.92,,,,,2026-05-08T05:33:10-03:00,2026-05-08/sepa_1_comercio-sepa-60_2026-05-08_09-05-10.zip
60|1|0013|7790070432254|Arroz prep. GALLO veget. seleccion x240g|2615.00,2026-05-08,arroz,60,1,0013,MAYCAR S.A.,Supermayorista Vital,La Plata,mayorista,La Plata,AR-B,Av. 520 e/ 21 y 23 2650,7790070432254,1,Arroz prep. GALLO veget. seleccion x240g,GALLO,x240g,2615.00,2161.16,12.00,31380.00,25933.92,,,,,2026-05-08T05:33:10-03:00,2026-05-08/sepa_1_comercio-sepa-60_2026-05-08_09-05-10.zip
60|1|0013|7790070418425|Bizcochos arroz GALLO dulce x100g|2299.00,2026-05-08,arroz,60,1,0013,MAYCAR S.A.,Supermayorista Vital,La Plata,mayorista,La Plata,AR-B,Av. 520 e/ 21 y 23 2650,7790070418425,1,Bizcochos arroz GALLO dulce x100g,GALLO,x100g,2299.00,1900.00,56.00,128744.00,106400.00,,,,,2026-05-08T05:33:10-03:00,2026-05-08/sepa_1_comercio-sepa-60_2026-05-08_09-05-10.zip
60|1|0013|7790070418463|Bizcochos arroz GALLO salados x100g|2299.00,2026-05-08,arroz,60,1,0013,MAYCAR S.A.,Supermayorista Vital,La Plata,mayorista,La Plata,AR-B,Av. 520 e/ 21 y 23 2650,7790070418463,1,Bizcochos arroz GALLO salados x100g,GALLO,x100g,2299.00,1900.00,56.00,128744.00,106400.00,,,,,2026-05-08T05:33:10-03:00,2026-05-08/sepa_1_comercio-sepa-60_2026-05-08_09-05-10.zip
60|1|0013|7790070418449|Bizcochos arroz GALLO tortita neg x100g|2299.00,2026-05-08,arroz,60,1,0013,MAYCAR S.A.,Supermayorista Vital,La Plata,mayorista,La Plata,AR-B,Av. 520 e/ 21 y 23 2650,7790070418449,1,Bizcochos arroz GALLO tortita neg x100g,GALLO,x100g,2299.00,1900.00,56.00,128744.00,106400.00,,,,,2026-05-08T05:33:10-03:00,2026-05-08/sepa_1_comercio-sepa-60_2026-05-08_09-05-10.zip
60|1|0013|7790070411952|Oblea arroz GALLO x20g|1049.00,2026-05-08,arroz,60,1,0013,MAYCAR S.A.,Supermayorista Vital,La Plata,mayorista,La Plata,AR-B,Av. 520 e/ 21 y 23 2650,7790070411952,1,Oblea arroz GALLO x20g,GALLO,x20g,1049.00,866.94,24.00,25176.00,20806.56,,,,,2026-05-08T05:33:10-03:00,2026-05-08/sepa_1_comercio-sepa-60_2026-05-08_09-05-10.zip
60|1|0013|7790070431509|Arroz parboil LUCCHETTI bolsa x1kg|1745.00,2026-05-08,arroz,60,1,0013,MAYCAR S.A.,Supermayorista Vital,La Plata,mayorista,La Plata,AR-B,Av. 520 e/ 21 y 23 2650,7790070431509,1,Arroz parboil LUCCHETTI bolsa x1kg,LUCCHETTI,x1kg,1745.00,1442.15,10.00,17450.00,14421.50,,,,,2026-05-08T05:33:10-03:00,2026-05-08/sepa_1_comercio-sepa-60_2026-05-08_09-05-10.zip
60|1|0013|7790070431516|Arroz parboil LUCCHETTI bolsa x500g|955.00,2026-05-08,arroz,60,1,0013,MAYCAR S.A.,Supermayorista Vital,La Plata,mayorista,La Plata,AR-B,Av. 520 e/ 21 y 23 2650,7790070431516,1,Arroz parboil LUCCHETTI bolsa x500g,LUCCHETTI,x500g,955.00,789.26,10.00,9550.00,7892.60,,,,,2026-05-08T05:33:10-03:00,2026-05-08/sepa_1_comercio-sepa-60_2026-05-08_09-05-10.zip
60|1|0013|7790387070019|Arroz largo fino MARIA x1kg|1299.00,2026-05-08,arroz,60,1,0013,MAYCAR S.A.,Supermayorista Vital,La Plata,mayorista,La Plata,AR-B,Av. 520 e/ 21 y 23 2650,7790387070019,1,Arroz largo fino MARIA x1kg,MARIA,x1kg,1299.00,1073.55,10.00,12990.00,10735.50,,,,,2026-05-08T05:33:10-03:00,2026-05-08/sepa_1_comercio-sepa-60_2026-05-08_09-05-10.zip
60|1|0013|7790387070026|Arroz largo fino MARIA x500gr|699.00,2026-05-08,arroz,60,1,0013,MAYCAR S.A.,Supermayorista Vital,La Plata,mayorista,La Plata,AR-B,Av. 520 e/ 21 y 23 2650,7790387070026,1,Arroz largo fino MARIA x500gr,MARIA,x500gr,699.00,577.69,10.00,6990.00,5776.90,,,,,2026-05-08T05:33:10-03:00,2026-05-08/sepa_1_comercio-sepa-60_2026-05-08_09-05-10.zip
60|1|0013|7791120021558|Arroz doble MOLINOS ALA x1kg|2159.00,2026-05-08,arroz,60,1,0013,MAYCAR S.A.,Supermayorista Vital,La Plata,mayorista,La Plata,AR-B,Av. 520 e/ 21 y 23 2650,7791120021558,1,Arroz doble MOLINOS ALA x1kg,MOLINOS ALA,x1kg,2159.00,1784.30,10.00,21590.00,17843.00,,,,,2026-05-08T05:33:10-03:00,2026-05-08/sepa_1_comercio-sepa-60_2026-05-08_09-05-10.zip
60|1|0013|7791120021565|Arroz doble carolina MOLINOS ALA x500gr|1489.00,2026-05-08,arroz,60,1,0013,MAYCAR S.A.,Supermayorista Vital,La Plata,mayorista,La Plata,AR-B,Av. 520 e/ 21 y 23 2650,7791120021565,1,Arroz doble carolina MOLINOS ALA x500gr,MOLINOS ALA,x500gr,1489.00,1230.58,10.00,14890.00,12305.80,,,,,2026-05-08T05:33:10-03:00,2026-05-08/sepa_1_comercio-sepa-60_2026-05-08_09-05-10.zip
60|1|0013|7791120098895|Arroz integral MOLINOS ALA x500gr|999.00,2026-05-08,arroz,60,1,0013,MAYCAR S.A.,Supermayorista Vital,La Plata,mayorista,La Plata,AR-B,Av. 520 e/ 21 y 23 2650,7791120098895,1,Arroz integral MOLINOS ALA x500gr,MOLINOS ALA,x500gr,999.00,825.62,10.00,9990.00,8256.20,,,,,2026-05-08T05:33:10-03:00,2026-05-08/sepa_1_comercio-sepa-60_2026-05-08_09-05-10.zip
60|1|0013|7791120031557|Arroz largo fino MOLINOS ALA g.sel. x1kg|1149.00,2026-05-08,arroz,60,1,0013,MAYCAR S.A.,Supermayorista Vital,La Plata,mayorista,La Plata,AR-B,Av. 520 e/ 21 y 23 2650,7791120031557,1,Arroz largo fino MOLINOS ALA g.sel. x1kg,MOLINOS ALA,x1kg,1149.00,949.59,10.00,11490.00,9495.90,,,,,2026-05-08T05:33:10-03:00,2026-05-08/sepa_1_comercio-sepa-60_2026-05-08_09-05-10.zip
60|1|0013|7791120031564|Arroz largo fino MOLINOS ALA g.selx500gr|628.99,2026-05-08,arroz,60,1,0013,MAYCAR S.A.,Supermayorista Vital,La Plata,mayorista,La Plata,AR-B,Av. 520 e/ 21 y 23 2650,7791120031564,1,Arroz largo fino MOLINOS ALA g.selx500gr,MOLINOS ALA,,628.99,519.83,10.00,6289.90,5198.30,,,,,2026-05-08T05:33:10-03:00,2026-05-08/sepa_1_comercio-sepa-60_2026-05-08_09-05-10.zip
60|1|0013|7791120037566|Arroz parboil MOLINOS ALA g.sel. x500gr|1015.00,2026-05-08,arroz,60,1,0013,MAYCAR S.A.,Supermayorista Vital,La Plata,mayorista,La Plata,AR-B,Av. 520 e/ 21 y 23 2650,7791120037566,1,Arroz parboil MOLINOS ALA g.sel. x500gr,MOLINOS ALA,x500gr,1015.00,838.84,10.00,10150.00,8388.40,,,,,2026-05-08T05:33:10-03:00,2026-05-08/sepa_1_comercio-sepa-60_2026-05-08_09-05-10.zip
60|1|0013|7791120037559|Arroz parboil MOLINOS ALA g.selecto x1kg|1249.00,2026-05-08,arroz,60,1,0013,MAYCAR S.A.,Supermayorista Vital,La Plata,mayorista,La Plata,AR-B,Av. 520 e/ 21 y 23 2650,7791120037559,1,Arroz parboil MOLINOS ALA g.selecto x1kg,MOLINOS ALA,x1kg,1249.00,1032.23,10.00,12490.00,10322.30,,,,,2026-05-08T05:33:10-03:00,2026-05-08/sepa_1_comercio-sepa-60_2026-05-08_09-05-10.zip
60|1|0013|7791120098093|Tostadas arroz MOLINOS ALA clasic.x150gr|1399.00,2026-05-08,arroz,60,1,0013,MAYCAR S.A.,Supermayorista Vital,La Plata,mayorista,La Plata,AR-B,Av. 520 e/ 21 y 23 2650,7791120098093,1,Tostadas arroz MOLINOS ALA clasic.x150gr,MOLINOS ALA,x150gr,1399.00,1156.20,24.00,33576.00,27748.80,,,,,2026-05-08T05:33:10-03:00,2026-05-08/sepa_1_comercio-sepa-60_2026-05-08_09-05-10.zip
60|1|0013|7791120098116|Tostadas arroz MOLINOS ALA sin salx150gr|1845.00,2026-05-08,arroz,60,1,0013,MAYCAR S.A.,Supermayorista Vital,La Plata,mayorista,La Plata,AR-B,Av. 520 e/ 21 y 23 2650,7791120098116,1,Tostadas arroz MOLINOS ALA sin salx150gr,MOLINOS ALA,,1845.00,1524.79,24.00,44280.00,36594.96,,,,,2026-05-08T05:33:10-03:00,2026-05-08/sepa_1_comercio-sepa-60_2026-05-08_09-05-10.zip
60|1|0013|7891000369371|Chocolate CRUNCH c/arroz croc x80g|3999.00,2026-05-08,arroz,60,1,0013,MAYCAR S.A.,Supermayorista Vital,La Plata,mayorista,La Plata,AR-B,Av. 520 e/ 21 y 23 2650,7891000369371,1,Chocolate CRUNCH c/arroz croc x80g,NESTLE,x80g,3999.00,3304.96,16.00,63984.00,52879.36,,,,,2026-05-08T05:33:10-03:00,2026-05-08/sepa_1_comercio-sepa-60_2026-05-08_09-05-10.zip
60|1|0013|7790071080218|Tostadas arroz RIERA sin tacc x150g|1899.00,2026-05-08,arroz,60,1,0013,MAYCAR S.A.,Supermayorista Vital,La Plata,mayorista,La Plata,AR-B,Av. 520 e/ 21 y 23 2650,7790071080218,1,Tostadas arroz RIERA sin tacc x150g,RIERA,x150g,1899.00,1569.42,12.00,22788.00,18833.04,,,,,2026-05-08T05:33:10-03:00,2026-05-08/sepa_1_comercio-sepa-60_2026-05-08_09-05-10.zip
60|1|0013|7798023691482|Arroz largo fino S&P 00000 x 500g|599.00,2026-05-08,arroz,60,1,0013,MAYCAR S.A.,Supermayorista Vital,La Plata,mayorista,La Plata,AR-B,Av. 520 e/ 21 y 23 2650,7798023691482,1,Arroz largo fino S&P 00000 x 500g,S&P,x 500g,599.00,495.04,10.00,5990.00,4950.40,,,,,2026-05-08T05:33:10-03:00,2026-05-08/sepa_1_comercio-sepa-60_2026-05-08_09-05-10.zip
63|1|17|7794940000550|AZUCAR HILERET LIGHT 250 gr|1559.88,2026-05-08,azucar,63,1,17,MAXICONSUMO S A,MAXICONSUMO,Sucursal La Plata,mayorista,La Plata,AR-B,Calle 13 esq. 517,7794940000550,1,AZUCAR HILERET LIGHT 250 gr,HILERET,250 gr,1559.88,1289.16,9,14038.92,11602.44,,,,,2026-05-07T21:00:22-03:00,2026-05-08/sepa_1_comercio-sepa-63_2026-05-08_09-05-10.zip
63|1|17|7794940000536|AZUCAR HILERET LIGHT 500 gr|2759.88,2026-05-08,azucar,63,1,17,MAXICONSUMO S A,MAXICONSUMO,Sucursal La Plata,mayorista,La Plata,AR-B,Calle 13 esq. 517,7794940000536,1,AZUCAR HILERET LIGHT 500 gr,HILERET,500 gr,2759.88,2280.89,9,24838.92,20528.01,,,,,2026-05-07T21:00:22-03:00,2026-05-08/sepa_1_comercio-sepa-63_2026-05-08_09-05-10.zip
63|1|17|7792540260138|AZUCAR LEDESMA 1 kg|1619.88,2026-05-08,azucar,63,1,17,MAXICONSUMO S A,MAXICONSUMO,Sucursal La Plata,mayorista,La Plata,AR-B,Calle 13 esq. 517,7792540260138,1,AZUCAR LEDESMA 1 kg,LEDESMA,1 kg,1619.88,1338.74,10,16198.80,13387.40,,,,,2026-05-07T21:00:22-03:00,2026-05-08/sepa_1_comercio-sepa-63_2026-05-08_09-05-10.zip
63|1|17|7792540293754|AZUCAR LEDESMA LIGHT 500 gr|2279.87,2026-05-08,azucar,63,1,17,MAXICONSUMO S A,MAXICONSUMO,Sucursal La Plata,mayorista,La Plata,AR-B,Calle 13 esq. 517,7792540293754,1,AZUCAR LEDESMA LIGHT 500 gr,LEDESMA,500 gr,2279.87,1884.19,6,13679.22,11305.14,,,,,2026-05-07T21:00:22-03:00,2026-05-08/sepa_1_comercio-sepa-63_2026-05-08_09-05-10.zip
63|1|17|7792540294607|AZUCAR LEDESMA RUBIO MASC. 800 gr|2279.87,2026-05-08,azucar,63,1,17,MAXICONSUMO S A,MAXICONSUMO,Sucursal La Plata,mayorista,La Plata,AR-B,Calle 13 esq. 517,7792540294607,1,AZUCAR LEDESMA RUBIO MASC. 800 gr,LEDESMA,800 gr,2279.87,1884.19,6,13679.22,11305.14,,,,,2026-05-07T21:00:22-03:00,2026-05-08/sepa_1_comercio-sepa-63_2026-05-08_09-05-10.zip
63|1|17|7791813434412|GAS. SEVEN.UP SIN AZUCAR 1.5 lt|2105.16,2026-05-08,azucar,63,1,17,MAXICONSUMO S A,MAXICONSUMO,Sucursal La Plata,mayorista,La Plata,AR-B,Calle 13 esq. 517,7791813434412,1,GAS. SEVEN.UP SIN AZUCAR 1.5 lt,SEVEN.UP,1.5 lt,2105.16,1739.80,6,12630.96,10438.80,,,,,2026-05-07T21:00:22-03:00,2026-05-08/sepa_1_comercio-sepa-63_2026-05-08_09-05-10.zip
60|1|0013|7791100046137|Azucar CHANGO bajas calorias x500g|1599.00,2026-05-08,azucar,60,1,0013,MAYCAR S.A.,Supermayorista Vital,La Plata,mayorista,La Plata,AR-B,Av. 520 e/ 21 y 23 2650,7791100046137,1,Azucar CHANGO bajas calorias x500g,CHANGO,x500g,1599.00,1321.49,10.00,15990.00,13214.90,,,,,2026-05-08T05:33:10-03:00,2026-05-08/sepa_1_comercio-sepa-60_2026-05-08_09-05-10.zip
60|1|0013|7791100000481|Azucar CHANGO bolsa x1kg|1329.00,2026-05-08,azucar,60,1,0013,MAYCAR S.A.,Supermayorista Vital,La Plata,mayorista,La Plata,AR-B,Av. 520 e/ 21 y 23 2650,7791100000481,1,Azucar CHANGO bolsa x1kg,CHANGO,x1kg,1329.00,1098.35,10.00,13290.00,10983.50,,,,,2026-05-08T05:33:10-03:00,2026-05-08/sepa_1_comercio-sepa-60_2026-05-08_09-05-10.zip
60|1|0013|7791100000450|Azucar CHANGO organica S/TACC x1kg|5495.00,2026-05-08,azucar,60,1,0013,MAYCAR S.A.,Supermayorista Vital,La Plata,mayorista,La Plata,AR-B,Av. 520 e/ 21 y 23 2650,7791100000450,1,Azucar CHANGO organica S/TACC x1kg,CHANGO,x1kg,5495.00,4541.32,10.00,54950.00,45413.20,,,,,2026-05-08T05:33:10-03:00,2026-05-08/sepa_1_comercio-sepa-60_2026-05-08_09-05-10.zip
60|1|0013|7792900990620|Azucar DOS ANCLAS impalpable x300gr|2205.00,2026-05-08,azucar,60,1,0013,MAYCAR S.A.,Supermayorista Vital,La Plata,mayorista,La Plata,AR-B,Av. 520 e/ 21 y 23 2650,7792900990620,1,Azucar DOS ANCLAS impalpable x300gr,DOS ANCLAS,x300gr,2205.00,1822.31,15.00,33075.00,27334.65,,,,,2026-05-08T05:33:10-03:00,2026-05-08/sepa_1_comercio-sepa-60_2026-05-08_09-05-10.zip
60|1|0013|7790380045717|Chocolate GEORGALOS negro s/azucar x30gr|1845.00,2026-05-08,azucar,60,1,0013,MAYCAR S.A.,Supermayorista Vital,La Plata,mayorista,La Plata,AR-B,Av. 520 e/ 21 y 23 2650,7790380045717,1,Chocolate GEORGALOS negro s/azucar x30gr,GEORGALOS,x30gr,1845.00,1524.79,12.00,22140.00,18297.48,,,,,2026-05-08T05:33:10-03:00,2026-05-08/sepa_1_comercio-sepa-60_2026-05-08_09-05-10.zip
60|1|0013|7794940000536|Azucar HILERET light x500gr|2149.00,2026-05-08,azucar,60,1,0013,MAYCAR S.A.,Supermayorista Vital,La Plata,mayorista,La Plata,AR-B,Av. 520 e/ 21 y 23 2650,7794940000536,1,Azucar HILERET light x500gr,HILERET,x500gr,2149.00,1776.03,9.00,19341.00,15984.27,,,,,2026-05-08T05:33:10-03:00,2026-05-08/sepa_1_comercio-sepa-60_2026-05-08_09-05-10.zip
60|1|0013|7792540293754|Azucar LEDESMA light x500gr|1949.00,2026-05-08,azucar,60,1,0013,MAYCAR S.A.,Supermayorista Vital,La Plata,mayorista,La Plata,AR-B,Av. 520 e/ 21 y 23 2650,7792540293754,1,Azucar LEDESMA light x500gr,LEDESMA,x500gr,1949.00,1610.74,6.00,11694.00,9664.44,,,,,2026-05-08T05:33:10-03:00,2026-05-08/sepa_1_comercio-sepa-60_2026-05-08_09-05-10.zip
60|1|0013|7792540260138|Azucar LEDESMA x1kg|1299.00,2026-05-08,azucar,60,1,0013,MAYCAR S.A.,Supermayorista Vital,La Plata,mayorista,La Plata,AR-B,Av. 520 e/ 21 y 23 2650,7792540260138,1,Azucar LEDESMA x1kg,LEDESMA,x1kg,1299.00,1073.55,10.00,12990.00,10735.50,,,,,2026-05-08T05:33:10-03:00,2026-05-08/sepa_1_comercio-sepa-60_2026-05-08_09-05-10.zip
60|1|0013|8445290559975|Cacao NESQUIK menos azucar x300g|4959.00,2026-05-08,azucar,60,1,0013,MAYCAR S.A.,Supermayorista Vital,La Plata,mayorista,La Plata,AR-B,Av. 520 e/ 21 y 23 2650,8445290559975,1,Cacao NESQUIK menos azucar x300g,NESQUIK,x300g,4959.00,4098.35,12.00,59508.00,49180.20,,,,,2026-05-08T05:33:10-03:00,2026-05-08/sepa_1_comercio-sepa-60_2026-05-08_09-05-10.zip
60|1|0013|8445290615893|Cereal NESTUM multicereal s/azucar x225g|4899.00,2026-05-08,azucar,60,1,0013,MAYCAR S.A.,Supermayorista Vital,La Plata,mayorista,La Plata,AR-B,Av. 520 e/ 21 y 23 2650,8445290615893,1,Cereal NESTUM multicereal s/azucar x225g,NESTUM,x225g,4899.00,4048.76,12.00,58788.00,48585.12,,,,,2026-05-08T05:33:10-03:00,2026-05-08/sepa_1_comercio-sepa-60_2026-05-08_09-05-10.zip
60|1|0013|8445290615961|Cereal NESTUM multicereal s/azucar x500g|8799.00,2026-05-08,azucar,60,1,0013,MAYCAR S.A.,Supermayorista Vital,La Plata,mayorista,La Plata,AR-B,Av. 520 e/ 21 y 23 2650,8445290615961,1,Cereal NESTUM multicereal s/azucar x500g,NESTUM,x500g,8799.00,7271.90,12.00,105588.00,87262.80,,,,,2026-05-08T05:33:10-03:00,2026-05-08/sepa_1_comercio-sepa-60_2026-05-08_09-05-10.zip
60|1|0013|7790950143706|Amargo TERMA citrus sin azucar x1.35lt|1748.99,2026-05-08,azucar,60,1,0013,MAYCAR S.A.,Supermayorista Vital,La Plata,mayorista,La Plata,AR-B,Av. 520 e/ 21 y 23 2650,7790950143706,1,Amargo TERMA citrus sin azucar x1.35lt,TERMA,x1.35lt,1748.99,1445.45,12.00,20987.88,17345.40,,,,,2026-05-08T05:33:10-03:00,2026-05-08/sepa_1_comercio-sepa-60_2026-05-08_09-05-10.zip
63|1|17|0813293026646|COPA CRISTAR CERVEZA 442 cc|2878.80,2026-05-08,cerveza,63,1,17,MAXICONSUMO S A,MAXICONSUMO,Sucursal La Plata,mayorista,La Plata,AR-B,Calle 13 esq. 517,0813293026646,1,COPA CRISTAR CERVEZA 442 cc,CRISTAR,442 cc,2878.80,2379.17,12,34545.60,28550.04,,,,,2026-05-07T21:00:22-03:00,2026-05-08/sepa_1_comercio-sepa-63_2026-05-08_09-05-10.zip
63|1|17|0813293027650|VASO CRISTAR CERVEZA 437 cc|4318.80,2026-05-08,cerveza,63,1,17,MAXICONSUMO S A,MAXICONSUMO,Sucursal La Plata,mayorista,La Plata,AR-B,Calle 13 esq. 517,0813293027650,1,VASO CRISTAR CERVEZA 437 cc,CRISTAR,437 cc,4318.80,3569.26,12,51825.60,42831.12,,,,,2026-05-07T21:00:22-03:00,2026-05-08/sepa_1_comercio-sepa-63_2026-05-08_09-05-10.zip
60|1|0013|7792798013951|Cerveza 1890 rubia lata x473cc|2025.00,2026-05-08,cerveza,60,1,0013,MAYCAR S.A.,Supermayorista Vital,La Plata,mayorista,La Plata,AR-B,Av. 520 e/ 21 y 23 2650,7792798013951,1,Cerveza 1890 rubia lata x473cc,1890,x473cc,2025.00,1673.55,24.00,48600.00,40165.20,,,,,2026-05-08T05:33:10-03:00,2026-05-08/sepa_1_comercio-sepa-60_2026-05-08_09-05-10.zip
60|1|0013|7792798002320|Cerveza ANDES ORIGEN negra lata x473cc|2299.00,2026-05-08,cerveza,60,1,0013,MAYCAR S.A.,Supermayorista Vital,La Plata,mayorista,La Plata,AR-B,Av. 520 e/ 21 y 23 2650,7792798002320,1,Cerveza ANDES ORIGEN negra lata x473cc,ANDES ORIGEN,x473cc,2299.00,1903.14,6.00,13794.00,11418.84,,,,,2026-05-08T05:33:10-03:00,2026-05-08/sepa_1_comercio-sepa-60_2026-05-08_09-05-10.zip
60|1|0013|7792798992317|Cerveza ANDES ORIGEN roja lata x473cc|2299.00,2026-05-08,cerveza,60,1,0013,MAYCAR S.A.,Supermayorista Vital,La Plata,mayorista,La Plata,AR-B,Av. 520 e/ 21 y 23 2650,7792798992317,1,Cerveza ANDES ORIGEN roja lata x473cc,ANDES ORIGEN,x473cc,2299.00,1902.81,6.00,13794.00,11416.86,,,,,2026-05-08T05:33:10-03:00,2026-05-08/sepa_1_comercio-sepa-60_2026-05-08_09-05-10.zip
60|1|0013|7792798999866|Cerveza ANDES ORIGEN rubia lata x473cc|2299.00,2026-05-08,cerveza,60,1,0013,MAYCAR S.A.,Supermayorista Vital,La Plata,mayorista,La Plata,AR-B,Av. 520 e/ 21 y 23 2650,7792798999866,1,Cerveza ANDES ORIGEN rubia lata x473cc,ANDES ORIGEN,x473cc,2299.00,1902.75,6.00,13794.00,11416.50,,,,,2026-05-08T05:33:10-03:00,2026-05-08/sepa_1_comercio-sepa-60_2026-05-08_09-05-10.zip
60|1|0013|7792798005970|Cerveza BRAHMA lata x473cc|1869.00,2026-05-08,cerveza,60,1,0013,MAYCAR S.A.,Supermayorista Vital,La Plata,mayorista,La Plata,AR-B,Av. 520 e/ 21 y 23 2650,7792798005970,1,Cerveza BRAHMA lata x473cc,BRAHMA,x473cc,1869.00,1544.63,6.00,11214.00,9267.78,,,,,2026-05-08T05:33:10-03:00,2026-05-08/sepa_1_comercio-sepa-60_2026-05-08_09-05-10.zip
60|1|0013|7793147118846|Cerveza BUDWEISER lata x473cc|2175.00,2026-05-08,cerveza,60,1,0013,MAYCAR S.A.,Supermayorista Vital,La Plata,mayorista,La Plata,AR-B,Av. 520 e/ 21 y 23 2650,7793147118846,1,Cerveza BUDWEISER lata x473cc,BUDWEISER,x473cc,2175.00,1797.52,6.00,13050.00,10785.12,,,,,2026-05-08T05:33:10-03:00,2026-05-08/sepa_1_comercio-sepa-60_2026-05-08_09-05-10.zip
60|1|0013|7792798003716|Cerveza CORONA botella NR x710cc|4875.00,2026-05-08,cerveza,60,1,0013,MAYCAR S.A.,Supermayorista Vital,La Plata,mayorista,La Plata,AR-B,Av. 520 e/ 21 y 23 2650,7792798003716,1,Cerveza CORONA botella NR x710cc,CORONA,x710cc,4875.00,4034.69,12.00,58500.00,48416.28,,,,,2026-05-08T05:33:10-03:00,2026-05-08/sepa_1_comercio-sepa-60_2026-05-08_09-05-10.zip
60|1|0013|7792798014873|Cerveza CORONA cero porron NR x330cc|2868.99,2026-05-08,cerveza,60,1,0013,MAYCAR S.A.,Supermayorista Vital,La Plata,mayorista,La Plata,AR-B,Av. 520 e/ 21 y 23 2650,7792798014873,1,Cerveza CORONA cero porron NR x330cc,CORONA,x330cc,2868.99,2371.07,24.00,68855.76,56905.68,,,,,2026-05-08T05:33:10-03:00,2026-05-08/sepa_1_comercio-sepa-60_2026-05-08_09-05-10.zip
60|1|0013|7792798003709|Cerveza CORONA porron NR x330cc|2999.00,2026-05-08,cerveza,60,1,0013,MAYCAR S.A.,Supermayorista Vital,La Plata,mayorista,La Plata,AR-B,Av. 520 e/ 21 y 23 2650,7792798003709,1,Cerveza CORONA porron NR x330cc,CORONA,x330cc,2999.00,2481.90,6.00,17994.00,14891.40,,,,,2026-05-08T05:33:10-03:00,2026-05-08/sepa_1_comercio-sepa-60_2026-05-08_09-05-10.zip
60|1|0013|7793147570866|Cerveza GROLSCH lata x473cc|2945.00,2026-05-08,cerveza,60,1,0013,MAYCAR S.A.,Supermayorista Vital,La Plata,mayorista,La Plata,AR-B,Av. 520 e/ 21 y 23 2650,7793147570866,1,Cerveza GROLSCH lata x473cc,GROLSCH,x473cc,2945.00,2436.82,6.00,17670.00,14620.92,,,,,2026-05-08T05:33:10-03:00,2026-05-08/sepa_1_comercio-sepa-60_2026-05-08_09-05-10.zip
60|1|0013|7793147009137|Cerveza HEINEKEN porron NR x330cc|3269.00,2026-05-08,cerveza,60,1,0013,MAYCAR S.A.,Supermayorista Vital,La Plata,mayorista,La Plata,AR-B,Av. 520 e/ 21 y 23 2650,7793147009137,1,Cerveza HEINEKEN porron NR x330cc,HEINEKEN,x330cc,3269.00,2703.66,6.00,19614.00,16221.96,,,,,2026-05-08T05:33:10-03:00,2026-05-08/sepa_1_comercio-sepa-60_2026-05-08_09-05-10.zip
60|1|0013|7792798014019|Cerveza MICHELOB ultra lata x473cc|2725.00,2026-05-08,cerveza,60,1,0013,MAYCAR S.A.,Supermayorista Vital,La Plata,mayorista,La Plata,AR-B,Av. 520 e/ 21 y 23 2650,7792798014019,1,Cerveza MICHELOB ultra lata x473cc,MICHELOB,x473cc,2725.00,2252.07,6.00,16350.00,13512.42,,,,,2026-05-08T05:33:10-03:00,2026-05-08/sepa_1_comercio-sepa-60_2026-05-08_09-05-10.zip
60|1|0013|7792798009114|Cerveza QUILMES 0.0% lata x473cc|1999.00,2026-05-08,cerveza,60,1,0013,MAYCAR S.A.,Supermayorista Vital,La Plata,mayorista,La Plata,AR-B,Av. 520 e/ 21 y 23 2650,7792798009114,1,Cerveza QUILMES 0.0% lata x473cc,QUILMES,x473cc,1999.00,1652.07,6.00,11994.00,9912.42,,,,,2026-05-08T05:33:10-03:00,2026-05-08/sepa_1_comercio-sepa-60_2026-05-08_09-05-10.zip
60|1|0013|7792798007387|Cerveza QUILMES botella x1lt|4199.00,2026-05-08,cerveza,60,1,0013,MAYCAR S.A.,Supermayorista Vital,La Plata,mayorista,La Plata,AR-B,Av. 520 e/ 21 y 23 2650,7792798007387,1,Cerveza QUILMES botella x1lt,QUILMES,x1lt,4199.00,3472.82,12.00,50388.00,41673.84,,,,,2026-05-08T05:33:10-03:00,2026-05-08/sepa_1_comercio-sepa-60_2026-05-08_09-05-10.zip
60|1|0013|7792798013395|Cerveza QUILMES ipa x473ml|2069.00,2026-05-08,cerveza,60,1,0013,MAYCAR S.A.,Supermayorista Vital,La Plata,mayorista,La Plata,AR-B,Av. 520 e/ 21 y 23 2650,7792798013395,1,Cerveza QUILMES ipa x473ml,QUILMES,x473ml,2069.00,1709.92,6.00,12414.00,10259.52,,,,,2026-05-08T05:33:10-03:00,2026-05-08/sepa_1_comercio-sepa-60_2026-05-08_09-05-10.zip
60|1|0013|7792798013913|Cerveza QUILMES lata x473cc|1799.00,2026-05-08,cerveza,60,1,0013,MAYCAR S.A.,Supermayorista Vital,La Plata,mayorista,La Plata,AR-B,Av. 520 e/ 21 y 23 2650,7792798013913,1,Cerveza QUILMES lata x473cc,QUILMES,x473cc,1799.00,1488.68,6.00,10794.00,8932.08,,,,,2026-05-08T05:33:10-03:00,2026-05-08/sepa_1_comercio-sepa-60_2026-05-08_09-05-10.zip
60|1|0013|7792798014835|Cerveza QUILMES x710cc|2879.00,2026-05-08,cerveza,60,1,0013,MAYCAR S.A.,Supermayorista Vital,La Plata,mayorista,La Plata,AR-B,Av. 520 e/ 21 y 23 2650,7792798014835,1,Cerveza QUILMES x710cc,QUILMES,x710cc,2879.00,2379.34,4.00,11516.00,9517.36,,,,,2026-05-08T05:33:10-03:00,2026-05-08/sepa_1_comercio-sepa-60_2026-05-08_09-05-10.zip
60|1|0013|7793147118860|Cerveza SCHNEIDER lata x473cc|1838.99,2026-05-08,cerveza,60,1,0013,MAYCAR S.A.,Supermayorista Vital,La Plata,mayorista,La Plata,AR-B,Av. 520 e/ 21 y 23 2650,7793147118860,1,Cerveza SCHNEIDER lata x473cc,SCHNEIDER,x473cc,1838.99,1519.83,6.00,11033.94,9118.98,,,,,2026-05-08T05:33:10-03:00,2026-05-08/sepa_1_comercio-sepa-60_2026-05-08_09-05-10.zip
60|1|0013|7793147570606|Cerveza SCHNEIDER lata x710cc|2699.00,2026-05-08,cerveza,60,1,0013,MAYCAR S.A.,Supermayorista Vital,La Plata,mayorista,La Plata,AR-B,Av. 520 e/ 21 y 23 2650,7793147570606,1,Cerveza SCHNEIDER lata x710cc,SCHNEIDER,x710cc,2699.00,2233.43,6.00,16194.00,13400.58,,,,,2026-05-08T05:33:10-03:00,2026-05-08/sepa_1_comercio-sepa-60_2026-05-08_09-05-10.zip
60|1|0013|7792798014361|Cerveza STELLA ARTOIS lata x473cc|2729.01,2026-05-08,cerveza,60,1,0013,MAYCAR S.A.,Supermayorista Vital,La Plata,mayorista,La Plata,AR-B,Av. 520 e/ 21 y 23 2650,7792798014361,1,Cerveza STELLA ARTOIS lata x473cc,STELLA ARTOIS,x473cc,2729.01,2258.53,6.00,16374.06,13551.18,,,,,2026-05-08T05:33:10-03:00,2026-05-08/sepa_1_comercio-sepa-60_2026-05-08_09-05-10.zip
60|1|0013|7792798013494|Cerveza STELLA ARTOIS sin alcohol x473cc|3099.00,2026-05-08,cerveza,60,1,0013,MAYCAR S.A.,Supermayorista Vital,La Plata,mayorista,La Plata,AR-B,Av. 520 e/ 21 y 23 2650,7792798013494,1,Cerveza STELLA ARTOIS sin alcohol x473cc,STELLA ARTOIS,x473cc,3099.00,2561.16,6.00,18594.00,15366.96,,,,,2026-05-08T05:33:10-03:00,2026-05-08/sepa_1_comercio-sepa-60_2026-05-08_09-05-10.zip
60|1|0013|7791290794276|Detergente ALA limon x300ml|1199.00,2026-05-08,detergente,60,1,0013,MAYCAR S.A.,Supermayorista Vital,La Plata,mayorista,La Plata,AR-B,Av. 520 e/ 21 y 23 2650,7791290794276,1,Detergente ALA limon x300ml,ALA,x300ml,1199.00,990.91,12.00,14388.00,11890.92,,,,,2026-05-08T05:33:10-03:00,2026-05-08/sepa_1_comercio-sepa-60_2026-05-08_09-05-10.zip
60|1|0013|7791290794283|Detergente ALA limon x500ml|2299.00,2026-05-08,detergente,60,1,0013,MAYCAR S.A.,Supermayorista Vital,La Plata,mayorista,La Plata,AR-B,Av. 520 e/ 21 y 23 2650,7791290794283,1,Detergente ALA limon x500ml,ALA,x500ml,2299.00,1900.00,12.00,27588.00,22800.00,,,,,2026-05-08T05:33:10-03:00,2026-05-08/sepa_1_comercio-sepa-60_2026-05-08_09-05-10.zip
60|1|0013|7791290794320|Detergente ALA oceano x500ml|2299.00,2026-05-08,detergente,60,1,0013,MAYCAR S.A.,Supermayorista Vital,La Plata,mayorista,La Plata,AR-B,Av. 520 e/ 21 y 23 2650,7791290794320,1,Detergente ALA oceano x500ml,ALA,x500ml,2299.00,1900.00,12.00,27588.00,22800.00,,,,,2026-05-08T05:33:10-03:00,2026-05-08/sepa_1_comercio-sepa-60_2026-05-08_09-05-10.zip
60|1|0013|7791290794306|Detergente ALA pomelo x500ml|2299.00,2026-05-08,detergente,60,1,0013,MAYCAR S.A.,Supermayorista Vital,La Plata,mayorista,La Plata,AR-B,Av. 520 e/ 21 y 23 2650,7791290794306,1,Detergente ALA pomelo x500ml,ALA,x500ml,2299.00,1900.00,12.00,27588.00,22800.00,,,,,2026-05-08T05:33:10-03:00,2026-05-08/sepa_1_comercio-sepa-60_2026-05-08_09-05-10.zip
60|1|0013|7791290794108|Detergente CIF Bioactive lima x300ml|1568.99,2026-05-08,detergente,60,1,0013,MAYCAR S.A.,Supermayorista Vital,La Plata,mayorista,La Plata,AR-B,Av. 520 e/ 21 y 23 2650,7791290794108,1,Detergente CIF Bioactive lima x300ml,CIF,x300ml,1568.99,1296.69,12.00,18827.88,15560.28,,,,,2026-05-08T05:33:10-03:00,2026-05-08/sepa_1_comercio-sepa-60_2026-05-08_09-05-10.zip
60|1|0013|7791290794115|Detergente CIF Bioactive lima x500ml|2615.00,2026-05-08,detergente,60,1,0013,MAYCAR S.A.,Supermayorista Vital,La Plata,mayorista,La Plata,AR-B,Av. 520 e/ 21 y 23 2650,7791290794115,1,Detergente CIF Bioactive lima x500ml,CIF,x500ml,2615.00,2161.16,12.00,31380.00,25933.92,,,,,2026-05-08T05:33:10-03:00,2026-05-08/sepa_1_comercio-sepa-60_2026-05-08_09-05-10.zip
60|1|0013|7791290794122|Detergente CIF Bioactive lima x750ml|4389.00,2026-05-08,detergente,60,1,0013,MAYCAR S.A.,Supermayorista Vital,La Plata,mayorista,La Plata,AR-B,Av. 520 e/ 21 y 23 2650,7791290794122,1,Detergente CIF Bioactive lima x750ml,CIF,x750ml,4389.00,3627.27,12.00,52668.00,43527.24,,,,,2026-05-08T05:33:10-03:00,2026-05-08/sepa_1_comercio-sepa-60_2026-05-08_09-05-10.zip
60|1|0013|7791290794054|Detergente CIF Bioactive limon x300ml|1568.99,2026-05-08,detergente,60,1,0013,MAYCAR S.A.,Supermayorista Vital,La Plata,mayorista,La Plata,AR-B,Av. 520 e/ 21 y 23 2650,7791290794054,1,Detergente CIF Bioactive limon x300ml,CIF,x300ml,1568.99,1296.69,12.00,18827.88,15560.28,,,,,2026-05-08T05:33:10-03:00,2026-05-08/sepa_1_comercio-sepa-60_2026-05-08_09-05-10.zip
60|1|0013|7791290794061|Detergente CIF Bioactive limon x500ml|2615.00,2026-05-08,detergente,60,1,0013,MAYCAR S.A.,Supermayorista Vital,La Plata,mayorista,La Plata,AR-B,Av. 520 e/ 21 y 23 2650,7791290794061,1,Detergente CIF Bioactive limon x500ml,CIF,x500ml,2615.00,2161.16,12.00,31380.00,25933.92,,,,,2026-05-08T05:33:10-03:00,2026-05-08/sepa_1_comercio-sepa-60_2026-05-08_09-05-10.zip
60|1|0013|7791290794078|Detergente CIF Bioactive limon x750ml|4389.00,2026-05-08,detergente,60,1,0013,MAYCAR S.A.,Supermayorista Vital,La Plata,mayorista,La Plata,AR-B,Av. 520 e/ 21 y 23 2650,7791290794078,1,Detergente CIF Bioactive limon x750ml,CIF,x750ml,4389.00,3627.27,12.00,52668.00,43527.24,,,,,2026-05-08T05:33:10-03:00,2026-05-08/sepa_1_comercio-sepa-60_2026-05-08_09-05-10.zip
60|1|0013|7798131250458|Detergente HEROE ultra manzana x300ml|1225.00,2026-05-08,detergente,60,1,0013,MAYCAR S.A.,Supermayorista Vital,La Plata,mayorista,La Plata,AR-B,Av. 520 e/ 21 y 23 2650,7798131250458,1,Detergente HEROE ultra manzana x300ml,HEROE,x300ml,1225.00,1012.40,24.00,29400.00,24297.60,,,,,2026-05-08T05:33:10-03:00,2026-05-08/sepa_1_comercio-sepa-60_2026-05-08_09-05-10.zip
60|1|0013|7790990003404|Detergente MAGISTRAL limon crem x300ml|1899.00,2026-05-08,detergente,60,1,0013,MAYCAR S.A.,Supermayorista Vital,La Plata,mayorista,La Plata,AR-B,Av. 520 e/ 21 y 23 2650,7790990003404,1,Detergente MAGISTRAL limon crem x300ml,MAGISTRAL,x300ml,1899.00,1569.42,21.00,39879.00,32957.82,,,,,2026-05-08T05:33:10-03:00,2026-05-08/sepa_1_comercio-sepa-60_2026-05-08_09-05-10.zip
60|1|0013|7790990003411|Detergente MAGISTRAL limon crem x500ml|3299.00,2026-05-08,detergente,60,1,0013,MAYCAR S.A.,Supermayorista Vital,La Plata,mayorista,La Plata,AR-B,Av. 520 e/ 21 y 23 2650,7790990003411,1,Detergente MAGISTRAL limon crem x500ml,MAGISTRAL,x500ml,3299.00,2726.45,20.00,65980.00,54529.00,,,,,2026-05-08T05:33:10-03:00,2026-05-08/sepa_1_comercio-sepa-60_2026-05-08_09-05-10.zip
60|1|0013|7790990003787|Detergente MAGISTRAL limon d/p x450ml|3135.00,2026-05-08,detergente,60,1,0013,MAYCAR S.A.,Supermayorista Vital,La Plata,mayorista,La Plata,AR-B,Av. 520 e/ 21 y 23 2650,7790990003787,1,Detergente MAGISTRAL limon d/p x450ml,MAGISTRAL,x450ml,3135.00,2590.91,21.00,65835.00,54409.11,,,,,2026-05-08T05:33:10-03:00,2026-05-08/sepa_1_comercio-sepa-60_2026-05-08_09-05-10.zip
60|1|0013|7790990003954|Detergente MAGISTRAL limon x225ml|1649.00,2026-05-08,detergente,60,1,0013,MAYCAR S.A.,Supermayorista Vital,La Plata,mayorista,La Plata,AR-B,Av. 520 e/ 21 y 23 2650,7790990003954,1,Detergente MAGISTRAL limon x225ml,MAGISTRAL,x225ml,1649.00,1362.81,21.00,34629.00,28619.01,,,,,2026-05-08T05:33:10-03:00,2026-05-08/sepa_1_comercio-sepa-60_2026-05-08_09-05-10.zip
60|1|0013|7790990003022|Detergente MAGISTRAL limon x300ml|1899.00,2026-05-08,detergente,60,1,0013,MAYCAR S.A.,Supermayorista Vital,La Plata,mayorista,La Plata,AR-B,Av. 520 e/ 21 y 23 2650,7790990003022,1,Detergente MAGISTRAL limon x300ml,MAGISTRAL,x300ml,1899.00,1569.42,21.00,39879.00,32957.82,,,,,2026-05-08T05:33:10-03:00,2026-05-08/sepa_1_comercio-sepa-60_2026-05-08_09-05-10.zip
60|1|0013|7790990003039|Detergente MAGISTRAL limon x500ml|3299.00,2026-05-08,detergente,60,1,0013,MAYCAR S.A.,Supermayorista Vital,La Plata,mayorista,La Plata,AR-B,Av. 520 e/ 21 y 23 2650,7790990003039,1,Detergente MAGISTRAL limon x500ml,MAGISTRAL,x500ml,3299.00,2726.45,20.00,65980.00,54529.00,,,,,2026-05-08T05:33:10-03:00,2026-05-08/sepa_1_comercio-sepa-60_2026-05-08_09-05-10.zip
60|1|0013|7790990003046|Detergente MAGISTRAL limon x750ml|4699.00,2026-05-08,detergente,60,1,0013,MAYCAR S.A.,Supermayorista Vital,La Plata,mayorista,La Plata,AR-B,Av. 520 e/ 21 y 23 2650,7790990003046,1,Detergente MAGISTRAL limon x750ml,MAGISTRAL,x750ml,4699.00,3883.47,18.00,84582.00,69902.46,,,,,2026-05-08T05:33:10-03:00,2026-05-08/sepa_1_comercio-sepa-60_2026-05-08_09-05-10.zip
63|1|17|7790070320285|FID. FAVORITA SPAGHETTI 500 gr|959.87,2026-05-08,fideos,63,1,17,MAXICONSUMO S A,MAXICONSUMO,Sucursal La Plata,mayorista,La Plata,AR-B,Calle 13 esq. 517,7790070320285,1,FID. FAVORITA SPAGHETTI 500 gr,FAVORITA,500 gr,959.87,793.28,20,19197.40,15865.60,,,,,2026-05-07T21:00:22-03:00,2026-05-08/sepa_1_comercio-sepa-63_2026-05-08_09-05-10.zip
63|1|17|7790070336385|FID. LUCCHETTI SPAGHETTI 500 gr|1379.88,2026-05-08,fideos,63,1,17,MAXICONSUMO S A,MAXICONSUMO,Sucursal La Plata,mayorista,La Plata,AR-B,Calle 13 esq. 517,7790070336385,1,FID. LUCCHETTI SPAGHETTI 500 gr,LUCCHETTI,500 gr,1379.88,1140.40,20,27597.60,22808.00,,,,,2026-05-07T21:00:22-03:00,2026-05-08/sepa_1_comercio-sepa-63_2026-05-08_09-05-10.zip
63|1|17|7790070336309|FID. MATARAZZO SPAGHETTI 500 gr|1379.88,2026-05-08,fideos,63,1,17,MAXICONSUMO S A,MAXICONSUMO,Sucursal La Plata,mayorista,La Plata,AR-B,Calle 13 esq. 517,7790070336309,1,FID. MATARAZZO SPAGHETTI 500 gr,MATARAZZO,500 gr,1379.88,1140.40,20,27597.60,22808.00,,,,,2026-05-07T21:00:22-03:00,2026-05-08/sepa_1_comercio-sepa-63_2026-05-08_09-05-10.zip
60|1|0013|7730114000797|Fideos BLUE PATNA fetuccin s/tacc x500g|4465.00,2026-05-08,fideos,60,1,0013,MAYCAR S.A.,Supermayorista Vital,La Plata,mayorista,La Plata,AR-B,Av. 520 e/ 21 y 23 2650,7730114000797,1,Fideos BLUE PATNA fetuccin s/tacc x500g,BLUE PATNA,x500g,4465.00,3690.08,18.00,80370.00,66421.44,,,,,2026-05-08T05:33:10-03:00,2026-05-08/sepa_1_comercio-sepa-60_2026-05-08_09-05-10.zip
60|1|0013|7730114100077|Fideos BLUE PATNA mostach.s/tacc x500gr|4465.00,2026-05-08,fideos,60,1,0013,MAYCAR S.A.,Supermayorista Vital,La Plata,mayorista,La Plata,AR-B,Av. 520 e/ 21 y 23 2650,7730114100077,1,Fideos BLUE PATNA mostach.s/tacc x500gr,BLUE PATNA,x500gr,4465.00,3690.08,18.00,80370.00,66421.44,,,,,2026-05-08T05:33:10-03:00,2026-05-08/sepa_1_comercio-sepa-60_2026-05-08_09-05-10.zip
60|1|0013|7730114100015|Fideos BLUE PATNA spaghett s/tacc x500g|4465.00,2026-05-08,fideos,60,1,0013,MAYCAR S.A.,Supermayorista Vital,La Plata,mayorista,La Plata,AR-B,Av. 520 e/ 21 y 23 2650,7730114100015,1,Fideos BLUE PATNA spaghett s/tacc x500g,BLUE PATNA,x500g,4465.00,3690.08,30.00,133950.00,110702.40,,,,,2026-05-08T05:33:10-03:00,2026-05-08/sepa_1_comercio-sepa-60_2026-05-08_09-05-10.zip
60|1|0013|7790070336552|Fideos DON VICENTE case. a/huevo x500gr|2499.00,2026-05-08,fideos,60,1,0013,MAYCAR S.A.,Supermayorista Vital,La Plata,mayorista,La Plata,AR-B,Av. 520 e/ 21 y 23 2650,7790070336552,1,Fideos DON VICENTE case. a/huevo x500gr,DON VICENTE,x500gr,2499.00,2065.29,20.00,49980.00,41305.80,,,,,2026-05-08T05:33:10-03:00,2026-05-08/sepa_1_comercio-sepa-60_2026-05-08_09-05-10.zip
60|1|0013|7790070336545|Fideos DON VICENTE fettu. a/huevo x500gr|2499.00,2026-05-08,fideos,60,1,0013,MAYCAR S.A.,Supermayorista Vital,La Plata,mayorista,La Plata,AR-B,Av. 520 e/ 21 y 23 2650,7790070336545,1,Fideos DON VICENTE fettu. a/huevo x500gr,DON VICENTE,x500gr,2499.00,2065.29,20.00,49980.00,41305.80,,,,,2026-05-08T05:33:10-03:00,2026-05-08/sepa_1_comercio-sepa-60_2026-05-08_09-05-10.zip
60|1|0013|7790070336576|Fideos DON VICENTE tallar.a/huevo x500gr|2499.00,2026-05-08,fideos,60,1,0013,MAYCAR S.A.,Supermayorista Vital,La Plata,mayorista,La Plata,AR-B,Av. 520 e/ 21 y 23 2650,7790070336576,1,Fideos DON VICENTE tallar.a/huevo x500gr,DON VICENTE,x500gr,2499.00,2065.29,20.00,49980.00,41305.80,,,,,2026-05-08T05:33:10-03:00,2026-05-08/sepa_1_comercio-sepa-60_2026-05-08_09-05-10.zip
60|1|0013|7790070320285|Fideos FAVORITA spaghetti x500gr|794.99,2026-05-08,fideos,60,1,0013,MAYCAR S.A.,Supermayorista Vital,La Plata,mayorista,La Plata,AR-B,Av. 520 e/ 21 y 23 2650,7790070320285,1,Fideos FAVORITA spaghetti x500gr,FAVORITA,x500gr,794.99,657.02,20.00,15899.80,13140.40,,,,,2026-05-08T05:33:10-03:00,2026-05-08/sepa_1_comercio-sepa-60_2026-05-08_09-05-10.zip
60|1|0013|7790070320292|Fideos FAVORITA tallarin x500gr|794.99,2026-05-08,fideos,60,1,0013,MAYCAR S.A.,Supermayorista Vital,La Plata,mayorista,La Plata,AR-B,Av. 520 e/ 21 y 23 2650,7790070320292,1,Fideos FAVORITA tallarin x500gr,FAVORITA,x500gr,794.99,657.02,20.00,15899.80,13140.40,,,,,2026-05-08T05:33:10-03:00,2026-05-08/sepa_1_comercio-sepa-60_2026-05-08_09-05-10.zip
60|1|0013|7790070318343|Fideos LUCCHETTI  coditos x500gr|1098.99,2026-05-08,fideos,60,1,0013,MAYCAR S.A.,Supermayorista Vital,La Plata,mayorista,La Plata,AR-B,Av. 520 e/ 21 y 23 2650,7790070318343,1,Fideos LUCCHETTI  coditos x500gr,LUCCHETTI,x500gr,1098.99,908.26,15.00,16484.85,13623.90,,,,,2026-05-08T05:33:10-03:00,2026-05-08/sepa_1_comercio-sepa-60_2026-05-08_09-05-10.zip
60|1|0013|7790070336149|Fideos LUCCHETTI mostachol N52 x500g|1098.99,2026-05-08,fideos,60,1,0013,MAYCAR S.A.,Supermayorista Vital,La Plata,mayorista,La Plata,AR-B,Av. 520 e/ 21 y 23 2650,7790070336149,1,Fideos LUCCHETTI mostachol N52 x500g,LUCCHETTI,x500g,1098.99,908.26,15.00,16484.85,13623.90,,,,,2026-05-08T05:33:10-03:00,2026-05-08/sepa_1_comercio-sepa-60_2026-05-08_09-05-10.zip
60|1|0013|7790070318350|Fideos LUCCHETTI moños x500g|1799.00,2026-05-08,fideos,60,1,0013,MAYCAR S.A.,Supermayorista Vital,La Plata,mayorista,La Plata,AR-B,Av. 520 e/ 21 y 23 2650,7790070318350,1,Fideos LUCCHETTI moños x500g,LUCCHETTI,x500g,1799.00,1486.78,15.00,26985.00,22301.70,,,,,2026-05-08T05:33:10-03:00,2026-05-08/sepa_1_comercio-sepa-60_2026-05-08_09-05-10.zip
60|1|0013|7790070336361|Fideos LUCCHETTI penne rigate N45 x500g|1098.99,2026-05-08,fideos,60,1,0013,MAYCAR S.A.,Supermayorista Vital,La Plata,mayorista,La Plata,AR-B,Av. 520 e/ 21 y 23 2650,7790070336361,1,Fideos LUCCHETTI penne rigate N45 x500g,LUCCHETTI,x500g,1098.99,908.26,15.00,16484.85,13623.90,,,,,2026-05-08T05:33:10-03:00,2026-05-08/sepa_1_comercio-sepa-60_2026-05-08_09-05-10.zip
60|1|0013|7790070336385|Fideos LUCCHETTI spaghetti N7 x500grs|1098.99,2026-05-08,fideos,60,1,0013,MAYCAR S.A.,Supermayorista Vital,La Plata,mayorista,La Plata,AR-B,Av. 520 e/ 21 y 23 2650,7790070336385,1,Fideos LUCCHETTI spaghetti N7 x500grs,LUCCHETTI,,1098.99,908.26,20.00,21979.80,18165.20,,,,,2026-05-08T05:33:10-03:00,2026-05-08/sepa_1_comercio-sepa-60_2026-05-08_09-05-10.zip
60|1|0013|7790070337108|Fideos LUCCHETTI spaghetti huevo x500gr|1649.00,2026-05-08,fideos,60,1,0013,MAYCAR S.A.,Supermayorista Vital,La Plata,mayorista,La Plata,AR-B,Av. 520 e/ 21 y 23 2650,7790070337108,1,Fideos LUCCHETTI spaghetti huevo x500gr,LUCCHETTI,x500gr,1649.00,1362.81,20.00,32980.00,27256.20,,,,,2026-05-08T05:33:10-03:00,2026-05-08/sepa_1_comercio-sepa-60_2026-05-08_09-05-10.zip
60|1|0013|7790070336118|Fideos LUCCHETTI tallarin N5 x500g|1098.99,2026-05-08,fideos,60,1,0013,MAYCAR S.A.,Supermayorista Vital,La Plata,mayorista,La Plata,AR-B,Av. 520 e/ 21 y 23 2650,7790070336118,1,Fideos LUCCHETTI tallarin N5 x500g,LUCCHETTI,x500g,1098.99,908.26,20.00,21979.80,18165.20,,,,,2026-05-08T05:33:10-03:00,2026-05-08/sepa_1_comercio-sepa-60_2026-05-08_09-05-10.zip
60|1|0013|7790070337009|Fideos LUCCHETTI tallarin huevo x500gr|1649.00,2026-05-08,fideos,60,1,0013,MAYCAR S.A.,Supermayorista Vital,La Plata,mayorista,La Plata,AR-B,Av. 520 e/ 21 y 23 2650,7790070337009,1,Fideos LUCCHETTI tallarin huevo x500gr,LUCCHETTI,x500gr,1649.00,1362.81,20.00,32980.00,27256.20,,,,,2026-05-08T05:33:10-03:00,2026-05-08/sepa_1_comercio-sepa-60_2026-05-08_09-05-10.zip
60|1|0013|7790070337085|Fideos LUCCHETTI tirabuzon huevo x500gr|1649.00,2026-05-08,fideos,60,1,0013,MAYCAR S.A.,Supermayorista Vital,La Plata,mayorista,La Plata,AR-B,Av. 520 e/ 21 y 23 2650,7790070337085,1,Fideos LUCCHETTI tirabuzon huevo x500gr,LUCCHETTI,x500gr,1649.00,1362.81,15.00,24735.00,20442.15,,,,,2026-05-08T05:33:10-03:00,2026-05-08/sepa_1_comercio-sepa-60_2026-05-08_09-05-10.zip
60|1|0013|7790070336026|Fideos LUCCHETTI tirabuzon x500g|1098.99,2026-05-08,fideos,60,1,0013,MAYCAR S.A.,Supermayorista Vital,La Plata,mayorista,La Plata,AR-B,Av. 520 e/ 21 y 23 2650,7790070336026,1,Fideos LUCCHETTI tirabuzon x500g,LUCCHETTI,x500g,1098.99,908.26,15.00,16484.85,13623.90,,,,,2026-05-08T05:33:10-03:00,2026-05-08/sepa_1_comercio-sepa-60_2026-05-08_09-05-10.zip
60|1|0013|7790070320018|Fideos MATARAZZO ave maria x500gr|1405.00,2026-05-08,fideos,60,1,0013,MAYCAR S.A.,Supermayorista Vital,La Plata,mayorista,La Plata,AR-B,Av. 520 e/ 21 y 23 2650,7790070320018,1,Fideos MATARAZZO ave maria x500gr,MATARAZZO,x500gr,1405.00,1161.16,15.00,21075.00,17417.40,,,,,2026-05-08T05:33:10-03:00,2026-05-08/sepa_1_comercio-sepa-60_2026-05-08_09-05-10.zip
60|1|0013|7790070318619|Fideos MATARAZZO codos rayado x500g|1405.00,2026-05-08,fideos,60,1,0013,MAYCAR S.A.,Supermayorista Vital,La Plata,mayorista,La Plata,AR-B,Av. 520 e/ 21 y 23 2650,7790070318619,1,Fideos MATARAZZO codos rayado x500g,MATARAZZO,x500g,1405.00,1161.16,15.00,21075.00,17417.40,,,,,2026-05-08T05:33:10-03:00,2026-05-08/sepa_1_comercio-sepa-60_2026-05-08_09-05-10.zip
60|1|0013|7790070336217|Fideos MATARAZZO mostacholes N52 x500g|1405.00,2026-05-08,fideos,60,1,0013,MAYCAR S.A.,Supermayorista Vital,La Plata,mayorista,La Plata,AR-B,Av. 520 e/ 21 y 23 2650,7790070336217,1,Fideos MATARAZZO mostacholes N52 x500g,MATARAZZO,x500g,1405.00,1161.16,15.00,21075.00,17417.40,,,,,2026-05-08T05:33:10-03:00,2026-05-08/sepa_1_comercio-sepa-60_2026-05-08_09-05-10.zip
60|1|0013|7790230033031|Fideos MATARAZZO moños x500g|2099.89,2026-05-08,fideos,60,1,0013,MAYCAR S.A.,Supermayorista Vital,La Plata,mayorista,La Plata,AR-B,Av. 520 e/ 21 y 23 2650,7790230033031,1,Fideos MATARAZZO moños x500g,MATARAZZO,x500g,2099.89,1735.45,15.00,31498.35,26031.75,,,,,2026-05-08T05:33:10-03:00,2026-05-08/sepa_1_comercio-sepa-60_2026-05-08_09-05-10.zip
60|1|0013|7790070336200|Fideos MATARAZZO penne rigate N48 x500g|1405.00,2026-05-08,fideos,60,1,0013,MAYCAR S.A.,Supermayorista Vital,La Plata,mayorista,La Plata,AR-B,Av. 520 e/ 21 y 23 2650,7790070336200,1,Fideos MATARAZZO penne rigate N48 x500g,MATARAZZO,x500g,1405.00,1161.16,15.00,21075.00,17417.40,,,,,2026-05-08T05:33:10-03:00,2026-05-08/sepa_1_comercio-sepa-60_2026-05-08_09-05-10.zip
60|1|0013|7790070336002|Fideos MATARAZZO spaghetti s/tacc x500gr|2799.89,2026-05-08,fideos,60,1,0013,MAYCAR S.A.,Supermayorista Vital,La Plata,mayorista,La Plata,AR-B,Av. 520 e/ 21 y 23 2650,7790070336002,1,Fideos MATARAZZO spaghetti s/tacc x500gr,MATARAZZO,x500gr,2799.89,2313.96,20.00,55997.80,46279.20,,,,,2026-05-08T05:33:10-03:00,2026-05-08/sepa_1_comercio-sepa-60_2026-05-08_09-05-10.zip
60|1|0013|7790070335975|Fideos MATARAZZO spaghettini int.x500grs|1869.00,2026-05-08,fideos,60,1,0013,MAYCAR S.A.,Supermayorista Vital,La Plata,mayorista,La Plata,AR-B,Av. 520 e/ 21 y 23 2650,7790070335975,1,Fideos MATARAZZO spaghettini int.x500grs,MATARAZZO,,1869.00,1544.63,20.00,37380.00,30892.60,,,,,2026-05-08T05:33:10-03:00,2026-05-08/sepa_1_comercio-sepa-60_2026-05-08_09-05-10.zip
60|1|0013|7790070336316|Fideos MATARAZZO tallarin N5 x500g|1405.00,2026-05-08,fideos,60,1,0013,MAYCAR S.A.,Supermayorista Vital,La Plata,mayorista,La Plata,AR-B,Av. 520 e/ 21 y 23 2650,7790070336316,1,Fideos MATARAZZO tallarin N5 x500g,MATARAZZO,x500g,1405.00,1161.16,20.00,28100.00,23223.20,,,,,2026-05-08T05:33:10-03:00,2026-05-08/sepa_1_comercio-sepa-60_2026-05-08_09-05-10.zip
60|1|0013|7790070336293|Fideos MATARAZZO tirabuzon N28 x500g|1405.00,2026-05-08,fideos,60,1,0013,MAYCAR S.A.,Supermayorista Vital,La Plata,mayorista,La Plata,AR-B,Av. 520 e/ 21 y 23 2650,7790070336293,1,Fideos MATARAZZO tirabuzon N28 x500g,MATARAZZO,x500g,1405.00,1161.16,15.00,21075.00,17417.40,,,,,2026-05-08T05:33:10-03:00,2026-05-08/sepa_1_comercio-sepa-60_2026-05-08_09-05-10.zip
60|1|0013|7790070336651|Fideos RINA MATA. spaghetti sem. x500gr|2425.00,2026-05-08,fideos,60,1,0013,MAYCAR S.A.,Supermayorista Vital,La Plata,mayorista,La Plata,AR-B,Av. 520 e/ 21 y 23 2650,7790070336651,1,Fideos RINA MATA. spaghetti sem. x500gr,RINA,x500gr,2425.00,2004.13,18.00,43650.00,36074.34,,,,,2026-05-08T05:33:10-03:00,2026-05-08/sepa_1_comercio-sepa-60_2026-05-08_09-05-10.zip
60|1|0013|7790070336460|Fideos TERRABUSI spaghetti N3 x500grs|979.00,2026-05-08,fideos,60,1,0013,MAYCAR S.A.,Supermayorista Vital,La Plata,mayorista,La Plata,AR-B,Av. 520 e/ 21 y 23 2650,7790070336460,1,Fideos TERRABUSI spaghetti N3 x500grs,TERRABUSI,,979.00,809.09,20.00,19580.00,16181.80,,,,,2026-05-08T05:33:10-03:00,2026-05-08/sepa_1_comercio-sepa-60_2026-05-08_09-05-10.zip
60|1|0013|7790070336477|Fideos TERRABUSI tallarin N7 x500grs|979.00,2026-05-08,fideos,60,1,0013,MAYCAR S.A.,Supermayorista Vital,La Plata,mayorista,La Plata,AR-B,Av. 520 e/ 21 y 23 2650,7790070336477,1,Fideos TERRABUSI tallarin N7 x500grs,TERRABUSI,,979.00,809.09,20.00,19580.00,16181.80,,,,,2026-05-08T05:33:10-03:00,2026-05-08/sepa_1_comercio-sepa-60_2026-05-08_09-05-10.zip
60|1|0013|7790070336453|Fideos TERRABUSI tirabuzon x500g|979.00,2026-05-08,fideos,60,1,0013,MAYCAR S.A.,Supermayorista Vital,La Plata,mayorista,La Plata,AR-B,Av. 520 e/ 21 y 23 2650,7790070336453,1,Fideos TERRABUSI tirabuzon x500g,TERRABUSI,x500g,979.00,809.09,15.00,14685.00,12136.35,,,,,2026-05-08T05:33:10-03:00,2026-05-08/sepa_1_comercio-sepa-60_2026-05-08_09-05-10.zip
63|1|17|7790895000997|GAS. COCA COLA 2.25 lt|5353.37,2026-05-08,gaseosas,63,1,17,MAXICONSUMO S A,MAXICONSUMO,Sucursal La Plata,mayorista,La Plata,AR-B,Calle 13 esq. 517,7790895000997,1,GAS. COCA COLA 2.25 lt,COCA COLA,2.25 lt,5353.37,4424.27,8,42826.96,35394.16,,,,,2026-05-07T21:00:22-03:00,2026-05-08/sepa_1_comercio-sepa-63_2026-05-08_09-05-10.zip
63|1|17|7790895067570|GAS. COCA COLA ZERO 2.25 lt|4407.69,2026-05-08,gaseosas,63,1,17,MAXICONSUMO S A,MAXICONSUMO,Sucursal La Plata,mayorista,La Plata,AR-B,Calle 13 esq. 517,7790895067570,1,GAS. COCA COLA ZERO 2.25 lt,COCA COLA,2.25 lt,4407.69,3642.72,8,35261.52,29141.76,,,,,2026-05-07T21:00:22-03:00,2026-05-08/sepa_1_comercio-sepa-63_2026-05-08_09-05-10.zip
63|1|17|7791813888468|GAS. PEPSI COLA 2 lt|2954.66,2026-05-08,gaseosas,63,1,17,MAXICONSUMO S A,MAXICONSUMO,Sucursal La Plata,mayorista,La Plata,AR-B,Calle 13 esq. 517,7791813888468,1,GAS. PEPSI COLA 2 lt,PEPSI COLA,2 lt,2954.66,2441.87,8,23637.28,19534.96,,,,,2026-05-07T21:00:22-03:00,2026-05-08/sepa_1_comercio-sepa-63_2026-05-08_09-05-10.zip
63|1|17|7791813888475|GAS. PEPSI COLA 3 lt|4332.18,2026-05-08,gaseosas,63,1,17,MAXICONSUMO S A,MAXICONSUMO,Sucursal La Plata,mayorista,La Plata,AR-B,Calle 13 esq. 517,7791813888475,1,GAS. PEPSI COLA 3 lt,PEPSI COLA,3 lt,4332.18,3580.31,6,25993.08,21481.86,,,,,2026-05-07T21:00:22-03:00,2026-05-08/sepa_1_comercio-sepa-63_2026-05-08_09-05-10.zip
63|1|17|7791813888376|GAS. PEPSI COLA 354 cc|1675.69,2026-05-08,gaseosas,63,1,17,MAXICONSUMO S A,MAXICONSUMO,Sucursal La Plata,mayorista,La Plata,AR-B,Calle 13 esq. 517,7791813888376,1,GAS. PEPSI COLA 354 cc,PEPSI COLA,354 cc,1675.69,1384.87,24,40216.56,33236.88,,,,,2026-05-07T21:00:22-03:00,2026-05-08/sepa_1_comercio-sepa-63_2026-05-08_09-05-10.zip
63|1|17|7791813888406|GAS. PEPSI COLA 500 cc|1381.89,2026-05-08,gaseosas,63,1,17,MAXICONSUMO S A,MAXICONSUMO,Sucursal La Plata,mayorista,La Plata,AR-B,Calle 13 esq. 517,7791813888406,1,GAS. PEPSI COLA 500 cc,PEPSI COLA,500 cc,1381.89,1142.06,6,8291.34,6852.36,,,,,2026-05-07T21:00:22-03:00,2026-05-08/sepa_1_comercio-sepa-63_2026-05-08_09-05-10.zip
60|1|0013|7790895000232|Gaseosa COCA COLA lata x354cc|1699.00,2026-05-08,gaseosas,60,1,0013,MAYCAR S.A.,Supermayorista Vital,La Plata,mayorista,La Plata,AR-B,Av. 520 e/ 21 y 23 2650,7790895000232,1,Gaseosa COCA COLA lata x354cc,COCA COLA,x354cc,1699.00,1405.03,6.00,10194.00,8430.18,,,,,2026-05-08T05:33:10-03:00,2026-05-08/sepa_1_comercio-sepa-60_2026-05-08_09-05-10.zip
60|1|0013|7790895012266|Gaseosa COCA COLA pet x1.25lt|2549.00,2026-05-08,gaseosas,60,1,0013,MAYCAR S.A.,Supermayorista Vital,La Plata,mayorista,La Plata,AR-B,Av. 520 e/ 21 y 23 2650,7790895012266,1,Gaseosa COCA COLA pet x1.25lt,COCA COLA,x1.25lt,2549.00,2107.35,12.00,30588.00,25288.20,,,,,2026-05-08T05:33:10-03:00,2026-05-08/sepa_1_comercio-sepa-60_2026-05-08_09-05-10.zip
60|1|0013|7790895007217|Gaseosa COCA COLA pet x1.75lt|3459.00,2026-05-08,gaseosas,60,1,0013,MAYCAR S.A.,Supermayorista Vital,La Plata,mayorista,La Plata,AR-B,Av. 520 e/ 21 y 23 2650,7790895007217,1,Gaseosa COCA COLA pet x1.75lt,COCA COLA,x1.75lt,3459.00,2860.80,8.00,27672.00,22886.40,,,,,2026-05-08T05:33:10-03:00,2026-05-08/sepa_1_comercio-sepa-60_2026-05-08_09-05-10.zip
60|1|0013|7790895000997|Gaseosa COCA COLA pet x2.25lt|4499.00,2026-05-08,gaseosas,60,1,0013,MAYCAR S.A.,Supermayorista Vital,La Plata,mayorista,La Plata,AR-B,Av. 520 e/ 21 y 23 2650,7790895000997,1,Gaseosa COCA COLA pet x2.25lt,COCA COLA,x2.25lt,4499.00,3721.10,8.00,35992.00,29768.80,,,,,2026-05-08T05:33:10-03:00,2026-05-08/sepa_1_comercio-sepa-60_2026-05-08_09-05-10.zip
60|1|0013|7790895650833|Gaseosa COCA COLA pet x500/600cc|1799.00,2026-05-08,gaseosas,60,1,0013,MAYCAR S.A.,Supermayorista Vital,La Plata,mayorista,La Plata,AR-B,Av. 520 e/ 21 y 23 2650,7790895650833,1,Gaseosa COCA COLA pet x500/600cc,COCA COLA,600cc,1799.00,1487.99,6.00,10794.00,8927.94,,,,,2026-05-08T05:33:10-03:00,2026-05-08/sepa_1_comercio-sepa-60_2026-05-08_09-05-10.zip
60|1|0013|7790895004407|Gaseosa COCA COLA zero lata x354cc|1699.00,2026-05-08,gaseosas,60,1,0013,MAYCAR S.A.,Supermayorista Vital,La Plata,mayorista,La Plata,AR-B,Av. 520 e/ 21 y 23 2650,7790895004407,1,Gaseosa COCA COLA zero lata x354cc,COCA COLA,x354cc,1699.00,1404.96,6.00,10194.00,8429.76,,,,,2026-05-08T05:33:10-03:00,2026-05-08/sepa_1_comercio-sepa-60_2026-05-08_09-05-10.zip
60|1|0013|7790895012273|Gaseosa COCA COLA zero pet x1.25lt|2398.99,2026-05-08,gaseosas,60,1,0013,MAYCAR S.A.,Supermayorista Vital,La Plata,mayorista,La Plata,AR-B,Av. 520 e/ 21 y 23 2650,7790895012273,1,Gaseosa COCA COLA zero pet x1.25lt,COCA COLA,x1.25lt,2398.99,1982.64,12.00,28787.88,23791.68,,,,,2026-05-08T05:33:10-03:00,2026-05-08/sepa_1_comercio-sepa-60_2026-05-08_09-05-10.zip
60|1|0013|7790895067570|Gaseosa COCA COLA zero pet x2.25lt|4499.00,2026-05-08,gaseosas,60,1,0013,MAYCAR S.A.,Supermayorista Vital,La Plata,mayorista,La Plata,AR-B,Av. 520 e/ 21 y 23 2650,7790895067570,1,Gaseosa COCA COLA zero pet x2.25lt,COCA COLA,x2.25lt,4499.00,3720.84,8.00,35992.00,29766.72,,,,,2026-05-08T05:33:10-03:00,2026-05-08/sepa_1_comercio-sepa-60_2026-05-08_09-05-10.zip
60|1|0013|7790639003437|Gaseosa CUNNINGTON cola pet x2.25lt|1699.01,2026-05-08,gaseosas,60,1,0013,MAYCAR S.A.,Supermayorista Vital,La Plata,mayorista,La Plata,AR-B,Av. 520 e/ 21 y 23 2650,7790639003437,1,Gaseosa CUNNINGTON cola pet x2.25lt,CUNNINGTON,x2.25lt,1699.01,1405.14,6.00,10194.06,8430.84,,,,,2026-05-08T05:33:10-03:00,2026-05-08/sepa_1_comercio-sepa-60_2026-05-08_09-05-10.zip
60|1|0013|7790639003819|Gaseosa CUNNINGTON cola suave x2.25lt|1699.00,2026-05-08,gaseosas,60,1,0013,MAYCAR S.A.,Supermayorista Vital,La Plata,mayorista,La Plata,AR-B,Av. 520 e/ 21 y 23 2650,7790639003819,1,Gaseosa CUNNINGTON cola suave x2.25lt,CUNNINGTON,x2.25lt,1699.00,1404.80,6.00,10194.00,8428.80,,,,,2026-05-08T05:33:10-03:00,2026-05-08/sepa_1_comercio-sepa-60_2026-05-08_09-05-10.zip
60|1|0013|7790639003635|Gaseosa CUNNINGTON indian tonic x500cc|699.00,2026-05-08,gaseosas,60,1,0013,MAYCAR S.A.,Supermayorista Vital,La Plata,mayorista,La Plata,AR-B,Av. 520 e/ 21 y 23 2650,7790639003635,1,Gaseosa CUNNINGTON indian tonic x500cc,CUNNINGTON,x500cc,699.00,578.12,9.00,6291.00,5203.08,,,,,2026-05-08T05:33:10-03:00,2026-05-08/sepa_1_comercio-sepa-60_2026-05-08_09-05-10.zip
60|1|0013|7790639003833|Gaseosa CUNNINGTON li/limo suave x2.25lt|1699.00,2026-05-08,gaseosas,60,1,0013,MAYCAR S.A.,Supermayorista Vital,La Plata,mayorista,La Plata,AR-B,Av. 520 e/ 21 y 23 2650,7790639003833,1,Gaseosa CUNNINGTON li/limo suave x2.25lt,CUNNINGTON,x2.25lt,1699.00,1404.64,6.00,10194.00,8427.84,,,,,2026-05-08T05:33:10-03:00,2026-05-08/sepa_1_comercio-sepa-60_2026-05-08_09-05-10.zip
60|1|0013|7790639003475|Gaseosa CUNNINGTON naranja pet x2.25lt|1699.00,2026-05-08,gaseosas,60,1,0013,MAYCAR S.A.,Supermayorista Vital,La Plata,mayorista,La Plata,AR-B,Av. 520 e/ 21 y 23 2650,7790639003475,1,Gaseosa CUNNINGTON naranja pet x2.25lt,CUNNINGTON,x2.25lt,1699.00,1404.83,6.00,10194.00,8428.98,,,,,2026-05-08T05:33:10-03:00,2026-05-08/sepa_1_comercio-sepa-60_2026-05-08_09-05-10.zip
60|1|0013|7790639003451|Gaseosa CUNNINGTON pomelo pet x2.25lt|1699.00,2026-05-08,gaseosas,60,1,0013,MAYCAR S.A.,Supermayorista Vital,La Plata,mayorista,La Plata,AR-B,Av. 520 e/ 21 y 23 2650,7790639003451,1,Gaseosa CUNNINGTON pomelo pet x2.25lt,CUNNINGTON,x2.25lt,1699.00,1405.17,6.00,10194.00,8431.02,,,,,2026-05-08T05:33:10-03:00,2026-05-08/sepa_1_comercio-sepa-60_2026-05-08_09-05-10.zip
60|1|0013|7790639003826|Gaseosa CUNNINGTON suave tonica x2.25lt|1699.00,2026-05-08,gaseosas,60,1,0013,MAYCAR S.A.,Supermayorista Vital,La Plata,mayorista,La Plata,AR-B,Av. 520 e/ 21 y 23 2650,7790639003826,1,Gaseosa CUNNINGTON suave tonica x2.25lt,CUNNINGTON,x2.25lt,1699.00,1405.03,6.00,10194.00,8430.18,,,,,2026-05-08T05:33:10-03:00,2026-05-08/sepa_1_comercio-sepa-60_2026-05-08_09-05-10.zip
60|1|0013|7790639003444|Gaseosa CUNNINGTON tonica pet x2.25lt|1499.00,2026-05-08,gaseosas,60,1,0013,MAYCAR S.A.,Supermayorista Vital,La Plata,mayorista,La Plata,AR-B,Av. 520 e/ 21 y 23 2650,7790639003444,1,Gaseosa CUNNINGTON tonica pet x2.25lt,CUNNINGTON,x2.25lt,1499.00,1239.88,6.00,8994.00,7439.28,,,,,2026-05-08T05:33:10-03:00,2026-05-08/sepa_1_comercio-sepa-60_2026-05-08_09-05-10.zip
60|1|0013|7790895650888|Gaseosa FANTA naranja pet x500/600cc|1799.00,2026-05-08,gaseosas,60,1,0013,MAYCAR S.A.,Supermayorista Vital,La Plata,mayorista,La Plata,AR-B,Av. 520 e/ 21 y 23 2650,7790895650888,1,Gaseosa FANTA naranja pet x500/600cc,FANTA,600cc,1799.00,1487.57,6.00,10794.00,8925.42,,,,,2026-05-08T05:33:10-03:00,2026-05-08/sepa_1_comercio-sepa-60_2026-05-08_09-05-10.zip
60|1|0013|7791813888475|Gaseosa PEPSI pet x3lt|5849.00,2026-05-08,gaseosas,60,1,0013,MAYCAR S.A.,Supermayorista Vital,La Plata,mayorista,La Plata,AR-B,Av. 520 e/ 21 y 23 2650,7791813888475,1,Gaseosa PEPSI pet x3lt,PEPSI,x3lt,5849.00,4836.67,6.00,35094.00,29020.02,,,,,2026-05-08T05:33:10-03:00,2026-05-08/sepa_1_comercio-sepa-60_2026-05-08_09-05-10.zip
60|1|0013|7790895007248|Gaseosa SPRITE pet x1.75lt|3558.99,2026-05-08,gaseosas,60,1,0013,MAYCAR S.A.,Supermayorista Vital,La Plata,mayorista,La Plata,AR-B,Av. 520 e/ 21 y 23 2650,7790895007248,1,Gaseosa SPRITE pet x1.75lt,SPRITE,x1.75lt,3558.99,2942.25,8.00,28471.92,23538.00,,,,,2026-05-08T05:33:10-03:00,2026-05-08/sepa_1_comercio-sepa-60_2026-05-08_09-05-10.zip
60|1|0013|7790895001000|Gaseosa SPRITE pet x2.25lt|4399.00,2026-05-08,gaseosas,60,1,0013,MAYCAR S.A.,Supermayorista Vital,La Plata,mayorista,La Plata,AR-B,Av. 520 e/ 21 y 23 2650,7790895001000,1,Gaseosa SPRITE pet x2.25lt,SPRITE,x2.25lt,4399.00,3636.83,8.00,35192.00,29094.64,,,,,2026-05-08T05:33:10-03:00,2026-05-08/sepa_1_comercio-sepa-60_2026-05-08_09-05-10.zip
60|1|0013|7790070562180|Harina BLANCAFLOR leud fort x1kg|1515.00,2026-05-08,harina,60,1,0013,MAYCAR S.A.,Supermayorista Vital,La Plata,mayorista,La Plata,AR-B,Av. 520 e/ 21 y 23 2650,7790070562180,1,Harina BLANCAFLOR leud fort x1kg,BLANCAFLOR,x1kg,1515.00,1371.04,15.00,22725.00,20565.60,,,,,2026-05-08T05:33:10-03:00,2026-05-08/sepa_1_comercio-sepa-60_2026-05-08_09-05-10.zip
60|1|0013|7792180139320|Harina CAÑUELAS 000 vitamina D x1kg|709.00,2026-05-08,harina,60,1,0013,MAYCAR S.A.,Supermayorista Vital,La Plata,mayorista,La Plata,AR-B,Av. 520 e/ 21 y 23 2650,7792180139320,1,Harina CAÑUELAS 000 vitamina D x1kg,CAÑUELAS,x1kg,709.00,641.63,10.00,7090.00,6416.30,,,,,2026-05-08T05:33:10-03:00,2026-05-08/sepa_1_comercio-sepa-60_2026-05-08_09-05-10.zip
60|1|0013|7790070562258|Harina FAVORITA 000 x1kg|799.00,2026-05-08,harina,60,1,0013,MAYCAR S.A.,Supermayorista Vital,La Plata,mayorista,La Plata,AR-B,Av. 520 e/ 21 y 23 2650,7790070562258,1,Harina FAVORITA 000 x1kg,FAVORITA,x1kg,799.00,723.08,15.00,11985.00,10846.20,,,,,2026-05-08T05:33:10-03:00,2026-05-08/sepa_1_comercio-sepa-60_2026-05-08_09-05-10.zip
60|1|0013|7790070562265|Harina FAVORITA 0000 x1kg|1249.00,2026-05-08,harina,60,1,0013,MAYCAR S.A.,Supermayorista Vital,La Plata,mayorista,La Plata,AR-B,Av. 520 e/ 21 y 23 2650,7790070562265,1,Harina FAVORITA 0000 x1kg,FAVORITA,x1kg,1249.00,1130.32,15.00,18735.00,16954.80,,,,,2026-05-08T05:33:10-03:00,2026-05-08/sepa_1_comercio-sepa-60_2026-05-08_09-05-10.zip
60|1|0013|7790199000013|Harina MORIXE 000 x1kg|829.00,2026-05-08,harina,60,1,0013,MAYCAR S.A.,Supermayorista Vital,La Plata,mayorista,La Plata,AR-B,Av. 520 e/ 21 y 23 2650,7790199000013,1,Harina MORIXE 000 x1kg,MORIXE,x1kg,829.00,750.23,10.00,8290.00,7502.30,,,,,2026-05-08T05:33:10-03:00,2026-05-08/sepa_1_comercio-sepa-60_2026-05-08_09-05-10.zip
60|1|0013|7790199000020|Harina MORIXE 0000 x1kg|1089.00,2026-05-08,harina,60,1,0013,MAYCAR S.A.,Supermayorista Vital,La Plata,mayorista,La Plata,AR-B,Av. 520 e/ 21 y 23 2650,7790199000020,1,Harina MORIXE 0000 x1kg,MORIXE,x1kg,1089.00,985.52,10.00,10890.00,9855.20,,,,,2026-05-08T05:33:10-03:00,2026-05-08/sepa_1_comercio-sepa-60_2026-05-08_09-05-10.zip
60|1|0013|7790199604273|Harina MORIXE c/levadura p/pizza x1kg|1529.00,2026-05-08,harina,60,1,0013,MAYCAR S.A.,Supermayorista Vital,La Plata,mayorista,La Plata,AR-B,Av. 520 e/ 21 y 23 2650,7790199604273,1,Harina MORIXE c/levadura p/pizza x1kg,MORIXE,x1kg,1529.00,1383.71,10.00,15290.00,13837.10,,,,,2026-05-08T05:33:10-03:00,2026-05-08/sepa_1_comercio-sepa-60_2026-05-08_09-05-10.zip
60|1|0013|7790199000051|Harina MORIXE leudante x1kg|1299.00,2026-05-08,harina,60,1,0013,MAYCAR S.A.,Supermayorista Vital,La Plata,mayorista,La Plata,AR-B,Av. 520 e/ 21 y 23 2650,7790199000051,1,Harina MORIXE leudante x1kg,MORIXE,x1kg,1299.00,1175.57,10.00,12990.00,11755.70,,,,,2026-05-08T05:33:10-03:00,2026-05-08/sepa_1_comercio-sepa-60_2026-05-08_09-05-10.zip
60|1|0013|7790199603368|Harina de maiz MORIXE para arepas x1kg|2759.01,2026-05-08,harina,60,1,0013,MAYCAR S.A.,Supermayorista Vital,La Plata,mayorista,La Plata,AR-B,Av. 520 e/ 21 y 23 2650,7790199603368,1,Harina de maiz MORIXE para arepas x1kg,MORIXE,x1kg,2759.01,2280.17,20.00,55180.20,45603.40,,,,,2026-05-08T05:33:10-03:00,2026-05-08/sepa_1_comercio-sepa-60_2026-05-08_09-05-10.zip
60|1|0013|7792180004871|Harina PUREZA 0000 ultra refinada x1kg|1099.00,2026-05-08,harina,60,1,0013,MAYCAR S.A.,Supermayorista Vital,La Plata,mayorista,La Plata,AR-B,Av. 520 e/ 21 y 23 2650,7792180004871,1,Harina PUREZA 0000 ultra refinada x1kg,PUREZA,x1kg,1099.00,994.57,10.00,10990.00,9945.70,,,,,2026-05-08T05:33:10-03:00,2026-05-08/sepa_1_comercio-sepa-60_2026-05-08_09-05-10.zip
60|1|0013|7792180004567|Harina PUREZA con levadura p/pizza x1kg|1449.00,2026-05-08,harina,60,1,0013,MAYCAR S.A.,Supermayorista Vital,La Plata,mayorista,La Plata,AR-B,Av. 520 e/ 21 y 23 2650,7792180004567,1,Harina PUREZA con levadura p/pizza x1kg,PUREZA,x1kg,1449.00,1311.31,10.00,14490.00,13113.10,,,,,2026-05-08T05:33:10-03:00,2026-05-08/sepa_1_comercio-sepa-60_2026-05-08_09-05-10.zip
60|1|0013|7792180137258|Harina PUREZA integral c/lev.pizzax1kg|1649.00,2026-05-08,harina,60,1,0013,MAYCAR S.A.,Supermayorista Vital,La Plata,mayorista,La Plata,AR-B,Av. 520 e/ 21 y 23 2650,7792180137258,1,Harina PUREZA integral c/lev.pizzax1kg,PUREZA,,1649.00,1492.31,10.00,16490.00,14923.10,,,,,2026-05-08T05:33:10-03:00,2026-05-08/sepa_1_comercio-sepa-60_2026-05-08_09-05-10.zip
60|1|0013|7792180136671|Harina PUREZA integral leudante x1kg|1999.00,2026-05-08,harina,60,1,0013,MAYCAR S.A.,Supermayorista Vital,La Plata,mayorista,La Plata,AR-B,Av. 520 e/ 21 y 23 2650,7792180136671,1,Harina PUREZA integral leudante x1kg,PUREZA,x1kg,1999.00,1809.05,10.00,19990.00,18090.50,,,,,2026-05-08T05:33:10-03:00,2026-05-08/sepa_1_comercio-sepa-60_2026-05-08_09-05-10.zip
60|1|0013|7792180005588|Harina PUREZA integral x1kg|1299.00,2026-05-08,harina,60,1,0013,MAYCAR S.A.,Supermayorista Vital,La Plata,mayorista,La Plata,AR-B,Av. 520 e/ 21 y 23 2650,7792180005588,1,Harina PUREZA integral x1kg,PUREZA,x1kg,1299.00,1175.57,10.00,12990.00,11755.70,,,,,2026-05-08T05:33:10-03:00,2026-05-08/sepa_1_comercio-sepa-60_2026-05-08_09-05-10.zip
60|1|0013|7792180140708|Harina PUREZA leudante vitamina D x1kg|1349.00,2026-05-08,harina,60,1,0013,MAYCAR S.A.,Supermayorista Vital,La Plata,mayorista,La Plata,AR-B,Av. 520 e/ 21 y 23 2650,7792180140708,1,Harina PUREZA leudante vitamina D x1kg,PUREZA,x1kg,1349.00,1220.81,10.00,13490.00,12208.10,,,,,2026-05-08T05:33:10-03:00,2026-05-08/sepa_1_comercio-sepa-60_2026-05-08_09-05-10.zip
60|1|0013|7798023697941|Harina de maiz  S&P x1kg|1299.00,2026-05-08,harina,60,1,0013,MAYCAR S.A.,Supermayorista Vital,La Plata,mayorista,La Plata,AR-B,Av. 520 e/ 21 y 23 2650,7798023697941,1,Harina de maiz  S&P x1kg,S&P,x1kg,1299.00,1073.55,10.00,12990.00,10735.50,,,,,2026-05-08T05:33:10-03:00,2026-05-08/sepa_1_comercio-sepa-60_2026-05-08_09-05-10.zip
60|1|0013|7798023697439|Harina de maiz S&P coccion rapida x500gr|699.00,2026-05-08,harina,60,1,0013,MAYCAR S.A.,Supermayorista Vital,La Plata,mayorista,La Plata,AR-B,Av. 520 e/ 21 y 23 2650,7798023697439,1,Harina de maiz S&P coccion rapida x500gr,S&P,x500gr,699.00,577.69,10.00,6990.00,5776.90,,,,,2026-05-08T05:33:10-03:00,2026-05-08/sepa_1_comercio-sepa-60_2026-05-08_09-05-10.zip
63|1|17|7790580133313|B.REPOS AGUILA LECHE 150 gr|3479.88,2026-05-08,leche,63,1,17,MAXICONSUMO S A,MAXICONSUMO,Sucursal La Plata,mayorista,La Plata,AR-B,Calle 13 esq. 517,7790580133313,1,B.REPOS AGUILA LECHE 150 gr,AGUILA,150 gr,3479.88,2875.93,96,334068.48,276089.28,,,,,2026-05-07T21:00:22-03:00,2026-05-08/sepa_1_comercio-sepa-63_2026-05-08_09-05-10.zip
63|1|17|7798338290073|LECHE ANGELITA L.VIDA DESC 1 lt|1799.89,2026-05-08,leche,63,1,17,MAXICONSUMO S A,MAXICONSUMO,Sucursal La Plata,mayorista,La Plata,AR-B,Calle 13 esq. 517,7798338290073,1,LECHE ANGELITA L.VIDA DESC 1 lt,ANGELITA,1 lt,1799.89,1487.51,12,21598.68,17850.12,,,,,2026-05-07T21:00:22-03:00,2026-05-08/sepa_1_comercio-sepa-63_2026-05-08_09-05-10.zip
63|1|17|7798338290486|LECHE ANGELITA L.VIDA LIVI 1 lt|1799.89,2026-05-08,leche,63,1,17,MAXICONSUMO S A,MAXICONSUMO,Sucursal La Plata,mayorista,La Plata,AR-B,Calle 13 esq. 517,7798338290486,1,LECHE ANGELITA L.VIDA LIVI 1 lt,ANGELITA,1 lt,1799.89,1487.51,12,21598.68,17850.12,,,,,2026-05-07T21:00:22-03:00,2026-05-08/sepa_1_comercio-sepa-63_2026-05-08_09-05-10.zip
63|1|17|7793940306006|LECHE ARMONIA SACH 1% 1 lt|1859.87,2026-05-08,leche,63,1,17,MAXICONSUMO S A,MAXICONSUMO,Sucursal La Plata,mayorista,La Plata,AR-B,Calle 13 esq. 517,7793940306006,1,LECHE ARMONIA SACH 1% 1 lt,ARMONIA,1 lt,1859.87,1537.08,17,31617.79,26130.36,,,,,2026-05-07T21:00:22-03:00,2026-05-08/sepa_1_comercio-sepa-63_2026-05-08_09-05-10.zip
63|1|17|7790742330703|LECHE ARMONIA SACH 2% 1 lt|1859.87,2026-05-08,leche,63,1,17,MAXICONSUMO S A,MAXICONSUMO,Sucursal La Plata,mayorista,La Plata,AR-B,Calle 13 esq. 517,7790742330703,1,LECHE ARMONIA SACH 2% 1 lt,ARMONIA,1 lt,1859.87,1537.08,17,31617.79,26130.36,,,,,2026-05-07T21:00:22-03:00,2026-05-08/sepa_1_comercio-sepa-63_2026-05-08_09-05-10.zip
63|1|17|7793940361005|LECHE ARMONIA UAT 1% 1 lt|2039.89,2026-05-08,leche,63,1,17,MAXICONSUMO S A,MAXICONSUMO,Sucursal La Plata,mayorista,La Plata,AR-B,Calle 13 esq. 517,7793940361005,1,LECHE ARMONIA UAT 1% 1 lt,ARMONIA,1 lt,2039.89,1685.86,12,24478.68,20230.32,,,,,2026-05-07T21:00:22-03:00,2026-05-08/sepa_1_comercio-sepa-63_2026-05-08_09-05-10.zip
63|1|17|7790742336200|LECHE ARMONIA UAT 2% 1 lt|2039.89,2026-05-08,leche,63,1,17,MAXICONSUMO S A,MAXICONSUMO,Sucursal La Plata,mayorista,La Plata,AR-B,Calle 13 esq. 517,7790742336200,1,LECHE ARMONIA UAT 2% 1 lt,ARMONIA,1 lt,2039.89,1685.86,12,24478.68,20230.32,,,,,2026-05-07T21:00:22-03:00,2026-05-08/sepa_1_comercio-sepa-63_2026-05-08_09-05-10.zip
63|1|17|7891000441879|CHOC. BATON C.LECHE 16 gr|839.89,2026-05-08,leche,63,1,17,MAXICONSUMO S A,MAXICONSUMO,Sucursal La Plata,mayorista,La Plata,AR-B,Calle 13 esq. 517,7891000441879,1,CHOC. BATON C.LECHE 16 gr,BATON,16 gr,839.89,694.12,960,806294.40,666355.20,,,,,2026-05-07T21:00:22-03:00,2026-05-08/sepa_1_comercio-sepa-63_2026-05-08_09-05-10.zip
63|1|17|7790040613706|ALFAJ. BON O BON LECHE 40 gr|1031.88,2026-05-08,leche,63,1,17,MAXICONSUMO S A,MAXICONSUMO,Sucursal La Plata,mayorista,La Plata,AR-B,Calle 13 esq. 517,7790040613706,1,ALFAJ. BON O BON LECHE 40 gr,BON O BON,40 gr,1031.88,852.79,40,41275.20,34111.60,,,,,2026-05-07T21:00:22-03:00,2026-05-08/sepa_1_comercio-sepa-63_2026-05-08_09-05-10.zip
63|1|17|7790580119133|BOMBON BON O BON LECHE 450 gr|13199.89,2026-05-08,leche,63,1,17,MAXICONSUMO S A,MAXICONSUMO,Sucursal La Plata,mayorista,La Plata,AR-B,Calle 13 esq. 517,7790580119133,1,BOMBON BON O BON LECHE 450 gr,BON O BON,450 gr,13199.89,10909.00,12,158398.68,130908.00,,,,,2026-05-07T21:00:22-03:00,2026-05-08/sepa_1_comercio-sepa-63_2026-05-08_09-05-10.zip
63|1|17|7792360071365|CHO.TAZ BONAFIDE LECHE 100 gr|4679.87,2026-05-08,leche,63,1,17,MAXICONSUMO S A,MAXICONSUMO,Sucursal La Plata,mayorista,La Plata,AR-B,Calle 13 esq. 517,7792360071365,1,CHO.TAZ BONAFIDE LECHE 100 gr,BONAFIDE,100 gr,4679.87,3867.66,72,336950.64,278471.52,,,,,2026-05-07T21:00:22-03:00,2026-05-08/sepa_1_comercio-sepa-63_2026-05-08_09-05-10.zip
63|1|17|7792360094302|CHO.TAZ BONAFIDE LECHE 150 gr|5399.87,2026-05-08,leche,63,1,17,MAXICONSUMO S A,MAXICONSUMO,Sucursal La Plata,mayorista,La Plata,AR-B,Calle 13 esq. 517,7792360094302,1,CHO.TAZ BONAFIDE LECHE 150 gr,BONAFIDE,150 gr,5399.87,4462.70,48,259193.76,214209.60,,,,,2026-05-07T21:00:22-03:00,2026-05-08/sepa_1_comercio-sepa-63_2026-05-08_09-05-10.zip
63|1|17|7790070418203|ALFAJ. CHOCOARROZ D.LECHE 25 gr|1079.88,2026-05-08,leche,63,1,17,MAXICONSUMO S A,MAXICONSUMO,Sucursal La Plata,mayorista,La Plata,AR-B,Calle 13 esq. 517,7790070418203,1,ALFAJ. CHOCOARROZ D.LECHE 25 gr,CHOCOARROZ,25 gr,1079.88,892.46,180,194378.40,160642.80,,,,,2026-05-07T21:00:22-03:00,2026-05-08/sepa_1_comercio-sepa-63_2026-05-08_09-05-10.zip
63|1|17|7790580003487|CHOC. COFLER C.LECHE 55 gr|3599.87,2026-05-08,leche,63,1,17,MAXICONSUMO S A,MAXICONSUMO,Sucursal La Plata,mayorista,La Plata,AR-B,Calle 13 esq. 517,7790580003487,1,CHOC. COFLER C.LECHE 55 gr,COFLER,55 gr,3599.87,2975.10,120,431984.40,357012.00,,,,,2026-05-07T21:00:22-03:00,2026-05-08/sepa_1_comercio-sepa-63_2026-05-08_09-05-10.zip
63|1|17|7790580003364|CHOC. COFLER LECHE AIR 27 gr|2039.87,2026-05-08,leche,63,1,17,MAXICONSUMO S A,MAXICONSUMO,Sucursal La Plata,mayorista,La Plata,AR-B,Calle 13 esq. 517,7790580003364,1,CHOC. COFLER LECHE AIR 27 gr,COFLER,27 gr,2039.87,1685.84,160,326379.20,269734.40,,,,,2026-05-07T21:00:22-03:00,2026-05-08/sepa_1_comercio-sepa-63_2026-05-08_09-05-10.zip
63|1|17|7790580043407|CHOC. COFLER LECHE AIR 55 gr|3719.88,2026-05-08,leche,63,1,17,MAXICONSUMO S A,MAXICONSUMO,Sucursal La Plata,mayorista,La Plata,AR-B,Calle 13 esq. 517,7790580043407,1,CHOC. COFLER LECHE AIR 55 gr,COFLER,55 gr,3719.88,3074.28,80,297590.40,245942.40,,,,,2026-05-07T21:00:22-03:00,2026-05-08/sepa_1_comercio-sepa-63_2026-05-08_09-05-10.zip
63|1|17|7792410008006|LICOR CUSENIER D.LECHE 700 cc|6146.17,2026-05-08,leche,63,1,17,MAXICONSUMO S A,MAXICONSUMO,Sucursal La Plata,mayorista,La Plata,AR-B,Calle 13 esq. 517,7792410008006,1,LICOR CUSENIER D.LECHE 700 cc,CUSENIER,700 cc,6146.17,5079.48,6,36877.02,30476.88,,,,,2026-05-07T21:00:22-03:00,2026-05-08/sepa_1_comercio-sepa-63_2026-05-08_09-05-10.zip
63|1|17|7795735601174|MADALEN DON SATUR CON D.LECHE 220 gr|2279.87,2026-05-08,leche,63,1,17,MAXICONSUMO S A,MAXICONSUMO,Sucursal La Plata,mayorista,La Plata,AR-B,Calle 13 esq. 517,7795735601174,1,MADALEN DON SATUR CON D.LECHE 220 gr,DON SATUR,220 gr,2279.87,1884.19,10,22798.70,18841.90,,,,,2026-05-07T21:00:22-03:00,2026-05-08/sepa_1_comercio-sepa-63_2026-05-08_09-05-10.zip
63|1|17|7792360096818|GAL. DONUTS LECHE 78 gr|1799.89,2026-05-08,leche,63,1,17,MAXICONSUMO S A,MAXICONSUMO,Sucursal La Plata,mayorista,La Plata,AR-B,Calle 13 esq. 517,7792360096818,1,GAL. DONUTS LECHE 78 gr,DONUTS,78 gr,1799.89,1487.51,24,43197.36,35700.24,,,,,2026-05-07T21:00:22-03:00,2026-05-08/sepa_1_comercio-sepa-63_2026-05-08_09-05-10.zip
63|1|17|0790380005148|CHOC. GEORGALOS LECHE 8 gr|431.87,2026-05-08,leche,63,1,17,MAXICONSUMO S A,MAXICONSUMO,Sucursal La Plata,mayorista,La Plata,AR-B,Calle 13 esq. 517,0790380005148,1,CHOC. GEORGALOS LECHE 8 gr,GEORGALOS,8 gr,431.87,356.92,480,207297.60,171321.60,,,,,2026-05-07T21:00:22-03:00,2026-05-08/sepa_1_comercio-sepa-63_2026-05-08_09-05-10.zip
63|1|17|7790380416685|COBERT. GEORGALOS LECHE 150 gr|3779.87,2026-05-08,leche,63,1,17,MAXICONSUMO S A,MAXICONSUMO,Sucursal La Plata,mayorista,La Plata,AR-B,Calle 13 esq. 517,7790380416685,1,COBERT. GEORGALOS LECHE 150 gr,GEORGALOS,150 gr,3779.87,3123.86,72,272150.64,224917.92,,,,,2026-05-07T21:00:22-03:00,2026-05-08/sepa_1_comercio-sepa-63_2026-05-08_09-05-10.zip
63|1|17|7794612119184|BOMBON HAMLET LECHE 390 gr|8999.87,2026-05-08,leche,63,1,17,MAXICONSUMO S A,MAXICONSUMO,Sucursal La Plata,mayorista,La Plata,AR-B,Calle 13 esq. 517,7794612119184,1,BOMBON HAMLET LECHE 390 gr,HAMLET,390 gr,8999.87,7437.91,12,107998.44,89254.92,,,,,2026-05-07T21:00:22-03:00,2026-05-08/sepa_1_comercio-sepa-63_2026-05-08_09-05-10.zip
63|1|17|7899970402982|CHOC. HERSHEY CON LECHE 82 gr|3239.87,2026-05-08,leche,63,1,17,MAXICONSUMO S A,MAXICONSUMO,Sucursal La Plata,mayorista,La Plata,AR-B,Calle 13 esq. 517,7899970402982,1,CHOC. HERSHEY CON LECHE 82 gr,HERSHEY,82 gr,3239.87,2677.58,72,233270.64,192785.76,,,,,2026-05-07T21:00:22-03:00,2026-05-08/sepa_1_comercio-sepa-63_2026-05-08_09-05-10.zip
63|1|17|7790787153664|D.LECHE ILOLAY FAMILIAR 405 gr|3479.88,2026-05-08,leche,63,1,17,MAXICONSUMO S A,MAXICONSUMO,Sucursal La Plata,mayorista,La Plata,AR-B,Calle 13 esq. 517,7790787153664,1,D.LECHE ILOLAY FAMILIAR 405 gr,ILOLAY,405 gr,3479.88,2875.93,24,83517.12,69022.32,,,,,2026-05-07T21:00:22-03:00,2026-05-08/sepa_1_comercio-sepa-63_2026-05-08_09-05-10.zip
63|1|17|7790787153671|D.LECHE ILOLAY REP. 405 gr|3839.87,2026-05-08,leche,63,1,17,MAXICONSUMO S A,MAXICONSUMO,Sucursal La Plata,mayorista,La Plata,AR-B,Calle 13 esq. 517,7790787153671,1,D.LECHE ILOLAY REP. 405 gr,ILOLAY,405 gr,3839.87,3173.45,24,92156.88,76162.80,,,,,2026-05-07T21:00:22-03:00,2026-05-08/sepa_1_comercio-sepa-63_2026-05-08_09-05-10.zip
63|1|17|7790787087341|FLAN ILOLAY C/D.LECHE 125 gr|1439.88,2026-05-08,leche,63,1,17,MAXICONSUMO S A,MAXICONSUMO,Sucursal La Plata,mayorista,La Plata,AR-B,Calle 13 esq. 517,7790787087341,1,FLAN ILOLAY C/D.LECHE 125 gr,ILOLAY,125 gr,1439.88,1189.98,20,28797.60,23799.60,,,,,2026-05-07T21:00:22-03:00,2026-05-08/sepa_1_comercio-sepa-63_2026-05-08_09-05-10.zip
63|1|17|7794990878581|D.LECHE L.PAULINA 400 gr|3599.87,2026-05-08,leche,63,1,17,MAXICONSUMO S A,MAXICONSUMO,Sucursal La Plata,mayorista,La Plata,AR-B,Calle 13 esq. 517,7794990878581,1,D.LECHE L.PAULINA 400 gr,L.PAULINA,400 gr,3599.87,2975.10,12,43198.44,35701.20,,,,,2026-05-07T21:00:22-03:00,2026-05-08/sepa_1_comercio-sepa-63_2026-05-08_09-05-10.zip
63|1|17|7794990866977|D.LECHE L.PAULINA REP. 400 gr|3839.87,2026-05-08,leche,63,1,17,MAXICONSUMO S A,MAXICONSUMO,Sucursal La Plata,mayorista,La Plata,AR-B,Calle 13 esq. 517,7794990866977,1,D.LECHE L.PAULINA REP. 400 gr,L.PAULINA,400 gr,3839.87,3173.45,12,46078.44,38081.40,,,,,2026-05-07T21:00:22-03:00,2026-05-08/sepa_1_comercio-sepa-63_2026-05-08_09-05-10.zip
63|1|17|7790742104809|D.LECHE L.SERENIS. CLASICO 250 gr|3359.87,2026-05-08,leche,63,1,17,MAXICONSUMO S A,MAXICONSUMO,Sucursal La Plata,mayorista,La Plata,AR-B,Calle 13 esq. 517,7790742104809,1,D.LECHE L.SERENIS. CLASICO 250 gr,L.SERENIS.,250 gr,3359.87,2776.75,12,40318.44,33321.00,,,,,2026-05-07T21:00:22-03:00,2026-05-08/sepa_1_comercio-sepa-63_2026-05-08_09-05-10.zip
63|1|17|7790742625304|D.LECHE L.SERENIS. CLASICO 400 gr|3239.87,2026-05-08,leche,63,1,17,MAXICONSUMO S A,MAXICONSUMO,Sucursal La Plata,mayorista,La Plata,AR-B,Calle 13 esq. 517,7790742625304,1,D.LECHE L.SERENIS. CLASICO 400 gr,L.SERENIS.,400 gr,3239.87,2677.58,12,38878.44,32130.96,,,,,2026-05-07T21:00:22-03:00,2026-05-08/sepa_1_comercio-sepa-63_2026-05-08_09-05-10.zip
63|1|17|7790742625403|D.LECHE L.SERENIS. COLONIAL 1 kg|11639.87,2026-05-08,leche,63,1,17,MAXICONSUMO S A,MAXICONSUMO,Sucursal La Plata,mayorista,La Plata,AR-B,Calle 13 esq. 517,7790742625403,1,D.LECHE L.SERENIS. COLONIAL 1 kg,L.SERENIS.,1 kg,11639.87,9619.73,8,93118.96,76957.84,,,,,2026-05-07T21:00:22-03:00,2026-05-08/sepa_1_comercio-sepa-63_2026-05-08_09-05-10.zip
63|1|17|7790742625106|D.LECHE L.SERENIS. COLONIAL 250 gr|3479.88,2026-05-08,leche,63,1,17,MAXICONSUMO S A,MAXICONSUMO,Sucursal La Plata,mayorista,La Plata,AR-B,Calle 13 esq. 517,7790742625106,1,D.LECHE L.SERENIS. COLONIAL 250 gr,L.SERENIS.,250 gr,3479.88,2875.93,12,41758.56,34511.16,,,,,2026-05-07T21:00:22-03:00,2026-05-08/sepa_1_comercio-sepa-63_2026-05-08_09-05-10.zip
63|1|17|7790742625205|D.LECHE L.SERENIS. COLONIAL 400 gr|4679.87,2026-05-08,leche,63,1,17,MAXICONSUMO S A,MAXICONSUMO,Sucursal La Plata,mayorista,La Plata,AR-B,Calle 13 esq. 517,7790742625205,1,D.LECHE L.SERENIS. COLONIAL 400 gr,L.SERENIS.,400 gr,4679.87,3867.66,12,56158.44,46411.92,,,,,2026-05-07T21:00:22-03:00,2026-05-08/sepa_1_comercio-sepa-63_2026-05-08_09-05-10.zip
63|1|17|7790742067005|D.LECHE L.SERENIS. REPOSTERO 400 gr|5159.88,2026-05-08,leche,63,1,17,MAXICONSUMO S A,MAXICONSUMO,Sucursal La Plata,mayorista,La Plata,AR-B,Calle 13 esq. 517,7790742067005,1,D.LECHE L.SERENIS. REPOSTERO 400 gr,L.SERENIS.,400 gr,5159.88,4264.36,12,61918.56,51172.32,,,,,2026-05-07T21:00:22-03:00,2026-05-08/sepa_1_comercio-sepa-63_2026-05-08_09-05-10.zip
63|1|17|7790742348302|LECHE L.SERENIS. CLAS.3% 1 lt|1919.88,2026-05-08,leche,63,1,17,MAXICONSUMO S A,MAXICONSUMO,Sucursal La Plata,mayorista,La Plata,AR-B,Calle 13 esq. 517,7790742348302,1,LECHE L.SERENIS. CLAS.3% 1 lt,L.SERENIS.,1 lt,1919.88,1586.68,17,32637.96,26973.56,,,,,2026-05-07T21:00:22-03:00,2026-05-08/sepa_1_comercio-sepa-63_2026-05-08_09-05-10.zip
63|1|17|7790742335807|LECHE L.SERENIS. DES.HIER.FO 1 lt|2399.88,2026-05-08,leche,63,1,17,MAXICONSUMO S A,MAXICONSUMO,Sucursal La Plata,mayorista,La Plata,AR-B,Calle 13 esq. 517,7790742335807,1,LECHE L.SERENIS. DES.HIER.FO 1 lt,L.SERENIS.,1 lt,2399.88,1983.37,6,14399.28,11900.22,,,,,2026-05-07T21:00:22-03:00,2026-05-08/sepa_1_comercio-sepa-63_2026-05-08_09-05-10.zip
63|1|17|7790742333605|LECHE L.SERENIS. DES.ZER.PET 1 lt|2399.88,2026-05-08,leche,63,1,17,MAXICONSUMO S A,MAXICONSUMO,Sucursal La Plata,mayorista,La Plata,AR-B,Calle 13 esq. 517,7790742333605,1,LECHE L.SERENIS. DES.ZER.PET 1 lt,L.SERENIS.,1 lt,2399.88,1983.37,6,14399.28,11900.22,,,,,2026-05-07T21:00:22-03:00,2026-05-08/sepa_1_comercio-sepa-63_2026-05-08_09-05-10.zip
63|1|17|7790742437303|LECHE L.SERENIS. ENTERA BOL. 800 gr|11159.88,2026-05-08,leche,63,1,17,MAXICONSUMO S A,MAXICONSUMO,Sucursal La Plata,mayorista,La Plata,AR-B,Calle 13 esq. 517,7790742437303,1,LECHE L.SERENIS. ENTERA BOL. 800 gr,L.SERENIS.,800 gr,11159.88,9223.04,12,133918.56,110676.48,,,,,2026-05-07T21:00:22-03:00,2026-05-08/sepa_1_comercio-sepa-63_2026-05-08_09-05-10.zip
63|1|17|7790742348005|LECHE L.SERENIS. LIV. 1% 1 lt|1919.88,2026-05-08,leche,63,1,17,MAXICONSUMO S A,MAXICONSUMO,Sucursal La Plata,mayorista,La Plata,AR-B,Calle 13 esq. 517,7790742348005,1,LECHE L.SERENIS. LIV. 1% 1 lt,L.SERENIS.,1 lt,1919.88,1586.68,17,32637.96,26973.56,,,,,2026-05-07T21:00:22-03:00,2026-05-08/sepa_1_comercio-sepa-63_2026-05-08_09-05-10.zip
63|1|17|7790742335609|LECHE L.SERENIS. U.DES.1 PET 1 lt|2879.88,2026-05-08,leche,63,1,17,MAXICONSUMO S A,MAXICONSUMO,Sucursal La Plata,mayorista,La Plata,AR-B,Calle 13 esq. 517,7790742335609,1,LECHE L.SERENIS. U.DES.1 PET 1 lt,L.SERENIS.,1 lt,2879.88,2380.07,6,17279.28,14280.42,,,,,2026-05-07T21:00:22-03:00,2026-05-08/sepa_1_comercio-sepa-63_2026-05-08_09-05-10.zip
63|1|17|7790742335500|LECHE L.SERENIS. U.ENT.3 PET 1 lt|2999.88,2026-05-08,leche,63,1,17,MAXICONSUMO S A,MAXICONSUMO,Sucursal La Plata,mayorista,La Plata,AR-B,Calle 13 esq. 517,7790742335500,1,LECHE L.SERENIS. U.ENT.3 PET 1 lt,L.SERENIS.,1 lt,2999.88,2479.24,6,17999.28,14875.44,,,,,2026-05-07T21:00:22-03:00,2026-05-08/sepa_1_comercio-sepa-63_2026-05-08_09-05-10.zip
63|1|17|7790742363107|LECHE L.SERENIS. UAT 1% 1 lt|2339.89,2026-05-08,leche,63,1,17,MAXICONSUMO S A,MAXICONSUMO,Sucursal La Plata,mayorista,La Plata,AR-B,Calle 13 esq. 517,7790742363107,1,LECHE L.SERENIS. UAT 1% 1 lt,L.SERENIS.,1 lt,2339.89,1933.79,12,28078.68,23205.48,,,,,2026-05-07T21:00:22-03:00,2026-05-08/sepa_1_comercio-sepa-63_2026-05-08_09-05-10.zip
63|1|17|7790742363008|LECHE L.SERENIS. UAT 3% 1 lt|2339.89,2026-05-08,leche,63,1,17,MAXICONSUMO S A,MAXICONSUMO,Sucursal La Plata,mayorista,La Plata,AR-B,Calle 13 esq. 517,7790742363008,1,LECHE L.SERENIS. UAT 3% 1 lt,L.SERENIS.,1 lt,2339.89,1933.79,12,28078.68,23205.48,,,,,2026-05-07T21:00:22-03:00,2026-05-08/sepa_1_comercio-sepa-63_2026-05-08_09-05-10.zip
63|1|17|7790742340306|LECHE L.SERENIS. VEG.ALM S/A 1 lt|5026.23,2026-05-08,leche,63,1,17,MAXICONSUMO S A,MAXICONSUMO,Sucursal La Plata,mayorista,La Plata,AR-B,Calle 13 esq. 517,7790742340306,1,LECHE L.SERENIS. VEG.ALM S/A 1 lt,L.SERENIS.,1 lt,5026.23,4153.91,12,60314.76,49846.92,,,,,2026-05-07T21:00:22-03:00,2026-05-08/sepa_1_comercio-sepa-63_2026-05-08_09-05-10.zip
63|1|17|7790742340108|LECHE L.SERENIS. VEG.ALMENDR 1 lt|5026.23,2026-05-08,leche,63,1,17,MAXICONSUMO S A,MAXICONSUMO,Sucursal La Plata,mayorista,La Plata,AR-B,Calle 13 esq. 517,7790742340108,1,LECHE L.SERENIS. VEG.ALMENDR 1 lt,L.SERENIS.,1 lt,5026.23,4153.91,12,60314.76,49846.92,,,,,2026-05-07T21:00:22-03:00,2026-05-08/sepa_1_comercio-sepa-63_2026-05-08_09-05-10.zip
63|1|17|7798338291049|LECHE LAS 3NIÑAS CHOC 1 lt|3119.89,2026-05-08,leche,63,1,17,MAXICONSUMO S A,MAXICONSUMO,Sucursal La Plata,mayorista,La Plata,AR-B,Calle 13 esq. 517,7798338291049,1,LECHE LAS 3NIÑAS CHOC 1 lt,LAS 3NIÑAS,1 lt,3119.89,2578.42,12,37438.68,30941.04,,,,,2026-05-07T21:00:22-03:00,2026-05-08/sepa_1_comercio-sepa-63_2026-05-08_09-05-10.zip
63|1|17|7798338290028|LECHE LAS 3NIÑAS EX/DEF. ENT 1 lt|2399.88,2026-05-08,leche,63,1,17,MAXICONSUMO S A,MAXICONSUMO,Sucursal La Plata,mayorista,La Plata,AR-B,Calle 13 esq. 517,7798338290028,1,LECHE LAS 3NIÑAS EX/DEF. ENT 1 lt,LAS 3NIÑAS,1 lt,2399.88,1983.37,12,28798.56,23800.44,,,,,2026-05-07T21:00:22-03:00,2026-05-08/sepa_1_comercio-sepa-63_2026-05-08_09-05-10.zip
63|1|17|7798338290035|LECHE LAS 3NIÑAS P/DESC 1 lt|2399.88,2026-05-08,leche,63,1,17,MAXICONSUMO S A,MAXICONSUMO,Sucursal La Plata,mayorista,La Plata,AR-B,Calle 13 esq. 517,7798338290035,1,LECHE LAS 3NIÑAS P/DESC 1 lt,LAS 3NIÑAS,1 lt,2399.88,1983.37,12,28798.56,23800.44,,,,,2026-05-07T21:00:22-03:00,2026-05-08/sepa_1_comercio-sepa-63_2026-05-08_09-05-10.zip
63|1|17|7802215114755|H.PASC MECANO BOLSA LECHE 126 gr|5399.87,2026-05-08,leche,63,1,17,MAXICONSUMO S A,MAXICONSUMO,Sucursal La Plata,mayorista,La Plata,AR-B,Calle 13 esq. 517,7802215114755,1,H.PASC MECANO BOLSA LECHE 126 gr,MECANO,126 gr,5399.87,4462.70,30,161996.10,133881.00,,,,,2026-05-07T21:00:22-03:00,2026-05-08/sepa_1_comercio-sepa-63_2026-05-08_09-05-10.zip
63|1|17|7802215114816|H.PASC MECANO BOLSA LECHE 67 gr|3119.86,2026-05-08,leche,63,1,17,MAXICONSUMO S A,MAXICONSUMO,Sucursal La Plata,mayorista,La Plata,AR-B,Calle 13 esq. 517,7802215114816,1,H.PASC MECANO BOLSA LECHE 67 gr,MECANO,67 gr,3119.86,2578.40,40,124794.40,103136.00,,,,,2026-05-07T21:00:22-03:00,2026-05-08/sepa_1_comercio-sepa-63_2026-05-08_09-05-10.zip
63|1|17|7622300846565|CHOC. MILKA DDL. LECHE 135 gr|9479.88,2026-05-08,leche,63,1,17,MAXICONSUMO S A,MAXICONSUMO,Sucursal La Plata,mayorista,La Plata,AR-B,Calle 13 esq. 517,7622300846565,1,CHOC. MILKA DDL. LECHE 135 gr,MILKA,135 gr,9479.88,7834.61,24,227517.12,188030.64,,,,,2026-05-07T21:00:22-03:00,2026-05-08/sepa_1_comercio-sepa-63_2026-05-08_09-05-10.zip
63|1|17|7622201818937|CHOC. MILKA LEG.LECHE 50 gr|4679.88,2026-05-08,leche,63,1,17,MAXICONSUMO S A,MAXICONSUMO,Sucursal La Plata,mayorista,La Plata,AR-B,Calle 13 esq. 517,7622201818937,1,CHOC. MILKA LEG.LECHE 50 gr,MILKA,50 gr,4679.88,3867.67,28,131036.64,108294.76,,,,,2026-05-07T21:00:22-03:00,2026-05-08/sepa_1_comercio-sepa-63_2026-05-08_09-05-10.zip
63|1|17|7622201812744|CHOC. MILKA LEGER LECHE 110 gr|8999.87,2026-05-08,leche,63,1,17,MAXICONSUMO S A,MAXICONSUMO,Sucursal La Plata,mayorista,La Plata,AR-B,Calle 13 esq. 517,7622201812744,1,CHOC. MILKA LEGER LECHE 110 gr,MILKA,110 gr,8999.87,7437.91,24,215996.88,178509.84,,,,,2026-05-07T21:00:22-03:00,2026-05-08/sepa_1_comercio-sepa-63_2026-05-08_09-05-10.zip
63|1|17|7794820000885|D.LECHE MILKAUT CLASICO 1 kg|8159.88,2026-05-08,leche,63,1,17,MAXICONSUMO S A,MAXICONSUMO,Sucursal La Plata,mayorista,La Plata,AR-B,Calle 13 esq. 517,7794820000885,1,D.LECHE MILKAUT CLASICO 1 kg,MILKAUT,1 kg,8159.88,6743.70,12,97918.56,80924.40,,,,,2026-05-07T21:00:22-03:00,2026-05-08/sepa_1_comercio-sepa-63_2026-05-08_09-05-10.zip
63|1|17|7794820902028|D.LECHE MILKAUT CLASICO 205 gr|2519.87,2026-05-08,leche,63,1,17,MAXICONSUMO S A,MAXICONSUMO,Sucursal La Plata,mayorista,La Plata,AR-B,Calle 13 esq. 517,7794820902028,1,D.LECHE MILKAUT CLASICO 205 gr,MILKAUT,205 gr,2519.87,2082.54,24,60476.88,49980.96,,,,,2026-05-07T21:00:22-03:00,2026-05-08/sepa_1_comercio-sepa-63_2026-05-08_09-05-10.zip
63|1|17|7794820902936|D.LECHE MILKAUT CLASICO 400 gr|3599.87,2026-05-08,leche,63,1,17,MAXICONSUMO S A,MAXICONSUMO,Sucursal La Plata,mayorista,La Plata,AR-B,Calle 13 esq. 517,7794820902936,1,D.LECHE MILKAUT CLASICO 400 gr,MILKAUT,400 gr,3599.87,2975.10,24,86396.88,71402.40,,,,,2026-05-07T21:00:22-03:00,2026-05-08/sepa_1_comercio-sepa-63_2026-05-08_09-05-10.zip
63|1|17|7794820902950|D.LECHE MILKAUT ESTI.CAMPO 400 gr|3599.87,2026-05-08,leche,63,1,17,MAXICONSUMO S A,MAXICONSUMO,Sucursal La Plata,mayorista,La Plata,AR-B,Calle 13 esq. 517,7794820902950,1,D.LECHE MILKAUT ESTI.CAMPO 400 gr,MILKAUT,400 gr,3599.87,2975.10,24,86396.88,71402.40,,,,,2026-05-07T21:00:22-03:00,2026-05-08/sepa_1_comercio-sepa-63_2026-05-08_09-05-10.zip
63|1|17|7794820902943|D.LECHE MILKAUT REPOSTERO 400 gr|3839.87,2026-05-08,leche,63,1,17,MAXICONSUMO S A,MAXICONSUMO,Sucursal La Plata,mayorista,La Plata,AR-B,Calle 13 esq. 517,7794820902943,1,D.LECHE MILKAUT REPOSTERO 400 gr,MILKAUT,400 gr,3839.87,3173.45,24,92156.88,76162.80,,,,,2026-05-07T21:00:22-03:00,2026-05-08/sepa_1_comercio-sepa-63_2026-05-08_09-05-10.zip
63|1|17|8445291395961|LECHE NESQUIK CHOC. 200 ml|1439.88,2026-05-08,leche,63,1,17,MAXICONSUMO S A,MAXICONSUMO,Sucursal La Plata,mayorista,La Plata,AR-B,Calle 13 esq. 517,8445291395961,1,LECHE NESQUIK CHOC. 200 ml,NESQUIK,200 ml,1439.88,1189.98,24,34557.12,28559.52,,,,,2026-05-07T21:00:22-03:00,2026-05-08/sepa_1_comercio-sepa-63_2026-05-08_09-05-10.zip
63|1|17|8445291395930|LECHE NESQUIK M.AZUC. 200 ml|1175.88,2026-05-08,leche,63,1,17,MAXICONSUMO S A,MAXICONSUMO,Sucursal La Plata,mayorista,La Plata,AR-B,Calle 13 esq. 517,8445291395930,1,LECHE NESQUIK M.AZUC. 200 ml,NESQUIK,200 ml,1175.88,971.80,24,28221.12,23323.20,,,,,2026-05-07T21:00:22-03:00,2026-05-08/sepa_1_comercio-sepa-63_2026-05-08_09-05-10.zip
63|1|17|8445291565173|CHOC. NESTLE C.LECHE 45 gr|2999.88,2026-05-08,leche,63,1,17,MAXICONSUMO S A,MAXICONSUMO,Sucursal La Plata,mayorista,La Plata,AR-B,Calle 13 esq. 517,8445291565173,1,CHOC. NESTLE C.LECHE 45 gr,NESTLE,45 gr,2999.88,2479.24,56,167993.28,138837.44,,,,,2026-05-07T21:00:22-03:00,2026-05-08/sepa_1_comercio-sepa-63_2026-05-08_09-05-10.zip
63|1|17|7891000368893|CHOC. NESTLE DIPL.LECHE 80 gr|4439.87,2026-05-08,leche,63,1,17,MAXICONSUMO S A,MAXICONSUMO,Sucursal La Plata,mayorista,La Plata,AR-B,Calle 13 esq. 517,7891000368893,1,CHOC. NESTLE DIPL.LECHE 80 gr,NESTLE,80 gr,4439.87,3669.31,64,284151.68,234835.84,,,,,2026-05-07T21:00:22-03:00,2026-05-08/sepa_1_comercio-sepa-63_2026-05-08_09-05-10.zip
63|1|17|8445290883858|LECHE NESTLE COND.L.T/B 395 gr|4559.87,2026-05-08,leche,63,1,17,MAXICONSUMO S A,MAXICONSUMO,Sucursal La Plata,mayorista,La Plata,AR-B,Calle 13 esq. 517,8445290883858,1,LECHE NESTLE COND.L.T/B 395 gr,NESTLE,395 gr,4559.87,3768.49,24,109436.88,90443.76,,,,,2026-05-07T21:00:22-03:00,2026-05-08/sepa_1_comercio-sepa-63_2026-05-08_09-05-10.zip
63|1|17|8445290900654|LECHE NESTLE COND.R.T/B 395 gr|4559.87,2026-05-08,leche,63,1,17,MAXICONSUMO S A,MAXICONSUMO,Sucursal La Plata,mayorista,La Plata,AR-B,Calle 13 esq. 517,8445290900654,1,LECHE NESTLE COND.R.T/B 395 gr,NESTLE,395 gr,4559.87,3768.49,24,109436.88,90443.76,,,,,2026-05-07T21:00:22-03:00,2026-05-08/sepa_1_comercio-sepa-63_2026-05-08_09-05-10.zip
63|1|17|8445290180186|LECHE NESTLE NIDINA 1 200 ml|1799.88,2026-05-08,leche,63,1,17,MAXICONSUMO S A,MAXICONSUMO,Sucursal La Plata,mayorista,La Plata,AR-B,Calle 13 esq. 517,8445290180186,1,LECHE NESTLE NIDINA 1 200 ml,NESTLE,200 ml,1799.88,1487.50,24,43197.12,35700.00,,,,,2026-05-07T21:00:22-03:00,2026-05-08/sepa_1_comercio-sepa-63_2026-05-08_09-05-10.zip
63|1|17|8445290180209|LECHE NESTLE NIDINA 2 200 ml|1799.88,2026-05-08,leche,63,1,17,MAXICONSUMO S A,MAXICONSUMO,Sucursal La Plata,mayorista,La Plata,AR-B,Calle 13 esq. 517,8445290180209,1,LECHE NESTLE NIDINA 2 200 ml,NESTLE,200 ml,1799.88,1487.50,24,43197.12,35700.00,,,,,2026-05-07T21:00:22-03:00,2026-05-08/sepa_1_comercio-sepa-63_2026-05-08_09-05-10.zip
63|1|17|7790121007394|LICOR NEW STYLE DUL.D.LECHE 1 lt|4679.87,2026-05-08,leche,63,1,17,MAXICONSUMO S A,MAXICONSUMO,Sucursal La Plata,mayorista,La Plata,AR-B,Calle 13 esq. 517,7790121007394,1,LICOR NEW STYLE DUL.D.LECHE 1 lt,NEW STYLE,1 lt,4679.87,3867.66,6,28079.22,23205.96,,,,,2026-05-07T21:00:22-03:00,2026-05-08/sepa_1_comercio-sepa-63_2026-05-08_09-05-10.zip
63|1|17|7790121000968|LICOR NEW STYLE PET.D.LECHE 200 cc|1379.88,2026-05-08,leche,63,1,17,MAXICONSUMO S A,MAXICONSUMO,Sucursal La Plata,mayorista,La Plata,AR-B,Calle 13 esq. 517,7790121000968,1,LICOR NEW STYLE PET.D.LECHE 200 cc,NEW STYLE,200 cc,1379.88,1140.40,12,16558.56,13684.80,,,,,2026-05-07T21:00:22-03:00,2026-05-08/sepa_1_comercio-sepa-63_2026-05-08_09-05-10.zip
63|1|17|8445290848970|LECHE NIDO 3 200 ml|1319.87,2026-05-08,leche,63,1,17,MAXICONSUMO S A,MAXICONSUMO,Sucursal La Plata,mayorista,La Plata,AR-B,Calle 13 esq. 517,8445290848970,1,LECHE NIDO 3 200 ml,NIDO,200 ml,1319.87,1090.80,24,31676.88,26179.20,,,,,2026-05-07T21:00:22-03:00,2026-05-08/sepa_1_comercio-sepa-63_2026-05-08_09-05-10.zip
63|1|17|7792360072447|OBLEA NUGATON LECHE 27 gr|779.87,2026-05-08,leche,63,1,17,MAXICONSUMO S A,MAXICONSUMO,Sucursal La Plata,mayorista,La Plata,AR-B,Calle 13 esq. 517,7792360072447,1,OBLEA NUGATON LECHE 27 gr,NUGATON,27 gr,779.87,644.52,288,224602.56,185621.76,,,,,2026-05-07T21:00:22-03:00,2026-05-08/sepa_1_comercio-sepa-63_2026-05-08_09-05-10.zip
63|1|17|7798094220994|BIZC. PIC NIC DULCE LECHE 38 gr|431.87,2026-05-08,leche,63,1,17,MAXICONSUMO S A,MAXICONSUMO,Sucursal La Plata,mayorista,La Plata,AR-B,Calle 13 esq. 517,7798094220994,1,BIZC. PIC NIC DULCE LECHE 38 gr,PIC NIC,38 gr,431.87,356.92,40,17274.80,14276.80,,,,,2026-05-07T21:00:22-03:00,2026-05-08/sepa_1_comercio-sepa-63_2026-05-08_09-05-10.zip
63|1|17|7790077000746|MADALEN POZO CON D.LECHE 200 gr|2519.87,2026-05-08,leche,63,1,17,MAXICONSUMO S A,MAXICONSUMO,Sucursal La Plata,mayorista,La Plata,AR-B,Calle 13 esq. 517,7790077000746,1,MADALEN POZO CON D.LECHE 200 gr,POZO,200 gr,2519.87,2082.54,10,25198.70,20825.40,,,,,2026-05-07T21:00:22-03:00,2026-05-08/sepa_1_comercio-sepa-63_2026-05-08_09-05-10.zip
63|1|17|7790971001948|FLAN RAVANA D.LECHE 60 gr|815.88,2026-05-08,leche,63,1,17,MAXICONSUMO S A,MAXICONSUMO,Sucursal La Plata,mayorista,La Plata,AR-B,Calle 13 esq. 517,7790971001948,1,FLAN RAVANA D.LECHE 60 gr,RAVANA,60 gr,815.88,674.28,12,9790.56,8091.36,,,,,2026-05-07T21:00:22-03:00,2026-05-08/sepa_1_comercio-sepa-63_2026-05-08_09-05-10.zip
63|1|17|7794612139106|CHOC. SAPITO D.LECHE 24X10 gr|6839.88,2026-05-08,leche,63,1,17,MAXICONSUMO S A,MAXICONSUMO,Sucursal La Plata,mayorista,La Plata,AR-B,Calle 13 esq. 517,7794612139106,1,CHOC. SAPITO D.LECHE 24X10 gr,SAPITO,,6839.88,5652.79,8,54719.04,45222.32,,,,,2026-05-07T21:00:22-03:00,2026-05-08/sepa_1_comercio-sepa-63_2026-05-08_09-05-10.zip
63|1|17|7791337007956|LECHE SILK ALMEN.CHOC. 1 lt|5758.79,2026-05-08,leche,63,1,17,MAXICONSUMO S A,MAXICONSUMO,Sucursal La Plata,mayorista,La Plata,AR-B,Calle 13 esq. 517,7791337007956,1,LECHE SILK ALMEN.CHOC. 1 lt,SILK,1 lt,5758.79,4759.33,12,69105.48,57111.96,,,,,2026-05-07T21:00:22-03:00,2026-05-08/sepa_1_comercio-sepa-63_2026-05-08_09-05-10.zip
63|1|17|7791337007918|LECHE SILK ALMEN.S.AZU 1 lt|5758.79,2026-05-08,leche,63,1,17,MAXICONSUMO S A,MAXICONSUMO,Sucursal La Plata,mayorista,La Plata,AR-B,Calle 13 esq. 517,7791337007918,1,LECHE SILK ALMEN.S.AZU 1 lt,SILK,1 lt,5758.79,4759.33,12,69105.48,57111.96,,,,,2026-05-07T21:00:22-03:00,2026-05-08/sepa_1_comercio-sepa-63_2026-05-08_09-05-10.zip
63|1|17|7791337007901|LECHE SILK ALMENDRAS 1 lt|5758.79,2026-05-08,leche,63,1,17,MAXICONSUMO S A,MAXICONSUMO,Sucursal La Plata,mayorista,La Plata,AR-B,Calle 13 esq. 517,7791337007901,1,LECHE SILK ALMENDRAS 1 lt,SILK,1 lt,5758.79,4759.33,12,69105.48,57111.96,,,,,2026-05-07T21:00:22-03:00,2026-05-08/sepa_1_comercio-sepa-63_2026-05-08_09-05-10.zip
63|1|17|7798094220437|ALFAJ. SMACK DULCE LECHE 60 gr|479.87,2026-05-08,leche,63,1,17,MAXICONSUMO S A,MAXICONSUMO,Sucursal La Plata,mayorista,La Plata,AR-B,Calle 13 esq. 517,7798094220437,1,ALFAJ. SMACK DULCE LECHE 60 gr,SMACK,60 gr,479.87,396.59,24,11516.88,9518.16,,,,,2026-05-07T21:00:22-03:00,2026-05-08/sepa_1_comercio-sepa-63_2026-05-08_09-05-10.zip
63|1|17|7790380022114|CHOC. TOKKE CON LECHE 60 gr|2579.87,2026-05-08,leche,63,1,17,MAXICONSUMO S A,MAXICONSUMO,Sucursal La Plata,mayorista,La Plata,AR-B,Calle 13 esq. 517,7790380022114,1,CHOC. TOKKE CON LECHE 60 gr,TOKKE,60 gr,2579.87,2132.12,24,61916.88,51170.88,,,,,2026-05-07T21:00:22-03:00,2026-05-08/sepa_1_comercio-sepa-63_2026-05-08_09-05-10.zip
63|1|17|7790380022107|CHOC. TOKKE DD.LECHE 72 gr|2579.87,2026-05-08,leche,63,1,17,MAXICONSUMO S A,MAXICONSUMO,Sucursal La Plata,mayorista,La Plata,AR-B,Calle 13 esq. 517,7790380022107,1,CHOC. TOKKE DD.LECHE 72 gr,TOKKE,72 gr,2579.87,2132.12,24,61916.88,51170.88,,,,,2026-05-07T21:00:22-03:00,2026-05-08/sepa_1_comercio-sepa-63_2026-05-08_09-05-10.zip
63|1|17|7798067030247|D.LECHE UNTINA DELEITE 400 gr|2579.89,2026-05-08,leche,63,1,17,MAXICONSUMO S A,MAXICONSUMO,Sucursal La Plata,mayorista,La Plata,AR-B,Calle 13 esq. 517,7798067030247,1,D.LECHE UNTINA DELEITE 400 gr,UNTINA,400 gr,2579.89,2132.14,12,30958.68,25585.68,,,,,2026-05-07T21:00:22-03:00,2026-05-08/sepa_1_comercio-sepa-63_2026-05-08_09-05-10.zip
63|1|17|7793890259230|BUDIN VALENTE D.LECHE 220 gr|3119.86,2026-05-08,leche,63,1,17,MAXICONSUMO S A,MAXICONSUMO,Sucursal La Plata,mayorista,La Plata,AR-B,Calle 13 esq. 517,7793890259230,1,BUDIN VALENTE D.LECHE 220 gr,VALENTE,220 gr,3119.86,2578.40,15,46797.90,38676.00,,,,,2026-05-07T21:00:22-03:00,2026-05-08/sepa_1_comercio-sepa-63_2026-05-08_09-05-10.zip
63|1|17|7793890259100|MADALEN VALENTE D.LECHE 180 gr|2639.87,2026-05-08,leche,63,1,17,MAXICONSUMO S A,MAXICONSUMO,Sucursal La Plata,mayorista,La Plata,AR-B,Calle 13 esq. 517,7793890259100,1,MADALEN VALENTE D.LECHE 180 gr,VALENTE,180 gr,2639.87,2181.71,14,36958.18,30543.94,,,,,2026-05-07T21:00:22-03:00,2026-05-08/sepa_1_comercio-sepa-63_2026-05-08_09-05-10.zip
63|1|17|7793024007614|CHUPET. WAMIS D.LECHE 453 gr|3599.88,2026-05-08,leche,63,1,17,MAXICONSUMO S A,MAXICONSUMO,Sucursal La Plata,mayorista,La Plata,AR-B,Calle 13 esq. 517,7793024007614,1,CHUPET. WAMIS D.LECHE 453 gr,WAMIS,453 gr,3599.88,2975.11,12,43198.56,35701.32,,,,,2026-05-07T21:00:22-03:00,2026-05-08/sepa_1_comercio-sepa-63_2026-05-08_09-05-10.zip
60|1|0013|7798338290486|Leche ANGELITA clasica liviana 2% tbx1lt|1585.00,2026-05-08,leche,60,1,0013,MAYCAR S.A.,Supermayorista Vital,La Plata,mayorista,La Plata,AR-B,Av. 520 e/ 21 y 23 2650,7798338290486,1,Leche ANGELITA clasica liviana 2% tbx1lt,ANGELITA,,1585.00,1309.92,12.00,19020.00,15719.04,,,,,2026-05-08T05:33:10-03:00,2026-05-08/sepa_1_comercio-sepa-60_2026-05-08_09-05-10.zip
60|1|0013|7798338290073|Leche ANGELITA parc desc tb x1lt|1585.00,2026-05-08,leche,60,1,0013,MAYCAR S.A.,Supermayorista Vital,La Plata,mayorista,La Plata,AR-B,Av. 520 e/ 21 y 23 2650,7798338290073,1,Leche ANGELITA parc desc tb x1lt,ANGELITA,x1lt,1585.00,1309.92,12.00,19020.00,15719.04,,,,,2026-05-08T05:33:10-03:00,2026-05-08/sepa_1_comercio-sepa-60_2026-05-08_09-05-10.zip
60|1|0013|7790580119133|Bombon BON O BON leche 30ux15g|14685.00,2026-05-08,leche,60,1,0013,MAYCAR S.A.,Supermayorista Vital,La Plata,mayorista,La Plata,AR-B,Av. 520 e/ 21 y 23 2650,7790580119133,1,Bombon BON O BON leche 30ux15g,BON O BON,,14685.00,12136.36,1.00,14685.00,12136.36,,,,,2026-05-08T05:33:10-03:00,2026-05-08/sepa_1_comercio-sepa-60_2026-05-08_09-05-10.zip
60|1|0013|7790580103446|Chocolate COFLER aireado leche x100g|5999.00,2026-05-08,leche,60,1,0013,MAYCAR S.A.,Supermayorista Vital,La Plata,mayorista,La Plata,AR-B,Av. 520 e/ 21 y 23 2650,7790580103446,1,Chocolate COFLER aireado leche x100g,COFLER,x100g,5999.00,4957.85,12.00,71988.00,59494.20,,,,,2026-05-08T05:33:10-03:00,2026-05-08/sepa_1_comercio-sepa-60_2026-05-08_09-05-10.zip
60|1|0013|7790380025085|Chocolate FULL MANI leche/mani x100/90g|3119.00,2026-05-08,leche,60,1,0013,MAYCAR S.A.,Supermayorista Vital,La Plata,mayorista,La Plata,AR-B,Av. 520 e/ 21 y 23 2650,7790380025085,1,Chocolate FULL MANI leche/mani x100/90g,FULL MANI,90g,3119.00,2577.69,10.00,31190.00,25776.90,,,,,2026-05-08T05:33:10-03:00,2026-05-08/sepa_1_comercio-sepa-60_2026-05-08_09-05-10.zip
60|1|0013|7790380025108|Chocolate FULL MANI leche/mani x160/150g|4799.01,2026-05-08,leche,60,1,0013,MAYCAR S.A.,Supermayorista Vital,La Plata,mayorista,La Plata,AR-B,Av. 520 e/ 21 y 23 2650,7790380025108,1,Chocolate FULL MANI leche/mani x160/150g,FULL MANI,150g,4799.01,3966.12,20.00,95980.20,79322.40,,,,,2026-05-08T05:33:10-03:00,2026-05-08/sepa_1_comercio-sepa-60_2026-05-08_09-05-10.zip
60|1|0013|7794612065917|Chocolate HAMLET leche c/galleta x45g|669.00,2026-05-08,leche,60,1,0013,MAYCAR S.A.,Supermayorista Vital,La Plata,mayorista,La Plata,AR-B,Av. 520 e/ 21 y 23 2650,7794612065917,1,Chocolate HAMLET leche c/galleta x45g,HAMLET,x45g,669.00,552.89,21.00,14049.00,11610.69,,,,,2026-05-08T05:33:10-03:00,2026-05-08/sepa_1_comercio-sepa-60_2026-05-08_09-05-10.zip
60|1|0013|8445290702302|Leche polvo LA LECHERA entera x400g|6255.00,2026-05-08,leche,60,1,0013,MAYCAR S.A.,Supermayorista Vital,La Plata,mayorista,La Plata,AR-B,Av. 520 e/ 21 y 23 2650,8445290702302,1,Leche polvo LA LECHERA entera x400g,LA LECHERA,x400g,6255.00,5169.42,12.00,75060.00,62033.04,,,,,2026-05-08T05:33:10-03:00,2026-05-08/sepa_1_comercio-sepa-60_2026-05-08_09-05-10.zip
60|1|0013|7790742625304|Dce. leche LA SERENISIMA clasico x400gr|3195.01,2026-05-08,leche,60,1,0013,MAYCAR S.A.,Supermayorista Vital,La Plata,mayorista,La Plata,AR-B,Av. 520 e/ 21 y 23 2650,7790742625304,1,Dce. leche LA SERENISIMA clasico x400gr,LA SERENISIMA,x400gr,3195.01,2640.50,12.00,38340.12,31686.00,,,,,2026-05-08T05:33:10-03:00,2026-05-08/sepa_1_comercio-sepa-60_2026-05-08_09-05-10.zip
60|1|0013|7790742625205|Dce. leche LA SERENISIMA col.calcx400gr|3489.00,2026-05-08,leche,60,1,0013,MAYCAR S.A.,Supermayorista Vital,La Plata,mayorista,La Plata,AR-B,Av. 520 e/ 21 y 23 2650,7790742625205,1,Dce. leche LA SERENISIMA col.calcx400gr,LA SERENISIMA,,3489.00,2883.47,12.00,41868.00,34601.64,,,,,2026-05-08T05:33:10-03:00,2026-05-08/sepa_1_comercio-sepa-60_2026-05-08_09-05-10.zip
60|1|0013|7790742625403|Dce. leche LA SERENISIMA colo.calciox1kg|8319.00,2026-05-08,leche,60,1,0013,MAYCAR S.A.,Supermayorista Vital,La Plata,mayorista,La Plata,AR-B,Av. 520 e/ 21 y 23 2650,7790742625403,1,Dce. leche LA SERENISIMA colo.calciox1kg,LA SERENISIMA,,8319.00,6875.21,8.00,66552.00,55001.68,,,,,2026-05-08T05:33:10-03:00,2026-05-08/sepa_1_comercio-sepa-60_2026-05-08_09-05-10.zip
60|1|0013|7790742363008|Leche LS clasica 3% tb x1lt|2245.00,2026-05-08,leche,60,1,0013,MAYCAR S.A.,Supermayorista Vital,La Plata,mayorista,La Plata,AR-B,Av. 520 e/ 21 y 23 2650,7790742363008,1,Leche LS clasica 3% tb x1lt,LA SERENISIMA,x1lt,2245.00,1855.37,12.00,26940.00,22264.44,,,,,2026-05-08T05:33:10-03:00,2026-05-08/sepa_1_comercio-sepa-60_2026-05-08_09-05-10.zip
60|1|0013|7790742335609|Leche LS liviana 1% bot x1lt|2369.00,2026-05-08,leche,60,1,0013,MAYCAR S.A.,Supermayorista Vital,La Plata,mayorista,La Plata,AR-B,Av. 520 e/ 21 y 23 2650,7790742335609,1,Leche LS liviana 1% bot x1lt,LA SERENISIMA,x1lt,2369.00,1957.85,6.00,14214.00,11747.10,,,,,2026-05-08T05:33:10-03:00,2026-05-08/sepa_1_comercio-sepa-60_2026-05-08_09-05-10.zip
60|1|0013|7790742363107|Leche LS liviana 1% tb x1lt|2245.00,2026-05-08,leche,60,1,0013,MAYCAR S.A.,Supermayorista Vital,La Plata,mayorista,La Plata,AR-B,Av. 520 e/ 21 y 23 2650,7790742363107,1,Leche LS liviana 1% tb x1lt,LA SERENISIMA,x1lt,2245.00,1855.37,12.00,26940.00,22264.44,,,,,2026-05-08T05:33:10-03:00,2026-05-08/sepa_1_comercio-sepa-60_2026-05-08_09-05-10.zip
60|1|0013|7790742335401|Leche LS mas liviana 2% bot x1lt|2369.00,2026-05-08,leche,60,1,0013,MAYCAR S.A.,Supermayorista Vital,La Plata,mayorista,La Plata,AR-B,Av. 520 e/ 21 y 23 2650,7790742335401,1,Leche LS mas liviana 2% bot x1lt,LA SERENISIMA,x1lt,2369.00,1957.85,6.00,14214.00,11747.10,,,,,2026-05-08T05:33:10-03:00,2026-05-08/sepa_1_comercio-sepa-60_2026-05-08_09-05-10.zip
60|1|0013|7790742335302|Leche LS menos calorias 0% bot x1lt|2369.00,2026-05-08,leche,60,1,0013,MAYCAR S.A.,Supermayorista Vital,La Plata,mayorista,La Plata,AR-B,Av. 520 e/ 21 y 23 2650,7790742335302,1,Leche LS menos calorias 0% bot x1lt,LA SERENISIMA,x1lt,2369.00,1957.85,6.00,14214.00,11747.10,,,,,2026-05-08T05:33:10-03:00,2026-05-08/sepa_1_comercio-sepa-60_2026-05-08_09-05-10.zip
60|1|0013|7790580130954|Chocolate MISKY leche x8g|305.00,2026-05-08,leche,60,1,0013,MAYCAR S.A.,Supermayorista Vital,La Plata,mayorista,La Plata,AR-B,Av. 520 e/ 21 y 23 2650,7790580130954,1,Chocolate MISKY leche x8g,MISKY,x8g,305.00,252.07,20.00,6100.00,5041.40,,,,,2026-05-08T05:33:10-03:00,2026-05-08/sepa_1_comercio-sepa-60_2026-05-08_09-05-10.zip
60|1|0013|8445290883858|Leche condensada NESTLE light x395g|3799.00,2026-05-08,leche,60,1,0013,MAYCAR S.A.,Supermayorista Vital,La Plata,mayorista,La Plata,AR-B,Av. 520 e/ 21 y 23 2650,8445290883858,1,Leche condensada NESTLE light x395g,NESTLE,x395g,3799.00,3139.67,24.00,91176.00,75352.08,,,,,2026-05-08T05:33:10-03:00,2026-05-08/sepa_1_comercio-sepa-60_2026-05-08_09-05-10.zip
60|1|0013|8445290900654|Leche condensada NESTLE t/b x395g|3799.00,2026-05-08,leche,60,1,0013,MAYCAR S.A.,Supermayorista Vital,La Plata,mayorista,La Plata,AR-B,Av. 520 e/ 21 y 23 2650,8445290900654,1,Leche condensada NESTLE t/b x395g,NESTLE,x395g,3799.00,3139.67,24.00,91176.00,75352.08,,,,,2026-05-08T05:33:10-03:00,2026-05-08/sepa_1_comercio-sepa-60_2026-05-08_09-05-10.zip
60|1|0013|8445290648136|Leche inf NIDINA 2 lata x800g|22329.00,2026-05-08,leche,60,1,0013,MAYCAR S.A.,Supermayorista Vital,La Plata,mayorista,La Plata,AR-B,Av. 520 e/ 21 y 23 2650,8445290648136,1,Leche inf NIDINA 2 lata x800g,NIDINA,x800g,22329.00,18453.72,12.00,267948.00,221444.64,,,,,2026-05-08T05:33:10-03:00,2026-05-08/sepa_1_comercio-sepa-60_2026-05-08_09-05-10.zip
60|1|0013|8445290180209|Leche inf NIDINA 2 tb x200ml|1515.00,2026-05-08,leche,60,1,0013,MAYCAR S.A.,Supermayorista Vital,La Plata,mayorista,La Plata,AR-B,Av. 520 e/ 21 y 23 2650,8445290180209,1,Leche inf NIDINA 2 tb x200ml,NIDINA,x200ml,1515.00,1252.07,24.00,36360.00,30049.68,,,,,2026-05-08T05:33:10-03:00,2026-05-08/sepa_1_comercio-sepa-60_2026-05-08_09-05-10.zip
60|1|0013|8445290649744|Leche inf NIDINA 1 lata x800g|23755.00,2026-05-08,leche,60,1,0013,MAYCAR S.A.,Supermayorista Vital,La Plata,mayorista,La Plata,AR-B,Av. 520 e/ 21 y 23 2650,8445290649744,1,Leche inf NIDINA 1 lata x800g,NIDINA BEBE,x800g,23755.00,19632.23,12.00,285060.00,235586.76,,,,,2026-05-08T05:33:10-03:00,2026-05-08/sepa_1_comercio-sepa-60_2026-05-08_09-05-10.zip
60|1|0013|8445291216587|Leche inf NIDO 0% cero lacto lata x750g|15699.00,2026-05-08,leche,60,1,0013,MAYCAR S.A.,Supermayorista Vital,La Plata,mayorista,La Plata,AR-B,Av. 520 e/ 21 y 23 2650,8445291216587,1,Leche inf NIDO 0% cero lacto lata x750g,NIDO,x750g,15699.00,12974.38,6.00,94194.00,77846.28,,,,,2026-05-08T05:33:10-03:00,2026-05-08/sepa_1_comercio-sepa-60_2026-05-08_09-05-10.zip
60|1|0013|8445290533982|Leche inf NIDO 3 lata x800g|13789.00,2026-05-08,leche,60,1,0013,MAYCAR S.A.,Supermayorista Vital,La Plata,mayorista,La Plata,AR-B,Av. 520 e/ 21 y 23 2650,8445290533982,1,Leche inf NIDO 3 lata x800g,NIDO,x800g,13789.00,11395.87,12.00,165468.00,136750.44,,,,,2026-05-08T05:33:10-03:00,2026-05-08/sepa_1_comercio-sepa-60_2026-05-08_09-05-10.zip
60|1|0013|8445290848970|Leche inf NIDO 3 tb x200ml|1159.00,2026-05-08,leche,60,1,0013,MAYCAR S.A.,Supermayorista Vital,La Plata,mayorista,La Plata,AR-B,Av. 520 e/ 21 y 23 2650,8445290848970,1,Leche inf NIDO 3 tb x200ml,NIDO,x200ml,1159.00,957.85,24.00,27816.00,22988.40,,,,,2026-05-08T05:33:10-03:00,2026-05-08/sepa_1_comercio-sepa-60_2026-05-08_09-05-10.zip
60|1|0013|8445290999559|Leche inf NIDO fortigrow lata x750g|11115.00,2026-05-08,leche,60,1,0013,MAYCAR S.A.,Supermayorista Vital,La Plata,mayorista,La Plata,AR-B,Av. 520 e/ 21 y 23 2650,8445290999559,1,Leche inf NIDO fortigrow lata x750g,NIDO,x750g,11115.00,9185.95,12.00,133380.00,110231.40,,,,,2026-05-08T05:33:10-03:00,2026-05-08/sepa_1_comercio-sepa-60_2026-05-08_09-05-10.zip
60|1|0013|8445290391872|Leche inf NIDO fortigrow pouch x370g|6959.00,2026-05-08,leche,60,1,0013,MAYCAR S.A.,Supermayorista Vital,La Plata,mayorista,La Plata,AR-B,Av. 520 e/ 21 y 23 2650,8445290391872,1,Leche inf NIDO fortigrow pouch x370g,NIDO,x370g,6959.00,5751.24,12.00,83508.00,69014.88,,,,,2026-05-08T05:33:10-03:00,2026-05-08/sepa_1_comercio-sepa-60_2026-05-08_09-05-10.zip
60|1|0013|7795323002420|Leche inf NUTRILON 1 lata x800g|48859.00,2026-05-08,leche,60,1,0013,MAYCAR S.A.,Supermayorista Vital,La Plata,mayorista,La Plata,AR-B,Av. 520 e/ 21 y 23 2650,7795323002420,1,Leche inf NUTRILON 1 lata x800g,NUTRILON,x800g,48859.00,40379.34,12.00,586308.00,484552.08,,,,,2026-05-08T05:33:10-03:00,2026-05-08/sepa_1_comercio-sepa-60_2026-05-08_09-05-10.zip
60|1|0013|7795323775324|Leche inf NUTRILON 1 tb x200ml|2749.00,2026-05-08,leche,60,1,0013,MAYCAR S.A.,Supermayorista Vital,La Plata,mayorista,La Plata,AR-B,Av. 520 e/ 21 y 23 2650,7795323775324,1,Leche inf NUTRILON 1 tb x200ml,NUTRILON,x200ml,2749.00,2271.90,24.00,65976.00,54525.60,,,,,2026-05-08T05:33:10-03:00,2026-05-08/sepa_1_comercio-sepa-60_2026-05-08_09-05-10.zip
60|1|0013|7795323002437|Leche inf NUTRILON 2 lata x800g|45958.99,2026-05-08,leche,60,1,0013,MAYCAR S.A.,Supermayorista Vital,La Plata,mayorista,La Plata,AR-B,Av. 520 e/ 21 y 23 2650,7795323002437,1,Leche inf NUTRILON 2 lata x800g,NUTRILON,x800g,45958.99,37982.64,12.00,551507.88,455791.68,,,,,2026-05-08T05:33:10-03:00,2026-05-08/sepa_1_comercio-sepa-60_2026-05-08_09-05-10.zip
60|1|0013|7795323002444|Leche inf NUTRILON 3 lata x800g|39905.00,2026-05-08,leche,60,1,0013,MAYCAR S.A.,Supermayorista Vital,La Plata,mayorista,La Plata,AR-B,Av. 520 e/ 21 y 23 2650,7795323002444,1,Leche inf NUTRILON 3 lata x800g,NUTRILON,x800g,39905.00,32979.34,12.00,478860.00,395752.08,,,,,2026-05-08T05:33:10-03:00,2026-05-08/sepa_1_comercio-sepa-60_2026-05-08_09-05-10.zip
60|1|0013|7795323002451|Leche inf NUTRILON 4 lata x800g|37525.00,2026-05-08,leche,60,1,0013,MAYCAR S.A.,Supermayorista Vital,La Plata,mayorista,La Plata,AR-B,Av. 520 e/ 21 y 23 2650,7795323002451,1,Leche inf NUTRILON 4 lata x800g,NUTRILON,x800g,37525.00,31012.40,12.00,450300.00,372148.80,,,,,2026-05-08T05:33:10-03:00,2026-05-08/sepa_1_comercio-sepa-60_2026-05-08_09-05-10.zip
60|1|0013|7798095172384|Leche polvo PURISIMA desc plus x800g|8289.00,2026-05-08,leche,60,1,0013,MAYCAR S.A.,Supermayorista Vital,La Plata,mayorista,La Plata,AR-B,Av. 520 e/ 21 y 23 2650,7798095172384,1,Leche polvo PURISIMA desc plus x800g,PURISIMA,x800g,8289.00,6850.41,12.00,99468.00,82204.92,,,,,2026-05-08T05:33:10-03:00,2026-05-08/sepa_1_comercio-sepa-60_2026-05-08_09-05-10.zip
60|1|0013|7798095171363|Leche polvo PURISIMA entera plus x800g|8235.01,2026-05-08,leche,60,1,0013,MAYCAR S.A.,Supermayorista Vital,La Plata,mayorista,La Plata,AR-B,Av. 520 e/ 21 y 23 2650,7798095171363,1,Leche polvo PURISIMA entera plus x800g,PURISIMA,x800g,8235.01,6805.79,12.00,98820.12,81669.48,,,,,2026-05-08T05:33:10-03:00,2026-05-08/sepa_1_comercio-sepa-60_2026-05-08_09-05-10.zip
60|1|0013|7798095170823|Leche polvo PURISIMA entera x400g|4809.00,2026-05-08,leche,60,1,0013,MAYCAR S.A.,Supermayorista Vital,La Plata,mayorista,La Plata,AR-B,Av. 520 e/ 21 y 23 2650,7798095170823,1,Leche polvo PURISIMA entera x400g,PURISIMA,x400g,4809.00,3974.38,16.00,76944.00,63590.08,,,,,2026-05-08T05:33:10-03:00,2026-05-08/sepa_1_comercio-sepa-60_2026-05-08_09-05-10.zip
60|1|0013|7798342714008|Leche S&P descremada tb x1lt|1590.00,2026-05-08,leche,60,1,0013,MAYCAR S.A.,Supermayorista Vital,La Plata,mayorista,La Plata,AR-B,Av. 520 e/ 21 y 23 2650,7798342714008,1,Leche S&P descremada tb x1lt,S&P,x1lt,1590.00,1314.05,12.00,19080.00,15768.60,,,,,2026-05-08T05:33:10-03:00,2026-05-08/sepa_1_comercio-sepa-60_2026-05-08_09-05-10.zip
60|1|0013|7798342713995|Leche S&P entera tb x1lt|1590.00,2026-05-08,leche,60,1,0013,MAYCAR S.A.,Supermayorista Vital,La Plata,mayorista,La Plata,AR-B,Av. 520 e/ 21 y 23 2650,7798342713995,1,Leche S&P entera tb x1lt,S&P,x1lt,1590.00,1314.05,12.00,19080.00,15768.60,,,,,2026-05-08T05:33:10-03:00,2026-05-08/sepa_1_comercio-sepa-60_2026-05-08_09-05-10.zip
60|1|0013|7798342719362|Leche S&P s/lactosa tb x1lt|1899.00,2026-05-08,leche,60,1,0013,MAYCAR S.A.,Supermayorista Vital,La Plata,mayorista,La Plata,AR-B,Av. 520 e/ 21 y 23 2650,7798342719362,1,Leche S&P s/lactosa tb x1lt,S&P,x1lt,1899.00,1569.42,12.00,22788.00,18833.04,,,,,2026-05-08T05:33:10-03:00,2026-05-08/sepa_1_comercio-sepa-60_2026-05-08_09-05-10.zip
60|1|0013|8445291020047|Leche polvo SVELTY extra calcio x370g|6609.00,2026-05-08,leche,60,1,0013,MAYCAR S.A.,Supermayorista Vital,La Plata,mayorista,La Plata,AR-B,Av. 520 e/ 21 y 23 2650,8445291020047,1,Leche polvo SVELTY extra calcio x370g,SVELTY,x370g,6609.00,5461.98,12.00,79308.00,65543.76,,,,,2026-05-08T05:33:10-03:00,2026-05-08/sepa_1_comercio-sepa-60_2026-05-08_09-05-10.zip
60|1|0013|8445291020061|Leche polvo SVELTY extra calcio x750g|11019.00,2026-05-08,leche,60,1,0013,MAYCAR S.A.,Supermayorista Vital,La Plata,mayorista,La Plata,AR-B,Av. 520 e/ 21 y 23 2650,8445291020061,1,Leche polvo SVELTY extra calcio x750g,SVELTY,x750g,11019.00,9106.61,12.00,132228.00,109279.32,,,,,2026-05-08T05:33:10-03:00,2026-05-08/sepa_1_comercio-sepa-60_2026-05-08_09-05-10.zip
60|1|0013|7795323774853|Leche inf VITAL 3 lata x 800g|32549.00,2026-05-08,leche,60,1,0013,MAYCAR S.A.,Supermayorista Vital,La Plata,mayorista,La Plata,AR-B,Av. 520 e/ 21 y 23 2650,7795323774853,1,Leche inf VITAL 3 lata x 800g,VITAL INFANTIL,x 800g,32549.00,26900.00,12.00,390588.00,322800.00,,,,,2026-05-08T05:33:10-03:00,2026-05-08/sepa_1_comercio-sepa-60_2026-05-08_09-05-10.zip
60|1|0013|7795323774860|Leche inf VITAL 4 lata x 800g|27929.00,2026-05-08,leche,60,1,0013,MAYCAR S.A.,Supermayorista Vital,La Plata,mayorista,La Plata,AR-B,Av. 520 e/ 21 y 23 2650,7795323774860,1,Leche inf VITAL 4 lata x 800g,VITAL INFANTIL,x 800g,27929.00,23081.82,12.00,335148.00,276981.84,,,,,2026-05-08T05:33:10-03:00,2026-05-08/sepa_1_comercio-sepa-60_2026-05-08_09-05-10.zip
60|1|0013|7798342714602|Papel higienico BONUX blanco d/h 24ux30m|18145.00,2026-05-08,papel-higienico,60,1,0013,MAYCAR S.A.,Supermayorista Vital,La Plata,mayorista,La Plata,AR-B,Av. 520 e/ 21 y 23 2650,7798342714602,1,Papel higienico BONUX blanco d/h 24ux30m,BONUX,,18145.00,14995.87,1.00,18145.00,14995.87,,,,,2026-05-08T05:33:10-03:00,2026-05-08/sepa_1_comercio-sepa-60_2026-05-08_09-05-10.zip
60|1|0013|7798023696746|Papel higienico BONUX blanco h/s 4ux30m|1389.00,2026-05-08,papel-higienico,60,1,0013,MAYCAR S.A.,Supermayorista Vital,La Plata,mayorista,La Plata,AR-B,Av. 520 e/ 21 y 23 2650,7798023696746,1,Papel higienico BONUX blanco h/s 4ux30m,BONUX,,1389.00,1147.93,12.00,16668.00,13775.16,,,,,2026-05-08T05:33:10-03:00,2026-05-08/sepa_1_comercio-sepa-60_2026-05-08_09-05-10.zip
60|1|0013|7798342717450|Papel higienico BONUX blanco h/s 4ux50m|2169.00,2026-05-08,papel-higienico,60,1,0013,MAYCAR S.A.,Supermayorista Vital,La Plata,mayorista,La Plata,AR-B,Av. 520 e/ 21 y 23 2650,7798342717450,1,Papel higienico BONUX blanco h/s 4ux50m,BONUX,,2169.00,1792.56,12.00,26028.00,21510.72,,,,,2026-05-08T05:33:10-03:00,2026-05-08/sepa_1_comercio-sepa-60_2026-05-08_09-05-10.zip
60|1|0013|7798023696753|Papel higienico BONUX blanco h/s 6ux30m|2059.00,2026-05-08,papel-higienico,60,1,0013,MAYCAR S.A.,Supermayorista Vital,La Plata,mayorista,La Plata,AR-B,Av. 520 e/ 21 y 23 2650,7798023696753,1,Papel higienico BONUX blanco h/s 6ux30m,BONUX,,2059.00,1701.65,12.00,24708.00,20419.80,,,,,2026-05-08T05:33:10-03:00,2026-05-08/sepa_1_comercio-sepa-60_2026-05-08_09-05-10.zip
60|1|0013|7798426251047|Papel higienico BONUX max h/s 4ux100m|4799.01,2026-05-08,papel-higienico,60,1,0013,MAYCAR S.A.,Supermayorista Vital,La Plata,mayorista,La Plata,AR-B,Av. 520 e/ 21 y 23 2650,7798426251047,1,Papel higienico BONUX max h/s 4ux100m,BONUX,,4799.01,3966.12,10.00,47990.10,39661.20,,,,,2026-05-08T05:33:10-03:00,2026-05-08/sepa_1_comercio-sepa-60_2026-05-08_09-05-10.zip
60|1|0013|7798342714640|Papel higienico BONUX max h/s 6ux80m|5169.00,2026-05-08,papel-higienico,60,1,0013,MAYCAR S.A.,Supermayorista Vital,La Plata,mayorista,La Plata,AR-B,Av. 520 e/ 21 y 23 2650,7798342714640,1,Papel higienico BONUX max h/s 6ux80m,BONUX,,5169.00,4271.90,10.00,51690.00,42719.00,,,,,2026-05-08T05:33:10-03:00,2026-05-08/sepa_1_comercio-sepa-60_2026-05-08_09-05-10.zip
60|1|0013|7798342714619|Papel higienico BONUX text h/s 4ux30m|1349.00,2026-05-08,papel-higienico,60,1,0013,MAYCAR S.A.,Supermayorista Vital,La Plata,mayorista,La Plata,AR-B,Av. 520 e/ 21 y 23 2650,7798342714619,1,Papel higienico BONUX text h/s 4ux30m,BONUX,,1349.00,1114.88,12.00,16188.00,13378.56,,,,,2026-05-08T05:33:10-03:00,2026-05-08/sepa_1_comercio-sepa-60_2026-05-08_09-05-10.zip
60|1|0013|7798342714626|Papel higienico BONUX text h/s 6ux30m|1999.00,2026-05-08,papel-higienico,60,1,0013,MAYCAR S.A.,Supermayorista Vital,La Plata,mayorista,La Plata,AR-B,Av. 520 e/ 21 y 23 2650,7798342714626,1,Papel higienico BONUX text h/s 6ux30m,BONUX,,1999.00,1652.07,12.00,23988.00,19824.84,,,,,2026-05-08T05:33:10-03:00,2026-05-08/sepa_1_comercio-sepa-60_2026-05-08_09-05-10.zip
63|1|17|7792710000014|YERBA AMANDA 1 kg|3359.88,2026-05-08,yerba-mate,63,1,17,MAXICONSUMO S A,MAXICONSUMO,Sucursal La Plata,mayorista,La Plata,AR-B,Calle 13 esq. 517,7792710000014,1,YERBA AMANDA 1 kg,AMANDA,1 kg,3359.88,2776.76,10,33598.80,27767.60,,,,,2026-05-07T21:00:22-03:00,2026-05-08/sepa_1_comercio-sepa-63_2026-05-08_09-05-10.zip
63|1|17|7792710000076|YERBA AMANDA 2 kg|7799.87,2026-05-08,yerba-mate,63,1,17,MAXICONSUMO S A,MAXICONSUMO,Sucursal La Plata,mayorista,La Plata,AR-B,Calle 13 esq. 517,7792710000076,1,YERBA AMANDA 2 kg,AMANDA,2 kg,7799.87,6446.17,6,46799.22,38677.02,,,,,2026-05-07T21:00:22-03:00,2026-05-08/sepa_1_comercio-sepa-63_2026-05-08_09-05-10.zip
63|1|17|7792710000038|YERBA AMANDA 250 gr|1019.87,2026-05-08,yerba-mate,63,1,17,MAXICONSUMO S A,MAXICONSUMO,Sucursal La Plata,mayorista,La Plata,AR-B,Calle 13 esq. 517,7792710000038,1,YERBA AMANDA 250 gr,AMANDA,250 gr,1019.87,842.87,20,20397.40,16857.40,,,,,2026-05-07T21:00:22-03:00,2026-05-08/sepa_1_comercio-sepa-63_2026-05-08_09-05-10.zip
63|1|17|7792710000380|YERBA AMANDA DESP.AZUL 500 gr|2279.87,2026-05-08,yerba-mate,63,1,17,MAXICONSUMO S A,MAXICONSUMO,Sucursal La Plata,mayorista,La Plata,AR-B,Calle 13 esq. 517,7792710000380,1,YERBA AMANDA DESP.AZUL 500 gr,AMANDA,500 gr,2279.87,1884.19,10,22798.70,18841.90,,,,,2026-05-07T21:00:22-03:00,2026-05-08/sepa_1_comercio-sepa-63_2026-05-08_09-05-10.zip
63|1|17|7792710000052|YERBA AMANDA PREMIUM 500 gr|2879.87,2026-05-08,yerba-mate,63,1,17,MAXICONSUMO S A,MAXICONSUMO,Sucursal La Plata,mayorista,La Plata,AR-B,Calle 13 esq. 517,7792710000052,1,YERBA AMANDA PREMIUM 500 gr,AMANDA,500 gr,2879.87,2380.06,10,28798.70,23800.60,,,,,2026-05-07T21:00:22-03:00,2026-05-08/sepa_1_comercio-sepa-63_2026-05-08_09-05-10.zip
63|1|17|7792710006450|YERBA AMANDA SERRANA 500 gr|1919.88,2026-05-08,yerba-mate,63,1,17,MAXICONSUMO S A,MAXICONSUMO,Sucursal La Plata,mayorista,La Plata,AR-B,Calle 13 esq. 517,7792710006450,1,YERBA AMANDA SERRANA 500 gr,AMANDA,500 gr,1919.88,1586.68,10,19198.80,15866.80,,,,,2026-05-07T21:00:22-03:00,2026-05-08/sepa_1_comercio-sepa-63_2026-05-08_09-05-10.zip
63|1|17|7798039850019|YERBA ANDRESITO 1 kg|3239.87,2026-05-08,yerba-mate,63,1,17,MAXICONSUMO S A,MAXICONSUMO,Sucursal La Plata,mayorista,La Plata,AR-B,Calle 13 esq. 517,7798039850019,1,YERBA ANDRESITO 1 kg,ANDRESITO,1 kg,3239.87,2677.58,5,16199.35,13387.90,,,,,2026-05-07T21:00:22-03:00,2026-05-08/sepa_1_comercio-sepa-63_2026-05-08_09-05-10.zip
63|1|17|7798039850026|YERBA ANDRESITO 500 gr|1799.89,2026-05-08,yerba-mate,63,1,17,MAXICONSUMO S A,MAXICONSUMO,Sucursal La Plata,mayorista,La Plata,AR-B,Calle 13 esq. 517,7798039850026,1,YERBA ANDRESITO 500 gr,ANDRESITO,500 gr,1799.89,1487.51,10,17998.90,14875.10,,,,,2026-05-07T21:00:22-03:00,2026-05-08/sepa_1_comercio-sepa-63_2026-05-08_09-05-10.zip
63|1|17|7790387800197|YERBA B.Y SANTAS HIERBAS 500 gr|2399.88,2026-05-08,yerba-mate,63,1,17,MAXICONSUMO S A,MAXICONSUMO,Sucursal La Plata,mayorista,La Plata,AR-B,Calle 13 esq. 517,7790387800197,1,YERBA B.Y SANTAS HIERBAS 500 gr,BUENAS Y SANTAS,500 gr,2399.88,1983.37,10,23998.80,19833.70,,,,,2026-05-07T21:00:22-03:00,2026-05-08/sepa_1_comercio-sepa-63_2026-05-08_09-05-10.zip
63|1|17|7792280000070|YERBA CACHAMAI SILUET PLUS 500 gr|1679.88,2026-05-08,yerba-mate,63,1,17,MAXICONSUMO S A,MAXICONSUMO,Sucursal La Plata,mayorista,La Plata,AR-B,Calle 13 esq. 517,7792280000070,1,YERBA CACHAMAI SILUET PLUS 500 gr,CACHAMAI,500 gr,1679.88,1388.33,12,20158.56,16659.96,,,,,2026-05-07T21:00:22-03:00,2026-05-08/sepa_1_comercio-sepa-63_2026-05-08_09-05-10.zip
63|1|17|7792280005709|YERBA CACHAMATE 1 kg|3239.87,2026-05-08,yerba-mate,63,1,17,MAXICONSUMO S A,MAXICONSUMO,Sucursal La Plata,mayorista,La Plata,AR-B,Calle 13 esq. 517,7792280005709,1,YERBA CACHAMATE 1 kg,CACHAMATE,1 kg,3239.87,2677.58,10,32398.70,26775.80,,,,,2026-05-07T21:00:22-03:00,2026-05-08/sepa_1_comercio-sepa-63_2026-05-08_09-05-10.zip
63|1|17|7792280005686|YERBA CACHAMATE 500 gr|1559.88,2026-05-08,yerba-mate,63,1,17,MAXICONSUMO S A,MAXICONSUMO,Sucursal La Plata,mayorista,La Plata,AR-B,Calle 13 esq. 517,7792280005686,1,YERBA CACHAMATE 500 gr,CACHAMATE,500 gr,1559.88,1289.16,12,18718.56,15469.92,,,,,2026-05-07T21:00:22-03:00,2026-05-08/sepa_1_comercio-sepa-63_2026-05-08_09-05-10.zip
63|1|17|7792280005730|YERBA CACHAMATE HIER.SERRA 500 gr|1559.88,2026-05-08,yerba-mate,63,1,17,MAXICONSUMO S A,MAXICONSUMO,Sucursal La Plata,mayorista,La Plata,AR-B,Calle 13 esq. 517,7792280005730,1,YERBA CACHAMATE HIER.SERRA 500 gr,CACHAMATE,500 gr,1559.88,1289.16,12,18718.56,15469.92,,,,,2026-05-07T21:00:22-03:00,2026-05-08/sepa_1_comercio-sepa-63_2026-05-08_09-05-10.zip
63|1|17|7792280005723|YERBA CACHAMATE HIERB.SERRA 1 kg|3239.87,2026-05-08,yerba-mate,63,1,17,MAXICONSUMO S A,MAXICONSUMO,Sucursal La Plata,mayorista,La Plata,AR-B,Calle 13 esq. 517,7792280005723,1,YERBA CACHAMATE HIERB.SERRA 1 kg,CACHAMATE,1 kg,3239.87,2677.58,10,32398.70,26775.80,,,,,2026-05-07T21:00:22-03:00,2026-05-08/sepa_1_comercio-sepa-63_2026-05-08_09-05-10.zip
63|1|17|7792280000285|YERBA CACHAMATE NARANJA 500 gr|1859.87,2026-05-08,yerba-mate,63,1,17,MAXICONSUMO S A,MAXICONSUMO,Sucursal La Plata,mayorista,La Plata,AR-B,Calle 13 esq. 517,7792280000285,1,YERBA CACHAMATE NARANJA 500 gr,CACHAMATE,500 gr,1859.87,1537.08,12,22318.44,18444.96,,,,,2026-05-07T21:00:22-03:00,2026-05-08/sepa_1_comercio-sepa-63_2026-05-08_09-05-10.zip
63|1|17|7792280005716|YERBA CACHAMATE ROSA 1 kg|3239.87,2026-05-08,yerba-mate,63,1,17,MAXICONSUMO S A,MAXICONSUMO,Sucursal La Plata,mayorista,La Plata,AR-B,Calle 13 esq. 517,7792280005716,1,YERBA CACHAMATE ROSA 1 kg,CACHAMATE,1 kg,3239.87,2677.58,10,32398.70,26775.80,,,,,2026-05-07T21:00:22-03:00,2026-05-08/sepa_1_comercio-sepa-63_2026-05-08_09-05-10.zip
63|1|17|7792280005693|YERBA CACHAMATE ROSA 500 gr|1559.88,2026-05-08,yerba-mate,63,1,17,MAXICONSUMO S A,MAXICONSUMO,Sucursal La Plata,mayorista,La Plata,AR-B,Calle 13 esq. 517,7792280005693,1,YERBA CACHAMATE ROSA 500 gr,CACHAMATE,500 gr,1559.88,1289.16,12,18718.56,15469.92,,,,,2026-05-07T21:00:22-03:00,2026-05-08/sepa_1_comercio-sepa-63_2026-05-08_09-05-10.zip
63|1|17|7730241003654|YERBA CANARIAS 1 kg|11999.88,2026-05-08,yerba-mate,63,1,17,MAXICONSUMO S A,MAXICONSUMO,Sucursal La Plata,mayorista,La Plata,AR-B,Calle 13 esq. 517,7730241003654,1,YERBA CANARIAS 1 kg,CANARIAS,1 kg,11999.88,9917.26,20,239997.60,198345.20,,,,,2026-05-07T21:00:22-03:00,2026-05-08/sepa_1_comercio-sepa-63_2026-05-08_09-05-10.zip
63|1|17|7730241003661|YERBA CANARIAS 500 gr|6599.87,2026-05-08,yerba-mate,63,1,17,MAXICONSUMO S A,MAXICONSUMO,Sucursal La Plata,mayorista,La Plata,AR-B,Calle 13 esq. 517,7730241003661,1,YERBA CANARIAS 500 gr,CANARIAS,500 gr,6599.87,5454.44,20,131997.40,109088.80,,,,,2026-05-07T21:00:22-03:00,2026-05-08/sepa_1_comercio-sepa-63_2026-05-08_09-05-10.zip
63|1|17|7730241010294|YERBA CANARIAS SERENA 1 kg|11999.88,2026-05-08,yerba-mate,63,1,17,MAXICONSUMO S A,MAXICONSUMO,Sucursal La Plata,mayorista,La Plata,AR-B,Calle 13 esq. 517,7730241010294,1,YERBA CANARIAS SERENA 1 kg,CANARIAS,1 kg,11999.88,9917.26,20,239997.60,198345.20,,,,,2026-05-07T21:00:22-03:00,2026-05-08/sepa_1_comercio-sepa-63_2026-05-08_09-05-10.zip
63|1|17|7790710334771|YERBA CBSE CHOC.DUBAI 250 gr|1439.88,2026-05-08,yerba-mate,63,1,17,MAXICONSUMO S A,MAXICONSUMO,Sucursal La Plata,mayorista,La Plata,AR-B,Calle 13 esq. 517,7790710334771,1,YERBA CBSE CHOC.DUBAI 250 gr,CBSE,250 gr,1439.88,1189.98,10,14398.80,11899.80,,,,,2026-05-07T21:00:22-03:00,2026-05-08/sepa_1_comercio-sepa-63_2026-05-08_09-05-10.zip
63|1|17|7790710334603|YERBA CBSE GUARANA 500 gr|1799.89,2026-05-08,yerba-mate,63,1,17,MAXICONSUMO S A,MAXICONSUMO,Sucursal La Plata,mayorista,La Plata,AR-B,Calle 13 esq. 517,7790710334603,1,YERBA CBSE GUARANA 500 gr,CBSE,500 gr,1799.89,1487.51,12,21598.68,17850.12,,,,,2026-05-07T21:00:22-03:00,2026-05-08/sepa_1_comercio-sepa-63_2026-05-08_09-05-10.zip
63|1|17|7790710334818|YERBA CBSE H.SERRANA 500 gr|1799.89,2026-05-08,yerba-mate,63,1,17,MAXICONSUMO S A,MAXICONSUMO,Sucursal La Plata,mayorista,La Plata,AR-B,Calle 13 esq. 517,7790710334818,1,YERBA CBSE H.SERRANA 500 gr,CBSE,500 gr,1799.89,1487.51,12,21598.68,17850.12,,,,,2026-05-07T21:00:22-03:00,2026-05-08/sepa_1_comercio-sepa-63_2026-05-08_09-05-10.zip
63|1|17|7790710334689|YERBA CBSE HIERB.CUYA. 500 gr|1799.89,2026-05-08,yerba-mate,63,1,17,MAXICONSUMO S A,MAXICONSUMO,Sucursal La Plata,mayorista,La Plata,AR-B,Calle 13 esq. 517,7790710334689,1,YERBA CBSE HIERB.CUYA. 500 gr,CBSE,500 gr,1799.89,1487.51,12,21598.68,17850.12,,,,,2026-05-07T21:00:22-03:00,2026-05-08/sepa_1_comercio-sepa-63_2026-05-08_09-05-10.zip
63|1|17|7790710334672|YERBA CBSE HIERB.LITOR 500 gr|1799.89,2026-05-08,yerba-mate,63,1,17,MAXICONSUMO S A,MAXICONSUMO,Sucursal La Plata,mayorista,La Plata,AR-B,Calle 13 esq. 517,7790710334672,1,YERBA CBSE HIERB.LITOR 500 gr,CBSE,500 gr,1799.89,1487.51,12,21598.68,17850.12,,,,,2026-05-07T21:00:22-03:00,2026-05-08/sepa_1_comercio-sepa-63_2026-05-08_09-05-10.zip
63|1|17|7790710334573|YERBA CBSE HIERB.SERR 1 kg|3959.88,2026-05-08,yerba-mate,63,1,17,MAXICONSUMO S A,MAXICONSUMO,Sucursal La Plata,mayorista,La Plata,AR-B,Calle 13 esq. 517,7790710334573,1,YERBA CBSE HIERB.SERR 1 kg,CBSE,1 kg,3959.88,3272.63,12,47518.56,39271.56,,,,,2026-05-07T21:00:22-03:00,2026-05-08/sepa_1_comercio-sepa-63_2026-05-08_09-05-10.zip
63|1|17|7790710334597|YERBA CBSE LIMON 500 gr|1799.89,2026-05-08,yerba-mate,63,1,17,MAXICONSUMO S A,MAXICONSUMO,Sucursal La Plata,mayorista,La Plata,AR-B,Calle 13 esq. 517,7790710334597,1,YERBA CBSE LIMON 500 gr,CBSE,500 gr,1799.89,1487.51,12,21598.68,17850.12,,,,,2026-05-07T21:00:22-03:00,2026-05-08/sepa_1_comercio-sepa-63_2026-05-08_09-05-10.zip
63|1|17|7790710334764|YERBA CBSE MANGO PICA 250 gr|1799.89,2026-05-08,yerba-mate,63,1,17,MAXICONSUMO S A,MAXICONSUMO,Sucursal La Plata,mayorista,La Plata,AR-B,Calle 13 esq. 517,7790710334764,1,YERBA CBSE MANGO PICA 250 gr,CBSE,250 gr,1799.89,1487.51,10,17998.90,14875.10,,,,,2026-05-07T21:00:22-03:00,2026-05-08/sepa_1_comercio-sepa-63_2026-05-08_09-05-10.zip
63|1|17|7790710334658|YERBA CBSE MIEL 500 gr|1799.89,2026-05-08,yerba-mate,63,1,17,MAXICONSUMO S A,MAXICONSUMO,Sucursal La Plata,mayorista,La Plata,AR-B,Calle 13 esq. 517,7790710334658,1,YERBA CBSE MIEL 500 gr,CBSE,500 gr,1799.89,1487.51,12,21598.68,17850.12,,,,,2026-05-07T21:00:22-03:00,2026-05-08/sepa_1_comercio-sepa-63_2026-05-08_09-05-10.zip
63|1|17|7790710334580|YERBA CBSE NARANJA 500 gr|1799.89,2026-05-08,yerba-mate,63,1,17,MAXICONSUMO S A,MAXICONSUMO,Sucursal La Plata,mayorista,La Plata,AR-B,Calle 13 esq. 517,7790710334580,1,YERBA CBSE NARANJA 500 gr,CBSE,500 gr,1799.89,1487.51,12,21598.68,17850.12,,,,,2026-05-07T21:00:22-03:00,2026-05-08/sepa_1_comercio-sepa-63_2026-05-08_09-05-10.zip
63|1|17|7790710334641|YERBA CBSE SILUE.NJA 500 gr|1799.89,2026-05-08,yerba-mate,63,1,17,MAXICONSUMO S A,MAXICONSUMO,Sucursal La Plata,mayorista,La Plata,AR-B,Calle 13 esq. 517,7790710334641,1,YERBA CBSE SILUE.NJA 500 gr,CBSE,500 gr,1799.89,1487.51,12,21598.68,17850.12,,,,,2026-05-07T21:00:22-03:00,2026-05-08/sepa_1_comercio-sepa-63_2026-05-08_09-05-10.zip
63|1|17|7790710334634|YERBA CBSE SILUETA 500 gr|1799.89,2026-05-08,yerba-mate,63,1,17,MAXICONSUMO S A,MAXICONSUMO,Sucursal La Plata,mayorista,La Plata,AR-B,Calle 13 esq. 517,7790710334634,1,YERBA CBSE SILUETA 500 gr,CBSE,500 gr,1799.89,1487.51,12,21598.68,17850.12,,,,,2026-05-07T21:00:22-03:00,2026-05-08/sepa_1_comercio-sepa-63_2026-05-08_09-05-10.zip
63|1|17|7790070509017|YERBA CHAMIGO 1 kg|3179.88,2026-05-08,yerba-mate,63,1,17,MAXICONSUMO S A,MAXICONSUMO,Sucursal La Plata,mayorista,La Plata,AR-B,Calle 13 esq. 517,7790070509017,1,YERBA CHAMIGO 1 kg,CHAMIGO,1 kg,3179.88,2628.00,6,19079.28,15768.00,,,,,2026-05-07T21:00:22-03:00,2026-05-08/sepa_1_comercio-sepa-63_2026-05-08_09-05-10.zip
63|1|17|7790070509123|YERBA CHAMIGO 500 gr|1679.88,2026-05-08,yerba-mate,63,1,17,MAXICONSUMO S A,MAXICONSUMO,Sucursal La Plata,mayorista,La Plata,AR-B,Calle 13 esq. 517,7790070509123,1,YERBA CHAMIGO 500 gr,CHAMIGO,500 gr,1679.88,1388.33,10,16798.80,13883.30,,,,,2026-05-07T21:00:22-03:00,2026-05-08/sepa_1_comercio-sepa-63_2026-05-08_09-05-10.zip
63|1|17|7790070509055|YERBA CRUZ MALTA 1 kg|3359.88,2026-05-08,yerba-mate,63,1,17,MAXICONSUMO S A,MAXICONSUMO,Sucursal La Plata,mayorista,La Plata,AR-B,Calle 13 esq. 517,7790070509055,1,YERBA CRUZ MALTA 1 kg,CRUZ MALTA,1 kg,3359.88,2776.76,6,20159.28,16660.56,,,,,2026-05-07T21:00:22-03:00,2026-05-08/sepa_1_comercio-sepa-63_2026-05-08_09-05-10.zip
63|1|17|7790070509048|YERBA CRUZ MALTA 500 gr|1919.88,2026-05-08,yerba-mate,63,1,17,MAXICONSUMO S A,MAXICONSUMO,Sucursal La Plata,mayorista,La Plata,AR-B,Calle 13 esq. 517,7790070509048,1,YERBA CRUZ MALTA 500 gr,CRUZ MALTA,500 gr,1919.88,1586.68,10,19198.80,15866.80,,,,,2026-05-07T21:00:22-03:00,2026-05-08/sepa_1_comercio-sepa-63_2026-05-08_09-05-10.zip
63|1|17|7790217000018|YERBA L.CUMBREC 1 kg|3119.89,2026-05-08,yerba-mate,63,1,17,MAXICONSUMO S A,MAXICONSUMO,Sucursal La Plata,mayorista,La Plata,AR-B,Calle 13 esq. 517,7790217000018,1,YERBA L.CUMBREC 1 kg,L.CUMBREC,1 kg,3119.89,2578.42,10,31198.90,25784.20,,,,,2026-05-07T21:00:22-03:00,2026-05-08/sepa_1_comercio-sepa-63_2026-05-08_09-05-10.zip
63|1|17|7790217000032|YERBA L.CUMBREC 500 gr|1679.88,2026-05-08,yerba-mate,63,1,17,MAXICONSUMO S A,MAXICONSUMO,Sucursal La Plata,mayorista,La Plata,AR-B,Calle 13 esq. 517,7790217000032,1,YERBA L.CUMBREC 500 gr,L.CUMBREC,500 gr,1679.88,1388.33,10,16798.80,13883.30,,,,,2026-05-07T21:00:22-03:00,2026-05-08/sepa_1_comercio-sepa-63_2026-05-08_09-05-10.zip
63|1|17|7790217000599|YERBA L.CUMBREC BURRITO 500 gr|1679.88,2026-05-08,yerba-mate,63,1,17,MAXICONSUMO S A,MAXICONSUMO,Sucursal La Plata,mayorista,La Plata,AR-B,Calle 13 esq. 517,7790217000599,1,YERBA L.CUMBREC BURRITO 500 gr,L.CUMBREC,500 gr,1679.88,1388.33,10,16798.80,13883.30,,,,,2026-05-07T21:00:22-03:00,2026-05-08/sepa_1_comercio-sepa-63_2026-05-08_09-05-10.zip
63|1|17|7790217000087|YERBA L.CUMBREC LIMON 500 gr|1679.88,2026-05-08,yerba-mate,63,1,17,MAXICONSUMO S A,MAXICONSUMO,Sucursal La Plata,mayorista,La Plata,AR-B,Calle 13 esq. 517,7790217000087,1,YERBA L.CUMBREC LIMON 500 gr,L.CUMBREC,500 gr,1679.88,1388.33,10,16798.80,13883.30,,,,,2026-05-07T21:00:22-03:00,2026-05-08/sepa_1_comercio-sepa-63_2026-05-08_09-05-10.zip
63|1|17|7790217000070|YERBA L.CUMBREC NARANJA 500 gr|1679.88,2026-05-08,yerba-mate,63,1,17,MAXICONSUMO S A,MAXICONSUMO,Sucursal La Plata,mayorista,La Plata,AR-B,Calle 13 esq. 517,7790217000070,1,YERBA L.CUMBREC NARANJA 500 gr,L.CUMBREC,500 gr,1679.88,1388.33,10,16798.80,13883.30,,,,,2026-05-07T21:00:22-03:00,2026-05-08/sepa_1_comercio-sepa-63_2026-05-08_09-05-10.zip
63|1|17|7790217000544|YERBA L.CUMBREC SELEC.ESP 500 gr|1859.88,2026-05-08,yerba-mate,63,1,17,MAXICONSUMO S A,MAXICONSUMO,Sucursal La Plata,mayorista,La Plata,AR-B,Calle 13 esq. 517,7790217000544,1,YERBA L.CUMBREC SELEC.ESP 500 gr,L.CUMBREC,500 gr,1859.88,1537.09,10,18598.80,15370.90,,,,,2026-05-07T21:00:22-03:00,2026-05-08/sepa_1_comercio-sepa-63_2026-05-08_09-05-10.zip
63|1|17|7790480000388|YERBA L.TRANQUE 1 kg|3239.87,2026-05-08,yerba-mate,63,1,17,MAXICONSUMO S A,MAXICONSUMO,Sucursal La Plata,mayorista,La Plata,AR-B,Calle 13 esq. 517,7790480000388,1,YERBA L.TRANQUE 1 kg,L.TRANQUE,1 kg,3239.87,2677.58,6,19439.22,16065.48,,,,,2026-05-07T21:00:22-03:00,2026-05-08/sepa_1_comercio-sepa-63_2026-05-08_09-05-10.zip
63|1|17|7700480000371|YERBA L.TRANQUE 500 gr|1535.88,2026-05-08,yerba-mate,63,1,17,MAXICONSUMO S A,MAXICONSUMO,Sucursal La Plata,mayorista,La Plata,AR-B,Calle 13 esq. 517,7700480000371,1,YERBA L.TRANQUE 500 gr,L.TRANQUE,500 gr,1535.88,1269.32,12,18430.56,15231.84,,,,,2026-05-07T21:00:22-03:00,2026-05-08/sepa_1_comercio-sepa-63_2026-05-08_09-05-10.zip
63|1|17|7790480089963|YERBA L.TRANQUE LIVIANA 1 kg|2519.87,2026-05-08,yerba-mate,63,1,17,MAXICONSUMO S A,MAXICONSUMO,Sucursal La Plata,mayorista,La Plata,AR-B,Calle 13 esq. 517,7790480089963,1,YERBA L.TRANQUE LIVIANA 1 kg,L.TRANQUE,1 kg,2519.87,2082.54,6,15119.22,12495.24,,,,,2026-05-07T21:00:22-03:00,2026-05-08/sepa_1_comercio-sepa-63_2026-05-08_09-05-10.zip
63|1|17|7790480089956|YERBA L.TRANQUE LIVIANA 500 gr|1439.88,2026-05-08,yerba-mate,63,1,17,MAXICONSUMO S A,MAXICONSUMO,Sucursal La Plata,mayorista,La Plata,AR-B,Calle 13 esq. 517,7790480089956,1,YERBA L.TRANQUE LIVIANA 500 gr,L.TRANQUE,500 gr,1439.88,1189.98,12,17278.56,14279.76,,,,,2026-05-07T21:00:22-03:00,2026-05-08/sepa_1_comercio-sepa-63_2026-05-08_09-05-10.zip
63|1|17|7790480089949|YERBA L.TRANQUE SUAVE 1 kg|3239.87,2026-05-08,yerba-mate,63,1,17,MAXICONSUMO S A,MAXICONSUMO,Sucursal La Plata,mayorista,La Plata,AR-B,Calle 13 esq. 517,7790480089949,1,YERBA L.TRANQUE SUAVE 1 kg,L.TRANQUE,1 kg,3239.87,2677.58,6,19439.22,16065.48,,,,,2026-05-07T21:00:22-03:00,2026-05-08/sepa_1_comercio-sepa-63_2026-05-08_09-05-10.zip
63|1|17|7790480089932|YERBA L.TRANQUE SUAVE 500 gr|1535.88,2026-05-08,yerba-mate,63,1,17,MAXICONSUMO S A,MAXICONSUMO,Sucursal La Plata,mayorista,La Plata,AR-B,Calle 13 esq. 517,7790480089932,1,YERBA L.TRANQUE SUAVE 500 gr,L.TRANQUE,500 gr,1535.88,1269.32,12,18430.56,15231.84,,,,,2026-05-07T21:00:22-03:00,2026-05-08/sepa_1_comercio-sepa-63_2026-05-08_09-05-10.zip
63|1|17|7790387015621|YERBA LA MERCED BARBACU O.C 500 gr|5039.88,2026-05-08,yerba-mate,63,1,17,MAXICONSUMO S A,MAXICONSUMO,Sucursal La Plata,mayorista,La Plata,AR-B,Calle 13 esq. 517,7790387015621,1,YERBA LA MERCED BARBACU O.C 500 gr,LA MERCED,500 gr,5039.88,4165.19,6,30239.28,24991.14,,,,,2026-05-07T21:00:22-03:00,2026-05-08/sepa_1_comercio-sepa-63_2026-05-08_09-05-10.zip
63|1|17|7790387015638|YERBA LA MERCED CAMPO M O.C 500 gr|5039.88,2026-05-08,yerba-mate,63,1,17,MAXICONSUMO S A,MAXICONSUMO,Sucursal La Plata,mayorista,La Plata,AR-B,Calle 13 esq. 517,7790387015638,1,YERBA LA MERCED CAMPO M O.C 500 gr,LA MERCED,500 gr,5039.88,4165.19,6,30239.28,24991.14,,,,,2026-05-07T21:00:22-03:00,2026-05-08/sepa_1_comercio-sepa-63_2026-05-08_09-05-10.zip
63|1|17|7790387015607|YERBA LA MERCED CAMPO O.C 500 gr|5039.88,2026-05-08,yerba-mate,63,1,17,MAXICONSUMO S A,MAXICONSUMO,Sucursal La Plata,mayorista,La Plata,AR-B,Calle 13 esq. 517,7790387015607,1,YERBA LA MERCED CAMPO O.C 500 gr,LA MERCED,500 gr,5039.88,4165.19,6,30239.28,24991.14,,,,,2026-05-07T21:00:22-03:00,2026-05-08/sepa_1_comercio-sepa-63_2026-05-08_09-05-10.zip
63|1|17|7790387015645|YERBA LA MERCED CAMPO S O.C 500 gr|5039.88,2026-05-08,yerba-mate,63,1,17,MAXICONSUMO S A,MAXICONSUMO,Sucursal La Plata,mayorista,La Plata,AR-B,Calle 13 esq. 517,7790387015645,1,YERBA LA MERCED CAMPO S O.C 500 gr,LA MERCED,500 gr,5039.88,4165.19,6,30239.28,24991.14,,,,,2026-05-07T21:00:22-03:00,2026-05-08/sepa_1_comercio-sepa-63_2026-05-08_09-05-10.zip
63|1|17|7790387015447|YERBA LA MERCED CAMPO SUR 1 kg|6479.89,2026-05-08,yerba-mate,63,1,17,MAXICONSUMO S A,MAXICONSUMO,Sucursal La Plata,mayorista,La Plata,AR-B,Calle 13 esq. 517,7790387015447,1,YERBA LA MERCED CAMPO SUR 1 kg,LA MERCED,1 kg,6479.89,5355.28,10,64798.90,53552.80,,,,,2026-05-07T21:00:22-03:00,2026-05-08/sepa_1_comercio-sepa-63_2026-05-08_09-05-10.zip
63|1|17|7790387015614|YERBA LA MERCED MONTE O.C 500 gr|5039.88,2026-05-08,yerba-mate,63,1,17,MAXICONSUMO S A,MAXICONSUMO,Sucursal La Plata,mayorista,La Plata,AR-B,Calle 13 esq. 517,7790387015614,1,YERBA LA MERCED MONTE O.C 500 gr,LA MERCED,500 gr,5039.88,4165.19,6,30239.28,24991.14,,,,,2026-05-07T21:00:22-03:00,2026-05-08/sepa_1_comercio-sepa-63_2026-05-08_09-05-10.zip
63|1|17|7793704000805|YERBA LIEBIG C.PALO 500 kg|3419.87,2026-05-08,yerba-mate,63,1,17,MAXICONSUMO S A,MAXICONSUMO,Sucursal La Plata,mayorista,La Plata,AR-B,Calle 13 esq. 517,7793704000805,1,YERBA LIEBIG C.PALO 500 kg,LIEBIG,500 kg,3419.87,2826.34,10,34198.70,28263.40,,,,,2026-05-07T21:00:22-03:00,2026-05-08/sepa_1_comercio-sepa-63_2026-05-08_09-05-10.zip
63|1|17|7790710334757|YERBA MATEANDO 500 gr|2159.87,2026-05-08,yerba-mate,63,1,17,MAXICONSUMO S A,MAXICONSUMO,Sucursal La Plata,mayorista,La Plata,AR-B,Calle 13 esq. 517,7790710334757,1,YERBA MATEANDO 500 gr,MATEANDO,500 gr,2159.87,1785.02,10,21598.70,17850.20,,,,,2026-05-07T21:00:22-03:00,2026-05-08/sepa_1_comercio-sepa-63_2026-05-08_09-05-10.zip
63|1|17|7790387015317|YERBA MAÑANITA 4 FLEX 1 kg|3839.89,2026-05-08,yerba-mate,63,1,17,MAXICONSUMO S A,MAXICONSUMO,Sucursal La Plata,mayorista,La Plata,AR-B,Calle 13 esq. 517,7790387015317,1,YERBA MAÑANITA 4 FLEX 1 kg,MAÑANITA,1 kg,3839.89,3173.46,10,38398.90,31734.60,,,,,2026-05-07T21:00:22-03:00,2026-05-08/sepa_1_comercio-sepa-63_2026-05-08_09-05-10.zip
63|1|17|7790387015324|YERBA MAÑANITA 4 FLEX 500 gr|2099.88,2026-05-08,yerba-mate,63,1,17,MAXICONSUMO S A,MAXICONSUMO,Sucursal La Plata,mayorista,La Plata,AR-B,Calle 13 esq. 517,7790387015324,1,YERBA MAÑANITA 4 FLEX 500 gr,MAÑANITA,500 gr,2099.88,1735.44,10,20998.80,17354.40,,,,,2026-05-07T21:00:22-03:00,2026-05-08/sepa_1_comercio-sepa-63_2026-05-08_09-05-10.zip
63|1|17|7790070507280|YERBA N.GAUCHA SELECCION 1 kg|3599.88,2026-05-08,yerba-mate,63,1,17,MAXICONSUMO S A,MAXICONSUMO,Sucursal La Plata,mayorista,La Plata,AR-B,Calle 13 esq. 517,7790070507280,1,YERBA N.GAUCHA SELECCION 1 kg,N.GAUCHA,1 kg,3599.88,2975.11,6,21599.28,17850.66,,,,,2026-05-07T21:00:22-03:00,2026-05-08/sepa_1_comercio-sepa-63_2026-05-08_09-05-10.zip
63|1|17|7790070507273|YERBA N.GAUCHA SELECCION 500 gr|1679.88,2026-05-08,yerba-mate,63,1,17,MAXICONSUMO S A,MAXICONSUMO,Sucursal La Plata,mayorista,La Plata,AR-B,Calle 13 esq. 517,7790070507273,1,YERBA N.GAUCHA SELECCION 500 gr,N.GAUCHA,500 gr,1679.88,1388.33,10,16798.80,13883.30,,,,,2026-05-07T21:00:22-03:00,2026-05-08/sepa_1_comercio-sepa-63_2026-05-08_09-05-10.zip
63|1|17|7790070509116|YERBA N.GAUCHA SUAVE/SEREN 1 kg|3599.88,2026-05-08,yerba-mate,63,1,17,MAXICONSUMO S A,MAXICONSUMO,Sucursal La Plata,mayorista,La Plata,AR-B,Calle 13 esq. 517,7790070509116,1,YERBA N.GAUCHA SUAVE/SEREN 1 kg,N.GAUCHA,1 kg,3599.88,2975.11,6,21599.28,17850.66,,,,,2026-05-07T21:00:22-03:00,2026-05-08/sepa_1_comercio-sepa-63_2026-05-08_09-05-10.zip
63|1|17|7790070509109|YERBA N.GAUCHA SUAVE/SEREN 500 gr|1679.88,2026-05-08,yerba-mate,63,1,17,MAXICONSUMO S A,MAXICONSUMO,Sucursal La Plata,mayorista,La Plata,AR-B,Calle 13 esq. 517,7790070509109,1,YERBA N.GAUCHA SUAVE/SEREN 500 gr,N.GAUCHA,500 gr,1679.88,1388.33,10,16798.80,13883.30,,,,,2026-05-07T21:00:22-03:00,2026-05-08/sepa_1_comercio-sepa-63_2026-05-08_09-05-10.zip
63|1|17|7793704000928|YERBA PLAYADITO 1 kg|5099.87,2026-05-08,yerba-mate,63,1,17,MAXICONSUMO S A,MAXICONSUMO,Sucursal La Plata,mayorista,La Plata,AR-B,Calle 13 esq. 517,7793704000928,1,YERBA PLAYADITO 1 kg,PLAYADITO,1 kg,5099.87,4214.77,5,25499.35,21073.85,,,,,2026-05-07T21:00:22-03:00,2026-05-08/sepa_1_comercio-sepa-63_2026-05-08_09-05-10.zip
63|1|17|7793704000041|YERBA PLAYADITO 2 kg|8999.87,2026-05-08,yerba-mate,63,1,17,MAXICONSUMO S A,MAXICONSUMO,Sucursal La Plata,mayorista,La Plata,AR-B,Calle 13 esq. 517,7793704000041,1,YERBA PLAYADITO 2 kg,PLAYADITO,2 kg,8999.87,7437.91,5,44999.35,37189.55,,,,,2026-05-07T21:00:22-03:00,2026-05-08/sepa_1_comercio-sepa-63_2026-05-08_09-05-10.zip
63|1|17|7793704000911|YERBA PLAYADITO 500 gr|2279.88,2026-05-08,yerba-mate,63,1,17,MAXICONSUMO S A,MAXICONSUMO,Sucursal La Plata,mayorista,La Plata,AR-B,Calle 13 esq. 517,7793704000911,1,YERBA PLAYADITO 500 gr,PLAYADITO,500 gr,2279.88,1884.20,10,22798.80,18842.00,,,,,2026-05-07T21:00:22-03:00,2026-05-08/sepa_1_comercio-sepa-63_2026-05-08_09-05-10.zip
63|1|17|7793704000508|YERBA PLAYADITO COMPUESTA 500 gr|3239.87,2026-05-08,yerba-mate,63,1,17,MAXICONSUMO S A,MAXICONSUMO,Sucursal La Plata,mayorista,La Plata,AR-B,Calle 13 esq. 517,7793704000508,1,YERBA PLAYADITO COMPUESTA 500 gr,PLAYADITO,500 gr,3239.87,2677.58,10,32398.70,26775.80,,,,,2026-05-07T21:00:22-03:00,2026-05-08/sepa_1_comercio-sepa-63_2026-05-08_09-05-10.zip
63|1|17|7793704000881|YERBA PLAYADITO DESP. 500 gr|3359.88,2026-05-08,yerba-mate,63,1,17,MAXICONSUMO S A,MAXICONSUMO,Sucursal La Plata,mayorista,La Plata,AR-B,Calle 13 esq. 517,7793704000881,1,YERBA PLAYADITO DESP. 500 gr,PLAYADITO,500 gr,3359.88,2776.76,10,33598.80,27767.60,,,,,2026-05-07T21:00:22-03:00,2026-05-08/sepa_1_comercio-sepa-63_2026-05-08_09-05-10.zip
63|1|17|7790802000027|YERBA ROMANCE 1 kg|3719.88,2026-05-08,yerba-mate,63,1,17,MAXICONSUMO S A,MAXICONSUMO,Sucursal La Plata,mayorista,La Plata,AR-B,Calle 13 esq. 517,7790802000027,1,YERBA ROMANCE 1 kg,ROMANCE,1 kg,3719.88,3074.28,5,18599.40,15371.40,,,,,2026-05-07T21:00:22-03:00,2026-05-08/sepa_1_comercio-sepa-63_2026-05-08_09-05-10.zip
63|1|17|7790802000010|YERBA ROMANCE 500 gr|1979.87,2026-05-08,yerba-mate,63,1,17,MAXICONSUMO S A,MAXICONSUMO,Sucursal La Plata,mayorista,La Plata,AR-B,Calle 13 esq. 517,7790802000010,1,YERBA ROMANCE 500 gr,ROMANCE,500 gr,1979.87,1636.26,10,19798.70,16362.60,,,,,2026-05-07T21:00:22-03:00,2026-05-08/sepa_1_comercio-sepa-63_2026-05-08_09-05-10.zip
63|1|17|7790802000164|YERBA ROMANCE SUAVE 1 kg|3719.88,2026-05-08,yerba-mate,63,1,17,MAXICONSUMO S A,MAXICONSUMO,Sucursal La Plata,mayorista,La Plata,AR-B,Calle 13 esq. 517,7790802000164,1,YERBA ROMANCE SUAVE 1 kg,ROMANCE,1 kg,3719.88,3074.28,5,18599.40,15371.40,,,,,2026-05-07T21:00:22-03:00,2026-05-08/sepa_1_comercio-sepa-63_2026-05-08_09-05-10.zip
63|1|17|7790802000171|YERBA ROMANCE SUAVE 500 gr|2159.87,2026-05-08,yerba-mate,63,1,17,MAXICONSUMO S A,MAXICONSUMO,Sucursal La Plata,mayorista,La Plata,AR-B,Calle 13 esq. 517,7790802000171,1,YERBA ROMANCE SUAVE 500 gr,ROMANCE,500 gr,2159.87,1785.02,10,21598.70,17850.20,,,,,2026-05-07T21:00:22-03:00,2026-05-08/sepa_1_comercio-sepa-63_2026-05-08_09-05-10.zip
63|1|17|7790411001958|YERBA ROSAMONTE 55 ANIV. 500 gr|1919.88,2026-05-08,yerba-mate,63,1,17,MAXICONSUMO S A,MAXICONSUMO,Sucursal La Plata,mayorista,La Plata,AR-B,Calle 13 esq. 517,7790411001958,1,YERBA ROSAMONTE 55 ANIV. 500 gr,ROSAMONTE,500 gr,1919.88,1586.68,10,19198.80,15866.80,,,,,2026-05-07T21:00:22-03:00,2026-05-08/sepa_1_comercio-sepa-63_2026-05-08_09-05-10.zip
63|1|17|7790411000814|YERBA ROSAMONTE DESPALADA 500 gr|2759.88,2026-05-08,yerba-mate,63,1,17,MAXICONSUMO S A,MAXICONSUMO,Sucursal La Plata,mayorista,La Plata,AR-B,Calle 13 esq. 517,7790411000814,1,YERBA ROSAMONTE DESPALADA 500 gr,ROSAMONTE,500 gr,2759.88,2280.89,10,27598.80,22808.90,,,,,2026-05-07T21:00:22-03:00,2026-05-08/sepa_1_comercio-sepa-63_2026-05-08_09-05-10.zip
63|1|17|7790411001989|YERBA ROSAMONTE SUAVE 55 AN 500 gr|1919.88,2026-05-08,yerba-mate,63,1,17,MAXICONSUMO S A,MAXICONSUMO,Sucursal La Plata,mayorista,La Plata,AR-B,Calle 13 esq. 517,7790411001989,1,YERBA ROSAMONTE SUAVE 55 AN 500 gr,ROSAMONTE,500 gr,1919.88,1586.68,10,19198.80,15866.80,,,,,2026-05-07T21:00:22-03:00,2026-05-08/sepa_1_comercio-sepa-63_2026-05-08_09-05-10.zip
63|1|17|7790411001972|YERBA ROSAMONTE SUAVE.55ANI 1 kg|3719.88,2026-05-08,yerba-mate,63,1,17,MAXICONSUMO S A,MAXICONSUMO,Sucursal La Plata,mayorista,La Plata,AR-B,Calle 13 esq. 517,7790411001972,1,YERBA ROSAMONTE SUAVE.55ANI 1 kg,ROSAMONTE,1 kg,3719.88,3074.28,10,37198.80,30742.80,,,,,2026-05-07T21:00:22-03:00,2026-05-08/sepa_1_comercio-sepa-63_2026-05-08_09-05-10.zip
63|1|17|7790411001941|YERBA ROSAMONTE TRAD.55ANIV 1 kg|3719.88,2026-05-08,yerba-mate,63,1,17,MAXICONSUMO S A,MAXICONSUMO,Sucursal La Plata,mayorista,La Plata,AR-B,Calle 13 esq. 517,7790411001941,1,YERBA ROSAMONTE TRAD.55ANIV 1 kg,ROSAMONTE,1 kg,3719.88,3074.28,10,37198.80,30742.80,,,,,2026-05-07T21:00:22-03:00,2026-05-08/sepa_1_comercio-sepa-63_2026-05-08_09-05-10.zip
63|1|17|7790070508522|YERBA SALUS NATURAL 500 gr|2399.88,2026-05-08,yerba-mate,63,1,17,MAXICONSUMO S A,MAXICONSUMO,Sucursal La Plata,mayorista,La Plata,AR-B,Calle 13 esq. 517,7790070508522,1,YERBA SALUS NATURAL 500 gr,SALUS,500 gr,2399.88,1983.37,10,23998.80,19833.70,,,,,2026-05-07T21:00:22-03:00,2026-05-08/sepa_1_comercio-sepa-63_2026-05-08_09-05-10.zip
63|1|17|7790387013610|YERBA TARAGUI 4 FLEX 1 kg|3839.89,2026-05-08,yerba-mate,63,1,17,MAXICONSUMO S A,MAXICONSUMO,Sucursal La Plata,mayorista,La Plata,AR-B,Calle 13 esq. 517,7790387013610,1,YERBA TARAGUI 4 FLEX 1 kg,TARAGUI,1 kg,3839.89,3173.46,10,38398.90,31734.60,,,,,2026-05-07T21:00:22-03:00,2026-05-08/sepa_1_comercio-sepa-63_2026-05-08_09-05-10.zip
63|1|17|7790387013627|YERBA TARAGUI 4 FLEX 500 gr|2099.88,2026-05-08,yerba-mate,63,1,17,MAXICONSUMO S A,MAXICONSUMO,Sucursal La Plata,mayorista,La Plata,AR-B,Calle 13 esq. 517,7790387013627,1,YERBA TARAGUI 4 FLEX 500 gr,TARAGUI,500 gr,2099.88,1735.44,10,20998.80,17354.40,,,,,2026-05-07T21:00:22-03:00,2026-05-08/sepa_1_comercio-sepa-63_2026-05-08_09-05-10.zip
63|1|17|7790387013498|YERBA TARAGUI DESPALAD 4F 1 kg|7799.87,2026-05-08,yerba-mate,63,1,17,MAXICONSUMO S A,MAXICONSUMO,Sucursal La Plata,mayorista,La Plata,AR-B,Calle 13 esq. 517,7790387013498,1,YERBA TARAGUI DESPALAD 4F 1 kg,TARAGUI,1 kg,7799.87,6446.17,10,77998.70,64461.70,,,,,2026-05-07T21:00:22-03:00,2026-05-08/sepa_1_comercio-sepa-63_2026-05-08_09-05-10.zip
63|1|17|7790387013504|YERBA TARAGUI DESPALAD 4F 500 gr|3959.88,2026-05-08,yerba-mate,63,1,17,MAXICONSUMO S A,MAXICONSUMO,Sucursal La Plata,mayorista,La Plata,AR-B,Calle 13 esq. 517,7790387013504,1,YERBA TARAGUI DESPALAD 4F 500 gr,TARAGUI,500 gr,3959.88,3272.63,10,39598.80,32726.30,,,,,2026-05-07T21:00:22-03:00,2026-05-08/sepa_1_comercio-sepa-63_2026-05-08_09-05-10.zip
63|1|17|7790387014617|YERBA UNION 4 FLEX 1 kg|3839.89,2026-05-08,yerba-mate,63,1,17,MAXICONSUMO S A,MAXICONSUMO,Sucursal La Plata,mayorista,La Plata,AR-B,Calle 13 esq. 517,7790387014617,1,YERBA UNION 4 FLEX 1 kg,UNION,1 kg,3839.89,3173.46,10,38398.90,31734.60,,,,,2026-05-07T21:00:22-03:00,2026-05-08/sepa_1_comercio-sepa-63_2026-05-08_09-05-10.zip
63|1|17|7790387014631|YERBA UNION 4 FLEX 250 gr|2159.87,2026-05-08,yerba-mate,63,1,17,MAXICONSUMO S A,MAXICONSUMO,Sucursal La Plata,mayorista,La Plata,AR-B,Calle 13 esq. 517,7790387014631,1,YERBA UNION 4 FLEX 250 gr,UNION,250 gr,2159.87,1785.02,10,21598.70,17850.20,,,,,2026-05-07T21:00:22-03:00,2026-05-08/sepa_1_comercio-sepa-63_2026-05-08_09-05-10.zip
63|1|17|7790387014624|YERBA UNION 4 FLEX 500 gr|2099.88,2026-05-08,yerba-mate,63,1,17,MAXICONSUMO S A,MAXICONSUMO,Sucursal La Plata,mayorista,La Plata,AR-B,Calle 13 esq. 517,7790387014624,1,YERBA UNION 4 FLEX 500 gr,UNION,500 gr,2099.88,1735.44,10,20998.80,17354.40,,,,,2026-05-07T21:00:22-03:00,2026-05-08/sepa_1_comercio-sepa-63_2026-05-08_09-05-10.zip
63|1|17|7790387014136|YERBA UNION LIVIANA 4F 1 kg|6959.87,2026-05-08,yerba-mate,63,1,17,MAXICONSUMO S A,MAXICONSUMO,Sucursal La Plata,mayorista,La Plata,AR-B,Calle 13 esq. 517,7790387014136,1,YERBA UNION LIVIANA 4F 1 kg,UNION,1 kg,6959.87,5751.96,10,69598.70,57519.60,,,,,2026-05-07T21:00:22-03:00,2026-05-08/sepa_1_comercio-sepa-63_2026-05-08_09-05-10.zip
63|1|17|7790387014143|YERBA UNION LIVIANA 4F 500 gr|3599.87,2026-05-08,yerba-mate,63,1,17,MAXICONSUMO S A,MAXICONSUMO,Sucursal La Plata,mayorista,La Plata,AR-B,Calle 13 esq. 517,7790387014143,1,YERBA UNION LIVIANA 4F 500 gr,UNION,500 gr,3599.87,2975.10,10,35998.70,29751.00,,,,,2026-05-07T21:00:22-03:00,2026-05-08/sepa_1_comercio-sepa-63_2026-05-08_09-05-10.zip
63|1|17|7793670000076|YERBA VERDEFLOR COMPUESTA 1 kg|3479.88,2026-05-08,yerba-mate,63,1,17,MAXICONSUMO S A,MAXICONSUMO,Sucursal La Plata,mayorista,La Plata,AR-B,Calle 13 esq. 517,7793670000076,1,YERBA VERDEFLOR COMPUESTA 1 kg,VERDEFLOR,1 kg,3479.88,2875.93,6,20879.28,17255.58,,,,,2026-05-07T21:00:22-03:00,2026-05-08/sepa_1_comercio-sepa-63_2026-05-08_09-05-10.zip
63|1|17|7793670000052|YERBA VERDEFLOR COMPUESTA 500 gr|1859.88,2026-05-08,yerba-mate,63,1,17,MAXICONSUMO S A,MAXICONSUMO,Sucursal La Plata,mayorista,La Plata,AR-B,Calle 13 esq. 517,7793670000052,1,YERBA VERDEFLOR COMPUESTA 500 gr,VERDEFLOR,500 gr,1859.88,1537.09,12,22318.56,18445.08,,,,,2026-05-07T21:00:22-03:00,2026-05-08/sepa_1_comercio-sepa-63_2026-05-08_09-05-10.zip
63|1|17|7793670000670|YERBA VERDEFLOR MENTA 500 gr|1859.88,2026-05-08,yerba-mate,63,1,17,MAXICONSUMO S A,MAXICONSUMO,Sucursal La Plata,mayorista,La Plata,AR-B,Calle 13 esq. 517,7793670000670,1,YERBA VERDEFLOR MENTA 500 gr,VERDEFLOR,500 gr,1859.88,1537.09,12,22318.56,18445.08,,,,,2026-05-07T21:00:22-03:00,2026-05-08/sepa_1_comercio-sepa-63_2026-05-08_09-05-10.zip
63|1|17|7793670000687|YERBA VERDEFLOR NARANJA 500 gr|1859.88,2026-05-08,yerba-mate,63,1,17,MAXICONSUMO S A,MAXICONSUMO,Sucursal La Plata,mayorista,La Plata,AR-B,Calle 13 esq. 517,7793670000687,1,YERBA VERDEFLOR NARANJA 500 gr,VERDEFLOR,500 gr,1859.88,1537.09,12,22318.56,18445.08,,,,,2026-05-07T21:00:22-03:00,2026-05-08/sepa_1_comercio-sepa-63_2026-05-08_09-05-10.zip
63|1|17|7793670400500|YERBA VERDEFLOR PEPER 500 gr|1859.88,2026-05-08,yerba-mate,63,1,17,MAXICONSUMO S A,MAXICONSUMO,Sucursal La Plata,mayorista,La Plata,AR-B,Calle 13 esq. 517,7793670400500,1,YERBA VERDEFLOR PEPER 500 gr,VERDEFLOR,500 gr,1859.88,1537.09,12,22318.56,18445.08,,,,,2026-05-07T21:00:22-03:00,2026-05-08/sepa_1_comercio-sepa-63_2026-05-08_09-05-10.zip
60|1|0013|7792710000106|Yerba AMANDA seleccion x1kg|3999.00,2026-05-08,yerba-mate,60,1,0013,MAYCAR S.A.,Supermayorista Vital,La Plata,mayorista,La Plata,AR-B,Av. 520 e/ 21 y 23 2650,7792710000106,1,Yerba AMANDA seleccion x1kg,AMANDA,x1kg,3999.00,3304.96,10.00,39990.00,33049.60,,,,,2026-05-08T05:33:10-03:00,2026-05-08/sepa_1_comercio-sepa-60_2026-05-08_09-05-10.zip
60|1|0013|7792710000090|Yerba AMANDA seleccion x500gr|1879.00,2026-05-08,yerba-mate,60,1,0013,MAYCAR S.A.,Supermayorista Vital,La Plata,mayorista,La Plata,AR-B,Av. 520 e/ 21 y 23 2650,7792710000090,1,Yerba AMANDA seleccion x500gr,AMANDA,x500gr,1879.00,1552.89,10.00,18790.00,15528.90,,,,,2026-05-08T05:33:10-03:00,2026-05-08/sepa_1_comercio-sepa-60_2026-05-08_09-05-10.zip
60|1|0013|7792710006436|Yerba AMANDA suave x500gr|1899.00,2026-05-08,yerba-mate,60,1,0013,MAYCAR S.A.,Supermayorista Vital,La Plata,mayorista,La Plata,AR-B,Av. 520 e/ 21 y 23 2650,7792710006436,1,Yerba AMANDA suave x500gr,AMANDA,x500gr,1899.00,1569.42,10.00,18990.00,15694.20,,,,,2026-05-08T05:33:10-03:00,2026-05-08/sepa_1_comercio-sepa-60_2026-05-08_09-05-10.zip
60|1|0013|7792710000014|Yerba AMANDA tradicional x1kg|3355.00,2026-05-08,yerba-mate,60,1,0013,MAYCAR S.A.,Supermayorista Vital,La Plata,mayorista,La Plata,AR-B,Av. 520 e/ 21 y 23 2650,7792710000014,1,Yerba AMANDA tradicional x1kg,AMANDA,x1kg,3355.00,2772.73,10.00,33550.00,27727.30,,,,,2026-05-08T05:33:10-03:00,2026-05-08/sepa_1_comercio-sepa-60_2026-05-08_09-05-10.zip
60|1|0013|7792710000182|Yerba AMANDA tradicional x500g|1789.00,2026-05-08,yerba-mate,60,1,0013,MAYCAR S.A.,Supermayorista Vital,La Plata,mayorista,La Plata,AR-B,Av. 520 e/ 21 y 23 2650,7792710000182,1,Yerba AMANDA tradicional x500g,AMANDA,x500g,1789.00,1478.51,10.00,17890.00,14785.10,,,,,2026-05-08T05:33:10-03:00,2026-05-08/sepa_1_comercio-sepa-60_2026-05-08_09-05-10.zip
60|1|0013|7790387800197|Yerba BUENAS Y SANTAS x500gr|2149.00,2026-05-08,yerba-mate,60,1,0013,MAYCAR S.A.,Supermayorista Vital,La Plata,mayorista,La Plata,AR-B,Av. 520 e/ 21 y 23 2650,7790387800197,1,Yerba BUENAS Y SANTAS x500gr,BUENAS Y SANTAS,x500gr,2149.00,1776.03,10.00,21490.00,17760.30,,,,,2026-05-08T05:33:10-03:00,2026-05-08/sepa_1_comercio-sepa-60_2026-05-08_09-05-10.zip
60|1|0013|7792280005709|Yerba CACHAMATE amarilla x1kg|2649.00,2026-05-08,yerba-mate,60,1,0013,MAYCAR S.A.,Supermayorista Vital,La Plata,mayorista,La Plata,AR-B,Av. 520 e/ 21 y 23 2650,7792280005709,1,Yerba CACHAMATE amarilla x1kg,CACHAMATE,x1kg,2649.00,2189.26,10.00,26490.00,21892.60,,,,,2026-05-08T05:33:10-03:00,2026-05-08/sepa_1_comercio-sepa-60_2026-05-08_09-05-10.zip
60|1|0013|7792280005686|Yerba CACHAMATE amarilla x500g|1499.00,2026-05-08,yerba-mate,60,1,0013,MAYCAR S.A.,Supermayorista Vital,La Plata,mayorista,La Plata,AR-B,Av. 520 e/ 21 y 23 2650,7792280005686,1,Yerba CACHAMATE amarilla x500g,CACHAMATE,x500g,1499.00,1238.84,12.00,17988.00,14866.08,,,,,2026-05-08T05:33:10-03:00,2026-05-08/sepa_1_comercio-sepa-60_2026-05-08_09-05-10.zip
60|1|0013|7792280005785|Yerba CACHAMATE coco x500g|1699.00,2026-05-08,yerba-mate,60,1,0013,MAYCAR S.A.,Supermayorista Vital,La Plata,mayorista,La Plata,AR-B,Av. 520 e/ 21 y 23 2650,7792280005785,1,Yerba CACHAMATE coco x500g,CACHAMATE,x500g,1699.00,1404.13,12.00,20388.00,16849.56,,,,,2026-05-08T05:33:10-03:00,2026-05-08/sepa_1_comercio-sepa-60_2026-05-08_09-05-10.zip
60|1|0013|7792280005693|Yerba CACHAMATE rosa x500g|1499.00,2026-05-08,yerba-mate,60,1,0013,MAYCAR S.A.,Supermayorista Vital,La Plata,mayorista,La Plata,AR-B,Av. 520 e/ 21 y 23 2650,7792280005693,1,Yerba CACHAMATE rosa x500g,CACHAMATE,x500g,1499.00,1238.84,12.00,17988.00,14866.08,,,,,2026-05-08T05:33:10-03:00,2026-05-08/sepa_1_comercio-sepa-60_2026-05-08_09-05-10.zip
60|1|0013|7792280005990|Yerba CACHAMATE serrana c/cedron x1kg|2599.00,2026-05-08,yerba-mate,60,1,0013,MAYCAR S.A.,Supermayorista Vital,La Plata,mayorista,La Plata,AR-B,Av. 520 e/ 21 y 23 2650,7792280005990,1,Yerba CACHAMATE serrana c/cedron x1kg,CACHAMATE,x1kg,2599.00,2147.93,10.00,25990.00,21479.30,,,,,2026-05-08T05:33:10-03:00,2026-05-08/sepa_1_comercio-sepa-60_2026-05-08_09-05-10.zip
60|1|0013|7792280005730|Yerba CACHAMATE serrana x500g|1499.00,2026-05-08,yerba-mate,60,1,0013,MAYCAR S.A.,Supermayorista Vital,La Plata,mayorista,La Plata,AR-B,Av. 520 e/ 21 y 23 2650,7792280005730,1,Yerba CACHAMATE serrana x500g,CACHAMATE,x500g,1499.00,1238.84,12.00,17988.00,14866.08,,,,,2026-05-08T05:33:10-03:00,2026-05-08/sepa_1_comercio-sepa-60_2026-05-08_09-05-10.zip
60|1|0013|7730241003654|Yerba CANARIAS tradicional x1kg|9599.00,2026-05-08,yerba-mate,60,1,0013,MAYCAR S.A.,Supermayorista Vital,La Plata,mayorista,La Plata,AR-B,Av. 520 e/ 21 y 23 2650,7730241003654,1,Yerba CANARIAS tradicional x1kg,CANARIAS,x1kg,9599.00,7933.06,20.00,191980.00,158661.20,,,,,2026-05-08T05:33:10-03:00,2026-05-08/sepa_1_comercio-sepa-60_2026-05-08_09-05-10.zip
60|1|0013|7730241003661|Yerba CANARIAS tradicional x500g|5599.00,2026-05-08,yerba-mate,60,1,0013,MAYCAR S.A.,Supermayorista Vital,La Plata,mayorista,La Plata,AR-B,Av. 520 e/ 21 y 23 2650,7730241003661,1,Yerba CANARIAS tradicional x500g,CANARIAS,x500g,5599.00,4627.27,20.00,111980.00,92545.40,,,,,2026-05-08T05:33:10-03:00,2026-05-08/sepa_1_comercio-sepa-60_2026-05-08_09-05-10.zip
60|1|0013|7790710334603|Yerba CBSE energia guarana x500gr|1554.44,2026-05-08,yerba-mate,60,1,0013,MAYCAR S.A.,Supermayorista Vital,La Plata,mayorista,La Plata,AR-B,Av. 520 e/ 21 y 23 2650,7790710334603,1,Yerba CBSE energia guarana x500gr,CBSE,x500gr,1554.44,1284.66,12.00,18653.28,15415.92,,,,,2026-05-08T05:33:10-03:00,2026-05-08/sepa_1_comercio-sepa-60_2026-05-08_09-05-10.zip
60|1|0013|7790710334573|Yerba CBSE hierbas serranas x1kg|2999.00,2026-05-08,yerba-mate,60,1,0013,MAYCAR S.A.,Supermayorista Vital,La Plata,mayorista,La Plata,AR-B,Av. 520 e/ 21 y 23 2650,7790710334573,1,Yerba CBSE hierbas serranas x1kg,CBSE,x1kg,2999.00,2478.51,12.00,35988.00,29742.12,,,,,2026-05-08T05:33:10-03:00,2026-05-08/sepa_1_comercio-sepa-60_2026-05-08_09-05-10.zip
60|1|0013|7790710334535|Yerba CBSE hierbas serranas x500gr|1554.44,2026-05-08,yerba-mate,60,1,0013,MAYCAR S.A.,Supermayorista Vital,La Plata,mayorista,La Plata,AR-B,Av. 520 e/ 21 y 23 2650,7790710334535,1,Yerba CBSE hierbas serranas x500gr,CBSE,x500gr,1554.44,1284.66,12.00,18653.28,15415.92,,,,,2026-05-08T05:33:10-03:00,2026-05-08/sepa_1_comercio-sepa-60_2026-05-08_09-05-10.zip
60|1|0013|7790710334597|Yerba CBSE limon x500gr|1554.44,2026-05-08,yerba-mate,60,1,0013,MAYCAR S.A.,Supermayorista Vital,La Plata,mayorista,La Plata,AR-B,Av. 520 e/ 21 y 23 2650,7790710334597,1,Yerba CBSE limon x500gr,CBSE,x500gr,1554.44,1284.66,12.00,18653.28,15415.92,,,,,2026-05-08T05:33:10-03:00,2026-05-08/sepa_1_comercio-sepa-60_2026-05-08_09-05-10.zip
60|1|0013|7790710334580|Yerba CBSE naranja x500gr|1554.44,2026-05-08,yerba-mate,60,1,0013,MAYCAR S.A.,Supermayorista Vital,La Plata,mayorista,La Plata,AR-B,Av. 520 e/ 21 y 23 2650,7790710334580,1,Yerba CBSE naranja x500gr,CBSE,x500gr,1554.44,1284.66,12.00,18653.28,15415.92,,,,,2026-05-08T05:33:10-03:00,2026-05-08/sepa_1_comercio-sepa-60_2026-05-08_09-05-10.zip
60|1|0013|7790710334641|Yerba CBSE silueta naranja x500gr|1554.44,2026-05-08,yerba-mate,60,1,0013,MAYCAR S.A.,Supermayorista Vital,La Plata,mayorista,La Plata,AR-B,Av. 520 e/ 21 y 23 2650,7790710334641,1,Yerba CBSE silueta naranja x500gr,CBSE,x500gr,1554.44,1284.66,12.00,18653.28,15415.92,,,,,2026-05-08T05:33:10-03:00,2026-05-08/sepa_1_comercio-sepa-60_2026-05-08_09-05-10.zip
60|1|0013|7790070509123|Yerba CHAMIGO x500gr|1349.00,2026-05-08,yerba-mate,60,1,0013,MAYCAR S.A.,Supermayorista Vital,La Plata,mayorista,La Plata,AR-B,Av. 520 e/ 21 y 23 2650,7790070509123,1,Yerba CHAMIGO x500gr,CHAMIGO,x500gr,1349.00,1114.88,10.00,13490.00,11148.80,,,,,2026-05-08T05:33:10-03:00,2026-05-08/sepa_1_comercio-sepa-60_2026-05-08_09-05-10.zip
60|1|0013|7790070509055|Yerba CRUZ MALTA tradicional x1kg|3759.00,2026-05-08,yerba-mate,60,1,0013,MAYCAR S.A.,Supermayorista Vital,La Plata,mayorista,La Plata,AR-B,Av. 520 e/ 21 y 23 2650,7790070509055,1,Yerba CRUZ MALTA tradicional x1kg,CRUZ MALTA,x1kg,3759.00,3106.61,6.00,22554.00,18639.66,,,,,2026-05-08T05:33:10-03:00,2026-05-08/sepa_1_comercio-sepa-60_2026-05-08_09-05-10.zip
60|1|0013|7790070509048|Yerba CRUZ MALTA tradicional x500g|1899.00,2026-05-08,yerba-mate,60,1,0013,MAYCAR S.A.,Supermayorista Vital,La Plata,mayorista,La Plata,AR-B,Av. 520 e/ 21 y 23 2650,7790070509048,1,Yerba CRUZ MALTA tradicional x500g,CRUZ MALTA,x500g,1899.00,1569.42,10.00,18990.00,15694.20,,,,,2026-05-08T05:33:10-03:00,2026-05-08/sepa_1_comercio-sepa-60_2026-05-08_09-05-10.zip
60|1|0013|7790217000018|Yerba LA CUMBRECITA clasica x1kg|2745.01,2026-05-08,yerba-mate,60,1,0013,MAYCAR S.A.,Supermayorista Vital,La Plata,mayorista,La Plata,AR-B,Av. 520 e/ 21 y 23 2650,7790217000018,1,Yerba LA CUMBRECITA clasica x1kg,LA CUMBRECITA,x1kg,2745.01,2268.60,10.00,27450.10,22686.00,,,,,2026-05-08T05:33:10-03:00,2026-05-08/sepa_1_comercio-sepa-60_2026-05-08_09-05-10.zip
60|1|0013|7790387015621|Yerba LA MERCED barbacua ahumada x500gr|3698.99,2026-05-08,yerba-mate,60,1,0013,MAYCAR S.A.,Supermayorista Vital,La Plata,mayorista,La Plata,AR-B,Av. 520 e/ 21 y 23 2650,7790387015621,1,Yerba LA MERCED barbacua ahumada x500gr,LA MERCED,x500gr,3698.99,3057.02,6.00,22193.94,18342.12,,,,,2026-05-08T05:33:10-03:00,2026-05-08/sepa_1_comercio-sepa-60_2026-05-08_09-05-10.zip
60|1|0013|7790387015638|Yerba LA MERCED campo monte armo. x500gr|3698.99,2026-05-08,yerba-mate,60,1,0013,MAYCAR S.A.,Supermayorista Vital,La Plata,mayorista,La Plata,AR-B,Av. 520 e/ 21 y 23 2650,7790387015638,1,Yerba LA MERCED campo monte armo. x500gr,LA MERCED,x500gr,3698.99,3057.02,6.00,22193.94,18342.12,,,,,2026-05-08T05:33:10-03:00,2026-05-08/sepa_1_comercio-sepa-60_2026-05-08_09-05-10.zip
60|1|0013|7790387015607|Yerba LA MERCED campo suave x500gr|3698.99,2026-05-08,yerba-mate,60,1,0013,MAYCAR S.A.,Supermayorista Vital,La Plata,mayorista,La Plata,AR-B,Av. 520 e/ 21 y 23 2650,7790387015607,1,Yerba LA MERCED campo suave x500gr,LA MERCED,x500gr,3698.99,3057.02,6.00,22193.94,18342.12,,,,,2026-05-08T05:33:10-03:00,2026-05-08/sepa_1_comercio-sepa-60_2026-05-08_09-05-10.zip
60|1|0013|7790387015645|Yerba LA MERCED campo sur liviana x500gr|3698.99,2026-05-08,yerba-mate,60,1,0013,MAYCAR S.A.,Supermayorista Vital,La Plata,mayorista,La Plata,AR-B,Av. 520 e/ 21 y 23 2650,7790387015645,1,Yerba LA MERCED campo sur liviana x500gr,LA MERCED,x500gr,3698.99,3057.02,6.00,22193.94,18342.12,,,,,2026-05-08T05:33:10-03:00,2026-05-08/sepa_1_comercio-sepa-60_2026-05-08_09-05-10.zip
60|1|0013|7790387015614|Yerba LA MERCED monte intensa x500gr|3698.99,2026-05-08,yerba-mate,60,1,0013,MAYCAR S.A.,Supermayorista Vital,La Plata,mayorista,La Plata,AR-B,Av. 520 e/ 21 y 23 2650,7790387015614,1,Yerba LA MERCED monte intensa x500gr,LA MERCED,x500gr,3698.99,3057.02,6.00,22193.94,18342.12,,,,,2026-05-08T05:33:10-03:00,2026-05-08/sepa_1_comercio-sepa-60_2026-05-08_09-05-10.zip
60|1|0013|7793704000805|Yerba LIEBIG original x500gr|2499.00,2026-05-08,yerba-mate,60,1,0013,MAYCAR S.A.,Supermayorista Vital,La Plata,mayorista,La Plata,AR-B,Av. 520 e/ 21 y 23 2650,7793704000805,1,Yerba LIEBIG original x500gr,LIEBIG,x500gr,2499.00,2065.29,10.00,24990.00,20652.90,,,,,2026-05-08T05:33:10-03:00,2026-05-08/sepa_1_comercio-sepa-60_2026-05-08_09-05-10.zip
60|1|0013|7790387015317|Yerba MAÑANITA x1kg|3655.00,2026-05-08,yerba-mate,60,1,0013,MAYCAR S.A.,Supermayorista Vital,La Plata,mayorista,La Plata,AR-B,Av. 520 e/ 21 y 23 2650,7790387015317,1,Yerba MAÑANITA x1kg,MAÑANITA,x1kg,3655.00,3020.66,10.00,36550.00,30206.60,,,,,2026-05-08T05:33:10-03:00,2026-05-08/sepa_1_comercio-sepa-60_2026-05-08_09-05-10.zip
60|1|0013|7790387015324|Yerba MAÑANITA x500gr|1829.00,2026-05-08,yerba-mate,60,1,0013,MAYCAR S.A.,Supermayorista Vital,La Plata,mayorista,La Plata,AR-B,Av. 520 e/ 21 y 23 2650,7790387015324,1,Yerba MAÑANITA x500gr,MAÑANITA,x500gr,1829.00,1511.57,10.00,18290.00,15115.70,,,,,2026-05-08T05:33:10-03:00,2026-05-08/sepa_1_comercio-sepa-60_2026-05-08_09-05-10.zip
60|1|0013|7790070509116|Yerba NOBLEZA GAUCHA suave reciclabl 1k|2989.00,2026-05-08,yerba-mate,60,1,0013,MAYCAR S.A.,Supermayorista Vital,La Plata,mayorista,La Plata,AR-B,Av. 520 e/ 21 y 23 2650,7790070509116,1,Yerba NOBLEZA GAUCHA suave reciclabl 1k,NOBLEZA GAUCHA,,2989.00,2470.25,6.00,17934.00,14821.50,,,,,2026-05-08T05:33:10-03:00,2026-05-08/sepa_1_comercio-sepa-60_2026-05-08_09-05-10.zip
60|1|0013|7793750009784|Yerba PIPORE suave clasica x500gr|1699.00,2026-05-08,yerba-mate,60,1,0013,MAYCAR S.A.,Supermayorista Vital,La Plata,mayorista,La Plata,AR-B,Av. 520 e/ 21 y 23 2650,7793750009784,1,Yerba PIPORE suave clasica x500gr,PIPORE,x500gr,1699.00,1404.13,10.00,16990.00,14041.30,,,,,2026-05-08T05:33:10-03:00,2026-05-08/sepa_1_comercio-sepa-60_2026-05-08_09-05-10.zip
60|1|0013|7793750009838|Yerba PIPORE tradicional x500gr|1855.00,2026-05-08,yerba-mate,60,1,0013,MAYCAR S.A.,Supermayorista Vital,La Plata,mayorista,La Plata,AR-B,Av. 520 e/ 21 y 23 2650,7793750009838,1,Yerba PIPORE tradicional x500gr,PIPORE,x500gr,1855.00,1533.06,10.00,18550.00,15330.60,,,,,2026-05-08T05:33:10-03:00,2026-05-08/sepa_1_comercio-sepa-60_2026-05-08_09-05-10.zip
60|1|0013|7793704000508|Yerba PLAYADITO hierbas x500gr|2499.00,2026-05-08,yerba-mate,60,1,0013,MAYCAR S.A.,Supermayorista Vital,La Plata,mayorista,La Plata,AR-B,Av. 520 e/ 21 y 23 2650,7793704000508,1,Yerba PLAYADITO hierbas x500gr,PLAYADITO,x500gr,2499.00,2065.29,10.00,24990.00,20652.90,,,,,2026-05-08T05:33:10-03:00,2026-05-08/sepa_1_comercio-sepa-60_2026-05-08_09-05-10.zip
60|1|0013|7793704000928|Yerba PLAYADITO x1kg|3999.00,2026-05-08,yerba-mate,60,1,0013,MAYCAR S.A.,Supermayorista Vital,La Plata,mayorista,La Plata,AR-B,Av. 520 e/ 21 y 23 2650,7793704000928,1,Yerba PLAYADITO x1kg,PLAYADITO,x1kg,3999.00,3304.96,5.00,19995.00,16524.80,,,,,2026-05-08T05:33:10-03:00,2026-05-08/sepa_1_comercio-sepa-60_2026-05-08_09-05-10.zip
60|1|0013|7793704000041|Yerba PLAYADITO x2kg|7999.00,2026-05-08,yerba-mate,60,1,0013,MAYCAR S.A.,Supermayorista Vital,La Plata,mayorista,La Plata,AR-B,Av. 520 e/ 21 y 23 2650,7793704000041,1,Yerba PLAYADITO x2kg,PLAYADITO,x2kg,7999.00,6610.74,5.00,39995.00,33053.70,,,,,2026-05-08T05:33:10-03:00,2026-05-08/sepa_1_comercio-sepa-60_2026-05-08_09-05-10.zip
60|1|0013|7793704000911|Yerba PLAYADITO x500gr|2099.00,2026-05-08,yerba-mate,60,1,0013,MAYCAR S.A.,Supermayorista Vital,La Plata,mayorista,La Plata,AR-B,Av. 520 e/ 21 y 23 2650,7793704000911,1,Yerba PLAYADITO x500gr,PLAYADITO,x500gr,2099.00,1734.71,10.00,20990.00,17347.10,,,,,2026-05-08T05:33:10-03:00,2026-05-08/sepa_1_comercio-sepa-60_2026-05-08_09-05-10.zip
60|1|0013|7790411001972|Yerba ROSAMONTE 55 aniversario suav x1kg|2999.90,2026-05-08,yerba-mate,60,1,0013,MAYCAR S.A.,Supermayorista Vital,La Plata,mayorista,La Plata,AR-B,Av. 520 e/ 21 y 23 2650,7790411001972,1,Yerba ROSAMONTE 55 aniversario suav x1kg,ROSAMONTE,x1kg,2999.90,2479.26,10.00,29999.00,24792.60,,,,,2026-05-08T05:33:10-03:00,2026-05-08/sepa_1_comercio-sepa-60_2026-05-08_09-05-10.zip
60|1|0013|7790411001941|Yerba ROSAMONTE 55 aniversario x1kg|2999.00,2026-05-08,yerba-mate,60,1,0013,MAYCAR S.A.,Supermayorista Vital,La Plata,mayorista,La Plata,AR-B,Av. 520 e/ 21 y 23 2650,7790411001941,1,Yerba ROSAMONTE 55 aniversario x1kg,ROSAMONTE,x1kg,2999.00,2478.51,10.00,29990.00,24785.10,,,,,2026-05-08T05:33:10-03:00,2026-05-08/sepa_1_comercio-sepa-60_2026-05-08_09-05-10.zip
60|1|0013|7790411001958|Yerba ROSAMONTE PLUS 55 aniver. x500gr|1499.00,2026-05-08,yerba-mate,60,1,0013,MAYCAR S.A.,Supermayorista Vital,La Plata,mayorista,La Plata,AR-B,Av. 520 e/ 21 y 23 2650,7790411001958,1,Yerba ROSAMONTE PLUS 55 aniver. x500gr,ROSAMONTE,x500gr,1499.00,1238.84,10.00,14990.00,12388.40,,,,,2026-05-08T05:33:10-03:00,2026-05-08/sepa_1_comercio-sepa-60_2026-05-08_09-05-10.zip
60|1|0013|7790411001989|Yerba ROSAMONTE PLUS SUAVE 55 ani.x500gr|1499.00,2026-05-08,yerba-mate,60,1,0013,MAYCAR S.A.,Supermayorista Vital,La Plata,mayorista,La Plata,AR-B,Av. 520 e/ 21 y 23 2650,7790411001989,1,Yerba ROSAMONTE PLUS SUAVE 55 ani.x500gr,ROSAMONTE,x500gr,1499.00,1238.84,10.00,14990.00,12388.40,,,,,2026-05-08T05:33:10-03:00,2026-05-08/sepa_1_comercio-sepa-60_2026-05-08_09-05-10.zip
60|1|0013|7790411000531|Yerba ROSAMONTE especial suave x1kg|2999.00,2026-05-08,yerba-mate,60,1,0013,MAYCAR S.A.,Supermayorista Vital,La Plata,mayorista,La Plata,AR-B,Av. 520 e/ 21 y 23 2650,7790411000531,1,Yerba ROSAMONTE especial suave x1kg,ROSAMONTE,x1kg,2999.00,2478.51,10.00,29990.00,24785.10,,,,,2026-05-08T05:33:10-03:00,2026-05-08/sepa_1_comercio-sepa-60_2026-05-08_09-05-10.zip
60|1|0013|7790411000548|Yerba ROSAMONTE especial suavex500gr|1499.00,2026-05-08,yerba-mate,60,1,0013,MAYCAR S.A.,Supermayorista Vital,La Plata,mayorista,La Plata,AR-B,Av. 520 e/ 21 y 23 2650,7790411000548,1,Yerba ROSAMONTE especial suavex500gr,ROSAMONTE,,1499.00,1238.84,10.00,14990.00,12388.40,,,,,2026-05-08T05:33:10-03:00,2026-05-08/sepa_1_comercio-sepa-60_2026-05-08_09-05-10.zip
60|1|0013|7798342717160|Yerba S&P compuesta x1kg|2749.00,2026-05-08,yerba-mate,60,1,0013,MAYCAR S.A.,Supermayorista Vital,La Plata,mayorista,La Plata,AR-B,Av. 520 e/ 21 y 23 2650,7798342717160,1,Yerba S&P compuesta x1kg,S&P,x1kg,2749.00,2271.90,10.00,27490.00,22719.00,,,,,2026-05-08T05:33:10-03:00,2026-05-08/sepa_1_comercio-sepa-60_2026-05-08_09-05-10.zip
60|1|0013|7798023697965|Yerba S&P x1kg|2499.00,2026-05-08,yerba-mate,60,1,0013,MAYCAR S.A.,Supermayorista Vital,La Plata,mayorista,La Plata,AR-B,Av. 520 e/ 21 y 23 2650,7798023697965,1,Yerba S&P x1kg,S&P,x1kg,2499.00,2065.29,6.00,14994.00,12391.74,,,,,2026-05-08T05:33:10-03:00,2026-05-08/sepa_1_comercio-sepa-60_2026-05-08_09-05-10.zip
60|1|0013|7790387013504|Yerba TARAGUI sin palo x500gr|2985.00,2026-05-08,yerba-mate,60,1,0013,MAYCAR S.A.,Supermayorista Vital,La Plata,mayorista,La Plata,AR-B,Av. 520 e/ 21 y 23 2650,7790387013504,1,Yerba TARAGUI sin palo x500gr,TARAGUI,x500gr,2985.00,2466.94,10.00,29850.00,24669.40,,,,,2026-05-08T05:33:10-03:00,2026-05-08/sepa_1_comercio-sepa-60_2026-05-08_09-05-10.zip
60|1|0013|7790387013610|Yerba TARAGUI x1kg|3655.00,2026-05-08,yerba-mate,60,1,0013,MAYCAR S.A.,Supermayorista Vital,La Plata,mayorista,La Plata,AR-B,Av. 520 e/ 21 y 23 2650,7790387013610,1,Yerba TARAGUI x1kg,TARAGUI,x1kg,3655.00,3020.66,10.00,36550.00,30206.60,,,,,2026-05-08T05:33:10-03:00,2026-05-08/sepa_1_comercio-sepa-60_2026-05-08_09-05-10.zip
60|1|0013|7790387013627|Yerba TARAGUI x500gr|1829.00,2026-05-08,yerba-mate,60,1,0013,MAYCAR S.A.,Supermayorista Vital,La Plata,mayorista,La Plata,AR-B,Av. 520 e/ 21 y 23 2650,7790387013627,1,Yerba TARAGUI x500gr,TARAGUI,x500gr,1829.00,1511.57,10.00,18290.00,15115.70,,,,,2026-05-08T05:33:10-03:00,2026-05-08/sepa_1_comercio-sepa-60_2026-05-08_09-05-10.zip
60|1|0013|7790480089741|Yerba LA TRANQUERA seleccion x1kg|2899.00,2026-05-08,yerba-mate,60,1,0013,MAYCAR S.A.,Supermayorista Vital,La Plata,mayorista,La Plata,AR-B,Av. 520 e/ 21 y 23 2650,7790480089741,1,Yerba LA TRANQUERA seleccion x1kg,TRANQUERA,x1kg,2899.00,2395.87,6.00,17394.00,14375.22,,,,,2026-05-08T05:33:10-03:00,2026-05-08/sepa_1_comercio-sepa-60_2026-05-08_09-05-10.zip
60|1|0013|7790480089734|Yerba LA TRANQUERA seleccion x500gr|1449.00,2026-05-08,yerba-mate,60,1,0013,MAYCAR S.A.,Supermayorista Vital,La Plata,mayorista,La Plata,AR-B,Av. 520 e/ 21 y 23 2650,7790480089734,1,Yerba LA TRANQUERA seleccion x500gr,TRANQUERA,x500gr,1449.00,1197.52,12.00,17388.00,14370.24,,,,,2026-05-08T05:33:10-03:00,2026-05-08/sepa_1_comercio-sepa-60_2026-05-08_09-05-10.zip
60|1|0013|7790387014617|Yerba UNION x1kg|3655.00,2026-05-08,yerba-mate,60,1,0013,MAYCAR S.A.,Supermayorista Vital,La Plata,mayorista,La Plata,AR-B,Av. 520 e/ 21 y 23 2650,7790387014617,1,Yerba UNION x1kg,UNION,x1kg,3655.00,3020.66,10.00,36550.00,30206.60,,,,,2026-05-08T05:33:10-03:00,2026-05-08/sepa_1_comercio-sepa-60_2026-05-08_09-05-10.zip
60|1|0013|7790387014624|Yerba UNION x500gr|1829.00,2026-05-08,yerba-mate,60,1,0013,MAYCAR S.A.,Supermayorista Vital,La Plata,mayorista,La Plata,AR-B,Av. 520 e/ 21 y 23 2650,7790387014624,1,Yerba UNION x500gr,UNION,x500gr,1829.00,1511.57,10.00,18290.00,15115.70,,,,,2026-05-08T05:33:10-03:00,2026-05-08/sepa_1_comercio-sepa-60_2026-05-08_09-05-10.zip
60|1|0013|7793670000014|Yerba VERDEFLOR boldo x500gr|1499.00,2026-05-08,yerba-mate,60,1,0013,MAYCAR S.A.,Supermayorista Vital,La Plata,mayorista,La Plata,AR-B,Av. 520 e/ 21 y 23 2650,7793670000014,1,Yerba VERDEFLOR boldo x500gr,VERDEFLOR,x500gr,1499.00,1238.84,12.00,17988.00,14866.08,,,,,2026-05-08T05:33:10-03:00,2026-05-08/sepa_1_comercio-sepa-60_2026-05-08_09-05-10.zip
60|1|0013|7793670400517|Yerba VERDEFLOR cedron x500gr|1499.00,2026-05-08,yerba-mate,60,1,0013,MAYCAR S.A.,Supermayorista Vital,La Plata,mayorista,La Plata,AR-B,Av. 520 e/ 21 y 23 2650,7793670400517,1,Yerba VERDEFLOR cedron x500gr,VERDEFLOR,x500gr,1499.00,1238.84,12.00,17988.00,14866.08,,,,,2026-05-08T05:33:10-03:00,2026-05-08/sepa_1_comercio-sepa-60_2026-05-08_09-05-10.zip
60|1|0013|7793670000076|Yerba VERDEFLOR hierbas serranas x1kg|2985.00,2026-05-08,yerba-mate,60,1,0013,MAYCAR S.A.,Supermayorista Vital,La Plata,mayorista,La Plata,AR-B,Av. 520 e/ 21 y 23 2650,7793670000076,1,Yerba VERDEFLOR hierbas serranas x1kg,VERDEFLOR,x1kg,2985.00,2466.94,6.00,17910.00,14801.64,,,,,2026-05-08T05:33:10-03:00,2026-05-08/sepa_1_comercio-sepa-60_2026-05-08_09-05-10.zip
60|1|0013|7793670000670|Yerba VERDEFLOR menta x500gr|1499.00,2026-05-08,yerba-mate,60,1,0013,MAYCAR S.A.,Supermayorista Vital,La Plata,mayorista,La Plata,AR-B,Av. 520 e/ 21 y 23 2650,7793670000670,1,Yerba VERDEFLOR menta x500gr,VERDEFLOR,x500gr,1499.00,1238.84,12.00,17988.00,14866.08,,,,,2026-05-08T05:33:10-03:00,2026-05-08/sepa_1_comercio-sepa-60_2026-05-08_09-05-10.zip
